season,team,conference,ret_total_ppa,ret_pass_ppa,ret_rush_ppa,ret_recv_ppa,ret_ppa_pct,ret_pass_ppa_pct,ret_usage,ret_pass_usage
2015,Air Force,Mountain West,201.2,10.7,87.8,102.8,0.615,0.134,0.646,0.162
2015,Akron,Mid-American,69.4,3.0,29.6,36.7,0.479,1.304,0.758,0.997
2015,Alabama,SEC,137.2,21.1,37.6,78.4,0.222,0.101,0.251,0.134
2015,App State,Sun Belt,402.8,118.6,128.0,156.2,0.952,0.994,0.93,0.863
2015,Arizona,Pac-12,399.3,133.5,85.9,179.9,0.883,1.0,0.861,1.0
2015,Arizona State,Pac-12,217.1,48.9,42.5,125.7,0.547,0.408,0.536,0.302
2015,Arkansas,SEC,316.0,95.5,82.6,137.9,0.888,0.965,0.942,0.997
2015,Arkansas State,Sun Belt,375.7,105.8,83.9,186.0,0.989,1.023,0.96,0.983
2015,Army,FBS Independents,46.1,-2.7,20.9,27.8,0.292,0.871,0.278,0.322
2015,Auburn,SEC,87.1,43.2,14.6,29.4,0.202,0.254,0.157,0.119
2015,Ball State,Mid-American,147.1,44.3,-4.7,107.5,0.613,0.43,0.521,0.511
2015,Baylor,Big 12,416.0,68.9,131.5,215.6,0.608,0.314,0.549,0.171
2015,Boise State,Mountain West,198.9,44.5,20.3,134.0,0.355,0.274,0.259,0.095
2015,Boston College,ACC,49.2,-1.2,5.3,45.1,0.183,-0.025,0.483,0.035
2015,Bowling Green,Mid-American,272.6,59.4,51.0,162.3,0.977,0.928,0.839,0.942
2015,Buffalo,Mid-American,373.7,138.1,54.6,181.0,0.946,1.0,0.939,1.0
2015,BYU,FBS Independents,266.7,40.6,79.1,147.0,0.575,0.326,0.53,0.289
2015,California,Pac-12,467.6,185.4,67.9,214.4,0.913,1.002,0.936,0.995
2015,Central Michigan,Mid-American,265.7,148.9,12.0,104.8,0.658,0.983,0.575,0.998
2015,Cincinnati,American Athletic,445.9,164.7,47.6,233.6,0.895,0.854,0.892,0.808
2015,Clemson,ACC,305.4,104.7,5.9,194.8,0.86,0.797,0.632,0.331
2015,Colorado,Pac-12,316.3,131.4,22.9,162.0,0.811,0.985,0.839,0.998
2015,Colorado State,Mountain West,263.9,2.6,22.0,239.3,0.482,0.013,0.414,0.059
2015,Duke,ACC,105.3,12.9,56.3,36.2,0.394,0.218,0.37,0.04
2015,East Carolina,American Athletic,98.0,4.2,32.1,61.7,0.188,0.021,0.246,0.018
2015,Eastern Michigan,Mid-American,64.7,20.0,13.6,31.1,0.78,-3.175,0.49,0.672
2015,Florida,SEC,108.1,34.8,9.0,64.2,0.522,0.634,0.426,0.346
2015,Florida Atlantic,Conference USA,137.3,68.7,22.6,46.0,0.759,1.168,0.641,0.84
2015,Florida International,Conference USA,78.3,10.1,14.7,53.5,0.669,0.99,0.855,0.877
2015,Florida State,ACC,134.2,27.6,20.9,85.8,0.308,0.144,0.372,0.115
2015,Fresno State,Mountain West,110.2,1.2,42.1,66.9,0.377,0.04,0.302,0.081
2015,Georgia,SEC,200.2,32.5,82.3,85.4,0.461,0.23,0.558,0.136
2015,Georgia Southern,Sun Belt,224.3,44.0,162.7,17.5,0.714,1.0,0.79,1.0
2015,Georgia State,Sun Belt,263.0,111.5,-4.4,155.8,0.883,0.988,0.802,0.965
2015,Georgia Tech,ACC,229.9,101.9,106.0,22.0,0.441,0.888,0.413,0.976
2015,Hawai'i,Mountain West,152.0,34.6,19.7,97.7,0.752,0.826,0.778,0.884
2015,Houston,American Athletic,253.4,57.8,104.6,91.0,0.696,0.731,0.642,0.584
2015,Idaho,Sun Belt,105.4,23.5,35.3,46.6,0.383,0.547,0.584,0.85
2015,Illinois,Big Ten,236.5,70.2,-4.5,170.8,0.73,0.768,0.555,0.509
2015,Indiana,Big Ten,59.6,8.5,25.1,26.0,0.271,0.766,0.471,0.997
2015,Iowa,Big Ten,116.9,16.0,2.2,98.7,0.333,0.145,0.356,0.209
2015,Iowa State,Big 12,165.1,27.1,33.8,104.3,0.706,0.732,0.657,0.985
2015,Kansas,Big 12,56.3,38.0,2.2,16.2,0.352,0.844,0.543,0.993
2015,Kansas State,Big 12,68.6,11.8,22.8,34.0,0.13,0.063,0.233,0.04
2015,Kent State,Mid-American,76.0,47.2,-9.2,38.0,0.478,1.019,0.752,0.998
2015,Kentucky,SEC,178.3,41.5,48.3,88.6,0.722,0.933,0.818,0.998
2015,Louisiana,Sun Belt,198.1,28.2,59.7,110.2,0.555,0.459,0.369,0.074
2015,Louisiana Tech,Conference USA,206.5,6.6,21.9,178.0,0.459,0.039,0.519,0.025
2015,Louisville,ACC,227.2,99.6,46.8,80.8,0.596,0.816,0.619,0.965
2015,LSU,SEC,194.1,38.1,59.7,96.3,0.792,0.907,0.77,0.993
2015,Marshall,Conference USA,253.4,17.1,110.0,126.2,0.392,0.091,0.347,0.049
2015,Maryland,Big Ten,55.5,7.5,8.0,40.1,0.297,0.341,0.34,0.107
2015,Massachusetts,Mid-American,327.4,133.8,19.1,174.5,0.848,0.954,0.885,0.998
2015,Memphis,American Athletic,262.3,86.4,38.5,137.3,0.767,0.84,0.769,0.984
2015,Miami,ACC,213.5,97.0,31.0,85.4,0.651,0.853,0.844,0.954
2015,Miami (OH),Mid-American,94.8,-0.8,-12.1,107.6,0.324,-0.01,0.266,0.02
2015,Michigan,Big Ten,89.7,-10.7,38.0,62.5,0.507,-0.695,0.434,0.12
2015,Michigan State,Big Ten,336.2,194.2,26.6,115.5,0.599,0.963,0.576,0.995
2015,Middle Tennessee,Conference USA,243.2,79.4,70.5,93.3,0.739,1.005,0.8,0.997
2015,Minnesota,Big Ten,120.9,39.1,49.8,32.0,0.53,0.706,0.495,0.978
2015,Mississippi State,SEC,368.1,136.9,86.1,145.1,0.742,0.981,0.703,0.998
2015,Missouri,SEC,160.3,61.5,77.2,21.6,0.474,0.836,0.649,0.991
2015,Navy,FBS Independents,230.6,11.3,172.0,47.3,0.707,1.056,0.702,0.993
2015,NC State,ACC,289.4,100.0,101.2,88.2,0.82,1.005,0.804,0.98
2015,Nebraska,Big Ten,230.7,76.2,44.4,110.1,0.644,0.947,0.696,0.989
2015,Nevada,Mountain West,137.7,6.0,19.2,112.5,0.472,0.087,0.442,0.005
2015,New Mexico,Mountain West,190.9,22.3,128.4,40.2,0.809,1.246,0.847,0.925
2015,New Mexico State,Sun Belt,204.2,81.1,20.2,102.9,0.782,1.0,0.836,1.0
2015,North Carolina,ACC,360.1,99.3,88.6,172.2,0.885,0.958,0.95,0.998
2015,Northern Illinois,Mid-American,315.6,113.0,108.6,94.0,0.724,0.898,0.668,0.937
2015,North Texas,Conference USA,111.1,-6.9,26.5,91.5,0.721,-2.464,0.64,0.747
2015,Northwestern,Big Ten,77.7,8.8,4.6,64.3,0.405,0.236,0.442,0.117
2015,Notre Dame,FBS Independents,190.8,18.0,38.6,134.2,0.536,0.138,0.407,0.074
2015,Ohio,Mid-American,184.1,33.5,47.9,102.7,0.794,0.933,0.897,0.997
2015,Ohio State,Big Ten,490.7,104.2,214.7,171.8,0.825,0.781,0.913,0.982
2015,Oklahoma,Big 12,331.5,87.6,118.2,125.6,0.831,0.974,0.866,0.997
2015,Oklahoma State,Big 12,203.3,30.7,11.1,161.5,0.723,0.514,0.443,0.301
2015,Old Dominion,Conference USA,172.1,6.8,43.7,121.6,0.427,0.059,0.341,0.007
2015,Ole Miss,SEC,189.3,11.1,42.2,136.1,0.547,0.112,0.445,0.075
2015,Oregon,Pac-12,353.9,71.5,93.1,189.4,0.478,0.275,0.56,0.086
2015,Oregon State,Pac-12,93.2,6.5,-2.3,88.9,0.431,0.087,0.203,0.002
2015,Penn State,Big Ten,133.1,21.7,8.3,103.1,0.748,0.816,0.789,0.978
2015,Pittsburgh,ACC,289.8,77.1,98.1,114.5,0.842,0.926,0.875,0.948
2015,Purdue,Big Ten,104.8,12.4,19.6,72.9,0.543,0.605,0.449,0.618
2015,Rice,Conference USA,296.0,141.6,39.5,115.0,0.731,0.963,0.899,0.995
2015,Rutgers,Big Ten,162.4,-10.9,27.6,145.7,0.456,-0.097,0.609,0.078
2015,San Diego State,Mountain West,174.9,-10.0,102.5,82.4,0.665,-0.503,0.62,0.121
2015,San José State,Mountain West,247.5,93.2,13.1,141.3,0.804,0.844,0.806,0.764
2015,SMU,American Athletic,60.1,-17.6,33.7,44.0,0.884,0.581,0.753,0.798
2015,South Alabama,Sun Belt,67.9,-12.0,11.2,68.7,0.322,-0.472,0.363,0.264
2015,South Carolina,SEC,157.8,17.1,41.9,98.9,0.349,0.121,0.284,0.043
2015,Southern Miss,Conference USA,168.8,65.1,-3.7,107.5,0.686,0.84,0.816,0.786
2015,South Florida,American Athletic,68.5,2.6,2.2,63.7,0.391,0.053,0.584,0.333
2015,Stanford,Pac-12,289.8,112.2,48.9,128.7,0.84,0.946,0.774,0.94
2015,Syracuse,ACC,101.0,10.5,32.2,58.2,0.678,2.234,0.638,0.941
2015,TCU,Big 12,454.4,134.7,96.1,223.6,0.889,0.933,0.842,0.949
2015,Temple,American Athletic,58.1,-4.2,4.9,57.4,0.488,1.235,0.699,0.948
2015,Tennessee,SEC,206.6,49.1,45.1,112.4,0.91,0.899,0.602,0.393
2015,Texas,Big 12,108.1,53.1,25.6,29.3,0.496,0.851,0.63,0.916
2015,Texas A&M,SEC,263.4,36.0,43.0,184.4,0.57,0.237,0.594,0.379
2015,Texas State,Sun Belt,320.6,99.1,93.9,127.6,0.8,0.962,0.802,0.998
2015,Texas Tech,Big 12,403.8,155.8,53.9,194.0,0.821,0.879,0.877,0.94
2015,Toledo,Mid-American,419.0,147.7,115.8,155.5,0.871,0.971,0.912,0.955
2015,Troy,Sun Belt,192.5,57.8,53.2,81.5,0.792,0.965,0.797,0.995
2015,Tulane,American Athletic,102.2,16.4,20.8,65.1,0.616,1.252,0.781,0.823
2015,Tulsa,American Athletic,244.0,68.5,30.3,145.2,0.964,1.0,0.986,1.0
2015,UAB,Conference USA,0.7,0.0,0.0,0.7,0.003,0.0,0.001,0.0
2015,UCF,American Athletic,139.1,97.9,12.2,29.0,0.429,0.825,0.698,0.984
2015,UCLA,Pac-12,193.8,30.7,52.6,110.5,0.534,0.318,0.516,0.12
2015,UConn,American Athletic,32.8,1.2,-19.1,50.8,0.271,0.083,0.443,0.188
2015,UL Monroe,Sun Belt,88.0,3.6,-14.1,98.5,0.442,0.067,0.297,0.044
2015,UNLV,Mountain West,203.9,61.5,36.9,105.6,0.744,1.875,0.677,0.817
2015,USC,Pac-12,260.9,189.6,0.4,70.9,0.53,0.905,0.567,0.988
2015,Utah,Pac-12,202.4,49.3,65.0,88.1,0.731,0.826,0.873,0.99
2015,Utah State,Mountain West,142.3,14.7,48.7,78.9,0.491,0.229,0.523,0.553
2015,UTEP,Conference USA,71.7,13.5,29.8,28.4,0.34,0.328,0.397,0.017
2015,UTSA,Conference USA,58.8,-11.8,15.3,55.2,0.53,-1.967,0.423,0.536
2015,Vanderbilt,SEC,110.4,25.9,-7.7,92.2,1.013,-129.5,0.767,0.64
2015,Virginia,ACC,147.0,38.6,12.0,96.3,0.5,0.417,0.376,0.376
2015,Virginia Tech,ACC,240.0,66.1,9.1,164.8,0.892,0.89,0.936,0.981
2015,Wake Forest,ACC,10.1,6.9,-48.6,51.8,0.202,4.313,0.744,0.954
2015,Washington,Pac-12,174.8,5.6,37.6,131.6,0.476,0.059,0.463,0.028
2015,Washington State,Pac-12,228.2,76.3,-3.3,155.2,0.416,0.342,0.459,0.323
2015,Western Kentucky,Conference USA,564.9,259.5,66.8,238.6,0.852,1.003,0.882,0.993
2015,Western Michigan,Mid-American,440.3,142.1,94.9,203.3,1.005,1.0,0.929,1.0
2015,West Virginia,Big 12,150.2,21.4,37.5,91.3,0.366,0.155,0.421,0.212
2015,Wisconsin,Big Ten,226.0,51.9,76.7,97.4,0.561,0.904,0.623,0.994
2015,Wyoming,Mountain West,114.5,5.2,16.9,92.4,0.462,0.075,0.493,0.029
2016,Air Force,Mountain West,211.8,27.6,141.6,42.6,0.563,0.347,0.625,0.145
2016,Akron,Mid-American,181.5,66.1,13.7,101.7,0.712,0.978,0.548,0.924
2016,Alabama,SEC,148.2,21.0,-16.1,143.3,0.341,0.15,0.279,0.112
2016,App State,Sun Belt,305.4,125.9,82.9,96.6,0.722,0.898,0.862,0.986
2016,Arizona,Pac-12,261.0,103.6,72.3,85.0,0.532,0.893,0.601,0.805
2016,Arizona State,Pac-12,159.5,3.8,42.9,112.8,0.349,0.027,0.39,0.007
2016,Arkansas,SEC,229.6,24.5,20.4,184.8,0.395,0.117,0.3,0.028
2016,Arkansas State,Sun Belt,119.7,0.0,53.3,66.4,0.369,0.0,0.301,0.0
2016,Army,FBS Independents,189.3,49.0,65.2,75.1,0.872,1.023,0.521,0.664
2016,Auburn,SEC,182.5,103.4,34.7,44.3,0.569,1.0,0.488,1.0
2016,Ball State,Mid-American,152.6,59.8,29.2,63.6,0.954,1.0,0.952,1.0
2016,Baylor,Big 12,388.3,93.1,180.0,115.1,0.576,0.486,0.605,0.555
2016,Boise State,Mountain West,394.1,142.1,59.2,192.9,0.857,0.985,0.771,0.86
2016,Boston College,ACC,95.8,8.8,16.9,70.1,0.921,1.143,0.869,0.996
2016,Bowling Green,Mid-American,142.2,14.3,39.8,88.1,0.386,0.431,0.483,0.677
2016,Buffalo,Mid-American,68.5,0.0,-1.9,70.4,0.217,0.0,0.266,0.0
2016,BYU,FBS Independents,325.7,131.4,59.7,134.5,0.679,0.981,0.748,0.996
2016,California,Pac-12,90.0,18.4,37.2,34.3,0.152,0.078,0.283,0.038
2016,Central Michigan,Mid-American,364.2,158.0,1.3,204.9,0.931,1.01,0.853,0.996
2016,Charlotte,Conference USA,65.3,-41.6,44.0,62.9,0.859,1.0,0.833,1.0
2016,Cincinnati,American Athletic,292.3,157.2,61.3,73.7,0.505,0.86,0.643,0.977
2016,Clemson,ACC,555.6,209.5,124.7,221.4,0.888,0.956,0.89,0.994
2016,Colorado,Pac-12,252.4,91.5,50.5,110.4,0.756,0.894,0.701,0.759
2016,Colorado State,Mountain West,194.9,101.3,38.8,54.8,0.517,0.949,0.611,0.877
2016,Duke,ACC,214.7,83.0,38.4,93.3,0.693,0.9,0.753,0.99
2016,East Carolina,American Athletic,141.7,15.8,27.0,98.8,0.472,0.133,0.392,0.215
2016,Eastern Michigan,Mid-American,160.7,81.3,13.8,65.6,0.547,0.987,0.583,0.833
2016,Florida,SEC,94.3,8.4,-1.2,87.1,0.311,0.119,0.218,0.016
2016,Florida Atlantic,Conference USA,69.8,13.5,1.3,55.0,0.415,0.496,0.489,0.398
2016,Florida International,Conference USA,187.7,63.9,35.6,88.1,0.711,0.964,0.827,0.958
2016,Florida State,ACC,356.4,72.0,56.7,227.7,0.773,0.441,0.749,0.476
2016,Fresno State,Mountain West,57.9,5.3,5.3,47.4,0.706,-0.23,0.286,0.133
2016,Georgia,SEC,244.2,95.5,50.3,98.5,0.778,0.983,0.802,0.897
2016,Georgia Southern,Sun Belt,205.2,-13.4,196.8,21.8,1.016,1.0,0.927,1.0
2016,Georgia State,Sun Belt,202.9,2.0,-20.4,221.3,0.405,0.009,0.505,0.025
2016,Georgia Tech,ACC,204.8,41.0,93.0,70.8,0.883,0.974,0.855,0.995
2016,Hawai'i,Mountain West,129.6,13.8,24.1,91.7,1.013,-1.302,0.712,0.389
2016,Houston,American Athletic,386.9,156.1,103.5,127.3,0.709,0.947,0.615,0.963
2016,Idaho,Sun Belt,184.5,65.1,27.6,91.7,0.652,0.892,0.603,0.809
2016,Illinois,Big Ten,119.7,47.6,2.4,69.6,0.688,0.988,0.71,0.994
2016,Indiana,Big Ten,191.0,13.1,0.7,177.2,0.387,0.073,0.47,0.123
2016,Iowa,Big Ten,314.7,127.7,69.5,117.5,0.839,0.965,0.744,0.995
2016,Iowa State,Big 12,175.2,30.4,48.5,96.4,0.632,0.505,0.573,0.498
2016,Kansas,Big 12,121.9,27.3,2.9,91.8,0.767,0.913,0.759,0.998
2016,Kansas State,Big 12,179.4,39.1,61.2,79.1,0.68,0.725,0.775,0.779
2016,Kent State,Mid-American,5.1,-9.7,-25.8,40.6,0.729,1.0,0.828,1.0
2016,Kentucky,SEC,215.7,1.1,74.6,140.0,0.787,0.031,0.648,0.175
2016,Louisiana,Sun Belt,162.7,10.3,66.4,86.1,0.596,0.204,0.625,0.473
2016,Louisiana Tech,Conference USA,171.8,8.3,8.2,155.2,0.359,0.05,0.307,0.069
2016,Louisville,ACC,354.1,68.0,97.2,188.9,0.995,1.0,0.992,1.0
2016,LSU,SEC,347.9,86.0,134.5,127.4,0.93,0.895,0.956,0.993
2016,Marshall,Conference USA,201.8,97.2,11.6,93.0,0.641,1.049,0.655,0.818
2016,Maryland,Big Ten,142.7,-6.2,58.1,90.7,0.87,0.453,0.799,0.946
2016,Massachusetts,Mid-American,44.8,8.3,32.6,3.8,0.178,0.188,0.226,0.048
2016,Memphis,American Athletic,169.7,2.8,14.9,152.0,0.338,0.015,0.336,0.004
2016,Miami,ACC,309.2,147.0,14.3,147.8,0.785,0.947,0.866,0.994
2016,Miami (OH),Mid-American,160.2,9.4,2.2,148.7,0.843,0.276,0.841,0.677
2016,Michigan,Big Ten,202.0,27.5,16.7,157.8,0.501,0.202,0.531,0.085
2016,Michigan State,Big Ten,92.6,-0.3,10.9,82.0,0.226,-0.002,0.46,0.078
2016,Middle Tennessee,Conference USA,363.3,182.8,13.8,166.7,0.775,0.973,0.737,0.975
2016,Minnesota,Big Ten,238.6,103.7,8.6,126.3,0.99,1.0,0.949,1.0
2016,Mississippi State,SEC,169.4,35.5,14.8,119.1,0.33,0.19,0.397,0.042
2016,Missouri,SEC,55.8,-7.6,-1.2,64.5,0.656,9.5,0.623,0.72
2016,Navy,American Athletic,108.7,7.2,52.0,49.5,0.272,0.127,0.203,0.038
2016,NC State,ACC,173.5,5.5,75.1,92.9,0.558,0.086,0.525,0.043
2016,Nebraska,Big Ten,399.0,126.7,56.0,216.3,0.907,1.002,0.846,0.998
2016,Nevada,Mountain West,290.7,80.5,75.0,135.2,0.908,0.964,0.789,0.997
2016,New Mexico,Mountain West,191.6,44.3,88.1,59.2,0.712,1.045,0.758,0.992
2016,New Mexico State,Sun Belt,117.0,11.4,83.6,22.1,0.433,0.385,0.574,0.519
2016,North Carolina,ACC,343.6,73.9,90.5,179.2,0.567,0.411,0.471,0.134
2016,Northern Illinois,Mid-American,298.3,86.1,83.1,129.1,0.862,0.949,0.87,0.887
2016,North Texas,Conference USA,6.2,0.1,-2.7,8.8,0.135,-0.002,0.133,0.002
2016,Northwestern,Big Ten,110.5,26.1,36.8,47.6,0.704,1.012,0.848,0.844
2016,Notre Dame,FBS Independents,246.8,93.7,81.9,71.2,0.656,0.906,0.688,0.992
2016,Ohio,Mid-American,195.7,-0.4,41.1,154.9,0.589,-0.006,0.453,0.1
2016,Ohio State,Big Ten,87.4,3.1,59.3,25.0,0.244,0.051,0.285,0.439
2016,Oklahoma,Big 12,442.7,172.4,94.8,175.5,0.766,0.895,0.805,0.9
2016,Oklahoma State,Big 12,390.3,208.1,-10.5,192.8,0.659,0.886,0.753,0.858
2016,Old Dominion,Conference USA,245.9,50.4,66.4,129.0,0.972,1.0,0.968,1.0
2016,Ole Miss,SEC,460.5,198.5,98.4,163.6,0.771,0.944,0.723,0.965
2016,Oregon,Pac-12,299.1,9.5,175.2,114.3,0.608,0.079,0.514,0.046
2016,Oregon State,Pac-12,112.9,20.3,42.0,50.6,0.925,1.493,0.688,0.661
2016,Penn State,Big Ten,177.8,18.4,15.2,144.2,0.651,0.251,0.521,0.104
2016,Pittsburgh,ACC,230.7,90.3,59.4,80.9,0.693,1.061,0.723,0.911
2016,Purdue,Big Ten,177.3,15.6,38.6,123.1,0.69,0.368,0.711,0.588
2016,Rice,Conference USA,129.1,-1.3,24.1,106.4,0.45,-0.015,0.545,0.138
2016,Rutgers,Big Ten,225.9,69.5,45.2,111.2,0.722,0.815,0.828,0.986
2016,San Diego State,Mountain West,191.6,27.6,70.6,93.5,0.567,0.335,0.538,0.198
2016,San José State,Mountain West,253.6,92.1,42.9,118.6,0.607,0.71,0.5,0.7
2016,SMU,American Athletic,263.2,77.4,43.0,142.9,0.901,1.071,0.89,0.995
2016,South Alabama,Sun Belt,125.1,3.3,38.0,83.8,0.539,0.069,0.449,0.09
2016,South Carolina,SEC,165.6,67.7,29.7,68.2,0.581,0.876,0.564,0.893
2016,Southern Miss,Conference USA,342.7,225.5,34.1,83.2,0.578,0.959,0.613,0.98
2016,South Florida,American Athletic,332.3,80.8,121.8,129.7,0.893,0.874,0.949,0.921
2016,Stanford,Pac-12,203.3,18.3,55.9,129.0,0.395,0.112,0.478,0.048
2016,Syracuse,ACC,181.5,51.0,30.4,100.1,1.014,1.149,0.914,0.991
2016,TCU,Big 12,145.4,17.7,4.7,122.9,0.242,0.078,0.295,0.077
2016,Temple,American Athletic,187.9,105.3,3.6,78.9,0.631,0.967,0.831,0.991
2016,Tennessee,SEC,327.1,95.8,104.0,127.3,0.879,1.018,0.909,0.997
2016,Texas,Big 12,181.9,21.1,107.9,52.8,0.858,1.0,0.773,1.0
2016,Texas A&M,SEC,178.7,22.6,9.9,146.3,0.537,0.266,0.396,0.175
2016,Texas State,Sun Belt,80.4,38.8,38.2,3.5,0.338,1.051,0.527,0.998
2016,Texas Tech,Big 12,436.9,154.3,85.3,197.3,0.71,0.843,0.696,0.928
2016,Toledo,Mid-American,218.5,9.7,77.8,131.0,0.515,0.063,0.579,0.021
2016,Troy,Sun Belt,163.5,100.7,-9.1,72.0,0.538,0.868,0.533,0.778
2016,Tulane,American Athletic,110.4,8.9,16.5,85.0,0.521,0.153,0.411,0.005
2016,Tulsa,American Athletic,325.6,166.2,64.7,94.6,0.659,0.964,0.691,0.994
2016,UCF,American Athletic,102.6,2.4,-24.6,124.8,1.091,0.522,0.784,0.597
2016,UCLA,Pac-12,263.2,145.8,48.3,69.1,0.543,0.977,0.616,0.958
2016,UConn,American Athletic,209.0,50.1,15.2,143.8,0.977,0.992,0.887,0.835
2016,UL Monroe,Sun Belt,201.6,78.8,7.4,115.3,0.916,1.135,0.658,0.721
2016,UNLV,Mountain West,149.2,-7.9,41.0,116.1,0.559,-0.136,0.543,0.445
2016,USC,Pac-12,328.5,32.6,64.3,231.6,0.605,0.186,0.543,0.04
2016,Utah,Pac-12,96.5,7.0,-3.4,92.9,0.337,0.091,0.232,0.008
2016,Utah State,Mountain West,176.7,51.6,37.9,87.3,0.64,0.842,0.642,0.506
2016,UTEP,Conference USA,137.7,32.8,7.8,97.1,0.924,0.929,0.769,0.994
2016,UTSA,Conference USA,152.7,14.2,42.7,95.8,0.642,0.393,0.689,0.608
2016,Vanderbilt,SEC,65.4,5.5,0.2,59.7,0.617,-0.714,0.65,0.295
2016,Virginia,ACC,236.5,103.9,29.3,103.4,0.71,0.936,0.877,0.998
2016,Virginia Tech,ACC,253.4,53.3,44.9,155.2,0.754,0.547,0.675,0.443
2016,Wake Forest,ACC,137.8,7.8,17.2,112.7,0.801,0.94,0.927,0.998
2016,Washington,Pac-12,246.6,101.1,66.7,78.7,0.676,0.98,0.767,0.993
2016,Washington State,Pac-12,441.1,179.1,40.4,221.5,0.855,1.004,0.836,0.878
2016,Western Kentucky,Conference USA,261.6,21.2,65.4,174.9,0.389,0.077,0.415,0.031
2016,Western Michigan,Mid-American,407.1,165.6,116.2,125.3,0.784,1.0,0.87,1.0
2016,West Virginia,Big 12,277.9,81.3,63.1,133.5,0.707,1.0,0.754,1.0
2016,Wisconsin,Big Ten,93.1,12.8,0.6,79.6,0.297,0.126,0.512,0.12
2016,Wyoming,Mountain West,187.6,-6.4,40.4,153.6,0.705,-0.108,0.7,0.216
2017,Air Force,Mountain West,211.3,67.5,91.7,52.1,0.627,0.921,0.556,0.987
2017,Akron,Mid-American,170.2,64.7,40.1,65.5,0.599,0.871,0.726,0.9
2017,Alabama,SEC,315.7,85.0,141.5,89.1,0.731,0.71,0.791,0.9
2017,App State,Sun Belt,210.4,64.3,64.9,81.2,0.704,1.092,0.729,0.969
2017,Arizona,Pac-12,163.6,15.7,89.7,58.2,0.714,0.633,0.745,0.839
2017,Arizona State,Pac-12,231.1,68.9,56.6,105.6,0.727,0.931,0.875,0.996
2017,Arkansas,SEC,276.0,161.2,8.6,106.2,0.566,0.858,0.544,0.982
2017,Arkansas State,Sun Belt,262.4,105.9,-4.0,160.5,0.815,0.853,0.77,0.826
2017,Army,FBS Independents,204.2,4.3,175.6,24.3,0.714,0.896,0.84,0.984
2017,Auburn,SEC,183.2,-1.8,88.2,96.8,0.516,-0.022,0.552,0.017
2017,Ball State,Mid-American,195.5,49.8,98.2,47.5,0.613,0.902,0.772,0.996
2017,Baylor,Big 12,207.3,66.3,57.3,83.8,0.432,0.505,0.493,0.423
2017,Boise State,Mountain West,336.5,184.8,17.9,133.8,0.613,0.89,0.536,0.974
2017,Boston College,ACC,74.4,-1.1,-31.1,106.7,0.524,-0.037,0.555,0.072
2017,Bowling Green,Mid-American,111.0,-4.8,42.8,72.9,0.81,0.229,0.634,0.703
2017,Buffalo,Mid-American,69.2,20.9,19.9,28.4,0.353,0.543,0.552,0.77
2017,BYU,FBS Independents,101.4,19.2,5.3,76.9,0.306,0.382,0.255,0.1
2017,California,Pac-12,176.0,26.6,51.9,97.6,0.394,0.169,0.351,0.014
2017,Central Michigan,Mid-American,227.4,19.6,25.3,182.5,0.65,0.182,0.418,0.018
2017,Charlotte,Conference USA,112.2,24.6,57.8,29.8,0.668,1.281,0.527,0.584
2017,Cincinnati,American Athletic,185.2,58.3,0.9,126.0,0.732,0.802,0.613,0.729
2017,Clemson,ACC,148.4,19.6,2.7,126.1,0.243,0.085,0.229,0.031
2017,Colorado,Pac-12,306.0,49.1,36.6,220.3,0.746,0.373,0.671,0.319
2017,Colorado State,Mountain West,348.4,124.4,86.6,137.3,0.822,0.943,0.873,0.91
2017,Duke,ACC,230.8,81.7,35.5,113.6,0.827,1.0,0.809,1.0
2017,East Carolina,American Athletic,193.2,54.9,6.5,131.8,0.442,0.385,0.42,0.359
2017,Eastern Michigan,Mid-American,387.7,119.8,36.7,231.1,0.806,0.782,0.831,0.723
2017,Florida,SEC,192.4,52.0,13.6,126.8,0.802,0.706,0.727,0.485
2017,Florida Atlantic,Conference USA,237.0,46.5,88.3,102.2,0.901,1.0,0.965,1.0
2017,Florida International,Conference USA,151.9,39.0,38.8,74.1,0.72,0.954,0.931,0.998
2017,Florida State,ACC,295.1,119.4,58.3,117.4,0.597,0.842,0.562,0.958
2017,Fresno State,Mountain West,170.8,55.5,9.9,105.5,0.858,0.981,0.609,0.791
2017,Georgia,SEC,247.5,63.2,63.4,120.9,0.804,0.867,0.895,0.956
2017,Georgia Southern,Sun Belt,84.9,12.0,26.2,46.6,0.301,0.153,0.2,0.025
2017,Georgia State,Sun Belt,180.1,94.1,-2.1,88.0,0.69,0.953,0.855,0.998
2017,Georgia Tech,ACC,159.0,-0.1,40.9,118.2,0.506,-0.001,0.347,0.07
2017,Hawai'i,Mountain West,230.2,70.7,55.9,103.6,0.611,0.736,0.634,0.758
2017,Houston,American Athletic,186.7,23.9,3.9,158.8,0.396,0.148,0.486,0.112
2017,Idaho,Sun Belt,158.9,70.8,25.4,62.7,0.591,0.937,0.81,0.966
2017,Illinois,Big Ten,82.3,0.9,22.7,58.6,0.508,0.025,0.541,0.347
2017,Indiana,Big Ten,227.3,111.6,-17.9,133.6,0.635,0.943,0.609,0.961
2017,Iowa,Big Ten,68.5,1.3,19.2,47.9,0.304,0.038,0.264,0.027
2017,Iowa State,Big 12,346.7,123.8,51.6,171.2,0.908,1.0,0.944,1.0
2017,Kansas,Big 12,67.9,4.8,10.4,52.7,0.404,0.485,0.435,0.341
2017,Kansas State,Big 12,274.6,55.4,135.2,84.0,0.817,0.837,0.789,0.875
2017,Kent State,Mid-American,131.2,2.4,58.5,70.3,0.905,0.0,0.903,0.916
2017,Kentucky,SEC,207.5,62.5,61.9,83.2,0.665,0.981,0.654,0.997
2017,Louisiana,Sun Belt,47.5,7.1,-6.4,46.8,0.215,0.196,0.252,0.019
2017,Louisiana Tech,Conference USA,168.2,5.4,62.6,100.3,0.232,0.02,0.331,0.004
2017,Louisville,ACC,391.9,125.2,149.3,117.4,0.67,0.801,0.699,0.933
2017,LSU,SEC,242.0,85.2,87.0,69.8,0.686,0.994,0.685,0.898
2017,Marshall,Conference USA,72.7,33.5,20.6,18.6,0.443,1.0,0.74,1.0
2017,Maryland,Big Ten,108.2,4.1,56.0,48.0,0.44,0.122,0.422,0.311
2017,Massachusetts,FBS Independents,219.1,76.3,20.1,122.7,0.75,1.02,0.848,0.996
2017,Memphis,American Athletic,470.2,173.7,52.6,243.9,0.879,0.914,0.9,0.935
2017,Miami,ACC,132.5,8.1,37.5,86.9,0.305,0.052,0.324,0.013
2017,Miami (OH),Mid-American,340.8,111.7,50.3,178.8,0.881,0.951,0.854,0.85
2017,Michigan,Big Ten,248.9,96.3,67.4,85.1,0.624,0.821,0.619,0.972
2017,Michigan State,Big Ten,62.5,4.0,24.4,34.1,0.191,0.037,0.441,0.269
2017,Middle Tennessee,Conference USA,423.1,186.9,37.1,199.2,0.762,0.95,0.724,0.99
2017,Minnesota,Big Ten,95.3,10.3,33.3,51.7,0.352,0.156,0.511,0.053
2017,Mississippi State,SEC,291.0,56.6,140.6,93.8,0.782,0.852,0.758,0.872
2017,Missouri,SEC,336.1,95.0,96.8,144.3,0.822,0.914,0.881,0.974
2017,Navy,American Athletic,131.0,11.1,68.8,51.2,0.28,0.134,0.295,0.25
2017,NC State,ACC,333.2,140.3,14.4,178.4,0.859,1.0,0.72,1.0
2017,Nebraska,Big Ten,59.0,4.5,-5.4,59.9,0.19,0.052,0.241,0.017
2017,Nevada,Mountain West,142.9,46.8,8.1,88.1,0.473,0.489,0.382,0.43
2017,New Mexico,Mountain West,217.7,32.0,121.5,64.2,0.56,0.541,0.615,0.429
2017,New Mexico State,Sun Belt,198.6,14.7,65.2,118.7,0.773,0.613,0.835,0.991
2017,North Carolina,ACC,80.0,16.8,-8.0,71.1,0.156,0.081,0.127,0.029
2017,Northern Illinois,Mid-American,137.8,34.7,37.2,65.8,0.446,0.403,0.399,0.406
2017,North Texas,Conference USA,70.5,16.3,18.9,35.4,0.387,0.521,0.477,0.607
2017,Northwestern,Big Ten,220.8,104.3,41.7,74.8,0.636,1.044,0.872,0.992
2017,Notre Dame,FBS Independents,200.6,7.9,45.5,147.2,0.516,0.076,0.388,0.012
2017,Ohio,Mid-American,107.5,37.2,16.0,54.2,0.338,0.426,0.51,0.372
2017,Ohio State,Big Ten,256.4,72.5,108.8,75.1,0.603,0.738,0.766,0.979
2017,Oklahoma,Big 12,432.8,261.1,25.3,146.4,0.594,0.899,0.526,0.975
2017,Oklahoma State,Big 12,418.5,191.3,42.8,184.4,0.739,0.973,0.762,0.99
2017,Old Dominion,Conference USA,202.6,6.3,83.5,112.7,0.555,0.067,0.536,0.06
2017,Ole Miss,SEC,133.5,15.8,18.2,99.4,0.303,0.113,0.369,0.331
2017,Oregon,Pac-12,231.7,73.8,71.3,86.5,0.489,0.48,0.658,0.627
2017,Oregon State,Pac-12,115.0,-38.2,81.9,71.3,0.569,-7.346,0.636,0.541
2017,Penn State,Big Ten,402.1,160.1,67.7,174.2,0.847,0.938,0.925,0.993
2017,Pittsburgh,ACC,184.8,4.9,65.0,115.0,0.379,0.03,0.365,0.022
2017,Purdue,Big Ten,171.2,48.2,30.7,92.2,0.565,0.689,0.779,0.983
2017,Rice,Conference USA,88.6,7.7,33.4,47.5,0.377,0.212,0.313,0.164
2017,Rutgers,Big Ten,33.8,-23.6,26.4,31.0,0.537,1.108,0.532,0.537
2017,San Diego State,Mountain West,263.3,72.3,68.3,122.7,0.717,0.968,0.609,0.992
2017,San José State,Mountain West,119.7,10.5,17.4,91.8,0.45,0.205,0.325,0.175
2017,SMU,American Athletic,285.4,86.7,32.3,166.4,0.849,0.925,0.891,0.934
2017,South Alabama,Sun Belt,166.8,72.5,36.8,57.5,0.507,0.806,0.628,0.989
2017,South Carolina,SEC,213.3,38.1,36.0,139.2,0.867,0.652,0.695,0.49
2017,Southern Miss,Conference USA,248.6,2.0,53.1,193.6,0.53,0.012,0.578,0.123
2017,South Florida,American Athletic,376.0,87.8,153.4,134.7,0.816,0.883,0.731,0.991
2017,Stanford,Pac-12,158.5,43.2,28.4,86.9,0.596,1.0,0.65,1.0
2017,Syracuse,ACC,239.0,140.0,-10.6,109.5,0.596,0.986,0.805,0.949
2017,TCU,Big 12,417.9,97.6,120.1,200.2,1.014,1.073,0.872,0.89
2017,Temple,American Athletic,242.9,3.1,58.9,180.9,0.598,0.029,0.429,0.025
2017,Tennessee,SEC,81.6,3.5,10.2,67.8,0.223,0.035,0.247,0.048
2017,Texas,Big 12,238.3,75.2,30.9,132.2,0.642,0.963,0.639,0.974
2017,Texas A&M,SEC,139.6,29.0,63.3,47.3,0.338,0.288,0.466,0.235
2017,Texas State,Sun Belt,113.4,2.6,-4.9,115.6,0.696,0.124,0.238,0.004
2017,Texas Tech,Big 12,235.9,30.0,17.2,188.7,0.339,0.112,0.402,0.1
2017,Toledo,Mid-American,396.6,225.1,13.8,157.7,0.68,0.968,0.606,0.995
2017,Troy,Sun Belt,240.4,75.7,32.2,132.5,0.993,1.0,0.986,1.0
2017,Tulane,American Athletic,10.1,-40.1,7.6,42.5,0.155,1.0,0.862,1.0
2017,Tulsa,American Athletic,134.8,5.7,40.8,88.3,0.257,0.036,0.299,0.009
2017,UCF,American Athletic,95.2,23.8,-1.0,72.4,0.639,1.167,0.684,0.738
2017,UCLA,Pac-12,246.5,91.8,-11.1,165.8,0.668,0.676,0.67,0.48
2017,UConn,American Athletic,96.1,36.3,3.9,56.0,0.612,1.16,0.73,0.95
2017,UL Monroe,Sun Belt,136.0,28.5,61.6,45.9,0.727,1.0,0.905,1.0
2017,UNLV,Mountain West,214.9,30.8,72.5,111.7,0.684,0.537,0.773,0.693
2017,USC,Pac-12,364.2,194.5,31.9,137.8,0.681,0.928,0.67,0.787
2017,Utah,Pac-12,176.4,78.5,26.0,71.8,0.553,1.0,0.673,1.0
2017,Utah State,Mountain West,148.3,43.4,62.1,42.8,0.656,1.0,0.744,1.0
2017,UTEP,Conference USA,69.3,21.9,18.8,28.5,0.352,0.817,0.582,0.979
2017,UTSA,Conference USA,273.5,66.0,42.7,164.7,0.831,0.791,0.712,0.854
2017,Vanderbilt,SEC,253.0,57.5,52.6,142.9,0.937,0.975,0.943,0.969
2017,Virginia,ACC,148.7,40.7,3.9,104.0,0.695,2.713,0.551,0.845
2017,Virginia Tech,ACC,107.3,6.8,-2.8,103.2,0.231,0.044,0.249,0.008
2017,Wake Forest,ACC,181.6,22.5,48.7,110.4,1.094,2.5,0.947,0.901
2017,Washington,Pac-12,486.8,179.3,123.8,183.7,0.832,0.914,0.872,0.986
2017,Washington State,Pac-12,437.6,198.9,64.4,174.3,0.773,0.947,0.847,0.996
2017,Western Kentucky,Conference USA,255.6,200.3,5.2,50.1,0.422,1.003,0.558,0.905
2017,Western Michigan,Mid-American,130.6,5.9,94.7,29.9,0.215,0.027,0.421,0.005
2017,West Virginia,Big 12,125.2,6.6,57.0,61.6,0.282,0.052,0.337,0.016
2017,Wisconsin,Big Ten,234.5,53.8,44.0,136.7,0.639,0.45,0.461,0.558
2017,Wyoming,Mountain West,232.6,118.5,62.5,51.6,0.558,0.979,0.465,0.997
2018,Air Force,Mountain West,195.1,21.0,110.2,64.0,0.653,0.778,0.72,0.878
2018,Akron,Mid-American,80.4,16.6,1.2,62.6,0.338,0.275,0.375,0.394
2018,Alabama,SEC,352.9,78.8,163.6,110.5,0.777,0.798,0.756,0.983
2018,App State,Sun Belt,122.4,6.3,39.0,77.1,0.311,0.056,0.455,0.034
2018,Arizona,Pac-12,330.6,80.4,118.8,131.3,0.743,0.88,0.632,0.622
2018,Arizona State,Pac-12,378.6,115.7,41.0,222.0,0.895,0.967,0.694,0.991
2018,Arkansas,SEC,247.0,33.3,43.4,170.3,0.669,0.337,0.653,0.449
2018,Arkansas State,Sun Belt,308.2,123.6,46.8,137.8,0.712,0.918,0.742,0.989
2018,Army,FBS Independents,163.7,-7.0,155.6,15.0,0.611,0.526,0.63,0.364
2018,Auburn,SEC,326.3,100.6,56.7,169.0,0.828,0.925,0.704,0.995
2018,Ball State,Mid-American,175.4,30.6,49.2,95.6,1.271,-1.561,0.776,0.452
2018,Baylor,Big 12,273.8,79.2,2.7,191.8,0.832,0.744,0.689,0.445
2018,Boise State,Mountain West,239.2,120.9,13.1,105.3,0.53,0.72,0.602,0.768
2018,Boston College,ACC,162.6,9.3,57.7,95.5,0.809,0.245,0.698,0.705
2018,Bowling Green,Mid-American,161.2,55.8,30.6,74.9,0.593,1.041,0.414,0.497
2018,Buffalo,Mid-American,302.8,107.8,28.4,166.6,0.737,0.665,0.811,0.745
2018,BYU,FBS Independents,207.2,32.6,40.9,133.8,0.885,1.028,0.836,0.955
2018,California,Pac-12,287.1,86.5,38.2,162.4,0.867,1.0,0.824,1.0
2018,Central Michigan,Mid-American,53.3,5.5,9.1,38.7,0.179,0.064,0.384,0.049
2018,Charlotte,Conference USA,40.6,-58.0,48.1,50.4,1.194,1.021,0.78,0.904
2018,Cincinnati,American Athletic,211.5,72.1,44.2,95.1,0.789,1.084,0.765,0.973
2018,Clemson,ACC,349.7,91.5,121.6,136.7,0.793,0.783,0.779,0.852
2018,Coastal Carolina,Sun Belt,90.1,-6.0,24.1,72.0,0.352,-0.098,0.485,0.401
2018,Colorado,Pac-12,201.0,104.5,22.4,74.2,0.586,1.048,0.521,0.989
2018,Colorado State,Mountain West,109.7,0.0,21.9,87.8,0.206,0.0,0.232,0.0
2018,Duke,ACC,213.4,18.3,61.4,133.7,0.85,1.102,0.835,0.992
2018,East Carolina,American Athletic,95.4,10.6,-12.2,97.0,0.267,0.082,0.282,0.004
2018,Eastern Michigan,Mid-American,37.6,0.7,-6.8,43.6,0.154,0.008,0.422,0.045
2018,Florida,SEC,173.1,34.8,37.7,100.5,0.704,0.663,0.721,0.744
2018,Florida Atlantic,Conference USA,251.3,2.3,131.6,117.4,0.491,0.019,0.458,0.013
2018,Florida International,Conference USA,80.0,-12.7,15.5,77.2,0.225,-0.109,0.343,0.115
2018,Florida State,ACC,167.3,59.7,18.1,89.5,0.639,0.767,0.874,0.952
2018,Fresno State,Mountain West,323.9,118.0,49.2,156.7,0.848,0.862,0.862,0.811
2018,Georgia,SEC,325.9,125.2,49.4,151.3,0.627,0.872,0.597,0.944
2018,Georgia Southern,Sun Belt,88.9,5.4,43.4,40.1,0.613,1.0,0.76,1.0
2018,Georgia State,Sun Belt,142.9,3.7,5.1,134.1,0.576,0.036,0.332,0.04
2018,Georgia Tech,ACC,150.6,14.7,118.2,17.7,0.749,0.913,0.867,0.978
2018,Hawai'i,Mountain West,77.3,-2.8,7.4,72.7,0.301,-0.059,0.131,0.02
2018,Houston,American Athletic,117.1,47.6,24.3,45.1,0.321,0.418,0.32,0.346
2018,Idaho,Sun Belt,50.9,13.9,-4.9,41.9,0.219,0.248,0.299,0.27
2018,Illinois,Big Ten,102.4,3.2,12.2,87.0,0.764,-2.667,0.368,0.005
2018,Indiana,Big Ten,87.0,40.7,-20.7,67.0,0.291,0.357,0.483,0.414
2018,Iowa,Big Ten,229.2,96.5,6.5,126.3,0.827,0.933,0.598,0.989
2018,Iowa State,Big 12,248.9,125.9,9.8,113.1,0.567,0.72,0.657,0.655
2018,Kansas,Big 12,142.1,36.5,0.2,105.4,0.851,1.0,0.845,1.0
2018,Kansas State,Big 12,173.7,25.6,53.9,94.2,0.573,0.303,0.724,0.623
2018,Kent State,Mid-American,47.4,-17.1,1.2,63.3,0.948,0.564,0.594,0.201
2018,Kentucky,SEC,101.6,0.6,33.1,68.0,0.335,0.009,0.471,0.017
2018,Louisiana,Sun Belt,220.4,35.6,44.3,140.5,0.763,0.628,0.703,0.487
2018,Louisiana Tech,Conference USA,267.2,96.4,46.7,124.1,0.746,1.0,0.684,1.0
2018,Louisville,ACC,213.9,3.8,29.5,180.6,0.373,0.024,0.302,0.077
2018,LSU,SEC,65.6,7.5,1.7,56.4,0.17,0.07,0.158,0.085
2018,Marshall,Conference USA,153.3,0.0,10.1,143.1,0.484,0.0,0.523,0.0
2018,Maryland,Big Ten,115.6,16.1,60.1,39.3,0.668,1.032,0.792,0.851
2018,Massachusetts,FBS Independents,366.4,161.5,39.7,165.2,0.858,1.025,0.921,0.998
2018,Memphis,American Athletic,257.1,19.3,82.0,155.7,0.39,0.086,0.4,0.016
2018,Miami,ACC,243.2,72.4,56.0,114.8,0.722,0.819,0.803,0.967
2018,Miami (OH),Mid-American,196.0,49.1,39.1,107.8,0.649,0.627,0.756,0.702
2018,Michigan,Big Ten,165.5,25.4,31.2,108.9,0.763,0.736,0.561,0.31
2018,Michigan State,Big Ten,315.8,110.8,56.3,148.6,0.946,1.134,0.817,0.982
2018,Middle Tennessee,Conference USA,245.4,56.7,34.9,153.9,0.757,0.619,0.71,0.51
2018,Minnesota,Big Ten,95.5,0.0,19.0,76.4,0.519,0.0,0.491,0.0
2018,Mississippi State,SEC,250.2,22.0,133.2,94.9,0.875,0.905,0.89,0.991
2018,Missouri,SEC,435.1,205.6,39.9,189.5,0.763,1.0,0.729,1.0
2018,Navy,American Athletic,224.4,21.8,182.2,20.4,0.779,1.009,0.706,0.969
2018,NC State,ACC,367.4,155.4,20.2,191.9,0.788,0.962,0.689,0.986
2018,Nebraska,Big Ten,129.6,3.4,-2.9,129.1,0.438,0.037,0.483,0.002
2018,Nevada,Mountain West,256.2,113.3,22.0,120.9,0.811,1.096,0.853,0.934
2018,New Mexico,Mountain West,97.3,9.0,35.2,53.1,0.785,-90.0,0.526,0.586
2018,New Mexico State,Sun Belt,136.7,3.6,21.6,111.5,0.312,0.028,0.287,0.116
2018,North Carolina,ACC,227.5,66.0,34.1,127.5,0.824,1.0,0.831,0.814
2018,Northern Illinois,Mid-American,148.9,31.6,40.4,76.9,0.634,0.704,0.621,0.748
2018,North Texas,Conference USA,390.8,156.5,27.8,206.5,0.74,0.982,0.801,0.998
2018,Northwestern,Big Ten,188.8,47.5,54.1,87.3,0.615,0.954,0.641,0.955
2018,Notre Dame,FBS Independents,252.2,28.8,128.8,94.6,0.676,0.538,0.615,0.984
2018,Ohio,Mid-American,246.8,62.2,122.4,62.2,0.722,0.976,0.809,0.997
2018,Ohio State,Big Ten,352.0,63.8,110.3,178.0,0.603,0.404,0.525,0.156
2018,Oklahoma,Big 12,333.7,47.2,81.6,204.9,0.408,0.154,0.441,0.07
2018,Oklahoma State,Big 12,206.5,12.1,64.0,130.4,0.295,0.046,0.445,0.033
2018,Old Dominion,Conference USA,97.3,32.1,2.8,62.4,0.721,1.107,0.761,0.946
2018,Ole Miss,SEC,294.1,72.4,33.0,188.7,0.622,0.458,0.526,0.404
2018,Oregon,Pac-12,244.6,90.9,30.7,123.0,0.658,0.974,0.616,0.913
2018,Oregon State,Pac-12,121.3,24.6,8.0,88.8,0.491,0.396,0.383,0.381
2018,Penn State,Big Ten,319.9,147.1,52.4,120.4,0.589,0.844,0.631,0.982
2018,Pittsburgh,ACC,150.5,19.9,28.7,101.9,0.508,0.247,0.449,0.182
2018,Purdue,Big Ten,205.1,50.4,53.4,101.2,0.768,1.0,0.902,1.0
2018,Rice,Conference USA,96.8,-6.8,42.6,61.0,0.601,0.723,0.695,0.67
2018,Rutgers,Big Ten,52.4,-5.4,22.6,35.2,0.476,-0.365,0.412,0.542
2018,San Diego State,Mountain West,168.2,72.7,34.4,61.1,0.462,1.0,0.564,1.0
2018,San José State,Mountain West,144.9,27.1,-21.1,139.0,0.986,1.309,0.97,0.964
2018,SMU,American Athletic,318.2,138.1,83.0,97.1,0.636,0.892,0.754,0.972
2018,South Alabama,Sun Belt,135.2,19.9,-26.7,142.0,0.647,0.302,0.649,0.574
2018,South Carolina,SEC,268.9,85.3,33.9,149.7,0.887,0.967,0.94,0.995
2018,Southern Miss,Conference USA,161.7,84.2,26.8,50.8,0.436,0.712,0.406,0.615
2018,South Florida,American Athletic,120.3,21.1,2.7,96.6,0.28,0.17,0.161,0.044
2018,Stanford,Pac-12,380.5,95.4,100.0,185.1,0.871,0.688,0.809,0.579
2018,Syracuse,ACC,166.1,48.0,62.1,56.0,0.557,0.833,0.723,0.838
2018,TCU,Big 12,192.5,38.6,56.2,97.8,0.405,0.243,0.366,0.079
2018,Temple,American Athletic,183.1,84.9,-9.0,107.2,0.523,0.641,0.537,0.456
2018,Tennessee,SEC,103.6,6.7,21.2,75.6,0.66,0.351,0.537,0.602
2018,Texas,Big 12,192.3,52.2,41.3,98.8,0.654,0.954,0.824,0.996
2018,Texas A&M,SEC,239.6,114.0,31.4,94.2,0.613,0.911,0.69,0.958
2018,Texas State,Sun Belt,70.7,14.7,4.7,51.2,0.359,0.367,0.486,0.146
2018,Texas Tech,Big 12,78.0,25.4,6.9,45.7,0.156,0.142,0.224,0.091
2018,Toledo,Mid-American,286.2,19.5,55.4,211.3,0.532,0.11,0.439,0.029
2018,Troy,Sun Belt,161.7,17.4,23.8,120.6,0.419,0.14,0.237,0.034
2018,Tulane,American Athletic,260.2,70.8,65.5,123.8,0.845,1.214,0.666,0.933
2018,Tulsa,American Athletic,202.3,13.6,105.8,82.9,0.738,0.731,0.686,0.997
2018,UAB,Conference USA,265.9,57.0,99.5,109.3,0.953,1.0,0.939,1.0
2018,UCF,American Athletic,494.8,216.4,107.6,170.7,0.779,0.926,0.79,0.924
2018,UCLA,Pac-12,169.8,31.7,25.0,113.1,0.338,0.177,0.422,0.152
2018,UConn,American Athletic,166.0,-0.8,4.8,162.0,0.527,-0.009,0.547,0.374
2018,UL Monroe,Sun Belt,340.1,108.4,28.7,203.0,0.806,0.741,0.81,0.847
2018,UNLV,Mountain West,243.9,27.1,128.2,88.7,0.784,0.455,0.773,0.66
2018,USC,Pac-12,167.2,13.0,9.4,144.8,0.294,0.069,0.269,0.027
2018,Utah,Pac-12,202.4,84.5,63.1,54.8,0.519,0.827,0.688,0.745
2018,Utah State,Mountain West,188.0,41.0,17.2,129.8,0.689,0.828,0.56,0.525
2018,UTEP,Conference USA,7.2,-34.4,3.8,37.8,0.267,0.841,0.656,0.55
2018,UTSA,Conference USA,11.7,-13.5,-11.9,37.2,0.046,-0.184,0.272,0.033
2018,Vanderbilt,SEC,214.0,122.8,3.2,88.1,0.617,0.936,0.601,0.99
2018,Virginia,ACC,99.0,-12.0,19.7,91.3,0.438,-0.286,0.413,0.016
2018,Virginia Tech,ACC,223.8,65.2,45.5,113.1,0.691,0.665,0.773,0.956
2018,Wake Forest,ACC,169.9,14.5,29.4,126.0,0.355,0.084,0.481,0.128
2018,Washington,Pac-12,335.9,121.5,95.2,119.2,0.783,0.879,0.774,0.962
2018,Washington State,Pac-12,208.7,18.7,-1.5,191.5,0.49,0.143,0.332,0.008
2018,Western Kentucky,Conference USA,95.7,-6.8,-1.3,103.8,0.216,-0.043,0.356,0.024
2018,Western Michigan,Mid-American,200.4,57.3,50.1,92.9,0.795,1.181,0.584,0.657
2018,West Virginia,Big 12,200.7,76.6,18.8,105.4,0.656,0.852,0.66,0.785
2018,Wisconsin,Big Ten,386.2,154.6,54.0,177.6,0.856,1.0,0.882,1.0
2018,Wyoming,Mountain West,104.2,8.2,-37.8,133.8,0.56,0.13,0.608,0.225
2019,Air Force,Mountain West,182.2,78.8,72.9,30.5,0.639,0.931,0.581,0.885
2019,Akron,Mid-American,126.1,39.1,-3.0,90.0,0.87,1.0,0.689,1.0
2019,Alabama,SEC,436.0,174.3,35.7,226.0,0.696,0.757,0.632,0.825
2019,App State,Sun Belt,342.2,101.2,85.7,155.4,0.831,0.967,0.839,0.923
2019,Arizona,Pac-12,212.8,103.6,57.9,51.3,0.58,0.949,0.79,0.994
2019,Arizona State,Pac-12,178.7,-0.6,58.7,120.7,0.403,-0.005,0.462,0.005
2019,Arkansas,SEC,86.3,-8.1,13.5,80.9,0.398,-0.182,0.466,0.028
2019,Arkansas State,Sun Belt,171.5,10.2,26.3,135.1,0.397,0.07,0.331,0.041
2019,Army,FBS Independents,230.4,72.9,97.5,59.9,0.644,0.995,0.542,0.959
2019,Auburn,SEC,145.0,17.9,44.0,83.1,0.415,0.159,0.447,0.02
2019,Ball State,Mid-American,171.7,19.4,24.1,128.2,0.532,0.263,0.484,0.3
2019,Baylor,Big 12,392.1,136.5,79.8,175.9,0.78,0.957,0.797,0.81
2019,Boise State,Mountain West,165.5,3.0,30.5,132.1,0.332,0.017,0.225,0.026
2019,Boston College,ACC,205.1,67.1,26.1,111.8,0.666,0.699,0.799,0.84
2019,Bowling Green,Mid-American,99.0,10.2,5.9,82.9,0.324,0.094,0.373,0.028
2019,Buffalo,Mid-American,70.4,-4.0,63.7,10.8,0.171,-0.034,0.353,0.025
2019,BYU,FBS Independents,234.9,55.8,56.7,122.4,0.746,0.804,0.543,0.52
2019,California,Pac-12,96.8,14.3,37.3,45.1,0.55,4.767,0.406,0.632
2019,Central Michigan,Mid-American,5.6,-28.2,6.8,27.0,0.117,0.934,0.863,0.992
2019,Charlotte,Conference USA,156.4,50.1,28.4,77.9,0.738,0.936,0.829,0.9
2019,Cincinnati,American Athletic,370.4,117.8,111.7,141.0,0.823,0.936,0.861,0.863
2019,Clemson,ACC,510.7,174.3,119.4,217.1,0.813,0.95,0.752,0.882
2019,Coastal Carolina,Sun Belt,182.4,46.7,30.7,105.0,0.565,0.57,0.471,0.508
2019,Colorado,Pac-12,241.8,73.7,41.9,126.2,0.851,0.996,0.679,0.996
2019,Colorado State,Mountain West,87.2,17.3,-0.1,69.9,0.256,0.147,0.396,0.423
2019,Duke,ACC,93.3,4.1,28.5,60.7,0.289,0.058,0.391,0.167
2019,East Carolina,American Athletic,183.0,67.3,21.5,94.2,0.803,1.145,0.735,0.974
2019,Eastern Michigan,Mid-American,197.6,48.1,22.4,127.0,0.648,0.446,0.554,0.291
2019,Florida,SEC,360.1,107.4,94.9,157.8,0.857,0.986,0.854,0.997
2019,Florida Atlantic,Conference USA,169.8,83.4,-1.8,88.2,0.522,1.062,0.48,0.827
2019,Florida International,Conference USA,381.3,147.1,56.9,177.3,0.788,0.859,0.801,0.859
2019,Florida State,ACC,143.7,30.2,-1.3,114.9,0.526,0.296,0.421,0.132
2019,Fresno State,Mountain West,142.7,2.0,44.2,96.4,0.308,0.012,0.416,0.029
2019,Georgia,SEC,294.5,148.4,68.2,77.9,0.532,0.771,0.601,0.836
2019,Georgia Southern,Sun Belt,164.1,36.0,93.4,34.7,0.749,0.96,0.581,0.992
2019,Georgia State,Sun Belt,234.1,77.0,50.7,106.4,0.723,0.805,0.773,0.821
2019,Georgia Tech,ACC,134.2,6.3,109.0,18.9,0.471,0.283,0.506,0.156
2019,Hawai'i,Mountain West,348.9,171.4,34.5,143.0,0.715,0.96,0.799,0.98
2019,Houston,American Athletic,508.4,187.1,120.1,201.3,0.884,1.01,0.892,0.99
2019,Illinois,Big Ten,154.2,-2.2,79.8,76.6,0.632,-0.234,0.463,0.026
2019,Indiana,Big Ten,260.9,69.6,59.0,132.2,0.82,0.882,0.871,0.98
2019,Iowa,Big Ten,242.8,134.1,33.1,75.6,0.609,0.893,0.811,0.988
2019,Iowa State,Big 12,204.8,91.8,19.7,93.3,0.574,0.762,0.47,0.584
2019,Kansas,Big 12,94.1,22.6,25.1,46.4,0.416,0.399,0.504,0.178
2019,Kansas State,Big 12,122.0,50.6,24.7,46.6,0.533,1.727,0.396,0.699
2019,Kent State,Mid-American,193.1,5.0,99.2,89.0,0.924,0.617,0.84,0.998
2019,Kentucky,SEC,147.0,32.5,36.8,77.7,0.602,0.876,0.568,0.906
2019,Liberty,FBS Independents,289.4,98.7,36.8,153.9,0.849,1.016,0.872,0.983
2019,Louisiana,Sun Belt,304.1,25.1,129.5,149.5,0.665,0.219,0.593,0.175
2019,Louisiana Tech,Conference USA,228.4,85.1,30.9,112.5,0.732,1.0,0.791,1.0
2019,Louisville,ACC,133.7,23.0,30.2,80.5,0.82,4.6,0.728,0.927
2019,LSU,SEC,303.9,103.1,46.1,154.7,0.858,1.0,0.731,1.0
2019,Marshall,Conference USA,188.0,55.9,45.1,86.9,0.676,1.015,0.703,0.998
2019,Maryland,Big Ten,190.5,3.8,96.5,90.2,0.724,0.153,0.587,0.311
2019,Massachusetts,FBS Independents,135.4,13.5,13.9,108.0,0.32,0.106,0.225,0.094
2019,Memphis,American Athletic,380.2,156.1,45.6,178.5,0.695,0.992,0.677,0.963
2019,Miami,ACC,134.3,11.4,38.7,84.1,0.487,0.264,0.524,0.556
2019,Miami (OH),Mid-American,119.6,4.5,-11.8,126.9,0.357,0.04,0.319,0.003
2019,Michigan,Big Ten,331.6,132.5,56.3,142.7,0.752,0.99,0.618,0.986
2019,Michigan State,Big Ten,171.8,21.6,36.9,113.3,0.929,1.0,0.861,1.0
2019,Middle Tennessee,Conference USA,142.1,-2.6,17.5,127.2,0.414,-0.027,0.372,0.049
2019,Minnesota,Big Ten,311.1,66.3,79.0,165.8,1.004,1.0,0.993,1.0
2019,Mississippi State,SEC,200.2,37.8,58.8,103.6,0.547,0.626,0.384,0.126
2019,Missouri,SEC,217.4,8.7,43.0,165.6,0.426,0.048,0.454,0.032
2019,Navy,American Athletic,108.1,-3.7,74.7,37.1,0.557,0.787,0.441,0.209
2019,NC State,ACC,58.6,5.4,-23.7,76.9,0.131,0.029,0.248,0.009
2019,Nebraska,Big Ten,260.5,81.0,73.9,105.6,0.704,1.0,0.703,1.0
2019,Nevada,Mountain West,187.4,0.0,38.6,148.8,0.532,0.0,0.548,0.108
2019,New Mexico,Mountain West,148.2,57.4,24.5,66.3,0.793,1.251,0.589,0.78
2019,New Mexico State,FBS Independents,155.9,34.0,44.4,77.5,0.702,1.09,0.857,0.976
2019,North Carolina,ACC,122.1,-18.0,56.0,84.2,0.515,-0.421,0.423,0.05
2019,Northern Illinois,Mid-American,94.4,-3.4,73.8,24.0,0.594,1.03,0.84,0.998
2019,North Texas,Conference USA,365.4,158.4,32.5,174.4,0.84,1.041,0.86,0.957
2019,Northwestern,Big Ten,103.4,-0.3,5.7,98.1,0.359,-0.004,0.347,0.065
2019,Notre Dame,FBS Independents,299.9,124.1,35.2,140.7,0.659,0.821,0.617,0.748
2019,Ohio,Mid-American,218.9,78.4,79.3,61.2,0.459,0.832,0.458,0.884
2019,Ohio State,Big Ten,203.5,26.5,21.2,155.8,0.281,0.095,0.324,0.015
2019,Oklahoma,Big 12,294.5,11.2,86.2,197.2,0.363,0.04,0.424,0.024
2019,Oklahoma State,Big 12,242.1,16.2,38.0,187.9,0.438,0.095,0.312,0.013
2019,Old Dominion,Conference USA,83.6,11.5,35.7,36.3,0.279,0.124,0.296,0.188
2019,Ole Miss,SEC,148.9,14.7,63.5,70.7,0.283,0.077,0.33,0.053
2019,Oregon,Pac-12,302.8,133.5,68.0,101.3,0.735,0.965,0.828,0.975
2019,Oregon State,Pac-12,276.0,57.4,47.2,171.4,0.771,0.608,0.761,0.626
2019,Penn State,Big Ten,129.5,21.7,14.6,93.2,0.401,0.522,0.198,0.029
2019,Pittsburgh,ACC,139.3,13.6,48.3,77.4,0.51,0.901,0.584,0.994
2019,Purdue,Big Ten,177.7,6.8,11.2,159.7,0.414,0.05,0.258,0.091
2019,Rice,Conference USA,77.0,12.3,12.6,52.1,0.448,0.217,0.391,0.342
2019,Rutgers,Big Ten,5.3,-35.4,2.0,38.7,0.1,0.792,0.732,0.783
2019,San Diego State,Mountain West,179.3,62.0,33.2,84.0,0.588,0.681,0.788,0.711
2019,San José State,Mountain West,105.1,33.8,-18.8,90.0,0.545,0.624,0.564,0.638
2019,SMU,American Athletic,243.1,45.5,10.0,187.6,0.755,0.487,0.503,0.198
2019,South Alabama,Sun Belt,51.3,-2.6,-2.5,56.3,0.249,-0.034,0.386,0.066
2019,South Carolina,SEC,319.2,121.9,37.1,160.2,0.717,0.764,0.772,0.874
2019,Southern Miss,Conference USA,178.2,36.3,14.5,127.4,1.042,1.028,0.916,0.995
2019,South Florida,American Athletic,257.9,70.8,97.5,89.6,0.743,0.907,0.732,0.789
2019,Stanford,Pac-12,264.9,186.6,15.2,63.1,0.597,1.0,0.643,1.0
2019,Syracuse,ACC,144.7,-4.7,32.2,117.1,0.377,-0.052,0.434,0.223
2019,TCU,Big 12,150.4,45.4,17.4,87.6,0.693,0.799,0.595,0.338
2019,Temple,American Athletic,219.6,87.3,9.3,123.0,0.567,0.73,0.585,0.825
2019,Tennessee,SEC,228.3,79.9,5.4,143.1,0.865,0.78,0.871,0.837
2019,Texas,Big 12,352.4,150.0,68.0,134.3,0.708,0.908,0.684,0.894
2019,Texas A&M,SEC,300.1,109.7,45.7,144.7,0.648,0.864,0.667,0.947
2019,Texas State,Sun Belt,91.6,18.1,-21.5,95.0,0.409,0.302,0.643,0.613
2019,Texas Tech,Big 12,304.4,175.5,18.2,110.7,0.579,0.914,0.626,0.899
2019,Toledo,Mid-American,217.6,81.2,105.1,31.4,0.564,1.0,0.712,1.0
2019,Troy,Sun Belt,165.1,48.9,71.0,45.2,0.474,0.49,0.518,0.39
2019,Tulane,American Athletic,172.1,47.5,46.4,78.1,0.61,0.702,0.689,0.498
2019,Tulsa,American Athletic,180.5,28.3,56.5,95.7,0.725,0.934,0.744,0.636
2019,UAB,Conference USA,143.1,54.1,55.6,33.5,0.346,0.439,0.546,0.397
2019,UCF,American Athletic,479.1,164.7,146.2,168.2,0.811,0.954,0.87,0.993
2019,UCLA,Pac-12,183.4,33.4,57.1,92.9,0.551,0.372,0.65,0.44
2019,UConn,American Athletic,6.6,-0.1,-10.4,17.0,0.027,-0.002,0.309,0.011
2019,UL Monroe,Sun Belt,209.8,72.6,71.5,65.6,0.638,1.0,0.692,1.0
2019,UNLV,Mountain West,233.3,43.2,73.8,116.3,0.804,1.0,0.696,1.0
2019,USC,Pac-12,251.8,81.4,18.4,152.0,0.856,0.873,0.845,0.93
2019,Utah,Pac-12,339.1,83.5,77.9,177.7,0.953,0.973,0.87,0.998
2019,Utah State,Mountain West,326.3,205.3,49.6,71.5,0.551,0.972,0.595,0.996
2019,UTEP,Conference USA,35.3,-15.5,27.2,23.5,0.278,3.875,0.68,0.785
2019,UTSA,Conference USA,23.6,-18.6,9.0,33.2,0.387,0.756,0.627,0.681
2019,Vanderbilt,SEC,227.8,-0.3,69.7,158.4,0.593,-0.002,0.476,0.016
2019,Virginia,ACC,251.6,101.7,42.4,107.6,0.666,0.986,0.668,0.997
2019,Virginia Tech,ACC,276.8,94.2,58.6,124.0,0.746,0.848,0.707,0.86
2019,Wake Forest,ACC,260.9,105.8,75.5,79.7,0.678,1.028,0.759,0.996
2019,Washington,Pac-12,231.5,2.3,24.3,204.9,0.525,0.017,0.387,0.007
2019,Washington State,Pac-12,232.6,12.2,19.3,201.2,0.42,0.059,0.316,0.023
2019,Western Kentucky,Conference USA,166.5,41.3,21.2,103.9,0.757,0.782,0.783,0.765
2019,Western Michigan,Mid-American,256.8,97.9,67.8,91.2,0.709,1.0,0.668,1.0
2019,West Virginia,Big 12,113.4,-1.4,52.3,62.5,0.269,-0.011,0.476,0.117
2019,Wisconsin,Big Ten,267.2,23.6,107.5,136.1,0.707,0.296,0.652,0.26
2019,Wyoming,Mountain West,92.8,20.8,31.4,40.7,0.518,1.015,0.608,0.997
2020,Air Force,Mountain West,0.0,0.0,0.0,0.0,0.0,0.0,0.0,0.0
2020,Akron,Mid-American,83.1,8.6,-6.0,80.4,1.511,-0.796,0.811,0.93
2020,Alabama,SEC,343.4,106.4,82.1,154.9,0.501,0.412,0.593,0.368
2020,App State,Sun Belt,358.7,140.0,70.5,148.2,0.804,0.978,0.757,0.992
2020,Arizona,Pac-12,247.7,35.6,45.7,166.4,0.64,0.371,0.516,0.373
2020,Arizona State,Pac-12,195.0,104.1,29.4,61.4,0.596,0.921,0.511,0.893
2020,Arkansas,SEC,110.7,-17.9,40.9,87.8,0.667,-0.877,0.505,0.222
2020,Arkansas State,Sun Belt,314.8,164.4,39.2,111.2,0.633,0.983,0.8,0.988
2020,Army,FBS Independents,174.6,4.0,126.9,43.7,0.654,0.889,0.515,0.4
2020,Auburn,SEC,285.6,119.8,48.9,117.0,0.73,0.983,0.71,0.98
2020,Ball State,Mid-American,319.1,120.6,70.7,127.9,0.763,1.0,0.776,1.0
2020,Baylor,Big 12,340.2,128.1,72.1,140.1,0.791,0.942,0.781,0.994
2020,Boise State,Mountain West,335.9,95.8,61.8,178.3,0.693,0.617,0.73,0.688
2020,Boston College,ACC,191.3,44.8,37.2,109.3,0.465,0.358,0.514,0.559
2020,Bowling Green,Mid-American,91.2,-8.8,2.4,97.6,0.829,0.793,0.723,0.394
2020,Buffalo,Mid-American,303.5,46.4,145.3,111.8,0.998,1.0,1.0,1.0
2020,BYU,FBS Independents,293.0,129.8,60.4,102.8,0.669,0.913,0.728,0.963
2020,California,Pac-12,28.8,-10.6,3.4,36.0,0.102,-0.16,0.067,0.081
2020,Central Michigan,Mid-American,347.4,123.4,32.7,191.3,0.888,1.0,0.862,1.0
2020,Charlotte,Conference USA,338.7,107.8,64.4,166.6,0.836,0.984,0.696,0.91
2020,Cincinnati,American Athletic,237.4,70.7,80.8,85.8,0.673,0.888,0.612,0.993
2020,Clemson,ACC,521.0,166.8,199.1,155.1,0.764,0.852,0.849,0.833
2020,Coastal Carolina,Sun Belt,279.2,92.1,74.7,112.4,0.798,1.0,0.82,1.0
2020,Colorado,Pac-12,89.6,2.3,16.9,70.5,0.258,0.022,0.443,0.007
2020,Colorado State,Mountain West,338.7,131.1,3.2,204.4,0.773,0.778,0.751,0.785
2020,Duke,ACC,59.2,-5.0,-6.8,70.9,0.377,-0.362,0.476,0.047
2020,East Carolina,American Athletic,366.3,150.2,-6.4,222.5,1.001,1.0,1.0,1.0
2020,Eastern Michigan,Mid-American,161.8,22.1,4.3,135.4,0.364,0.132,0.297,0.15
2020,Florida,SEC,297.3,154.7,16.3,126.3,0.572,0.777,0.631,0.845
2020,Florida Atlantic,Conference USA,133.8,8.6,60.6,64.6,0.269,0.05,0.385,0.061
2020,Florida International,Conference USA,56.9,3.5,15.3,38.1,0.178,0.034,0.233,0.072
2020,Florida State,ACC,244.8,80.8,23.2,140.8,0.623,0.704,0.527,0.689
2020,Fresno State,Mountain West,163.4,4.4,39.2,119.8,0.472,0.047,0.403,0.018
2020,Georgia,SEC,144.1,12.1,18.5,113.4,0.356,0.096,0.304,0.07
2020,Georgia Southern,Sun Belt,148.8,9.6,114.8,24.3,0.818,0.906,0.966,0.995
2020,Georgia State,Sun Belt,155.4,-2.1,33.7,123.8,0.427,-0.024,0.361,0.083
2020,Georgia Tech,ACC,142.2,13.9,50.8,77.5,0.994,1.986,0.888,0.861
2020,Hawai'i,Mountain West,264.2,27.4,60.0,176.8,0.481,0.139,0.497,0.198
2020,Houston,American Athletic,219.4,59.9,40.9,118.6,0.784,1.235,0.757,0.651
2020,Illinois,Big Ten,204.9,58.3,21.6,125.0,0.836,1.0,0.711,1.0
2020,Indiana,Big Ten,249.7,49.3,36.9,163.4,0.593,0.347,0.594,0.349
2020,Iowa,Big Ten,189.5,0.4,16.0,173.1,0.581,0.004,0.522,0.025
2020,Iowa State,Big 12,381.0,181.8,33.7,165.5,0.754,0.971,0.817,0.984
2020,Kansas,Big 12,125.1,-3.1,17.7,110.5,0.431,-0.025,0.439,0.002
2020,Kansas State,Big 12,251.8,111.2,50.4,90.2,0.754,1.016,0.684,0.988
2020,Kent State,Mid-American,297.8,114.1,81.3,102.4,0.803,0.984,0.701,0.995
2020,Kentucky,SEC,122.2,11.8,81.2,29.2,0.52,1.71,0.657,0.695
2020,Liberty,FBS Independents,145.8,-2.6,31.7,116.7,0.316,-0.015,0.302,0.017
2020,Louisiana,Sun Belt,424.9,152.1,134.4,138.4,0.729,0.921,0.783,0.988
2020,Louisiana Tech,Conference USA,198.7,3.6,34.9,160.2,0.46,0.026,0.53,0.195
2020,Louisville,ACC,391.3,149.0,89.2,153.1,0.912,0.963,0.961,0.997
2020,LSU,SEC,232.8,40.7,6.0,186.2,0.252,0.112,0.273,0.083
2020,Marshall,Conference USA,148.9,-0.3,67.0,82.2,0.515,-0.005,0.491,0.008
2020,Maryland,Big Ten,79.9,2.7,17.7,59.5,0.583,-0.189,0.501,0.665
2020,Massachusetts,FBS Independents,-5.5,-13.5,-33.1,41.1,-0.056,3.971,0.494,0.457
2020,Memphis,American Athletic,463.9,226.2,55.7,182.0,0.743,0.996,0.78,0.994
2020,Miami,ACC,183.9,22.2,17.7,144.0,0.554,0.25,0.476,0.362
2020,Miami (OH),Mid-American,160.3,39.3,23.9,97.2,0.794,1.037,0.859,0.938
2020,Michigan,Big Ten,40.4,0.6,11.2,28.6,0.107,0.005,0.115,0.044
2020,Michigan State,Big Ten,40.4,-1.2,-24.3,65.9,0.149,-0.015,0.396,0.05
2020,Middle Tennessee,Conference USA,272.5,105.7,45.1,121.8,0.779,1.0,0.833,1.0
2020,Minnesota,Big Ten,392.0,204.5,36.3,151.2,0.727,0.986,0.632,0.997
2020,Mississippi State,SEC,180.8,33.8,87.5,59.6,0.495,0.465,0.585,0.486
2020,Missouri,SEC,78.9,3.1,13.6,62.2,0.292,0.04,0.519,0.226
2020,Navy,American Athletic,208.2,6.8,119.3,82.1,0.491,0.129,0.553,0.145
2020,NC State,ACC,159.7,13.1,43.1,103.6,0.6,0.169,0.712,0.517
2020,Nebraska,Big Ten,167.9,47.6,63.3,57.1,0.624,0.885,0.729,0.817
2020,Nevada,Mountain West,194.6,52.1,27.4,115.2,0.748,0.883,0.706,0.757
2020,New Mexico,Mountain West,132.7,22.2,40.4,70.1,0.626,0.768,0.71,0.771
2020,New Mexico State,FBS Independents,53.7,4.0,1.2,48.6,0.236,0.151,0.094,0.002
2020,North Carolina,ACC,502.3,182.1,62.8,257.3,0.939,0.98,0.95,0.991
2020,Northern Illinois,Mid-American,157.5,75.3,-7.5,89.7,0.603,0.888,0.543,0.779
2020,North Texas,Conference USA,186.8,4.1,8.5,174.2,0.493,0.029,0.508,0.084
2020,Northwestern,Big Ten,88.3,-8.9,37.4,59.8,0.841,1.0,0.969,1.0
2020,Notre Dame,FBS Independents,278.2,134.1,50.7,93.4,0.591,0.83,0.64,0.951
2020,Ohio,Mid-American,232.8,3.9,63.7,165.2,0.536,0.035,0.566,0.008
2020,Ohio State,Big Ten,452.6,198.1,96.5,158.0,0.623,0.869,0.615,0.888
2020,Oklahoma,Big 12,200.7,27.5,45.1,128.1,0.278,0.11,0.372,0.101
2020,Oklahoma State,Big 12,360.3,81.8,124.8,153.7,0.868,0.788,0.856,0.702
2020,Old Dominion,Conference USA,81.5,-22.7,26.1,78.0,0.807,0.954,0.722,0.998
2020,Ole Miss,SEC,321.8,100.7,81.0,140.1,0.899,1.0,0.853,1.0
2020,Oregon,Pac-12,251.1,13.7,71.2,166.2,0.489,0.076,0.541,0.034
2020,Oregon State,Pac-12,131.8,13.7,38.5,79.7,0.314,0.097,0.366,0.139
2020,Penn State,Big Ten,332.0,110.1,109.6,112.3,0.792,1.0,0.819,1.0
2020,Pittsburgh,ACC,198.6,75.1,27.9,95.7,0.738,0.892,0.782,0.994
2020,Purdue,Big Ten,281.9,137.0,-17.7,162.6,0.819,1.0,0.933,1.0
2020,Rice,Conference USA,116.4,8.1,-5.6,113.8,0.751,0.229,0.529,0.507
2020,Rutgers,Big Ten,81.7,0.1,16.9,64.8,0.878,1.0,0.931,1.0
2020,San Diego State,Mountain West,159.8,19.5,-11.0,151.4,0.629,0.183,0.492,0.07
2020,San José State,Mountain West,244.4,10.0,6.7,227.7,0.542,0.055,0.422,0.033
2020,SMU,American Athletic,361.5,189.6,9.5,162.5,0.674,0.947,0.571,0.984
2020,South Alabama,Sun Belt,100.8,37.1,-7.9,71.6,0.646,1.642,0.536,0.438
2020,South Carolina,SEC,72.2,25.9,9.4,36.9,0.417,1.136,0.579,0.93
2020,Southern Miss,Conference USA,216.8,135.4,13.6,67.7,0.575,0.914,0.618,0.989
2020,South Florida,American Athletic,146.9,7.8,43.6,95.6,0.615,0.325,0.618,0.695
2020,Stanford,Pac-12,225.9,71.5,8.5,145.9,0.678,0.685,0.57,0.624
2020,Syracuse,ACC,149.9,52.6,19.6,77.6,0.551,1.082,0.639,0.84
2020,TCU,Big 12,177.2,27.3,64.5,85.4,0.726,1.978,0.568,0.871
2020,Temple,American Athletic,222.2,70.8,22.0,129.4,0.772,0.824,0.733,0.895
2020,Tennessee,SEC,166.2,91.9,23.6,50.7,0.543,0.944,0.709,0.992
2020,Texas,Big 12,377.6,169.7,108.4,99.4,0.702,0.972,0.841,0.992
2020,Texas A&M,SEC,295.5,89.8,65.6,140.2,0.803,0.97,0.801,0.998
2020,Texas State,Sun Belt,115.0,24.1,4.6,86.3,0.737,0.744,0.581,0.555
2020,Texas Tech,Big 12,187.5,23.3,30.0,134.2,0.531,0.214,0.487,0.288
2020,Toledo,Mid-American,205.7,30.8,61.1,113.8,0.609,0.384,0.739,0.641
2020,Troy,Sun Belt,264.0,1.7,59.5,202.9,0.61,0.012,0.452,0.056
2020,Tulane,American Athletic,196.1,17.5,75.8,102.8,0.496,0.2,0.388,0.066
2020,Tulsa,American Athletic,299.8,112.7,26.7,160.4,0.869,1.0,0.94,1.0
2020,UAB,Conference USA,195.2,53.8,25.1,116.3,0.856,0.923,0.907,0.997
2020,UCF,American Athletic,398.4,160.7,101.5,136.1,0.682,0.894,0.768,0.94
2020,UCLA,Pac-12,264.8,81.6,25.4,157.8,0.736,0.88,0.753,0.993
2020,UConn,American Athletic,141.4,22.4,17.7,101.3,0.79,1.764,0.715,0.778
2020,UL Monroe,Sun Belt,135.5,-14.4,34.4,115.6,0.37,-0.171,0.396,0.052
2020,UNLV,Mountain West,207.5,30.7,76.0,100.8,0.998,1.0,1.0,1.0
2020,USC,Pac-12,469.8,185.0,54.9,230.0,0.826,0.93,0.875,0.93
2020,Utah,Pac-12,189.4,6.3,20.3,162.8,0.386,0.038,0.303,0.029
2020,Utah State,Mountain West,91.9,1.7,1.7,88.5,0.256,0.015,0.275,0.004
2020,UTEP,Conference USA,69.0,-1.7,-10.1,80.8,0.265,-0.03,0.299,0.174
2020,UTSA,Conference USA,174.5,23.7,75.8,75.0,0.839,1.15,0.905,0.982
2020,Vanderbilt,SEC,35.0,-0.1,5.6,29.6,0.238,0.014,0.194,0.005
2020,Virginia,ACC,106.7,3.4,10.4,93.0,0.265,0.031,0.234,0.041
2020,Virginia Tech,ACC,218.2,73.8,39.0,105.4,0.622,0.606,0.571,0.63
2020,Wake Forest,ACC,166.7,46.3,12.3,108.1,0.36,0.279,0.33,0.216
2020,Washington,Pac-12,110.1,4.6,23.2,82.3,0.275,0.037,0.261,0.014
2020,Washington State,Pac-12,228.3,21.1,42.7,164.5,0.456,0.107,0.412,0.031
2020,Western Kentucky,Conference USA,113.9,-2.4,14.3,102.0,0.316,-0.02,0.391,0.004
2020,Western Michigan,Mid-American,138.9,2.7,14.3,121.9,0.345,0.021,0.225,0.014
2020,West Virginia,Big 12,207.8,88.0,-6.9,126.6,0.877,1.032,0.79,0.935
2020,Wisconsin,Big Ten,319.5,129.8,61.1,128.6,0.686,0.911,0.649,0.989
2020,Wyoming,Mountain West,195.3,47.0,91.2,57.1,0.751,1.638,0.745,0.615
2021,Air Force,Mountain West,127.1,35.0,71.3,20.8,0.77,1.0,0.724,1.0
2021,Akron,Mid-American,27.7,-19.8,24.5,23.1,0.63,0.756,0.805,0.902
2021,Alabama,SEC,141.0,16.7,37.0,87.3,0.192,0.058,0.26,0.072
2021,App State,Sun Belt,274.6,12.1,98.7,163.8,0.654,0.127,0.584,0.03
2021,Arizona,Pac-12,40.2,-15.2,14.0,41.4,0.484,-2.98,0.478,0.427
2021,Arizona State,Pac-12,127.9,29.9,50.8,47.2,0.976,1.0,0.966,1.0
2021,Arkansas,SEC,157.6,-7.7,30.9,134.4,0.505,-0.081,0.423,0.019
2021,Arkansas State,Sun Belt,265.9,111.0,6.4,148.5,0.516,0.533,0.426,0.44
2021,Army,FBS Independents,161.0,13.6,115.9,31.6,0.861,1.0,0.858,1.0
2021,Auburn,SEC,169.5,71.6,70.1,27.7,0.605,0.994,0.714,0.997
2021,Ball State,Mid-American,234.0,95.9,27.0,111.2,0.799,1.0,0.838,1.0
2021,Baylor,Big 12,92.8,-3.2,-7.7,103.7,0.619,-0.093,0.45,0.031
2021,Boise State,Mountain West,176.5,67.1,12.1,97.3,0.964,0.908,0.917,0.871
2021,Boston College,ACC,316.3,156.3,-1.0,161.0,0.876,1.0,0.801,1.0
2021,Bowling Green,Mid-American,5.3,-19.7,29.3,-4.3,0.331,1.0,0.582,1.0
2021,Buffalo,Mid-American,130.8,66.7,48.6,15.4,0.479,1.0,0.602,1.0
2021,BYU,FBS Independents,262.4,18.3,82.7,161.4,0.48,0.101,0.557,0.13
2021,California,Pac-12,54.7,7.2,17.2,30.4,0.977,1.029,0.904,0.993
2021,Central Michigan,Mid-American,120.4,24.7,38.8,57.0,0.772,0.855,0.768,0.618
2021,Charlotte,Conference USA,120.7,39.0,6.1,75.6,0.856,1.0,0.815,1.0
2021,Cincinnati,American Athletic,314.8,111.0,62.8,141.0,0.855,0.955,0.735,0.952
2021,Clemson,ACC,145.0,42.5,21.1,81.3,0.261,0.206,0.351,0.308
2021,Coastal Carolina,Sun Belt,409.3,166.5,71.3,171.5,0.842,0.964,0.72,0.87
2021,Colorado,Pac-12,102.3,5.6,19.2,77.6,0.758,0.189,0.547,0.06
2021,Colorado State,Mountain West,26.2,-3.5,-9.1,38.8,0.546,-0.285,0.69,0.32
2021,Duke,ACC,159.7,3.2,30.7,125.8,0.682,0.078,0.379,0.086
2021,East Carolina,American Athletic,161.3,56.8,24.4,80.1,0.783,1.0,0.858,1.0
2021,Eastern Michigan,Mid-American,194.3,74.8,28.6,90.9,0.895,1.0,0.921,1.0
2021,Florida,SEC,167.5,11.0,34.1,122.4,0.27,0.044,0.41,0.073
2021,Florida Atlantic,Conference USA,129.7,21.0,36.7,71.9,0.92,1.0,0.906,1.0
2021,Florida International,Conference USA,25.6,-16.2,15.9,25.9,1.6,0.684,0.699,0.568
2021,Florida State,ACC,165.7,-3.5,102.7,66.5,0.85,0.318,0.735,0.739
2021,Fresno State,Mountain West,230.7,69.5,32.7,128.5,0.965,0.977,0.96,0.941
2021,Georgia,SEC,304.6,96.9,73.5,134.2,0.97,1.135,0.923,0.9
2021,Georgia Southern,Sun Belt,121.0,2.5,81.7,36.8,0.482,0.137,0.48,0.165
2021,Georgia State,Sun Belt,269.6,69.2,61.0,139.4,1.002,1.0,0.981,1.0
2021,Georgia Tech,ACC,189.8,26.9,71.4,91.5,0.829,0.846,0.901,0.944
2021,Hawai'i,Mountain West,193.6,65.8,63.1,64.8,0.759,1.023,0.685,0.994
2021,Houston,American Athletic,128.9,42.6,30.6,55.7,0.668,0.986,0.723,0.964
2021,Illinois,Big Ten,118.1,24.5,48.1,45.6,0.868,1.0,0.896,1.0
2021,Indiana,Big Ten,147.5,56.5,3.5,87.5,0.878,1.0,0.678,1.0
2021,Iowa,Big Ten,118.5,47.2,23.9,47.5,0.624,0.935,0.765,0.996
2021,Iowa State,Big 12,381.8,125.7,98.2,157.9,0.929,0.953,0.895,0.992
2021,Kansas,Big 12,44.5,-14.7,-1.5,60.6,0.84,0.707,0.841,0.966
2021,Kansas State,Big 12,177.4,63.8,42.2,71.4,0.91,1.119,0.785,0.934
2021,Kent State,Mid-American,230.2,82.3,71.0,76.9,0.903,1.0,0.911,1.0
2021,Kentucky,SEC,38.6,-13.9,12.9,39.6,0.386,-7.316,0.423,0.198
2021,Liberty,FBS Independents,380.7,109.5,118.6,152.7,0.9,0.919,0.831,0.883
2021,Louisiana,Sun Belt,238.2,83.7,38.7,115.7,0.707,1.0,0.65,1.0
2021,Louisiana Tech,Conference USA,125.1,23.4,19.5,82.1,0.699,0.959,0.619,0.992
2021,Louisville,ACC,244.9,104.9,71.3,68.6,0.638,1.033,0.695,0.985
2021,LSU,SEC,200.4,72.8,14.8,112.8,0.602,0.571,0.668,0.661
2021,Marshall,Conference USA,175.8,51.5,40.3,84.0,0.698,0.952,0.728,0.997
2021,Maryland,Big Ten,120.3,36.3,1.4,82.6,0.654,0.921,0.675,0.913
2021,Massachusetts,FBS Independents,-9.3,-0.1,-16.4,7.2,-3.1,0.048,0.547,0.45
2021,Memphis,American Athletic,143.8,0.3,-9.3,152.8,0.362,0.002,0.494,0.002
2021,Miami,ACC,330.5,126.7,65.5,138.3,0.835,0.897,0.882,0.878
2021,Miami (OH),Mid-American,96.8,40.5,5.2,51.1,0.968,1.0,0.874,1.0
2021,Michigan,Big Ten,92.7,19.3,13.2,60.2,0.536,0.29,0.531,0.327
2021,Michigan State,Big Ten,63.9,18.0,-27.9,73.7,0.571,0.429,0.671,0.374
2021,Middle Tennessee,Conference USA,130.1,5.9,-6.0,130.3,0.576,0.078,0.435,0.066
2021,Minnesota,Big Ten,180.0,57.6,62.5,59.9,0.811,0.981,0.893,0.995
2021,Mississippi State,SEC,142.3,33.0,28.2,81.0,0.668,1.264,0.622,0.622
2021,Missouri,SEC,239.7,126.1,3.9,109.7,0.742,1.0,0.673,1.0
2021,Navy,American Athletic,42.7,-0.5,4.5,38.7,0.326,-0.022,0.33,0.417
2021,NC State,ACC,264.5,47.3,27.6,189.6,0.656,0.374,0.689,0.331
2021,Nebraska,Big Ten,120.4,32.0,50.1,38.3,0.611,0.842,0.499,0.675
2021,Nevada,Mountain West,338.7,129.5,35.5,173.7,0.982,1.0,0.995,1.0
2021,New Mexico,Mountain West,84.2,-0.3,50.5,34.1,0.745,-0.06,0.666,0.991
2021,New Mexico State,FBS Independents,6.8,1.6,-1.4,6.6,1.7,1.0,0.923,1.0
2021,North Carolina,ACC,304.1,176.6,32.8,94.7,0.505,0.985,0.541,0.995
2021,Northern Illinois,Mid-American,71.2,0.0,3.6,67.6,0.539,0.0,0.522,0.0
2021,North Texas,Conference USA,231.4,80.6,64.4,86.4,0.499,0.568,0.517,0.505
2021,Northwestern,Big Ten,32.2,0.0,12.4,19.9,0.14,0.0,0.179,0.0
2021,Notre Dame,FBS Independents,152.8,4.1,62.8,86.0,0.366,0.032,0.458,0.021
2021,Ohio,Mid-American,60.5,10.5,29.0,21.0,0.931,1.0,0.906,1.0
2021,Ohio State,Big Ten,170.0,10.2,23.9,136.0,0.47,0.106,0.401,0.012
2021,Oklahoma,Big 12,346.2,167.1,8.8,170.3,0.711,0.872,0.588,0.885
2021,Oklahoma State,Big 12,141.1,64.6,17.2,59.3,0.511,0.725,0.679,0.978
2021,Ole Miss,SEC,384.8,155.9,107.3,121.6,0.77,0.951,0.866,0.992
2021,Oregon,Pac-12,130.5,15.6,16.5,98.4,0.522,0.173,0.54,0.126
2021,Oregon State,Pac-12,163.3,39.8,50.3,73.2,0.817,0.871,0.755,0.964
2021,Penn State,Big Ten,249.6,89.8,31.1,128.7,0.843,0.93,0.808,0.817
2021,Pittsburgh,ACC,240.7,76.6,24.9,139.3,0.854,0.942,0.935,0.998
2021,Purdue,Big Ten,180.8,80.4,0.3,100.0,0.904,1.0,0.895,1.0
2021,Rice,Conference USA,40.7,6.5,-7.7,41.9,0.342,0.124,0.706,0.345
2021,Rutgers,Big Ten,140.1,20.4,22.7,97.0,0.922,0.604,0.846,0.752
2021,San Diego State,Mountain West,109.0,16.6,27.4,65.0,0.858,0.604,0.798,0.484
2021,San José State,Mountain West,194.7,102.5,9.5,82.7,0.743,1.0,0.832,1.0
2021,SMU,American Athletic,175.4,-1.1,54.0,122.5,0.457,-0.009,0.468,0.003
2021,South Alabama,Sun Belt,197.9,69.9,2.2,125.8,0.776,0.859,0.655,0.755
2021,South Carolina,SEC,147.9,9.0,63.3,75.6,0.66,0.268,0.518,0.239
2021,Southern Miss,Conference USA,112.1,0.3,20.7,91.1,0.483,0.006,0.469,0.004
2021,South Florida,American Athletic,63.1,-8.4,10.1,61.4,0.429,-0.364,0.375,0.131
2021,Stanford,Pac-12,97.5,11.7,31.1,54.7,0.403,0.133,0.489,0.116
2021,Syracuse,ACC,74.1,-0.7,0.8,74.0,0.852,-0.097,0.644,0.468
2021,TCU,Big 12,200.5,33.4,81.1,86.0,0.66,0.795,0.732,0.993
2021,Temple,American Athletic,59.4,-0.8,-7.4,67.5,0.453,-0.016,0.499,0.218
2021,Tennessee,SEC,76.0,16.7,1.9,57.4,0.31,0.305,0.273,0.283
2021,Texas,Big 12,160.0,15.7,48.1,96.2,0.442,0.142,0.392,0.068
2021,Texas A&M,SEC,241.5,6.2,78.8,156.4,0.624,0.049,0.593,0.018
2021,Texas State,Sun Belt,248.8,51.7,56.9,140.2,0.882,1.002,0.905,0.998
2021,Texas Tech,Big 12,180.0,34.5,61.3,84.1,0.629,0.459,0.679,0.443
2021,Toledo,Mid-American,201.2,43.0,13.2,145.0,0.708,0.397,0.715,0.414
2021,Troy,Sun Belt,172.9,79.3,21.5,72.2,0.503,0.805,0.596,0.658
2021,Tulane,American Athletic,266.9,45.1,88.8,133.0,0.608,0.586,0.491,0.451
2021,Tulsa,American Athletic,166.9,15.5,8.1,143.4,0.726,0.229,0.47,0.141
2021,UAB,Conference USA,158.7,80.9,19.0,58.8,0.63,0.963,0.635,0.996
2021,UCF,American Athletic,320.3,182.3,32.5,105.5,0.626,0.948,0.583,0.993
2021,UCLA,Pac-12,220.0,80.7,37.5,101.8,0.853,1.0,0.757,1.0
2021,UL Monroe,Sun Belt,144.3,32.4,9.9,102.0,0.913,1.035,0.778,0.998
2021,UNLV,Mountain West,73.1,5.4,6.4,61.3,0.604,0.397,0.584,0.219
2021,USC,Pac-12,182.1,91.8,12.5,77.8,0.709,0.794,0.653,0.902
2021,Utah,Pac-12,40.5,-1.4,1.8,40.1,0.368,-0.056,0.268,0.043
2021,Utah State,Mountain West,41.7,0.7,9.3,31.7,1.264,-0.064,0.465,0.399
2021,UTEP,Conference USA,198.6,74.0,26.0,98.7,1.051,1.032,0.873,0.992
2021,UTSA,Conference USA,280.1,57.6,97.2,125.3,0.949,1.0,0.958,1.0
2021,Vanderbilt,SEC,147.4,43.6,-11.7,115.5,0.828,0.548,0.568,0.502
2021,Virginia,ACC,259.7,69.4,71.9,118.4,0.804,0.973,0.914,0.997
2021,Virginia Tech,ACC,187.0,32.3,24.6,130.2,0.565,0.385,0.528,0.393
2021,Wake Forest,ACC,312.3,118.6,7.1,186.6,0.919,1.0,0.853,1.0
2021,Washington,Pac-12,114.6,45.9,28.3,40.3,0.83,0.964,0.916,0.991
2021,Washington State,Pac-12,25.1,0.7,23.1,1.2,0.784,0.179,0.855,0.667
2021,Western Kentucky,Conference USA,63.8,-1.9,5.9,59.8,0.412,-0.247,0.276,0.008
2021,Western Michigan,Mid-American,219.2,101.8,41.6,75.7,0.821,1.0,0.894,1.0
2021,West Virginia,Big 12,236.5,89.1,32.9,114.4,0.869,0.92,0.825,0.934
2021,Wisconsin,Big Ten,105.8,20.5,28.6,56.8,0.808,0.854,0.665,0.99
2021,Wyoming,Mountain West,93.8,8.1,44.1,41.7,0.853,1.0,0.946,1.0
2022,Air Force,Mountain West,261.7,60.2,172.6,28.9,0.733,0.998,0.861,0.922
2022,Akron,Mid-American,47.0,4.7,0.3,42.0,0.203,0.075,0.467,0.291
2022,Alabama,SEC,393.8,239.9,40.5,113.3,0.552,0.894,0.586,0.962
2022,App State,Sun Belt,290.8,162.4,86.9,41.6,0.555,0.967,0.673,0.943
2022,Arizona,Pac-12,154.2,54.9,22.2,77.1,0.563,1.0,0.825,1.0
2022,Arizona State,Pac-12,54.3,7.5,15.3,31.4,0.139,0.084,0.134,0.03
2022,Arkansas,SEC,275.7,116.7,101.0,58.0,0.681,1.007,0.744,0.981
2022,Arkansas State,Sun Belt,109.1,21.3,0.7,87.0,0.203,0.082,0.252,0.175
2022,Army,FBS Independents,174.8,-1.6,112.9,63.5,0.618,-0.038,0.525,0.179
2022,Auburn,SEC,173.4,4.4,66.4,102.6,0.452,0.046,0.558,0.288
2022,Ball State,Mid-American,100.3,5.8,4.0,90.6,0.37,0.075,0.459,0.071
2022,Baylor,Big 12,88.1,28.1,13.4,46.6,0.209,0.257,0.171,0.263
2022,Boise State,Mountain West,283.7,147.8,20.5,115.4,0.648,1.027,0.635,0.981
2022,Boston College,ACC,202.2,49.1,38.0,115.0,0.636,0.538,0.597,0.369
2022,Bowling Green,Mid-American,109.0,29.3,24.9,54.8,1.038,1.145,0.993,0.984
2022,Buffalo,Mid-American,91.2,9.6,17.5,64.0,0.332,0.117,0.349,0.254
2022,BYU,FBS Independents,297.3,113.4,41.0,143.0,0.612,0.82,0.578,0.826
2022,California,Pac-12,63.0,0.0,28.5,34.6,0.211,0.0,0.226,0.0
2022,Central Michigan,Mid-American,269.5,109.1,45.7,114.6,0.67,0.782,0.7,0.682
2022,Charlotte,Conference USA,382.8,146.2,41.6,195.0,0.838,1.0,0.916,1.0
2022,Cincinnati,American Athletic,148.1,-0.4,38.9,109.6,0.272,-0.003,0.241,0.033
2022,Clemson,ACC,206.2,44.0,66.1,96.1,0.458,0.206,0.621,0.492
2022,Coastal Carolina,Sun Belt,354.2,195.8,98.2,60.2,0.578,0.943,0.623,0.991
2022,Colorado,Pac-12,131.2,22.7,17.2,91.3,0.694,0.596,0.717,0.986
2022,Colorado State,Mountain West,104.0,-0.8,-21.9,126.6,0.277,-0.006,0.422,0.002
2022,Duke,ACC,108.0,6.4,21.0,80.6,0.376,0.071,0.329,0.218
2022,East Carolina,American Athletic,313.9,120.8,50.6,142.5,0.747,0.913,0.873,0.986
2022,Eastern Michigan,Mid-American,184.9,10.6,17.7,156.6,0.504,0.09,0.451,0.013
2022,Florida,SEC,155.2,19.4,32.7,103.1,0.31,0.131,0.302,0.164
2022,Florida Atlantic,Conference USA,149.4,55.9,26.7,66.9,0.825,1.081,0.746,0.88
2022,Florida International,Conference USA,103.5,11.6,5.0,86.8,0.444,0.153,0.372,0.1
2022,Florida State,ACC,265.1,68.9,58.9,137.3,0.738,0.758,0.598,0.595
2022,Fresno State,Mountain West,474.1,203.8,29.4,240.9,0.86,0.986,0.791,0.998
2022,Georgia,SEC,389.9,137.8,54.7,197.4,0.683,0.768,0.63,0.773
2022,Georgia Southern,Sun Belt,90.3,2.3,13.8,74.2,0.695,0.114,0.403,0.15
2022,Georgia State,Sun Belt,326.4,78.8,139.7,107.9,0.841,0.957,0.79,0.758
2022,Georgia Tech,ACC,168.5,53.5,47.0,68.0,0.629,0.829,0.407,0.517
2022,Hawai'i,Mountain West,80.5,11.5,22.6,46.3,0.228,0.111,0.278,0.231
2022,Houston,American Athletic,417.2,183.2,48.0,186.1,0.77,1.017,0.834,0.998
2022,Illinois,Big Ten,126.5,-3.1,54.7,74.9,0.55,-0.075,0.694,0.504
2022,Indiana,Big Ten,30.4,4.6,16.4,9.3,0.245,0.354,0.377,0.585
2022,Iowa,Big Ten,182.9,34.8,27.4,120.6,0.919,1.009,0.648,0.998
2022,Iowa State,Big 12,142.6,4.6,15.0,123.0,0.31,0.028,0.222,0.063
2022,Kansas,Big 12,212.9,79.4,36.0,97.5,0.727,0.913,0.722,0.944
2022,Kansas State,Big 12,187.7,14.5,72.4,100.7,0.541,0.133,0.585,0.257
2022,Kent State,Mid-American,244.1,4.4,125.1,114.5,0.458,0.039,0.49,0.06
2022,Kentucky,SEC,271.5,111.4,121.2,38.9,0.621,1.001,0.642,0.734
2022,Liberty,FBS Independents,136.9,10.9,21.2,104.9,0.36,0.112,0.255,0.081
2022,Louisiana,Sun Belt,149.9,21.1,23.7,105.1,0.363,0.22,0.28,0.04
2022,Louisiana Tech,Conference USA,98.3,0.9,-6.5,103.9,0.322,0.007,0.269,0.003
2022,Louisville,ACC,391.1,142.5,104.5,144.1,0.641,0.697,0.653,0.628
2022,LSU,SEC,214.0,18.7,6.2,189.0,0.484,0.128,0.287,0.139
2022,Marshall,Conference USA,165.5,1.2,75.2,89.1,0.506,0.013,0.408,0.01
2022,Maryland,Big Ten,337.5,155.5,31.5,150.5,0.711,0.901,0.676,0.964
2022,Massachusetts,FBS Independents,103.9,0.1,47.0,56.8,0.781,0.018,0.848,0.853
2022,Memphis,American Athletic,338.0,164.3,44.5,129.1,0.753,1.077,0.797,0.88
2022,Miami,ACC,317.1,161.0,26.5,129.7,0.678,0.848,0.589,0.719
2022,Miami (OH),Mid-American,296.6,119.6,54.1,123.0,0.655,0.703,0.737,0.698
2022,Michigan,Big Ten,338.4,115.5,65.1,157.8,0.78,1.008,0.741,0.995
2022,Michigan State,Big Ten,334.4,156.1,22.7,155.6,0.711,0.976,0.644,0.975
2022,Middle Tennessee,Conference USA,198.5,81.8,34.6,82.2,0.714,0.87,0.604,0.819
2022,Minnesota,Big Ten,305.0,100.7,45.3,159.0,0.866,1.0,0.674,1.0
2022,Mississippi State,SEC,229.3,15.5,38.6,175.2,0.415,0.067,0.401,0.031
2022,Missouri,SEC,145.7,16.5,28.0,101.2,0.34,0.119,0.299,0.171
2022,Navy,American Athletic,34.6,-3.5,28.8,9.3,0.235,3.889,0.472,0.976
2022,NC State,ACC,288.5,144.9,9.3,134.3,0.695,0.938,0.62,0.996
2022,Nebraska,Big Ten,118.0,28.8,17.9,71.4,0.167,0.1,0.227,0.057
2022,Nevada,Mountain West,40.3,0.1,25.5,14.6,0.074,0.0,0.287,0.085
2022,New Mexico,Mountain West,21.2,-13.1,-15.5,49.8,0.312,-10.917,0.344,0.324
2022,New Mexico State,FBS Independents,62.5,15.4,-1.8,48.9,0.258,0.296,0.287,0.153
2022,North Carolina,ACC,225.1,29.8,35.4,159.8,0.447,0.26,0.356,0.09
2022,Northern Illinois,Mid-American,394.5,144.0,113.8,136.7,0.813,0.992,0.763,0.906
2022,North Texas,Conference USA,268.9,70.8,68.5,129.6,0.782,0.966,0.747,0.997
2022,Northwestern,Big Ten,133.5,21.4,34.8,77.3,0.367,0.3,0.411,0.335
2022,Notre Dame,FBS Independents,211.7,40.8,26.1,144.8,0.418,0.223,0.402,0.155
2022,Ohio,Mid-American,107.1,42.4,27.1,37.6,0.42,0.701,0.528,0.827
2022,Ohio State,Big Ten,582.1,257.5,84.7,239.9,0.747,0.875,0.743,0.953
2022,Oklahoma,Big 12,143.4,15.2,17.6,110.6,0.277,0.085,0.211,0.016
2022,Oklahoma State,Big 12,336.0,132.3,58.4,145.3,0.903,0.899,0.66,0.883
2022,Old Dominion,Conference USA,299.0,94.7,55.5,148.8,0.787,0.936,0.914,0.997
2022,Ole Miss,SEC,14.7,-18.3,1.1,31.8,0.032,-0.16,0.107,0.11
2022,Oregon,Pac-12,72.9,9.0,12.7,51.3,0.163,0.077,0.169,0.046
2022,Oregon State,Pac-12,323.0,131.3,87.7,104.0,0.698,0.934,0.641,0.909
2022,Penn State,Big Ten,250.4,102.5,20.7,127.2,0.761,0.914,0.692,0.933
2022,Pittsburgh,ACC,187.7,22.4,55.3,110.1,0.288,0.104,0.387,0.041
2022,Purdue,Big Ten,332.8,201.4,-8.0,139.3,0.601,0.834,0.603,0.758
2022,Rice,Conference USA,94.3,7.3,37.2,49.8,0.355,0.117,0.389,0.364
2022,Rutgers,Big Ten,127.3,14.7,51.8,60.8,0.646,0.936,0.709,0.933
2022,San Diego State,Mountain West,91.2,2.0,11.6,77.6,0.335,0.03,0.242,0.04
2022,San José State,Mountain West,137.3,26.6,20.9,89.9,0.549,0.357,0.483,0.317
2022,SMU,American Athletic,412.7,224.9,56.2,131.6,0.69,0.984,0.743,0.985
2022,South Alabama,Sun Belt,113.4,21.1,-1.7,93.9,0.324,0.165,0.503,0.286
2022,South Carolina,SEC,181.3,43.2,1.3,136.7,0.652,0.438,0.548,0.438
2022,Southern Miss,Conference USA,133.1,43.5,16.8,72.8,0.778,0.926,0.877,0.946
2022,South Florida,American Athletic,157.9,-7.3,48.8,116.3,0.497,-0.127,0.38,0.098
2022,Stanford,Pac-12,194.8,91.5,9.5,93.8,0.851,0.98,0.678,0.883
2022,Syracuse,ACC,245.0,40.2,101.5,103.3,0.677,0.64,0.766,0.821
2022,TCU,Big 12,386.2,144.6,65.2,176.3,0.847,0.974,0.826,0.983
2022,Temple,American Athletic,146.3,41.9,13.0,91.4,0.71,1.416,0.543,0.586
2022,Tennessee,SEC,390.7,150.1,100.4,140.2,0.763,1.018,0.806,0.981
2022,Texas,Big 12,266.2,37.6,91.7,136.8,0.565,0.262,0.601,0.258
2022,Texas A&M,SEC,164.4,25.4,53.2,85.8,0.481,0.308,0.338,0.112
2022,Texas State,Sun Belt,150.5,4.9,36.9,108.7,0.543,0.066,0.422,0.005
2022,Texas Tech,Big 12,267.3,100.8,60.9,105.5,0.565,0.669,0.664,0.605
2022,Toledo,Mid-American,227.0,88.2,76.0,62.9,0.533,0.819,0.533,0.682
2022,Troy,Sun Belt,256.6,68.3,18.2,170.2,0.675,0.548,0.642,0.555
2022,Tulane,American Athletic,273.6,71.6,68.5,133.4,0.863,0.996,0.864,0.99
2022,Tulsa,American Athletic,229.4,110.4,59.8,59.3,0.587,1.0,0.654,1.0
2022,UAB,Conference USA,285.6,114.2,85.7,85.7,0.809,0.919,0.776,0.789
2022,UCF,American Athletic,239.5,61.9,83.1,94.5,0.637,0.685,0.799,0.714
2022,UCLA,Pac-12,320.9,140.5,122.0,58.4,0.615,1.0,0.751,1.0
2022,UConn,FBS Independents,92.1,6.2,10.4,75.5,0.404,0.473,0.315,0.177
2022,UL Monroe,Sun Belt,185.8,61.6,17.2,107.1,0.822,0.785,0.737,0.582
2022,UNLV,Mountain West,97.9,52.3,2.0,43.6,0.515,0.777,0.495,0.774
2022,USC,Pac-12,118.9,3.2,12.3,103.3,0.218,0.016,0.15,0.002
2022,Utah,Pac-12,408.0,108.1,132.6,167.3,0.848,0.874,0.825,0.789
2022,Utah State,Mountain West,251.3,167.7,3.4,80.2,0.273,0.394,0.368,0.422
2022,UTEP,Conference USA,242.6,143.4,8.3,90.9,0.622,0.941,0.786,0.993
2022,UTSA,Conference USA,451.8,190.6,38.6,222.6,0.823,0.987,0.637,0.916
2022,Vanderbilt,SEC,127.0,42.0,26.1,59.0,0.641,0.981,0.83,0.979
2022,Virginia,ACC,488.0,208.8,56.9,222.3,0.803,1.0,0.814,1.0
2022,Virginia Tech,ACC,79.9,6.2,3.7,70.1,0.234,0.07,0.323,0.115
2022,Wake Forest,ACC,513.8,231.0,67.3,215.5,0.792,1.005,0.776,0.995
2022,Washington,Pac-12,239.8,102.0,17.3,120.5,0.83,1.023,0.735,0.989
2022,Washington State,Pac-12,18.4,-1.0,-10.9,30.3,0.079,-0.008,0.088,0.002
2022,Western Kentucky,Conference USA,149.7,0.0,8.9,140.7,0.17,0.0,0.152,0.0
2022,Western Michigan,Mid-American,178.3,12.6,104.7,61.0,0.315,0.079,0.396,0.026
2022,West Virginia,Big 12,65.9,-3.9,14.6,55.1,0.186,-0.034,0.219,0.061
2022,Wisconsin,Big Ten,195.9,71.3,81.7,42.9,0.673,0.898,0.799,0.99
2022,Wyoming,Mountain West,79.3,0.0,21.7,57.6,0.225,0.0,0.228,0.0
2023,Air Force,Mountain West,121.7,12.9,97.5,11.3,0.358,0.295,0.267,0.032
2023,Akron,Mid-American,261.0,118.0,18.7,124.3,0.723,0.952,0.758,0.996
2023,Alabama,SEC,233.1,23.9,50.3,158.8,0.396,0.133,0.388,0.147
2023,App State,Sun Belt,208.3,11.6,62.6,134.2,0.474,0.089,0.392,0.028
2023,Arizona,Pac-12,472.7,174.5,75.8,222.4,0.846,0.995,0.924,0.996
2023,Arizona State,Pac-12,252.0,96.2,4.8,150.9,0.612,0.753,0.411,0.482
2023,Arkansas,SEC,273.0,132.3,85.6,55.1,0.581,0.904,0.777,0.914
2023,Arkansas State,Sun Belt,52.0,4.0,-6.5,54.4,0.179,0.045,0.221,0.028
2023,Army,FBS Independents,122.5,-0.6,71.0,52.1,0.5,-0.019,0.485,0.028
2023,Auburn,SEC,231.3,32.8,84.5,113.9,0.787,0.794,0.657,0.833
2023,Ball State,Mid-American,65.9,0.0,5.8,60.1,0.262,0.0,0.145,0.0
2023,Baylor,Big 12,255.6,89.3,55.2,111.1,0.645,0.755,0.691,0.937
2023,Boise State,Mountain West,395.3,117.7,120.9,156.7,0.921,0.93,0.853,0.743
2023,Boston College,ACC,121.9,54.1,-21.1,88.9,0.372,0.511,0.526,0.458
2023,Bowling Green,Mid-American,100.6,10.1,2.2,88.3,0.299,0.087,0.465,0.137
2023,Buffalo,Mid-American,196.2,104.8,32.5,59.0,0.575,0.876,0.791,0.99
2023,BYU,FBS Independents,139.1,12.9,-0.4,126.7,0.294,0.084,0.224,0.017
2023,California,Pac-12,178.4,0.0,21.8,156.6,0.443,0.0,0.34,0.0
2023,Central Michigan,Mid-American,104.3,-4.6,72.3,36.6,0.358,-0.073,0.323,0.163
2023,Charlotte,Conference USA,59.0,4.1,17.5,37.4,0.144,0.035,0.222,0.041
2023,Cincinnati,American Athletic,27.6,-3.0,22.8,7.8,0.067,-0.024,0.261,0.178
2023,Clemson,ACC,238.4,31.4,83.1,124.0,0.551,0.296,0.505,0.219
2023,Coastal Carolina,Sun Belt,416.2,152.7,66.8,196.7,0.915,0.982,0.893,0.971
2023,Colorado,Pac-12,16.6,0.0,8.8,7.8,0.077,0.0,0.13,0.0
2023,Colorado State,Mountain West,159.2,28.8,16.2,114.1,0.92,1.0,0.825,1.0
2023,Duke,ACC,428.1,113.9,130.1,184.1,0.989,1.0,0.991,1.0
2023,East Carolina,American Athletic,46.9,2.9,-15.5,59.4,0.088,0.016,0.209,0.03
2023,Eastern Michigan,Mid-American,225.2,37.9,104.7,82.7,0.503,0.281,0.536,0.3
2023,Florida,SEC,155.7,10.0,44.8,100.9,0.367,0.087,0.438,0.074
2023,Florida Atlantic,Conference USA,162.8,21.5,39.0,102.3,0.446,0.169,0.442,0.024
2023,Florida International,Conference USA,186.9,87.5,28.4,71.0,0.68,0.889,0.78,0.948
2023,Florida State,ACC,411.4,153.5,122.2,135.7,0.785,0.96,0.792,0.99
2023,Fresno State,Mountain West,81.0,27.3,16.6,37.2,0.171,0.179,0.261,0.259
2023,Georgia,SEC,300.2,44.4,75.5,180.3,0.43,0.178,0.446,0.084
2023,Georgia Southern,Sun Belt,250.3,1.4,39.3,209.6,0.454,0.007,0.375,0.007
2023,Georgia State,Sun Belt,273.8,105.5,68.5,99.9,0.688,1.0,0.669,1.0
2023,Georgia Tech,ACC,69.9,15.4,17.7,36.8,0.366,0.86,0.382,0.439
2023,Hawai'i,Mountain West,172.4,48.1,43.7,80.5,0.609,0.92,0.665,0.995
2023,Houston,American Athletic,154.2,1.2,25.6,127.3,0.234,0.005,0.269,0.008
2023,Illinois,Big Ten,93.7,-0.7,-4.1,98.5,0.321,-0.007,0.268,0.005
2023,Indiana,Big Ten,75.2,-15.1,28.8,61.6,0.358,-0.362,0.345,0.107
2023,Iowa,Big Ten,64.2,-1.7,-14.2,80.1,0.409,-0.068,0.426,0.065
2023,Iowa State,Big 12,224.7,106.0,-5.0,123.7,0.638,0.911,0.687,0.987
2023,James Madison,Sun Belt,47.7,-3.7,-25.9,77.4,0.101,-0.026,0.244,0.118
2023,Kansas,Big 12,565.6,209.4,89.9,266.3,1.003,1.027,0.937,0.984
2023,Kansas State,Big 12,216.0,89.9,34.4,91.7,0.49,0.763,0.369,0.517
2023,Kent State,Mid-American,24.9,12.5,4.6,7.8,0.074,0.126,0.117,0.159
2023,Kentucky,SEC,150.0,-15.3,-13.3,178.6,0.481,-0.182,0.417,0.201
2023,Liberty,FBS Independents,189.7,104.5,10.2,75.1,0.448,0.98,0.544,0.967
2023,Louisiana,Sun Belt,231.7,81.7,44.4,105.6,0.647,0.804,0.744,0.987
2023,Louisiana Tech,Conference USA,158.9,11.2,31.0,116.7,0.365,0.087,0.426,0.066
2023,Louisville,ACC,84.2,13.0,21.5,49.6,0.231,0.164,0.395,0.379
2023,LSU,SEC,519.9,163.4,149.9,206.6,0.845,0.983,0.888,0.987
2023,Marshall,Sun Belt,113.2,7.6,40.8,64.9,0.468,0.287,0.481,0.598
2023,Maryland,Big Ten,371.7,137.1,75.7,158.8,0.784,1.011,0.88,0.977
2023,Massachusetts,FBS Independents,56.8,-4.9,25.6,36.1,0.531,-1.96,0.678,0.858
2023,Memphis,American Athletic,242.3,125.3,44.8,72.3,0.511,0.9,0.692,0.971
2023,Miami,ACC,247.0,67.4,31.1,148.6,0.662,0.779,0.637,0.72
2023,Miami (OH),Mid-American,151.3,46.5,49.5,55.4,0.675,0.863,0.784,0.99
2023,Michigan,Big Ten,409.3,131.4,167.0,110.9,0.777,0.936,0.825,0.898
2023,Michigan State,Big Ten,70.3,15.8,-11.2,65.7,0.21,0.152,0.254,0.052
2023,Middle Tennessee,Conference USA,130.6,3.4,13.4,113.8,0.337,0.029,0.313,0.099
2023,Minnesota,Big Ten,170.6,36.2,20.3,114.2,0.409,0.336,0.344,0.426
2023,Mississippi State,SEC,271.7,133.7,22.4,115.5,0.584,0.96,0.715,0.966
2023,Missouri,SEC,240.3,112.9,53.6,73.8,0.651,0.984,0.83,0.983
2023,Navy,American Athletic,100.8,20.6,42.4,37.7,0.611,0.68,0.751,0.884
2023,NC State,ACC,123.6,31.4,0.2,92.0,0.385,0.268,0.449,0.189
2023,Nebraska,Big Ten,49.8,-7.1,8.5,48.4,0.14,-0.063,0.403,0.142
2023,Nevada,Mountain West,38.1,-1.0,-7.7,46.7,0.225,-0.03,0.333,0.425
2023,New Mexico,Mountain West,18.9,-18.8,9.3,28.4,0.44,0.396,0.312,0.198
2023,New Mexico State,FBS Independents,300.2,93.9,59.8,146.5,0.843,0.958,0.946,0.993
2023,North Carolina,ACC,478.5,212.7,81.3,184.6,0.754,0.959,0.819,0.982
2023,Northern Illinois,Mid-American,213.3,111.5,39.1,62.6,0.622,0.976,0.555,0.997
2023,North Texas,Conference USA,226.1,-0.3,80.3,146.1,0.416,-0.002,0.535,0.021
2023,Northwestern,Big Ten,160.2,68.5,6.4,85.4,0.657,0.958,0.599,0.974
2023,Notre Dame,FBS Independents,127.7,10.7,30.8,86.2,0.345,0.118,0.324,0.011
2023,Ohio,Mid-American,491.8,189.0,64.4,238.4,0.921,1.0,0.935,1.0
2023,Ohio State,Big Ten,397.3,44.8,116.3,236.3,0.644,0.201,0.636,0.074
2023,Oklahoma,Big 12,201.7,88.8,30.6,82.2,0.527,0.895,0.675,0.974
2023,Oklahoma State,Big 12,103.5,24.9,-3.9,82.5,0.3,0.251,0.335,0.293
2023,Old Dominion,Sun Belt,63.2,5.8,-22.5,79.9,0.211,0.066,0.223,0.002
2023,Ole Miss,SEC,305.2,106.1,115.2,83.9,0.618,0.956,0.728,0.93
2023,Oregon,Pac-12,442.0,147.6,118.6,175.8,0.807,0.932,0.844,0.986
2023,Oregon State,Pac-12,244.5,60.3,77.6,106.5,0.527,0.465,0.624,0.615
2023,Penn State,Big Ten,186.0,16.2,66.1,103.7,0.428,0.118,0.489,0.152
2023,Pittsburgh,ACC,130.3,25.3,20.4,84.7,0.319,0.244,0.292,0.048
2023,Purdue,Big Ten,154.6,4.4,28.8,121.5,0.344,0.03,0.363,0.003
2023,Rice,Conference USA,162.5,22.1,39.9,100.6,0.425,0.195,0.464,0.312
2023,Rutgers,Big Ten,81.3,26.3,3.0,52.0,0.439,0.765,0.765,0.853
2023,San Diego State,Mountain West,235.7,102.9,38.8,94.1,0.78,1.07,0.611,0.755
2023,San José State,Mountain West,275.4,109.1,41.3,125.0,0.685,1.001,0.841,0.993
2023,SMU,American Athletic,253.0,51.6,60.7,140.7,0.417,0.253,0.413,0.148
2023,South Alabama,Sun Belt,405.1,163.5,63.3,178.3,0.856,0.985,0.856,0.998
2023,South Carolina,SEC,278.0,128.8,31.1,118.1,0.636,0.935,0.644,0.995
2023,Southern Miss,Sun Belt,213.8,42.7,43.5,127.5,0.579,0.402,0.633,0.597
2023,South Florida,American Athletic,163.1,52.1,61.5,49.5,0.463,0.699,0.446,0.643
2023,Stanford,Pac-12,144.1,12.1,37.9,94.2,0.392,0.133,0.382,0.038
2023,Syracuse,ACC,283.7,78.7,55.8,149.2,0.767,0.938,0.706,0.995
2023,TCU,Big 12,80.4,14.7,-1.8,67.5,0.144,0.084,0.125,0.061
2023,Temple,American Athletic,277.4,153.4,-13.8,137.9,0.758,1.0,0.819,1.0
2023,Tennessee,SEC,271.4,58.2,84.7,128.5,0.422,0.271,0.508,0.203
2023,Texas,Big 12,266.7,96.2,11.1,159.3,0.61,0.71,0.561,0.722
2023,Texas A&M,SEC,196.3,44.6,10.9,140.8,0.648,0.559,0.516,0.536
2023,Texas State,Sun Belt,115.8,2.3,33.0,80.5,0.469,0.028,0.447,0.004
2023,Texas Tech,Big 12,337.1,38.4,78.0,220.7,0.764,0.521,0.65,0.592
2023,Toledo,Mid-American,351.3,136.0,77.2,138.0,0.789,1.0,0.91,1.0
2023,Troy,Sun Belt,234.3,92.5,26.5,115.3,0.561,0.765,0.674,0.843
2023,Tulane,American Athletic,311.3,138.8,61.3,111.2,0.574,0.917,0.625,0.993
2023,Tulsa,American Athletic,107.9,30.3,30.3,47.4,0.262,0.231,0.351,0.391
2023,UAB,Conference USA,178.0,23.2,45.8,109.1,0.394,0.21,0.439,0.314
2023,UCF,American Athletic,345.6,90.9,102.9,151.8,0.68,0.695,0.666,0.767
2023,UCLA,Pac-12,174.8,21.6,30.9,122.3,0.281,0.129,0.277,0.1
2023,UConn,FBS Independents,133.3,12.9,55.7,64.7,0.629,0.606,0.753,0.993
2023,UL Monroe,Sun Belt,89.6,6.2,-5.1,88.6,0.311,0.085,0.123,0.003
2023,UNLV,Mountain West,166.0,81.4,32.2,52.4,0.624,1.059,0.621,0.925
2023,USC,Pac-12,599.9,248.9,84.8,266.2,0.742,0.925,0.764,0.987
2023,Utah,Pac-12,364.9,120.4,116.0,128.5,0.72,1.0,0.781,1.0
2023,Utah State,Mountain West,125.7,27.5,29.3,69.0,0.467,0.559,0.451,0.614
2023,UTEP,Conference USA,188.9,62.8,28.1,98.0,0.537,0.715,0.658,0.888
2023,UTSA,Conference USA,487.5,201.8,99.1,186.6,0.852,1.001,0.734,0.994
2023,Vanderbilt,SEC,139.7,44.5,-9.7,104.9,0.519,0.501,0.604,0.628
2023,Virginia,ACC,31.6,2.9,-11.0,39.7,0.211,0.111,0.302,0.003
2023,Virginia Tech,ACC,134.7,40.6,15.5,78.6,0.651,0.762,0.691,0.947
2023,Wake Forest,ACC,235.8,16.6,-2.7,221.9,0.412,0.075,0.363,0.095
2023,Washington,Pac-12,610.9,256.9,66.4,287.6,0.887,1.004,0.851,0.995
2023,Washington State,Pac-12,231.9,67.2,65.0,99.6,0.581,0.805,0.828,0.987
2023,Western Kentucky,Conference USA,327.8,165.0,33.2,129.6,0.468,0.514,0.521,0.499
2023,Western Michigan,Mid-American,92.9,53.5,0.3,39.1,0.57,0.901,0.605,0.994
2023,West Virginia,Big 12,151.7,28.8,79.7,43.3,0.351,0.231,0.362,0.212
2023,Wisconsin,Big Ten,205.8,32.4,47.5,125.9,0.572,0.309,0.498,0.046
2023,Wyoming,Mountain West,172.3,22.0,63.3,87.0,0.739,0.894,0.643,0.997
2024,Air Force,Mountain West,100.6,5.3,39.9,55.4,0.338,0.106,0.217,0.206
2024,Akron,Mid-American,65.6,5.3,20.9,39.4,0.27,0.074,0.215,0.16
2024,Alabama,SEC,303.8,140.9,92.0,70.9,0.602,1.009,0.547,0.946
2024,App State,Sun Belt,503.6,201.9,63.6,238.0,0.879,0.966,0.792,0.971
2024,Arizona,Pac-12,295.2,152.2,3.1,139.9,0.616,0.909,0.542,0.98
2024,Arizona State,Pac-12,145.1,35.2,69.1,40.8,0.615,0.905,0.595,0.585
2024,Arkansas,SEC,182.3,2.6,0.5,179.3,0.527,0.027,0.307,0.003
2024,Arkansas State,Sun Belt,341.0,113.3,53.7,173.9,0.859,1.045,0.849,0.769
2024,Army,FBS Independents,140.4,44.2,51.6,44.6,0.702,1.035,0.743,0.723
2024,Auburn,SEC,233.5,55.2,97.6,80.8,0.712,1.047,0.845,0.921
2024,Ball State,Mid-American,108.0,16.1,42.8,49.1,0.557,0.553,0.563,0.668
2024,Baylor,Big 12,204.8,31.8,39.0,134.0,0.552,0.308,0.596,0.283
2024,Boise State,Mountain West,249.8,78.2,67.8,103.7,0.5,0.562,0.486,0.377
2024,Boston College,ACC,352.0,84.0,141.1,126.9,0.882,1.024,0.84,0.915
2024,Bowling Green,Mid-American,246.8,101.3,70.8,74.7,0.66,0.969,0.721,0.972
2024,Buffalo,Mid-American,38.1,5.6,18.6,13.9,0.141,0.067,0.168,0.056
2024,BYU,Big 12,109.5,-12.7,23.6,98.6,0.564,-0.407,0.561,0.367
2024,California,Pac-12,205.4,75.0,42.4,88.0,0.594,0.84,0.661,0.718
2024,Central Michigan,Mid-American,174.4,17.6,29.7,127.1,0.518,0.174,0.519,0.025
2024,Charlotte,American Athletic,134.6,10.4,15.3,108.9,0.623,0.575,0.545,0.607
2024,Cincinnati,Big 12,121.2,-1.3,47.5,75.1,0.308,-0.016,0.33,0.095
2024,Clemson,ACC,256.2,75.6,63.5,117.1,0.774,0.872,0.778,0.969
2024,Coastal Carolina,Sun Belt,126.6,29.2,24.3,73.1,0.268,0.168,0.393,0.296
2024,Colorado,Pac-12,287.1,138.8,13.9,134.5,0.665,0.994,0.621,0.992
2024,Colorado State,Mountain West,306.5,163.8,-9.1,151.7,0.635,0.914,0.733,0.945
2024,Duke,ACC,165.2,52.3,12.9,100.0,0.496,0.533,0.496,0.525
2024,East Carolina,American Athletic,53.1,-1.7,-9.7,64.5,0.328,-0.101,0.327,0.005
2024,Eastern Michigan,Mid-American,35.4,0.0,-4.6,40.0,0.206,0.0,0.112,0.0
2024,Florida,SEC,321.2,133.5,43.6,144.1,0.723,0.906,0.718,0.909
2024,Florida Atlantic,American Athletic,7.8,3.7,-4.5,8.6,0.027,0.037,0.083,0.036
2024,Florida International,Conference USA,178.6,70.2,16.0,92.3,0.599,0.93,0.804,0.894
2024,Florida State,ACC,95.2,-7.4,29.9,72.7,0.211,-0.047,0.262,0.127
2024,Fresno State,Mountain West,330.4,130.6,34.8,165.0,0.683,0.884,0.762,0.803
2024,Georgia,SEC,438.1,232.7,57.0,148.5,0.604,0.966,0.579,0.959
2024,Georgia Southern,Sun Belt,212.6,7.9,62.6,142.1,0.414,0.054,0.375,0.036
2024,Georgia State,Sun Belt,125.5,6.6,14.7,104.2,0.314,0.057,0.136,0.005
2024,Georgia Tech,ACC,412.8,151.5,88.6,172.7,0.849,1.0,0.852,1.0
2024,Hawai'i,Mountain West,396.9,126.2,2.0,268.7,0.896,0.964,0.883,0.996
2024,Houston,Big 12,231.4,105.4,37.7,88.4,0.636,0.977,0.828,0.995
2024,Illinois,Big Ten,192.2,78.8,40.5,72.9,0.447,0.547,0.554,0.674
2024,Indiana,Big Ten,126.1,37.0,-6.9,96.0,0.432,0.432,0.285,0.34
2024,Iowa,Big Ten,56.1,1.7,-7.9,62.4,0.545,-0.145,0.617,0.272
2024,Iowa State,Big 12,385.8,158.9,9.0,218.0,0.901,0.945,0.762,0.995
2024,Jacksonville State,Conference USA,132.0,16.9,36.2,78.9,0.399,0.366,0.405,0.343
2024,James Madison,Sun Belt,20.2,-3.4,-3.9,27.5,0.037,-0.016,0.056,0.032
2024,Kansas,Big 12,380.3,65.5,104.1,210.7,0.641,0.314,0.69,0.367
2024,Kansas State,Big 12,206.9,20.0,67.2,119.7,0.387,0.147,0.396,0.155
2024,Kent State,Mid-American,126.0,29.9,13.5,82.6,0.708,0.558,0.502,0.52
2024,Kentucky,SEC,135.3,9.0,10.4,116.0,0.36,0.079,0.186,0.008
2024,Liberty,Conference USA,463.7,174.4,181.1,108.1,0.738,1.03,0.821,0.966
2024,Louisiana,Sun Belt,189.6,51.8,19.4,118.5,0.476,0.437,0.577,0.584
2024,Louisiana Tech,Conference USA,101.0,41.3,7.8,52.0,0.261,0.379,0.27,0.344
2024,Louisville,ACC,76.3,9.5,6.8,59.9,0.153,0.066,0.171,0.021
2024,LSU,SEC,148.1,30.4,34.3,83.4,0.203,0.121,0.302,0.199
2024,Marshall,Sun Belt,88.1,19.2,0.5,68.4,0.269,0.206,0.26,0.283
2024,Maryland,Big Ten,168.7,-5.4,29.0,145.1,0.37,-0.038,0.413,0.086
2024,Massachusetts,FBS Independents,99.0,36.2,21.9,40.9,0.339,0.501,0.393,0.713
2024,Memphis,American Athletic,496.5,203.0,48.6,244.9,0.798,0.937,0.735,0.988
2024,Miami,ACC,234.9,31.0,33.7,170.1,0.474,0.183,0.413,0.175
2024,Miami (OH),Mid-American,199.9,87.9,33.1,78.9,0.6,0.816,0.494,0.693
2024,Michigan,Big Ten,145.6,15.7,21.3,108.6,0.26,0.083,0.321,0.077
2024,Michigan State,Big Ten,75.6,1.6,-11.5,85.5,0.301,0.022,0.314,0.005
2024,Middle Tennessee,Conference USA,227.1,105.7,44.7,76.7,0.555,0.945,0.795,0.98
2024,Minnesota,Big Ten,143.5,3.7,44.3,95.5,0.55,0.08,0.386,0.003
2024,Mississippi State,SEC,50.4,-4.6,21.4,33.7,0.191,-0.081,0.223,0.077
2024,Missouri,SEC,461.9,169.2,42.0,250.8,0.875,1.0,0.659,1.0
2024,Navy,American Athletic,89.7,-22.1,40.6,71.1,0.575,-7.621,0.603,0.284
2024,NC State,ACC,111.0,3.6,13.2,94.1,0.34,0.041,0.221,0.01
2024,Nebraska,Big Ten,147.4,29.4,36.6,81.4,0.625,0.543,0.589,0.632
2024,Nevada,Mountain West,111.8,39.7,63.8,8.3,0.493,0.874,0.682,0.922
2024,New Mexico,Mountain West,163.4,32.4,38.3,92.7,0.349,0.219,0.261,0.182
2024,New Mexico State,Conference USA,75.4,0.0,35.0,40.3,0.137,0.0,0.099,0.0
2024,North Carolina,ACC,238.3,-1.5,58.1,181.8,0.451,-0.01,0.454,0.088
2024,Northern Illinois,Mid-American,200.9,20.4,76.2,104.3,0.596,0.218,0.575,0.093
2024,North Texas,American Athletic,110.5,8.9,-0.8,102.4,0.195,0.062,0.1,0.006
2024,Northwestern,Big Ten,144.2,4.8,5.7,133.6,0.419,0.057,0.42,0.024
2024,Notre Dame,FBS Independents,214.4,48.5,15.9,150.0,0.373,0.247,0.346,0.139
2024,Ohio,Mid-American,53.4,10.4,18.1,24.9,0.13,0.073,0.095,0.066
2024,Ohio State,Big Ten,120.7,4.9,36.6,79.2,0.224,0.024,0.318,0.138
2024,Oklahoma,Big 12,269.4,45.2,39.4,184.9,0.394,0.171,0.37,0.176
2024,Oklahoma State,Big 12,388.4,146.6,61.9,179.8,0.821,0.972,0.8,0.933
2024,Old Dominion,Sun Belt,190.4,54.4,38.8,97.2,0.562,0.791,0.567,0.868
2024,Ole Miss,SEC,488.2,179.9,89.1,219.2,0.816,0.896,0.642,0.927
2024,Oregon,Pac-12,298.2,23.6,60.8,213.8,0.356,0.077,0.323,0.037
2024,Oregon State,Pac-12,37.2,0.5,4.0,32.7,0.07,0.003,0.078,0.081
2024,Penn State,Big Ten,346.3,130.0,89.2,127.1,0.737,0.968,0.856,0.993
2024,Pittsburgh,ACC,171.0,39.4,18.1,113.5,0.561,0.456,0.418,0.17
2024,Purdue,Big Ten,170.0,70.3,29.4,70.2,0.497,0.909,0.688,0.998
2024,Rice,American Athletic,216.6,11.7,61.0,143.9,0.47,0.075,0.512,0.352
2024,Rutgers,Big Ten,124.4,4.5,43.6,76.3,0.433,0.084,0.421,0.01
2024,Sam Houston,Conference USA,119.5,-0.4,-15.5,135.4,0.425,-0.004,0.48,0.065
2024,San Diego State,Mountain West,84.5,0.0,24.8,59.7,0.382,0.0,0.408,0.0
2024,San José State,Mountain West,104.6,-0.7,-4.0,109.3,0.24,-0.006,0.118,0.003
2024,SMU,American Athletic,585.2,219.1,74.0,292.1,0.924,0.989,0.915,0.982
2024,South Alabama,Sun Belt,207.3,25.5,58.9,122.8,0.374,0.153,0.343,0.139
2024,South Carolina,SEC,79.8,15.4,3.2,61.2,0.191,0.099,0.138,0.027
2024,Southern Miss,Sun Belt,66.8,8.5,17.5,40.8,0.223,0.161,0.283,0.123
2024,South Florida,American Athletic,395.1,116.7,78.1,200.3,0.859,1.0,0.905,1.0
2024,Stanford,Pac-12,252.8,51.7,37.9,163.2,0.848,1.006,0.834,0.976
2024,Syracuse,ACC,91.3,14.2,5.6,71.5,0.315,0.163,0.48,0.292
2024,TCU,Big 12,287.1,115.6,3.3,168.2,0.544,0.585,0.522,0.594
2024,Temple,American Athletic,94.7,-1.8,-4.8,101.3,0.236,-0.016,0.175,0.036
2024,Tennessee,SEC,153.8,9.9,43.2,100.6,0.331,0.071,0.357,0.153
2024,Texas,Big 12,244.9,138.1,48.1,58.7,0.466,0.814,0.561,0.882
2024,Texas A&M,SEC,279.7,94.4,57.0,128.4,0.573,0.564,0.631,0.558
2024,Texas State,Sun Belt,228.0,1.5,49.8,176.7,0.391,0.008,0.362,0.002
2024,Texas Tech,Big 12,227.1,60.0,100.2,66.9,0.565,0.765,0.742,0.76
2024,Toledo,Mid-American,249.9,31.3,12.1,206.5,0.459,0.168,0.421,0.164
2024,Troy,Sun Belt,127.2,11.6,4.9,110.6,0.257,0.079,0.169,0.036
2024,Tulane,American Athletic,121.0,14.6,45.3,61.0,0.304,0.112,0.481,0.229
2024,Tulsa,American Athletic,252.4,103.5,42.6,106.3,0.709,0.891,0.677,0.753
2024,UAB,American Athletic,334.6,148.2,64.4,122.0,0.65,0.934,0.709,0.989
2024,UCF,Big 12,244.9,-0.2,93.5,151.5,0.4,-0.001,0.446,0.033
2024,UCLA,Pac-12,276.0,52.1,60.4,163.5,0.617,0.51,0.472,0.368
2024,UConn,FBS Independents,85.2,0.9,26.7,57.5,0.291,0.01,0.397,0.109
2024,UL Monroe,Sun Belt,39.0,-7.0,36.1,9.9,0.166,-0.417,0.239,0.089
2024,UNLV,Mountain West,234.0,13.0,24.3,196.7,0.433,0.071,0.305,0.008
2024,USC,Pac-12,150.8,41.5,18.1,91.1,0.223,0.19,0.196,0.146
2024,Utah,Pac-12,91.2,12.6,1.0,77.6,0.319,0.244,0.276,0.032
2024,Utah State,Mountain West,200.0,2.2,25.1,172.7,0.466,0.02,0.312,0.008
2024,UTEP,Conference USA,85.5,65.2,-10.7,30.9,0.236,0.57,0.3,0.596
2024,UTSA,American Athletic,149.4,14.2,41.2,94.0,0.327,0.094,0.531,0.233
2024,Vanderbilt,SEC,47.5,0.0,-10.3,57.8,0.163,0.0,0.238,0.0
2024,Virginia,ACC,230.7,109.2,19.9,101.5,0.618,0.918,0.716,0.986
2024,Virginia Tech,ACC,318.4,61.5,83.2,173.7,0.838,0.684,0.869,0.816
2024,Wake Forest,ACC,92.2,18.3,5.2,68.6,0.327,0.258,0.391,0.292
2024,Washington,Pac-12,18.2,2.5,1.6,14.1,0.025,0.009,0.035,0.002
2024,Washington State,Pac-12,134.4,14.0,18.7,101.7,0.282,0.093,0.217,0.028
2024,Western Kentucky,Conference USA,191.4,25.3,11.3,154.8,0.381,0.131,0.345,0.134
2024,Western Michigan,Mid-American,202.5,45.3,50.2,106.9,0.794,0.754,0.702,0.577
2024,West Virginia,Big 12,369.2,82.2,164.6,122.4,0.883,0.966,0.899,0.997
2024,Wisconsin,Big Ten,179.5,7.6,23.8,148.1,0.51,0.104,0.446,0.331
2024,Wyoming,Mountain West,77.1,8.4,20.8,47.8,0.257,0.108,0.448,0.14
2025,Air Force,Mountain West,132.2,2.8,51.3,78.1,0.63,0.226,0.556,0.075
2025,Akron,Mid-American,105.8,56.5,3.0,46.2,0.371,0.788,0.531,0.909
2025,Alabama,SEC,187.5,46.4,22.3,118.8,0.433,0.394,0.395,0.098
2025,App State,Sun Belt,48.8,0.0,-4.2,52.9,0.141,0.0,0.127,0.0
2025,Arizona,Big 12,199.6,87.8,13.5,98.3,0.561,1.044,0.675,0.985
2025,Arizona State,Big 12,367.1,128.0,57.2,181.9,0.695,0.903,0.687,0.987
2025,Arkansas,SEC,204.1,131.9,58.6,13.6,0.361,0.848,0.553,0.926
2025,Arkansas State,Sun Belt,258.9,87.7,25.0,146.2,0.586,0.896,0.701,0.945
2025,Army,American Athletic,92.9,5.0,58.2,29.7,0.252,0.106,0.297,0.151
2025,Auburn,SEC,97.6,0.0,2.6,95.0,0.218,0.0,0.19,0.0
2025,Ball State,Mid-American,27.1,-0.6,-6.5,34.2,0.077,-0.007,0.109,0.024
2025,Baylor,Big 12,428.0,144.0,84.0,199.9,0.825,0.978,0.929,0.998
2025,Boise State,Mountain West,363.0,160.8,50.8,151.4,0.579,0.957,0.545,0.955
2025,Boston College,ACC,257.8,44.5,39.8,173.5,0.62,0.394,0.448,0.504
2025,Bowling Green,Mid-American,34.7,3.0,13.6,18.1,0.079,0.024,0.056,0.03
2025,Buffalo,Mid-American,165.4,14.4,59.2,91.8,0.659,0.364,0.684,0.667
2025,BYU,Big 12,345.6,85.4,89.6,170.5,0.871,0.926,0.931,0.995
2025,California,ACC,84.6,-14.6,3.6,95.6,0.225,-0.129,0.236,0.166
2025,Central Michigan,Mid-American,26.0,7.9,11.3,6.9,0.103,0.572,0.342,0.77
2025,Charlotte,American Athletic,61.8,0.0,2.5,59.4,0.238,0.0,0.095,0.0
2025,Cincinnati,Big 12,337.5,100.8,38.9,197.8,0.794,1.0,0.758,1.0
2025,Clemson,ACC,374.4,120.1,72.7,181.5,0.826,1.0,0.753,1.0
2025,Coastal Carolina,Sun Belt,375.9,74.8,70.3,230.7,0.969,0.84,0.933,0.842
2025,Colorado,Big 12,37.0,-4.3,-5.3,46.6,0.073,-0.026,0.198,0.01
2025,Colorado State,Mountain West,194.5,98.4,13.4,82.6,0.504,0.85,0.649,0.982
2025,Duke,ACC,65.9,2.2,-12.3,76.0,0.179,0.017,0.267,0.101
2025,East Carolina,American Athletic,225.5,87.9,24.1,113.5,0.506,0.762,0.453,0.542
2025,Eastern Michigan,Mid-American,77.6,2.8,1.2,73.6,0.249,0.04,0.124,0.024
2025,Florida,SEC,199.6,66.4,66.7,66.5,0.55,0.73,0.651,0.728
2025,Florida Atlantic,American Athletic,72.8,-3.9,28.6,48.0,0.208,-0.068,0.179,0.208
2025,Florida International,Conference USA,142.7,96.3,23.3,23.1,0.422,1.009,0.595,0.914
2025,Florida State,ACC,26.1,-6.1,-1.9,34.1,0.131,-0.884,0.34,0.316
2025,Fresno State,Mountain West,58.8,2.9,22.4,33.4,0.172,0.037,0.3,0.026
2025,Georgia,SEC,194.1,25.9,25.0,143.2,0.374,0.159,0.392,0.169
2025,Georgia Southern,Sun Belt,400.0,92.5,49.3,258.2,0.922,0.846,0.804,0.933
2025,Georgia State,Sun Belt,273.3,65.8,18.5,188.9,0.685,0.649,0.741,0.655
2025,Georgia Tech,ACC,391.9,148.5,67.1,176.3,0.811,0.997,0.828,0.838
2025,Hawai'i,Mountain West,202.6,45.2,5.7,151.7,0.459,0.438,0.349,0.14
2025,Houston,Big 12,149.4,4.7,30.8,114.0,1.052,1.0,0.977,1.0
2025,Illinois,Big Ten,251.6,124.8,42.4,84.4,0.525,0.912,0.74,0.977
2025,Indiana,Big Ten,154.3,6.3,10.4,137.6,0.251,0.031,0.148,0.008
2025,Iowa,Big Ten,126.8,5.3,15.2,106.3,0.488,0.113,0.357,0.137
2025,Iowa State,Big 12,292.2,125.9,70.2,96.0,0.584,0.953,0.838,0.99
2025,Jacksonville State,Conference USA,436.7,115.3,117.5,203.9,0.843,1.0,0.736,1.0
2025,James Madison,Sun Belt,337.2,76.1,113.5,147.5,0.784,0.963,0.908,0.998
2025,Kansas,Big 12,197.2,113.1,70.9,13.2,0.41,0.952,0.512,0.997
2025,Kansas State,Big 12,349.1,116.5,85.2,147.5,0.69,0.933,0.691,0.977
2025,Kennesaw State,Conference USA,54.1,-5.2,13.0,46.3,0.458,0.338,0.511,0.873
2025,Kent State,Mid-American,19.5,-2.1,-5.6,27.3,0.113,-0.052,0.299,0.384
2025,Kentucky,SEC,71.5,-9.6,12.3,68.8,0.27,-0.322,0.253,0.173
2025,Liberty,Conference USA,347.5,71.4,119.3,156.8,0.996,1.0,0.989,1.0
2025,Louisiana,Sun Belt,322.7,53.3,52.8,216.6,0.572,0.336,0.578,0.296
2025,Louisiana Tech,Conference USA,159.6,62.3,-19.3,116.6,0.543,0.975,0.841,0.996
2025,Louisville,ACC,256.4,16.2,79.1,161.1,0.464,0.094,0.493,0.063
2025,LSU,SEC,331.2,174.0,26.0,131.2,0.66,0.951,0.711,0.976
2025,Marshall,Sun Belt,382.6,84.1,104.4,194.1,1.004,1.0,0.998,1.0
2025,Maryland,Big Ten,49.7,4.7,-0.5,45.5,0.128,0.05,0.119,0.004
2025,Massachusetts,FBS Independents,270.0,77.3,72.3,120.4,0.763,0.948,0.941,0.997
2025,Memphis,American Athletic,66.7,2.8,17.7,46.2,0.119,0.017,0.078,0.002
2025,Miami,ACC,94.6,13.6,66.1,14.9,0.125,0.059,0.189,0.053
2025,Miami (OH),Mid-American,175.1,12.4,39.6,123.1,0.48,0.136,0.488,0.056
2025,Michigan,Big Ten,99.1,35.9,-3.1,66.2,0.395,0.861,0.395,0.678
2025,Michigan State,Big Ten,215.0,82.5,32.5,100.0,0.687,0.974,0.712,0.997
2025,Middle Tennessee,Conference USA,348.6,83.0,14.4,251.2,0.99,1.0,0.989,1.0
2025,Minnesota,Big Ten,190.5,14.7,31.9,143.8,0.442,0.112,0.39,0.019
2025,Mississippi State,SEC,156.9,28.7,44.2,84.1,0.416,0.321,0.495,0.295
2025,Missouri,SEC,80.4,-0.9,16.8,64.5,0.201,-0.009,0.131,0.002
2025,Navy,American Athletic,331.9,68.8,142.1,121.0,0.973,1.0,0.909,1.0
2025,NC State,ACC,439.0,132.0,60.2,246.9,0.948,0.982,0.896,0.997
2025,Nebraska,Big Ten,218.2,76.5,41.8,99.9,0.593,0.877,0.756,0.993
2025,Nevada,Mountain West,282.3,17.3,31.8,233.2,0.658,0.178,0.547,0.137
2025,New Mexico,Mountain West,55.5,0.0,9.5,46.0,0.125,0.0,0.1,0.0
2025,New Mexico State,Conference USA,117.1,15.7,21.5,79.9,0.555,-26.167,0.339,0.499
2025,North Carolina,ACC,68.5,-6.4,21.1,53.9,0.159,-0.079,0.173,0.059
2025,Northern Illinois,Mid-American,199.8,35.9,62.3,101.6,0.531,0.402,0.654,0.348
2025,North Texas,American Athletic,329.2,29.8,46.5,253.0,0.563,0.181,0.507,0.102
2025,Northwestern,Big Ten,144.9,5.2,26.4,113.2,0.68,0.413,0.825,0.828
2025,Notre Dame,FBS Independents,211.6,8.4,83.5,119.7,0.368,0.064,0.384,0.008
2025,Ohio,Mid-American,282.4,81.6,104.8,95.9,0.648,0.968,0.606,0.997
2025,Ohio State,Big Ten,221.2,9.6,7.6,204.0,0.308,0.04,0.195,0.03
2025,Oklahoma,SEC,145.8,23.3,34.0,88.6,0.528,0.635,0.489,0.324
2025,Oklahoma State,Big 12,189.2,92.3,15.6,81.3,0.445,0.647,0.519,0.804
2025,Old Dominion,Sun Belt,294.5,80.9,80.5,133.1,0.742,0.921,0.653,0.761
2025,Ole Miss,SEC,117.2,10.1,6.4,100.7,0.175,0.043,0.146,0.071
2025,Oregon,Big Ten,116.9,1.8,12.5,102.6,0.187,0.009,0.246,0.022
2025,Oregon State,Pac-12,179.7,-1.1,39.7,141.1,0.522,-0.027,0.498,0.094
2025,Penn State,Big Ten,354.9,154.8,106.0,94.1,0.565,0.88,0.773,0.908
2025,Pittsburgh,ACC,347.4,93.5,85.8,168.1,0.749,1.003,0.908,0.998
2025,Purdue,Big Ten,125.9,39.8,20.2,65.9,0.543,0.884,0.853,0.994
2025,Rice,American Athletic,211.1,-0.9,29.9,182.1,0.751,-0.016,0.551,0.09
2025,Rutgers,Big Ten,260.0,89.8,29.8,140.5,0.674,1.0,0.664,1.0
2025,Sam Houston,Conference USA,240.5,43.1,55.8,141.6,0.901,0.937,0.965,0.997
2025,San Diego State,Mountain West,228.8,22.8,37.0,169.0,0.803,0.352,0.626,0.129
2025,San José State,Mountain West,329.8,149.7,20.7,159.4,0.587,0.892,0.862,0.987
2025,SMU,ACC,282.3,166.7,20.0,95.5,0.501,0.914,0.498,0.866
2025,South Alabama,Sun Belt,135.4,31.6,46.6,57.2,0.254,0.24,0.332,0.207
2025,South Carolina,SEC,283.6,101.5,52.7,129.4,0.625,0.837,0.634,0.879
2025,Southern Miss,Sun Belt,76.9,-14.9,-4.7,96.5,0.523,0.556,0.599,0.597
2025,South Florida,American Athletic,391.5,69.7,92.5,229.3,0.999,1.0,1.0,1.0
2025,Stanford,ACC,38.6,8.9,-7.3,37.1,0.189,1.236,0.321,0.137
2025,Syracuse,ACC,96.9,3.0,-8.4,102.3,0.143,0.013,0.133,0.002
2025,TCU,Big 12,350.5,213.4,21.6,115.5,0.606,0.956,0.755,0.988
2025,Temple,American Athletic,246.7,57.8,6.3,182.6,0.999,1.0,1.0,1.0
2025,Tennessee,SEC,95.0,2.5,30.2,62.3,0.221,0.025,0.225,0.028
2025,Texas,SEC,172.5,55.1,51.4,66.0,0.283,0.266,0.395,0.172
2025,Texas A&M,SEC,302.0,83.9,109.5,108.6,0.753,0.969,0.891,0.997
2025,Texas State,Sun Belt,493.1,161.3,77.4,254.4,0.927,1.0,0.788,1.0
2025,Texas Tech,Big 12,332.6,147.9,31.1,153.7,0.589,0.962,0.622,0.974
2025,Toledo,Mid-American,266.6,110.7,13.7,142.2,0.685,0.81,0.756,0.982
2025,Troy,Sun Belt,140.1,31.3,22.4,86.4,0.334,0.274,0.406,0.331
2025,Tulane,American Athletic,75.2,2.7,48.8,23.8,0.146,0.017,0.203,0.118
2025,Tulsa,American Athletic,311.0,51.0,46.6,213.4,0.99,0.924,0.907,0.98
2025,UAB,American Athletic,326.3,121.3,21.2,183.8,0.727,1.0,0.734,1.0
2025,UCF,Big 12,117.0,-0.7,81.7,36.0,0.31,-0.022,0.5,0.634
2025,UCLA,Big Ten,76.3,0.0,-3.9,80.2,0.219,0.0,0.213,0.0
2025,UConn,FBS Independents,258.5,81.4,44.8,132.3,0.68,0.963,0.757,0.985
2025,UL Monroe,Sun Belt,190.7,33.5,20.6,136.6,0.782,1.0,0.658,1.0
2025,UNLV,Mountain West,64.3,10.1,33.5,20.8,0.152,0.14,0.195,0.021
2025,USC,Big Ten,192.5,17.9,20.2,154.3,0.368,0.151,0.29,0.31
2025,Utah,Big 12,36.0,6.8,2.0,27.2,0.14,0.116,0.303,0.626
2025,Utah State,Mountain West,291.3,112.3,62.9,116.1,0.631,0.962,0.672,0.995
2025,UTEP,Conference USA,218.9,38.9,19.0,161.1,1.0,1.0,1.0,1.0
2025,UTSA,American Athletic,430.8,107.8,86.9,236.0,0.962,1.0,0.99,1.0
2025,Vanderbilt,SEC,318.7,105.3,43.6,169.8,0.859,0.992,0.924,0.991
2025,Virginia,ACC,88.4,4.6,21.4,62.4,0.28,0.133,0.202,0.005
2025,Virginia Tech,ACC,152.1,41.0,41.3,69.8,0.495,0.893,0.582,0.838
2025,Wake Forest,ACC,97.5,0.0,35.5,62.0,0.262,0.0,0.359,0.0
2025,Washington,Big Ten,206.8,34.8,46.3,125.8,0.424,0.237,0.491,0.288
2025,Washington State,Pac-12,141.7,35.9,15.3,90.5,0.249,0.217,0.237,0.127
2025,Western Kentucky,Conference USA,161.3,29.4,-1.3,133.1,0.332,0.175,0.267,0.17
2025,Western Michigan,Mid-American,379.7,103.3,81.3,195.0,0.999,1.0,1.0,1.0
2025,West Virginia,Big 12,127.0,17.2,23.6,86.2,0.261,0.157,0.328,0.156
2025,Wisconsin,Big Ten,132.3,4.6,20.4,107.3,0.402,0.061,0.248,0.003
2025,Wyoming,Mountain West,195.9,34.1,3.1,158.7,0.774,1.0,0.876,1.0
