game_id,season,week,home_team,away_team,home_conference,away_conference,neutral_site,start_date,recorded_at,pred_spread,pred_total,pred_win_p,spread,over_under,spread_open,home_moneyline,away_moneyline,spread_edge,totals_edge,flag_core,flag_spread,flag_ml,closing_spread,closing_over_under,home_score,away_score,completed,home_win,actual_margin,actual_total
401856634,2026,1,Alabama,East Carolina,SEC,American Athletic,0,2026-09-05T16:00:00.000Z,reseed-2026-09-10:replay@392ef58,29.17307053080628,54.350531360214106,0.9426792529912192,-28.5,54.0,-25.5,-10000.0,1600.0,0.6730705308062817,0.3505313602141058,False,False,False,-28.0,52.5,48.0,10.0,True,1.0,38.0,58.0
401856635,2026,1,Arkansas,North Alabama,SEC,UAC,0,2026-09-05T20:15:00.000Z,reseed-2026-09-10:replay@392ef58,43.96378807680673,63.73419250054734,0.959285481915228,-40.5,63.5,,,,3.463788076806729,0.2341925005473371,False,True,False,-40.5,63.0,31.0,14.0,True,1.0,17.0,45.0
401856636,2026,1,Auburn,Baylor,SEC,Big 12,1,2026-09-05T19:30:00.000Z,reseed-2026-09-10:replay@392ef58+serve-capture,11.4,56.6,0.6991522953725513,-7.0,59.0,-7.5,-270.0,220.0,4.4,-2.3999999999999986,True,True,False,-6.5,58.5,17.0,16.0,True,1.0,1.0,33.0
401856637,2026,1,Florida,Florida Atlantic,SEC,American Athletic,0,2026-09-05T23:45:00.000Z,reseed-2026-09-10:replay@392ef58,26.89903776887857,61.33141536679668,0.9348908825536596,-26.5,59.5,-25.5,-7000.0,1300.0,0.3990377688785713,1.831415366796684,False,False,False,-26.5,59.5,66.0,21.0,True,1.0,45.0,87.0
401856658,2026,1,Georgia,Tennessee State,SEC,OVC,0,2026-09-05T19:00:00.000Z,reseed-2026-09-10:replay@392ef58,47.15280128941659,55.54616712767304,0.9829774915278016,-47.5,55.5,,,,-0.3471987105834131,0.0461671276730371,False,False,False,-49.0,55.0,63.0,3.0,True,1.0,60.0,66.0
401856659,2026,1,Kentucky,Youngstown State,SEC,MVFC,0,2026-09-05T17:00:00.000Z,reseed-2026-09-10:replay@392ef58,25.73978288442272,64.03518974238598,0.9333348247604576,-23.5,62.5,,-3600.0,1500.0,2.2397828844227163,1.535189742385981,False,False,True,-22.0,62.5,45.0,13.0,True,1.0,32.0,58.0
401856660,2026,1,LSU,Clemson,SEC,ACC,0,2026-09-05T23:30:00.000Z,reseed-2026-09-10:replay@392ef58,11.378074080877948,51.093076994633286,0.7273145318953886,-10.5,51.0,-11.5,-480.0,350.0,0.8780740808779477,0.0930769946332858,False,False,True,-10.0,50.0,51.0,10.0,True,1.0,41.0,61.0
401856661,2026,1,Ole Miss,Louisville,SEC,ACC,1,2026-09-06T23:30:00.000Z,reseed-2026-09-10:replay@392ef58,6.09569745615869,54.51917948316884,0.6423685103346795,-6.5,55.5,-8.5,-270.0,220.0,-0.4043025438413101,-0.9808205168311588,False,False,True,-6.5,55.0,41.0,38.0,True,1.0,3.0,79.0
401856662,2026,1,Mississippi State,UL Monroe,SEC,Sun Belt,0,2026-09-05T23:30:00.000Z,reseed-2026-09-10:replay@392ef58,26.96993422796239,56.69182024564622,0.9118323809144132,-28.5,55.5,-28.5,-100000.0,2000.0,-1.5300657720376094,1.1918202456462197,False,False,True,-28.5,55.0,62.0,13.0,True,1.0,49.0,75.0
401856663,2026,1,Missouri,Arkansas-Pine Bluff,SEC,SWAC,0,2026-09-04T00:00:00.000Z,reseed-2026-09-10:replay@392ef58,56.30813004207365,61.467898614216,0.9721004038203576,-54.5,60.5,,,,1.8081300420736497,0.9678986142159972,False,False,False,-55.5,62.5,54.0,14.0,True,1.0,40.0,68.0
401856664,2026,1,Oklahoma,UTEP,SEC,Mountain West,0,2026-09-05T00:00:00.000Z,reseed-2026-09-10:replay@392ef58,40.02193580025447,50.34036921291058,0.9764772953184256,-40.5,50.5,-40.5,,,-0.4780641997455319,-0.1596307870894193,False,False,False,-41.0,51.0,51.0,0.0,True,1.0,51.0,51.0
401856665,2026,1,South Carolina,Kent State,SEC,Mid-American,0,2026-09-05T16:45:00.000Z,reseed-2026-09-10:replay@392ef58,36.84835394640316,54.73931524131493,0.955498106882022,-36.5,53.0,-34.5,-100000.0,-100000.0,0.348353946403158,1.7393152413149269,False,False,False,-36.5,53.5,57.0,0.0,True,1.0,57.0,57.0
401856666,2026,1,Tennessee,Furman,SEC,Southern,0,2026-09-05T19:30:00.000Z,reseed-2026-09-10:replay@392ef58,48.32657018738078,67.41796770539216,0.9781061499260048,-46.5,66.5,,,,1.8265701873807807,0.917967705392158,False,False,False,-49.0,66.5,56.0,9.0,True,1.0,47.0,65.0
401856667,2026,1,Texas,Texas State,SEC,Pac-12,0,2026-09-05T19:30:00.000Z,reseed-2026-09-10:replay@392ef58,30.065433193812822,60.83672310225005,0.946753216093023,-30.5,60.0,-30.5,-10000.0,-100000.0,-0.4345668061871777,0.8367231022500476,False,False,False,-29.5,60.0,59.0,7.0,True,1.0,52.0,66.0
401856668,2026,1,Texas A&M,Missouri State,SEC,Conference USA,0,2026-09-05T23:00:00.000Z,reseed-2026-09-10:replay@392ef58,41.38904780612991,52.87268921510015,0.980739934985034,-40.5,52.5,-38.5,,,0.8890478061299092,0.3726892151001522,False,False,False,-40.5,53.5,50.0,0.0,True,1.0,50.0,50.0
401856669,2026,1,Vanderbilt,Austin Peay,SEC,UAC,0,2026-09-05T23:00:00.000Z,reseed-2026-09-10:replay@392ef58,31.764287965758,61.47812704209189,0.950725755556828,-30.5,61.5,,-100000.0,5000.0,1.2642879657579975,-0.0218729579081085,False,False,True,-29.0,59.0,28.0,9.0,True,1.0,19.0,37.0
401856766,2026,1,TCU,North Carolina,Big 12,ACC,1,2026-08-29T16:00:00.000Z,reseed-2026-09-10:replay@392ef58,9.56854676109324,46.36462171100169,0.6880467609817909,-9.0,46.5,-7.5,-235.0,195.0,0.5685467610932395,-0.1353782889983108,False,False,False,-7.5,46.0,10.0,15.0,True,0.0,-5.0,25.0
401856767,2026,1,UCF,Bethune-Cookman,Big 12,SWAC,0,2026-09-03T23:00:00.000Z,reseed-2026-09-10:replay@392ef58,45.32870633858448,60.03400324303395,0.9684304507653844,-42.5,59.5,,,,2.8287063385844817,0.5340032430339505,False,False,False,-43.5,58.5,73.0,6.0,True,1.0,67.0,79.0
401856768,2026,1,Utah,Idaho,Big 12,Big Sky,0,2026-09-04T01:00:00.000Z,reseed-2026-09-10:replay@392ef58,34.56096083038446,57.32300821309043,0.9643060466672432,-33.5,56.5,,-20000.0,3500.0,1.0609608303844595,0.8230082130904322,False,False,True,-37.5,60.5,66.0,14.0,True,1.0,52.0,80.0
401856769,2026,1,Kansas,Long Island University,Big 12,NEC,0,2026-09-05T00:00:00.000Z,reseed-2026-09-10:replay@392ef58,41.74533759136165,53.67253856136693,0.9616486729777176,-38.5,53.5,,,,3.245337591361647,0.1725385613669274,False,True,False,-42.0,54.5,51.0,6.0,True,1.0,45.0,57.0
401856770,2026,1,Texas Tech,Abilene Christian,Big 12,UAC,0,2026-09-05T23:00:00.000Z,reseed-2026-09-10:replay@392ef58,43.41239986781172,60.55678072089528,0.9691279321448036,-42.5,59.5,,,,0.9123998678117218,1.0567807208952829,False,False,False,-44.5,60.5,33.0,10.0,True,1.0,23.0,43.0
401856771,2026,1,Kansas State,Nicholls,Big 12,Southland,0,2026-09-05T23:00:00.000Z,reseed-2026-09-10:replay@392ef58,43.10079042788373,56.67131975464812,0.970877136190404,-40.5,55.5,,,,2.60079042788373,1.1713197546481169,False,False,False,-41.0,55.0,71.0,3.0,True,1.0,68.0,74.0
401856772,2026,1,Tulsa,Oklahoma State,American Athletic,Big 12,0,2026-09-05T19:45:00.000Z,reseed-2026-09-10:replay@392ef58,-13.91610700580578,59.50164549220282,0.2533748825750661,14.0,61.0,11.5,390.0,-550.0,0.0838929941942208,-1.4983545077971812,False,False,True,13.0,57.5,24.0,10.0,True,1.0,14.0,34.0
401856773,2026,1,Arizona,Northern Arizona,Big 12,Big Sky,0,2026-09-06T01:30:00.000Z,reseed-2026-09-10:replay@392ef58,31.65413353995944,56.264041450689646,0.9636340451548788,-31.5,56.5,,-10000.0,3000.0,0.1541335399594388,-0.2359585493103537,False,False,True,-31.5,58.5,35.0,7.0,True,1.0,28.0,42.0
401856774,2026,1,Arizona State,Morgan State,Big 12,MEAC,0,2026-09-06T02:00:00.000Z,reseed-2026-09-10:replay@392ef58,44.62263145040284,52.72750465243875,0.9779426290076378,-41.5,52.5,,,,3.1226314504028423,0.2275046524387534,False,True,False,-45.0,52.5,70.0,7.0,True,1.0,63.0,77.0
401856775,2026,1,BYU,Utah Tech,Big 12,Big Sky,0,2026-09-06T00:00:00.000Z,reseed-2026-09-10:replay@392ef58,49.43480428490632,55.18581996954298,0.9822153881392872,-47.5,54.5,,,,1.9348042849063205,0.6858199695429832,False,False,False,-49.5,61.0,63.0,7.0,True,1.0,56.0,70.0
401856776,2026,1,Georgia Tech,Colorado,ACC,Big 12,0,2026-09-04T00:00:00.000Z,reseed-2026-09-10:replay@392ef58,6.116510677299468,51.18245039917069,0.6364321917851605,-6.5,51.0,-7.0,-290.0,240.0,-0.383489322700532,0.1824503991706905,False,False,True,-6.5,52.5,13.0,14.0,True,0.0,-1.0,27.0
401856777,2026,1,Cincinnati,Boston College,Big 12,ACC,0,2026-09-05T19:30:00.000Z,reseed-2026-09-10:replay@392ef58,7.82140830484126,50.98295166003916,0.6591588291880996,-7.5,52.0,-9.5,-270.0,220.0,0.3214083048412597,-1.0170483399608372,False,False,True,-7.0,51.0,34.0,15.0,True,1.0,19.0,49.0
401856778,2026,1,Houston,Oregon State,Big 12,Pac-12,0,2026-09-05T16:00:00.000Z,reseed-2026-09-10:replay@392ef58+serve-capture,18.0,53.27404562284176,0.8483785412683484,-21.0,51.5,-18.5,-1300.0,725.0,-3.0,1.7740456228417614,False,True,True,-20.5,50.5,33.0,20.0,True,1.0,13.0,53.0
401856779,2026,1,Iowa State,Southeast Missouri State,Big 12,OVC,0,2026-09-05T17:00:00.000Z,reseed-2026-09-10:replay@392ef58,32.88179609286939,53.51747089623071,0.9639860539715348,-29.5,53.5,,-10000.0,3000.0,3.381796092869393,0.0174708962307121,False,True,True,-29.5,52.5,38.0,10.0,True,1.0,28.0,48.0
401856780,2026,1,West Virginia,Coastal Carolina,Big 12,Sun Belt,0,2026-09-05T16:00:00.000Z,reseed-2026-09-10:replay@392ef58,20.39406937115216,58.24347077574552,0.8822041678904946,-21.5,56.5,-17.5,-1725.0,-100000.0,-1.1059306288478403,1.7434707757455217,False,False,False,-21.0,54.5,31.0,24.0,True,1.0,7.0,55.0
401858201,2026,1,Stanford,Hawai'i,ACC,Mountain West,0,2026-08-29T23:00:00.000Z,reseed-2026-09-10:replay@392ef58,4.298430222494013,49.40951479435946,0.6097828799512648,-4.0,49.0,-3.0,-170.0,145.0,0.2984302224940132,0.4095147943594597,False,False,False,-5.0,48.5,37.0,27.0,True,1.0,10.0,64.0
401858202,2026,1,Virginia,NC State,ACC,ACC,0,2026-08-29T19:30:00.000Z,reseed-2026-09-10:replay@392ef58+serve-capture,7.3,51.24927079849696,0.6209594453316947,-4.0,51.5,-3.5,-145.0,125.0,3.3,-0.2507292015030415,False,True,True,-4.0,50.5,34.0,8.0,True,1.0,26.0,42.0
401858204,2026,1,Wake Forest,Akron,ACC,Mid-American,0,2026-09-03T23:00:00.000Z,reseed-2026-09-10:replay@392ef58,20.88207130809528,47.67194012201698,0.8544452957627833,-24.0,48.5,-22.5,-3500.0,1100.0,-3.117928691904723,-0.8280598779830228,False,True,True,-27.5,50.5,38.0,16.0,True,1.0,22.0,54.0
401858206,2026,1,Stanford,Miami,ACC,ACC,0,2026-09-05T01:00:00.000Z,reseed-2026-09-10:replay@392ef58,-22.86556858492893,47.80131375247119,0.1559537234964401,24.5,47.5,21.5,-100000.0,-2500.0,1.63443141507107,0.3013137524711879,False,False,False,24.5,46.5,6.0,45.0,True,0.0,-39.0,51.0
401858207,2026,1,Pittsburgh,Miami (OH),ACC,Mid-American,0,2026-09-05T16:30:00.000Z,reseed-2026-09-10:replay@392ef58,15.550290382676776,50.59840979892914,0.8135593478786814,-16.0,49.5,-16.5,-800.0,525.0,-0.449709617323224,1.09840979892914,False,False,True,-16.0,47.0,59.0,14.0,True,1.0,45.0,73.0
401858208,2026,1,Syracuse,New Hampshire,ACC,Coastal Athletic,0,2026-09-05T16:00:00.000Z,reseed-2026-09-10:replay@392ef58,35.46303839862408,55.46074549724328,0.9642992717076324,-32.5,55.5,,-100000.0,5000.0,2.9630383986240787,-0.0392545027567194,False,False,True,-34.5,55.5,66.0,3.0,True,1.0,63.0,69.0
401858209,2026,1,Duke,Tulane,ACC,American Athletic,0,2026-09-05T19:30:00.000Z,reseed-2026-09-10:replay@392ef58,8.457408440618345,52.135176052002286,0.6900796138672565,-8.5,51.0,-8.5,-480.0,350.0,-0.0425915593816554,1.1351760520022864,False,False,True,-8.0,50.5,17.0,3.0,True,1.0,14.0,20.0
401858210,2026,1,California,UCLA,ACC,Big Ten,0,2026-09-06T02:30:00.000Z,reseed-2026-09-10:replay@392ef58,-3.533035656113144,54.271261966950206,0.4335659897696209,2.0,54.0,-3.5,-115.0,-105.0,-1.5330356561131442,0.2712619669502061,False,False,True,2.5,53.5,24.0,45.0,True,0.0,-21.0,69.0
401858211,2026,1,Virginia Tech,VMI,ACC,Southern,0,2026-09-05T23:30:00.000Z,reseed-2026-09-10:replay@392ef58,54.52652389099153,56.857425413646666,0.972907816446572,-50.5,57.5,,,,4.026523890991527,-0.6425745863533336,False,True,False,-54.5,62.0,73.0,3.0,True,1.0,70.0,76.0
401858212,2026,1,Florida State,SMU,ACC,ACC,0,2026-09-07T23:30:00.000Z,reseed-2026-09-10:replay@392ef58,-0.7932473057633715,53.51867045680901,0.4727273260743587,2.0,53.0,2.5,120.0,-140.0,1.2067526942366285,0.5186704568090121,False,False,True,3.0,54.5,24.0,27.0,True,0.0,-3.0,51.0
401858422,2026,1,Minnesota,Eastern Illinois,Big Ten,OVC,0,2026-09-04T00:00:00.000Z,reseed-2026-09-10:replay@392ef58,45.16345459538611,50.09152652888323,0.9773193323422394,-43.5,51.5,,,,1.6634545953861135,-1.4084734711167712,False,False,False,-42.5,52.5,59.0,7.0,True,1.0,52.0,66.0
401858423,2026,1,Rutgers,Massachusetts,Big Ten,Mid-American,0,2026-09-03T22:00:00.000Z,reseed-2026-09-10:replay@392ef58,27.838035300291708,51.45615865606425,0.930917643552811,-29.0,53.0,-30.5,,,-1.1619646997082924,-1.5438413439357532,False,False,False,-29.0,54.5,21.0,37.0,True,0.0,-16.0,58.0
401858424,2026,1,Illinois,UAB,Big Ten,American Athletic,0,2026-09-04T01:00:00.000Z,reseed-2026-09-10:replay@392ef58,29.314924079985776,55.8844227810823,0.9176880612142432,-28.5,57.0,-27.5,-100000.0,2000.0,0.8149240799857758,-1.1155772189177,False,False,True,-26.5,54.5,42.0,23.0,True,1.0,19.0,65.0
401858425,2026,1,Indiana,North Texas,Big Ten,American Athletic,0,2026-09-05T16:00:00.000Z,reseed-2026-09-10:replay@392ef58+serve-capture,45.5,56.04902216501313,0.972283731826952,-41.0,55.5,-40.5,,,4.5,0.5490221650131275,False,True,False,-40.5,56.0,52.0,16.0,True,1.0,36.0,68.0
401858426,2026,1,Iowa,Northern Illinois,Big Ten,Mountain West,0,2026-09-05T20:15:00.000Z,reseed-2026-09-10:replay@392ef58+serve-capture,35.1,46.02970821146791,0.9442552620706856,-32.0,45.5,-29.5,-100000.0,2500.0,3.1000000000000014,0.5297082114679128,False,True,True,-32.0,44.5,40.0,0.0,True,1.0,40.0,40.0
401858427,2026,1,Maryland,Hampton,Big Ten,Coastal Athletic,0,2026-09-06T00:00:00.000Z,reseed-2026-09-10:replay@392ef58,46.91718741721614,55.66269160568663,0.9776175762894046,-45.5,56.5,,,,1.417187417216141,-0.8373083943133679,False,False,False,-45.5,56.0,62.0,0.0,True,1.0,62.0,62.0
401858428,2026,1,Michigan,Western Michigan,Big Ten,Mid-American,0,2026-09-05T23:30:00.000Z,reseed-2026-09-10:replay@392ef58+serve-capture,31.5,47.78354120959363,0.9226011561020508,-27.5,47.5,-26.5,-100000.0,2200.0,4.0,0.2835412095936291,False,True,True,-27.5,49.5,13.0,12.0,True,1.0,1.0,25.0
401858429,2026,1,Michigan State,Toledo,Big Ten,Mid-American,0,2026-09-05T00:00:00.000Z,reseed-2026-09-10:replay@392ef58,10.063737442425667,49.34627409996665,0.7123095813097198,-10.0,49.5,-10.5,-410.0,305.0,0.0637374424256673,-0.1537259000333506,False,False,True,-10.0,48.5,30.0,20.0,True,1.0,10.0,50.0
401858430,2026,1,Nebraska,Ohio,Big Ten,Mid-American,0,2026-09-05T16:00:00.000Z,reseed-2026-09-10:replay@392ef58,23.45727478179945,47.99810306409156,0.8921393961182427,-24.0,47.5,-23.5,-4000.0,1200.0,-0.5427252182005482,0.4981030640915591,False,False,True,-24.0,46.5,49.0,21.0,True,1.0,28.0,70.0
401858431,2026,1,Northwestern,South Dakota State,Big Ten,MVFC,0,2026-09-06T00:00:00.000Z,reseed-2026-09-10:replay@392ef58,13.030140142978754,44.797094562131896,0.8007744533269274,-12.5,46.5,,-625.0,455.0,0.5301401429787536,-1.702905437868104,False,False,True,-12.5,48.5,34.0,18.0,True,1.0,16.0,52.0
401858432,2026,1,Ohio State,Ball State,Big Ten,Mid-American,0,2026-09-05T16:30:00.000Z,reseed-2026-09-10:replay@392ef58,50.57325705928178,58.45303345512887,0.9832521180028604,-51.0,56.5,-50.5,,,-0.4267429407182206,1.9530334551288675,False,False,False,-51.0,56.5,56.0,3.0,True,1.0,53.0,59.0
401858433,2026,1,Oregon,Boise State,Big Ten,Pac-12,0,2026-09-05T19:30:00.000Z,reseed-2026-09-10:replay@392ef58+serve-capture,25.681395994648707,49.7,0.9278700160260648,-24.5,52.0,-24.5,-10000.0,1600.0,1.1813959946487067,-2.299999999999997,True,False,True,-25.0,51.5,34.0,27.0,True,1.0,7.0,61.0
401858434,2026,1,Penn State,Marshall,Big Ten,Sun Belt,0,2026-09-05T19:30:00.000Z,reseed-2026-09-10:replay@392ef58,24.137439102117803,54.80733314655148,0.8883129674641552,-24.5,54.5,-23.5,-3300.0,1100.0,-0.3625608978821972,0.3073331465514783,False,False,True,-23.0,52.0,45.0,0.0,True,1.0,45.0,45.0
401858435,2026,1,Purdue,Indiana State,Big Ten,MVFC,0,2026-09-04T23:00:00.000Z,reseed-2026-09-10:replay@392ef58,36.96384227194402,55.90410322983975,0.964323921240498,-35.5,56.5,,,,1.4638422719440172,-0.5958967701602518,False,False,False,-35.5,56.0,44.0,19.0,True,1.0,25.0,63.0
401858436,2026,1,USC,Fresno State,Big Ten,Pac-12,0,2026-09-05T01:00:00.000Z,reseed-2026-09-10:replay@392ef58,22.8447056777674,53.42328407234232,0.8980158156094405,-22.5,51.5,-23.0,-3500.0,-100000.0,0.3447056777674007,1.92328407234232,False,False,False,-22.5,51.0,39.0,0.0,True,1.0,39.0,39.0
401858437,2026,1,Washington,Washington State,Big Ten,Pac-12,0,2026-09-06T20:00:00.000Z,reseed-2026-09-10:replay@392ef58,22.307623202323786,49.908025581217245,0.8743330058146163,-23.5,51.0,-21.5,-2200.0,1000.0,-1.1923767976762143,-1.0919744187827547,False,False,True,-23.0,51.0,24.0,10.0,True,1.0,14.0,34.0
401858438,2026,1,Notre Dame,Wisconsin,FBS Independents,Big Ten,1,2026-09-06T23:30:00.000Z,reseed-2026-09-10:replay@392ef58,19.39480468979565,46.15542960898596,0.8491033227439447,-20.5,47.5,16.5,-2500.0,1000.0,-1.1051953102043512,-1.344570391014038,False,False,True,-20.5,46.5,41.0,13.0,True,1.0,28.0,54.0
401860878,2026,1,Colorado State,Wyoming,Pac-12,Mountain West,0,2026-09-05T22:00:00.000Z,reseed-2026-09-10:replay@392ef58,3.5716661036603474,47.450966282520966,0.5879835204544172,-3.5,48.0,-4.0,-180.0,155.0,0.0716661036603474,-0.5490337174790341,False,False,True,-3.0,46.5,35.0,13.0,True,1.0,22.0,48.0
401860879,2026,1,San Diego State,Portland State,Pac-12,Big Sky,0,2026-09-06T01:30:00.000Z,reseed-2026-09-10:replay@392ef58,41.55329655134245,56.539678419620216,0.9802136450995734,-40.5,57.5,,,,1.0532965513424486,-0.9603215803797838,False,False,False,-40.5,62.0,53.0,20.0,True,1.0,33.0,73.0
401860880,2026,1,Utah State,Idaho State,Pac-12,Big Sky,0,2026-09-05T23:00:00.000Z,reseed-2026-09-10:replay@392ef58,15.417234040900674,63.958171515910216,0.8267259922890747,-12.5,64.5,,-600.0,440.0,2.9172340409006736,-0.541828484089784,False,False,False,-14.5,60.0,17.0,29.0,True,0.0,-12.0,46.0
401861962,2026,1,UConn,Lafayette,FBS Independents,Patriot,0,2026-09-05T16:00:00.000Z,reseed-2026-09-10:replay@392ef58,22.9398295610804,57.30506436598882,0.9078603532325226,-19.5,58.5,,-1100.0,700.0,3.4398295610804013,-1.1949356340111803,False,True,False,-19.5,51.5,56.0,7.0,True,1.0,49.0,63.0
401862693,2026,1,UNLV,Memphis,Mountain West,American Athletic,0,2026-08-30T02:00:00.000Z,reseed-2026-09-10:replay@392ef58+serve-capture,9.4,55.32400896260389,0.6807770319100344,-4.0,56.5,-3.0,-170.0,145.0,5.4,-1.175991037396109,False,True,True,-5.0,55.5,21.0,27.0,True,0.0,-6.0,48.0
401862694,2026,1,Charlotte,The Citadel,American Athletic,Southern,0,2026-09-05T19:30:00.000Z,reseed-2026-09-10:replay@392ef58,18.13384090177131,47.64168443536722,0.8510297512163916,-15.5,46.5,,-1100.0,700.0,2.633840901771311,1.1416844353672175,False,False,True,-20.5,49.0,41.0,43.0,True,0.0,-2.0,84.0
401862695,2026,1,Memphis,Arkansas State,American Athletic,Sun Belt,0,2026-09-05T23:00:00.000Z,reseed-2026-09-10:replay@392ef58,8.308430074197915,55.1717107469273,0.6744988011041138,-8.5,55.5,-10.5,-440.0,330.0,-0.1915699258020851,-0.3282892530726968,False,False,True,-10.5,52.0,42.0,24.0,True,1.0,18.0,66.0
401862696,2026,1,Navy,Towson,American Athletic,Coastal Athletic,0,2026-09-05T19:30:00.000Z,reseed-2026-09-10:replay@392ef58,34.060235280604665,53.95050904950971,0.9547610151666424,-30.5,53.5,,-9000.0,2500.0,3.5602352806046653,0.4505090495097121,False,True,True,-30.5,50.5,42.0,15.0,True,1.0,27.0,57.0
401862697,2026,1,Rice,Houston Christian,American Athletic,Southland,0,2026-09-05T23:00:00.000Z,reseed-2026-09-10:replay@392ef58,26.47483631458278,47.31210120798206,0.9307411653672338,-23.5,47.5,,-1350.0,800.0,2.974836314582781,-0.1878987920179398,False,False,False,-23.0,47.5,31.0,3.0,True,1.0,28.0,34.0
401862698,2026,1,Temple,Rhode Island,American Athletic,Coastal Athletic,0,2026-09-05T18:00:00.000Z,reseed-2026-09-10:replay@392ef58,13.045682272936752,50.54862173100603,0.781068345002918,-10.0,51.5,,-470.0,360.0,3.045682272936752,-0.9513782689939704,False,True,False,-14.5,51.0,38.0,14.0,True,1.0,24.0,52.0
401862699,2026,1,South Florida,Florida International,American Athletic,Conference USA,0,2026-09-05T23:00:00.000Z,reseed-2026-09-10:replay@392ef58,13.650639634483404,54.168460363094034,0.7664341912690684,-13.0,54.0,-12.5,-460.0,340.0,0.6506396344834044,0.1684603630940344,False,False,False,-14.5,53.0,19.0,9.0,True,1.0,10.0,28.0
401862700,2026,1,UTSA,UT Rio Grande Valley,American Athletic,Southland,0,2026-09-05T19:30:00.000Z,reseed-2026-09-10:replay@392ef58,30.439174446156507,60.72094085120273,0.9461009269963944,-28.5,59.5,,-9000.0,2500.0,1.9391744461565068,1.2209408512027269,False,False,True,-28.5,59.5,45.0,16.0,True,1.0,29.0,61.0
401862701,2026,1,Army,Bryant,American Athletic,Coastal Athletic,0,2026-09-05T16:00:00.000Z,reseed-2026-09-10:replay@392ef58,37.52017879147094,51.034670146517534,0.9648380383084676,-36.5,51.5,,,,1.02017879147094,-0.4653298534824657,False,False,False,-37.0,50.5,59.0,3.0,True,1.0,56.0,62.0
401864424,2026,1,Delaware,Merrimack,Conference USA,FCS Independents,0,2026-09-03T23:00:00.000Z,reseed-2026-09-10:replay@392ef58,30.276557808457657,54.44328276275508,0.944270762796763,-28.5,55.5,,-10000.0,3000.0,1.7765578084576568,-1.0567172372449178,False,False,True,-31.5,56.5,42.0,7.0,True,1.0,35.0,49.0
401864425,2026,1,Kennesaw State,West Georgia,Conference USA,UAC,0,2026-09-03T23:00:00.000Z,reseed-2026-09-10:replay@392ef58,25.437806789732605,49.7432238019543,0.9175992033457336,-22.5,51.5,,-3600.0,1500.0,2.937806789732605,-1.7567761980456993,False,False,True,-22.5,50.5,47.0,0.0,True,1.0,47.0,47.0
401864432,2026,1,Nevada,Western Kentucky,Mountain West,Conference USA,0,2026-09-06T02:30:00.000Z,reseed-2026-09-10:replay@392ef58,-2.041418036219108,52.5629490078744,0.4654911838104728,2.5,53.0,4.0,120.0,-140.0,0.4585819637808921,-0.4370509921255987,False,False,False,-1.0,51.5,49.0,14.0,True,1.0,35.0,63.0
401864494,2026,1,USC,San José State,Big Ten,Mountain West,0,2026-08-29T19:00:00.000Z,reseed-2026-09-10:replay@392ef58+serve-capture,42.1,61.177515919971405,0.971573443647577,-39.0,60.5,-35.5,-100000.0,3500.0,3.1000000000000014,0.6775159199714054,False,True,False,-37.0,60.5,42.0,26.0,True,1.0,16.0,68.0
401864495,2026,1,Eastern Michigan,San José State,Mid-American,Mountain West,0,2026-09-04T22:30:00.000Z,reseed-2026-09-10:replay@392ef58,5.019987973216092,53.63326741634506,0.649993096692483,-4.5,53.5,-3.5,-160.0,135.0,0.5199879732160921,0.1332674163450633,False,False,True,-1.5,55.0,21.0,27.0,True,0.0,-6.0,48.0
401864496,2026,1,Air Force,Duquesne,Mountain West,NEC,0,2026-09-05T17:00:00.000Z,reseed-2026-09-10:replay@392ef58,33.63749288175372,57.49623138351615,0.9554845364314568,-30.5,58.5,,-10000.0,3000.0,3.1374928817537224,-1.0037686164838533,False,True,True,-28.5,57.5,34.0,0.0,True,1.0,34.0,34.0
401864497,2026,1,Hawai'i,UNLV,Mountain West,Mountain West,0,2026-09-06T02:00:00.000Z,reseed-2026-09-10:replay@392ef58,-2.257303325798884,58.8827697734364,0.4795609007669879,3.0,58.5,1.5,105.0,-125.0,0.7426966742011163,0.3827697734364008,False,False,False,3.0,55.5,6.0,21.0,True,0.0,-15.0,27.0
401864498,2026,1,New Mexico,Central Michigan,Mountain West,Mid-American,0,2026-09-06T02:00:00.000Z,reseed-2026-09-10:replay@392ef58,11.959395066494093,49.62041226629638,0.7464511254885438,-11.5,47.5,-12.5,-575.0,400.0,0.4593950664940927,2.120412266296377,False,False,True,-11.0,47.0,38.0,7.0,True,1.0,31.0,45.0
401864499,2026,1,North Dakota State,Fordham,Mountain West,Patriot,0,2026-09-05T19:30:00.000Z,reseed-2026-09-10:replay@392ef58,43.472856344007454,57.68078217235298,0.9663228352598884,-39.5,57.5,,,,3.972856344007454,0.180782172352977,False,True,False,-41.5,54.0,38.0,0.0,True,1.0,38.0,38.0
401864570,2026,1,Florida State,New Mexico State,ACC,Conference USA,0,2026-08-29T23:00:00.000Z,reseed-2026-09-10:replay@392ef58,32.48218308671392,53.76096229204592,0.9563115928708872,-32.0,53.5,-29.5,-100000.0,2800.0,0.4821830867139169,0.2609622920459173,False,False,True,-31.0,53.5,34.0,17.0,True,1.0,17.0,51.0
401864577,2026,1,North Dakota State,Jacksonville State,Mountain West,Conference USA,0,2026-08-29T21:30:00.000Z,reseed-2026-09-10:replay@392ef58,7.563165630462237,47.35377309615164,0.673313379079693,-7.0,46.5,-10.0,-330.0,265.0,0.5631656304622368,0.8537730961516417,False,False,True,-7.0,46.5,33.0,7.0,True,1.0,26.0,40.0
401866408,2026,1,Eastern Michigan,Sacramento State,Mid-American,Mid-American,0,2026-08-29T22:30:00.000Z,reseed-2026-09-10:replay@392ef58,11.220376802066015,52.4679857501684,0.7399417680387106,-9.5,53.5,-8.5,-330.0,265.0,1.7203768020660153,-1.0320142498315974,False,False,False,-9.0,53.0,28.0,17.0,True,1.0,11.0,45.0
401866409,2026,1,Buffalo,UAlbany,Mid-American,Coastal Athletic,0,2026-09-03T23:00:00.000Z,reseed-2026-09-10:replay@392ef58,28.190079885205712,48.3842991119744,0.9320905157517108,-24.5,48.5,,-5000.0,1800.0,3.690079885205712,-0.1157008880256,False,True,True,-18.5,47.5,21.0,17.0,True,1.0,4.0,38.0
401866410,2026,1,Bowling Green,Tarleton State,Mid-American,UAC,0,2026-09-05T16:00:00.000Z,reseed-2026-09-10:replay@392ef58,7.043170524246216,46.37536137077274,0.6544571028735867,-2.5,47.5,,-135.0,114.0,4.543170524246216,-1.1246386292272632,False,True,True,-2.0,48.0,13.0,20.0,True,0.0,-7.0,33.0
401866411,2026,1,Sacramento State,Mississippi Valley State,Mid-American,SWAC,0,2026-09-06T02:00:00.000Z,reseed-2026-09-10:replay@392ef58,39.55967547165852,56.88764574102326,0.9628319297565084,-35.5,56.5,,,,4.059675471658522,0.3876457410232632,False,True,False,-37.5,56.5,52.0,0.0,True,1.0,52.0,52.0
401866623,2026,1,Georgia State,North Carolina A&T,Sun Belt,Coastal Athletic,0,2026-09-04T23:00:00.000Z,reseed-2026-09-10:replay@392ef58,31.955741986572125,61.136210763912,0.94670985707217,-28.5,63.5,,-4500.0,1700.0,3.455741986572125,-2.363789236088003,False,True,False,-28.0,61.0,59.0,10.0,True,1.0,49.0,69.0
401866627,2026,1,App State,Maine,Sun Belt,Coastal Athletic,0,2026-09-05T19:30:00.000Z,reseed-2026-09-10:replay@392ef58,21.075913179066823,52.04158447968104,0.8905153972063091,-18.5,53.5,,-800.0,550.0,2.5759131790668235,-1.4584155203189582,False,False,False,-21.0,54.0,55.0,3.0,True,1.0,52.0,58.0
401867866,2026,1,Middle Tennessee,Murray State,Conference USA,MVFC,0,2026-09-05T23:00:00.000Z,reseed-2026-09-10:replay@392ef58,24.49816503563949,57.58432513210946,0.9183161386710396,-20.5,59.5,,-1800.0,1000.0,3.998165035639492,-1.915674867890537,False,True,False,-22.5,56.0,38.0,14.0,True,1.0,24.0,52.0
401867973,2026,1,Old Dominion,Norfolk State,Sun Belt,MEAC,0,2026-09-05T22:00:00.000Z,reseed-2026-09-10:replay@392ef58,43.9234477883116,57.57571838342264,0.966443864594561,-41.5,55.5,,,,2.4234477883115986,2.07571838342264,False,False,False,-41.0,52.0,31.0,10.0,True,1.0,21.0,41.0
401868140,2026,1,Jacksonville State,Eastern Kentucky,Conference USA,UAC,0,2026-09-05T23:00:00.000Z,reseed-2026-09-10:replay@392ef58,22.232306432970866,51.679619005083005,0.8962413454057077,-19.5,52.5,,-1650.0,950.0,2.7323064329708657,-0.8203809949169951,False,False,True,-22.0,53.0,49.0,7.0,True,1.0,42.0,56.0
401868170,2026,1,Georgia Southern,Charleston Southern,Sun Belt,OVC,0,2026-09-05T23:00:00.000Z,reseed-2026-09-10:replay@392ef58,29.36914247759143,49.8164187769965,0.94407780743236,-25.5,51.5,,-2800.0,1300.0,3.869142477591432,-1.6835812230035003,False,True,False,-28.0,52.5,31.0,0.0,True,1.0,31.0,31.0
401868316,2026,1,South Alabama,SE Louisiana,Sun Belt,Southland,0,2026-09-05T23:00:00.000Z,reseed-2026-09-10:replay@392ef58,14.709146866958095,50.140347009287446,0.8049967236302541,-12.5,52.5,,-485.0,370.0,2.209146866958095,-2.3596529907125543,False,False,False,-14.0,53.5,39.0,14.0,True,1.0,25.0,53.0
401868356,2026,1,Southern Miss,Alcorn State,Sun Belt,SWAC,0,2026-09-05T21:00:00.000Z,reseed-2026-09-10:replay@392ef58,21.553374593194533,49.39605834014378,0.907181558419452,-21.0,50.5,,-2800.0,1300.0,0.5533745931945333,-1.1039416598562184,False,False,True,-19.5,51.0,49.0,3.0,True,1.0,46.0,52.0
401869129,2026,1,Louisiana Tech,Northwestern State,Sun Belt,Southland,0,2026-09-05T23:30:00.000Z,reseed-2026-09-10:replay@392ef58,43.06181711452111,53.09927239399854,0.975186024898998,-41.5,52.5,,,,1.5618171145211122,0.5992723939985396,False,False,False,-44.5,56.5,80.0,6.0,True,1.0,74.0,86.0
401869142,2026,1,Louisiana,Lamar,Sun Belt,Southland,0,2026-09-06T00:00:00.000Z,reseed-2026-09-10:replay@392ef58,21.481120349666007,45.85744356730158,0.9023119446577264,-20.5,48.5,,-1000.0,650.0,0.981120349666007,-2.64255643269842,False,False,False,-20.0,48.5,38.0,7.0,True,1.0,31.0,45.0
401869960,2026,1,James Madison,Liberty,Sun Belt,Conference USA,0,2026-09-05T16:00:00.000Z,reseed-2026-09-10:replay@392ef58,8.605926778241592,53.49745462645026,0.6909679266247657,-6.5,53.0,-6.0,-250.0,210.0,2.105926778241592,0.4974546264502635,False,False,False,-6.0,50.5,20.0,13.0,True,1.0,7.0,33.0
401870763,2026,1,Troy,Sam Houston,Sun Belt,Conference USA,0,2026-09-05T23:00:00.000Z,reseed-2026-09-10:replay@392ef58,16.355736028463472,53.39525314712662,0.8149374421588351,-17.0,53.0,-17.0,-1300.0,725.0,-0.6442639715365281,0.3952531471266169,False,False,True,-16.5,53.0,24.0,21.0,True,1.0,3.0,45.0
401870790,2026,1,New Mexico State,Mercyhurst,Conference USA,NEC,0,2026-09-06T01:00:00.000Z,reseed-2026-09-10:replay@392ef58,26.61545534365799,48.36294446967617,0.9229215870761258,-24.5,50.5,,-4500.0,1700.0,2.115455343657992,-2.137055530323828,False,False,True,-28.5,52.0,51.0,14.0,True,1.0,37.0,65.0
401856670,2026,2,Utah,Arkansas,Big 12,SEC,0,2026-09-13T02:15Z,reseed-2026-09-10:replay@2c54cc3,15.153238520040592,54.45567130306777,0.835184725702009,-12.5,55.0,-13.0,-525.0,375.0,2.653238520040592,-0.544328696932233,False,False,False,-12.5,55.5,43.0,10.0,True,1.0,33.0,53.0
401856671,2026,2,Auburn,Southern Miss,SEC,Sun Belt,0,2026-09-12T23:45Z,reseed-2026-09-10:replay@2c54cc3,35.36723881474684,54.983139909350776,0.9536384669822224,-33.5,56.5,-30.0,,,1.867238814746841,-1.5168600906492244,False,False,False,-33.0,57.0,43.0,8.0,True,1.0,35.0,51.0
401856672,2026,2,Florida,Campbell,SEC,Coastal Athletic,0,2026-09-12T21:30Z,reseed-2026-09-10:replay@2c54cc3,,,0.7675056167295502,,,,,,,,False,False,False,-51.5,67.0,52.0,3.0,True,1.0,49.0,55.0
401856673,2026,2,Georgia,Western Kentucky,SEC,Conference USA,0,2026-09-12T16:45Z,reseed-2026-09-10:replay@2c54cc3,36.485247850202775,56.90435041722344,0.9801969815174456,-41.0,55.5,-39.5,,,-4.514752149797225,1.404350417223441,False,True,False,-40.0,56.0,70.0,20.0,True,1.0,50.0,90.0
401856674,2026,2,Kentucky,Alabama,SEC,SEC,0,2026-09-12T19:30Z,reseed-2026-09-10:replay@2c54cc3,-10.640166244221035,53.37143872671572,0.3201309077702415,10.5,49.0,10.5,320.0,-430.0,-0.1401662442210351,4.371438726715724,False,False,True,8.0,47.0,17.0,45.0,True,0.0,-28.0,62.0
401856676,2026,2,Ole Miss,Charlotte,SEC,American Athletic,0,2026-09-12T23:45Z,reseed-2026-09-10:replay@2c54cc3,47.74130649208086,62.90898870646844,0.9840911379306978,-47.5,60.5,-47.5,,,0.2413064920808594,2.408988706468442,False,False,False,-44.5,59.5,41.0,9.0,True,1.0,32.0,50.0
401856677,2026,2,Minnesota,Mississippi State,Big Ten,SEC,0,2026-09-12T19:30Z,reseed-2026-09-10:replay@2c54cc3,1.6756699058871465,55.13256813797939,0.58898236786691,-1.0,55.0,1.0,-115.0,-105.0,0.6756699058871465,0.1325681379793906,False,False,True,-1.0,53.5,13.0,38.0,True,0.0,-25.0,51.0
401856678,2026,2,Kansas,Missouri,Big 12,SEC,0,2026-09-12T00:00Z,reseed-2026-09-10:replay@2c54cc3,-5.546986861697934,51.89758261816654,0.3978298867599312,5.5,50.0,6.5,175.0,-210.0,-0.0469868616979338,1.8975826181665385,False,False,True,4.0,52.0,21.0,38.0,True,0.0,-17.0,59.0
401856679,2026,2,Michigan,Oklahoma,Big Ten,SEC,0,2026-09-12T16:00Z,reseed-2026-09-10:replay@2c54cc3,-5.166796145287301,43.016945625951706,0.4417440512512421,5.5,43.5,-1.5,175.0,-210.0,0.333203854712699,-0.4830543740482937,False,False,True,4.5,43.5,17.0,10.0,True,1.0,7.0,27.0
401856680,2026,2,South Carolina,Towson,SEC,Coastal Athletic,0,2026-09-12T23:00Z,reseed-2026-09-10:replay@2c54cc3,,,0.7824295102034687,,,,,,,,False,False,False,-44.5,57.5,45.0,9.0,True,1.0,36.0,54.0
401856681,2026,2,Georgia Tech,Tennessee,ACC,SEC,0,2026-09-12T23:00Z,reseed-2026-09-10:replay@2c54cc3+serve-capture,-8.464685775398218,53.5,0.3785570257570789,13.0,55.5,13.5,390.0,-550.0,4.535314224601782,-2.0,True,True,True,12.5,55.5,24.0,45.0,True,0.0,-21.0,69.0
401856682,2026,2,Texas,Ohio State,SEC,Big Ten,0,2026-09-12T23:30Z,reseed-2026-09-10:replay@2c54cc3,2.5720721671532427,50.21256249552103,0.6012274979745014,-2.0,49.5,-2.5,-110.0,-110.0,0.5720721671532427,0.712562495521027,False,False,True,-2.0,51.0,24.0,23.0,True,1.0,1.0,47.0
401856683,2026,2,Texas A&M,Arizona State,SEC,Big 12,0,2026-09-12T16:00Z,reseed-2026-09-10:replay@2c54cc3,14.249627602856885,51.40107828870774,0.832929190391472,-14.0,50.0,-14.0,-650.0,450.0,0.2496276028568846,1.4010782887077369,False,False,False,-15.0,51.5,48.0,20.0,True,1.0,28.0,68.0
401856684,2026,2,Vanderbilt,Delaware,SEC,Conference USA,0,2026-09-12T20:15Z,reseed-2026-09-10:replay@2c54cc3+serve-capture,22.21533058544985,52.5,0.9040404255158708,-21.0,55.0,-21.0,-1800.0,850.0,1.2153305854498484,-2.5,True,False,False,-21.0,54.5,35.0,26.0,True,1.0,9.0,61.0
401856781,2026,2,Kansas State,Washington State,Big 12,Pac-12,0,2026-09-12T16:00Z,reseed-2026-09-10:replay@2c54cc3,16.128760470074408,48.62403929222586,0.8073440815748401,-19.0,49.0,-18.5,-1100.0,650.0,-2.8712395299255924,-0.3759607077741407,False,False,True,-18.0,48.0,34.0,7.0,True,1.0,27.0,41.0
401856782,2026,2,Oklahoma State,Oregon,Big 12,Big Ten,0,2026-09-12T16:00Z,reseed-2026-09-10:replay@2c54cc3,-20.09390609657816,58.40625299599273,0.168970723490699,23.0,57.5,22.5,1000.0,-2200.0,2.9060939034218407,0.9062529959927303,False,False,True,24.0,55.5,39.0,31.0,True,1.0,8.0,70.0
401856783,2026,2,Oregon State,Texas Tech,Pac-12,Big 12,0,2026-09-12T23:30Z,reseed-2026-09-10:replay@2c54cc3,-23.79890781342668,54.76955069984172,0.2018132640184184,27.0,54.0,26.5,1300.0,-5000.0,3.2010921865733195,0.769550699841723,False,True,True,25.5,52.5,24.0,35.0,True,0.0,-11.0,59.0
401856784,2026,2,Baylor,Prairie View A&M,Big 12,SWAC,0,2026-09-13T00:08Z,reseed-2026-09-10:replay@2c54cc3,,,0.6906607143814147,,,,,,,,False,False,False,-37.5,55.5,44.0,3.0,True,1.0,41.0,47.0
401856785,2026,2,Colorado,Weber State,Big 12,Big Sky,0,2026-09-12T19:30Z,reseed-2026-09-10:replay@2c54cc3,,,0.7182984701099029,,,,,,,,False,False,False,-38.5,57.5,52.0,21.0,True,1.0,31.0,73.0
401856786,2026,2,Cincinnati,Western Carolina,Big 12,Southern,0,2026-09-12T23:00Z,reseed-2026-09-10:replay@2c54cc3,41.736712225153006,60.96006084974389,0.9852807329006108,-36.5,60.5,,,,5.236712225153006,0.4600608497438898,False,True,False,-36.5,61.5,62.0,10.0,True,1.0,52.0,72.0
401856787,2026,2,Houston,Southern,Big 12,SWAC,0,2026-09-12T23:00Z,reseed-2026-09-10:replay@2c54cc3,53.30994492962508,62.33876434499415,0.9844725366415852,-51.5,60.5,,,,1.8099449296250825,1.8387643449941533,False,False,False,-52.0,62.0,77.0,6.0,True,1.0,71.0,83.0
401856788,2026,2,Iowa,Iowa State,Big Ten,Big 12,0,2026-09-12T23:30Z,reseed-2026-09-10:replay@2c54cc3,15.583398565833516,39.857261629992976,0.8384535529140573,-14.0,40.5,-14.0,-650.0,450.0,1.583398565833516,-0.6427383700070237,False,False,False,-14.0,42.5,16.0,13.0,True,1.0,3.0,29.0
401856789,2026,2,TCU,Grambling,Big 12,SWAC,0,2026-09-13T00:00Z,reseed-2026-09-10:replay@2c54cc3,,,0.5728748691794904,,,,,,,,False,False,False,-44.5,56.5,63.0,7.0,True,1.0,56.0,70.0
401856790,2026,2,Pittsburgh,UCF,ACC,Big 12,0,2026-09-12T19:30Z,reseed-2026-09-10:replay@2c54cc3,9.931265121101871,57.73344053762263,0.7481827786843367,-7.0,56.5,-7.5,-300.0,250.0,2.9312651211018714,1.2334405376226272,False,False,False,-7.0,55.0,12.0,7.0,True,1.0,5.0,19.0
401856791,2026,2,West Virginia,UT Martin,Big 12,OVC,0,2026-09-12T17:00Z,reseed-2026-09-10:replay@2c54cc3,,,0.7355396873012787,,,,,,,,False,False,False,-41.5,57.5,52.0,7.0,True,1.0,45.0,59.0
401856810,2026,2,BYU,Arizona,Big 12,Big 12,0,2026-09-12T19:30Z,reseed-2026-09-10:replay@2c54cc3,8.944853047224889,47.3950828460108,0.7302561993169034,-7.5,48.0,-7.5,-310.0,255.0,1.444853047224889,-0.6049171539891987,False,False,False,-7.0,49.0,28.0,17.0,True,1.0,11.0,45.0
401858213,2026,2,Miami,Florida A&M,ACC,SWAC,0,2026-09-11T00:00Z,reseed-2026-09-10:replay@2c54cc3,57.61294221588756,63.684818593422335,0.9812482657008128,-56.5,62.5,-55.5,,,1.112942215887557,1.1848185934223352,False,False,False,-59.5,65.0,77.0,7.0,True,1.0,70.0,84.0
401858214,2026,2,Boston College,Rutgers,ACC,Big Ten,0,2026-09-11T23:30Z,reseed-2026-09-10:replay@2c54cc3+serve-capture,4.531513133615165,49.8,0.6076700754729766,-3.0,54.0,-3.5,-170.0,145.0,1.5315131336151646,-4.200000000000003,True,False,False,-3.0,53.5,28.0,21.0,True,1.0,7.0,49.0
401858215,2026,2,Louisville,Villanova,ACC,Patriot,0,2026-09-11T23:00Z,reseed-2026-09-10:replay@2c54cc3,40.244034750724914,58.53841279821714,0.972235658258079,-36.5,56.5,-36.5,,,3.7440347507249134,2.038412798217138,False,True,False,-38.5,57.0,59.0,13.0,True,1.0,46.0,72.0
401858216,2026,2,Syracuse,California,ACC,ACC,0,2026-09-12T19:30Z,reseed-2026-09-10:replay@2c54cc3,-0.3571772306546004,58.51393287156847,0.4980410853592322,-3.5,56.5,-3.0,-165.0,140.0,-3.8571772306546,2.0139328715684712,False,True,True,-4.0,57.0,18.0,21.0,True,0.0,-3.0,39.0
401858217,2026,2,Illinois,Duke,Big Ten,ACC,0,2026-09-12T19:30Z,reseed-2026-09-10:replay@2c54cc3,5.509438639531346,52.15182488652203,0.628597438104924,-5.5,51.5,-6.0,-235.0,195.0,0.0094386395313463,0.6518248865220286,False,False,True,-6.5,51.5,27.0,31.0,True,0.0,-4.0,58.0
401858218,2026,2,North Carolina,East Tennessee State,ACC,Southern,0,2026-09-12T16:00Z,reseed-2026-09-10:replay@2c54cc3,,,0.7586413957342075,,,,,,,,False,False,False,-35.5,55.0,35.0,3.0,True,1.0,32.0,38.0
401858219,2026,2,Clemson,Georgia Southern,ACC,Sun Belt,0,2026-09-12T23:30Z,reseed-2026-09-10:replay@2c54cc3+serve-capture,24.9574880645131,52.8,0.9296546301918592,-20.5,56.0,-21.0,-1800.0,850.0,4.4574880645131,-3.200000000000003,True,True,False,-19.5,54.5,22.0,7.0,True,1.0,15.0,29.0
401858220,2026,2,Virginia,Norfolk State,ACC,MEAC,0,2026-09-11T23:00Z,reseed-2026-09-10:replay@2c54cc3,45.85591537404841,55.1985802622414,0.9763200868911692,-44.5,54.5,-44.5,,,1.3559153740484078,0.6985802622413999,False,False,False,-47.0,56.5,59.0,3.0,True,1.0,56.0,62.0
401858221,2026,2,Virginia Tech,Old Dominion,ACC,Sun Belt,0,2026-09-12T16:00Z,reseed-2026-09-10:replay@2c54cc3,21.226674886329373,51.59152369106058,0.9081612215922552,-19.5,50.0,-18.5,-1200.0,700.0,1.7266748863293735,1.59152369106058,False,False,False,-18.0,47.5,44.0,21.0,True,1.0,23.0,65.0
401858222,2026,2,NC State,Richmond,ACC,Patriot,0,2026-09-11T23:00Z,reseed-2026-09-10:replay@2c54cc3,34.30949747325988,47.11557976985279,0.9736241283965624,-30.5,48.5,-30.5,-8000.0,2200.0,3.8094974732598814,-1.3844202301472066,False,True,False,-33.0,50.5,73.0,0.0,True,1.0,73.0,73.0
401858223,2026,2,SMU,UC Davis,ACC,Big Sky,0,2026-09-12T20:00Z,reseed-2026-09-10:replay@2c54cc3,27.173920170767545,59.28426984670394,0.95603595671635,-25.5,58.5,,-2800.0,1300.0,1.6739201707675448,0.7842698467039426,False,False,False,-32.5,59.0,56.0,10.0,True,1.0,46.0,66.0
401858224,2026,2,Purdue,Wake Forest,Big Ten,ACC,0,2026-09-12T16:00Z,reseed-2026-09-10:replay@2c54cc3,-2.1904681847403187,51.71815168629743,0.4877673310456828,3.0,50.0,4.5,160.0,-185.0,0.8095318152596813,1.718151686297432,False,False,True,2.5,51.0,36.0,38.0,True,0.0,-2.0,74.0
401858439,2026,2,Indiana,Howard,Big Ten,MEAC,0,2026-09-12T16:00Z,reseed-2026-09-10:replay@2c54cc3,58.53257488901809,67.21815440369316,0.99,-56.5,64.5,,,,2.032574889018093,2.718154403693162,False,False,False,-57.5,67.5,55.0,0.0,True,1.0,55.0,55.0
401858440,2026,2,Michigan State,Eastern Michigan,Big Ten,Mid-American,0,2026-09-12T19:30Z,reseed-2026-09-10:replay@2c54cc3,17.2011300056327,49.31929240604112,0.8101581073545643,-17.5,50.0,-17.0,-1000.0,625.0,-0.2988699943673012,-0.6807075939588785,False,False,True,-17.5,50.0,35.0,7.0,True,1.0,28.0,42.0
401858441,2026,2,Nebraska,Bowling Green,Big Ten,Mid-American,0,2026-09-12T23:00Z,reseed-2026-09-10:replay@2c54cc3,29.70969105274916,55.60545800648848,0.9568561130727968,-30.0,52.0,-29.0,,,-0.2903089472508391,3.605458006488483,False,False,False,-30.5,49.0,56.0,7.0,True,1.0,49.0,63.0
401858442,2026,2,Temple,Penn State,American Athletic,Big Ten,0,2026-09-12T16:00Z,reseed-2026-09-10:replay@2c54cc3,-22.568713297949632,49.747495481250965,0.1974858753296899,24.0,50.0,23.5,1100.0,-3300.0,1.431286702050368,-0.2525045187490349,False,False,True,24.0,50.0,9.0,27.0,True,0.0,-18.0,36.0
401858443,2026,2,UCLA,San Diego State,Big Ten,Pac-12,0,2026-09-12T23:15Z,reseed-2026-09-10:replay@2c54cc3,10.461017702119142,55.58756970350192,0.7253978800588788,-12.5,55.0,-11.5,-490.0,355.0,-2.0389822978808585,0.5875697035019201,False,False,True,-13.5,53.5,28.0,10.0,True,1.0,18.0,38.0
401858444,2026,2,UConn,Maryland,FBS Independents,Big Ten,0,2026-09-12T19:30Z,reseed-2026-09-10:replay@2c54cc3,-10.401719861840991,52.842061319923545,0.3511275391991898,12.0,52.5,12.5,360.0,-500.0,1.5982801381590086,0.3420613199235447,False,False,True,11.5,52.5,14.0,38.0,True,0.0,-24.0,52.0
401858445,2026,2,USC,Louisiana,Big Ten,Sun Belt,0,2026-09-13T03:00Z,reseed-2026-09-10:replay@2c54cc3+serve-capture,30.658133575911872,56.7,0.9533645354692206,-31.0,59.5,-31.0,,,-0.3418664240881277,-2.799999999999997,True,False,False,-31.0,58.5,49.0,30.0,True,1.0,19.0,79.0
401858446,2026,2,Washington,Utah State,Big Ten,Pac-12,0,2026-09-12T19:30Z,reseed-2026-09-10:replay@2c54cc3,25.137633846284444,53.45443036323656,0.9312252950509295,-26.5,55.5,-26.5,-5000.0,1300.0,-1.3623661537155556,-2.045569636763439,True,False,False,-28.5,55.5,16.0,14.0,True,1.0,2.0,30.0
401858447,2026,2,Wisconsin,Western Illinois,Big Ten,OVC,0,2026-09-12T23:15Z,reseed-2026-09-10:replay@2c54cc3,,,0.7485283618533912,,,,,,,,False,False,False,-43.0,53.0,36.0,9.0,True,1.0,27.0,45.0
401859184,2026,2,Notre Dame,Rice,FBS Independents,American Athletic,0,2026-09-12T19:30Z,reseed-2026-09-10:replay@2c54cc3+serve-capture,44.022312038572494,52.9,0.9811444731137428,-44.5,55.0,-44.5,,,-0.477687961427506,-2.1000000000000014,True,False,False,-45.0,54.5,52.0,0.0,True,1.0,52.0,52.0
401860881,2026,2,Boise State,Memphis,Pac-12,American Athletic,0,2026-09-12T22:00Z,reseed-2026-09-10:replay@2c54cc3,13.068791796035464,53.9192173740348,0.7924067339969937,-9.5,55.0,-7.5,-330.0,265.0,3.5687917960354643,-1.080782625965199,False,True,False,-9.0,54.5,38.0,20.0,True,1.0,18.0,58.0
401860882,2026,2,Colorado State,Southern Utah,Pac-12,Big Sky,0,2026-09-12T23:00Z,reseed-2026-09-10:replay@2c54cc3,,,0.7455591047987333,,,,,,,,False,False,False,-20.0,57.0,58.0,24.0,True,1.0,34.0,82.0
401860883,2026,2,Fresno State,Sacramento State,Pac-12,Mid-American,0,2026-09-13T02:30Z,reseed-2026-09-10:replay@2c54cc3,22.10165672042136,43.89909796760753,0.884564204133284,-17.5,45.0,-18.0,-1100.0,650.0,4.6016567204213565,-1.1009020323924688,False,True,False,-18.5,43.5,49.0,3.0,True,1.0,46.0,52.0
401860884,2026,2,Texas State,UTSA,Pac-12,American Athletic,0,2026-09-12T19:30Z,reseed-2026-09-10:replay@2c54cc3+serve-capture,6.2162459673703765,63.1,0.654906248423377,-1.5,66.0,1.0,-110.0,-110.0,4.7162459673703765,-2.8999999999999986,True,True,True,-1.5,65.5,26.0,31.0,True,0.0,-5.0,57.0
401862702,2026,2,Army,South Florida,American Athletic,American Athletic,0,2026-09-12T16:00Z,reseed-2026-09-10:replay@2c54cc3,0.106323713928071,50.35723171766556,0.5263848887458515,-3.5,47.0,-3.5,-175.0,150.0,-3.393676286071929,3.357231717665563,False,True,True,-3.0,45.5,24.0,28.0,True,0.0,-4.0,52.0
401862703,2026,2,Florida Atlantic,Navy,American Athletic,American Athletic,0,2026-09-12T23:30Z,reseed-2026-09-10:replay@2c54cc3,-1.5961502388705369,57.70208647868924,0.5063488796795139,5.0,58.5,5.5,185.0,-225.0,3.403849761129463,-0.7979135213107611,False,True,True,4.5,59.5,38.0,30.0,True,1.0,8.0,68.0
401862705,2026,2,North Texas,UNLV,American Athletic,Mountain West,0,2026-09-12T19:45Z,reseed-2026-09-10:replay@2c54cc3,-0.5748699391273684,55.001124607341104,0.474241525571638,3.5,57.0,4.5,160.0,-185.0,2.925130060872632,-1.998875392658896,False,False,True,2.5,58.0,44.0,6.0,True,1.0,38.0,50.0
401862707,2026,2,Sam Houston,Tulsa,Conference USA,American Athletic,0,2026-09-12T23:00Z,reseed-2026-09-10:replay@2c54cc3,-10.532884473617688,50.675218995946686,0.3347663140673696,13.5,51.5,13.5,425.0,-600.0,2.967115526382312,-0.8247810040533139,False,False,True,11.5,52.0,17.0,23.0,True,0.0,-6.0,40.0
401862708,2026,2,UAB,UL Monroe,American Athletic,Sun Belt,0,2026-09-12T19:30Z,reseed-2026-09-10:replay@2c54cc3,7.30113666304992,56.21200472309994,0.6426803214629209,-10.0,56.0,-10.5,-435.0,325.0,-2.69886333695008,0.2120047230999375,False,False,True,-9.0,53.5,26.0,20.0,True,1.0,6.0,46.0
401864500,2026,2,Nevada,Montana State,Mountain West,Big Sky,0,2026-09-13T02:30Z,reseed-2026-09-10:replay@2c54cc3,1.226914607568233,51.27170627244293,0.5880148378159863,4.5,49.5,,164.0,-198.0,5.726914607568233,1.7717062724429269,False,True,True,5.5,51.5,7.0,20.0,True,0.0,-13.0,27.0
401864502,2026,2,Air Force,North Dakota State,Mountain West,Mountain West,0,2026-09-13T02:00Z,reseed-2026-09-10:replay@2c54cc3,0.4532340749146146,48.44874923929834,0.5496027862424754,2.5,47.0,3.5,140.0,-165.0,2.953234074914614,1.448749239298337,False,False,True,2.0,48.5,32.0,38.0,True,0.0,-6.0,70.0
401864503,2026,2,Northern Illinois,Illinois State,Mountain West,MVFC,0,2026-09-12T23:00Z,reseed-2026-09-10:replay@2c54cc3,,,0.7258173902129771,,,,,,,,False,False,False,2.5,48.0,24.0,28.0,True,0.0,-4.0,52.0
401864504,2026,2,San José State,Cal Poly,Mountain West,Big Sky,0,2026-09-13T01:00Z,reseed-2026-09-10:replay@2c54cc3,,,0.6611112539403484,,,,,,,,False,False,False,-21.5,58.5,30.0,20.0,True,1.0,10.0,50.0
401864505,2026,2,UTEP,Texas Southern,Mountain West,SWAC,0,2026-09-13T01:00Z,reseed-2026-09-10:replay@2c54cc3,,,0.6293454214670297,,,,,,,,False,False,False,-27.0,53.5,51.0,10.0,True,1.0,41.0,61.0
401864506,2026,2,Wyoming,Northern Colorado,Mountain West,Big Sky,0,2026-09-12T20:00Z,reseed-2026-09-10:replay@2c54cc3,,,0.7224046369633897,,,,,,,,False,False,False,-23.5,44.0,21.0,13.0,True,1.0,8.0,34.0
401864571,2026,2,East Carolina,App State,American Athletic,Sun Belt,0,2026-09-12T16:00Z,reseed-2026-09-10:replay@2c54cc3,11.36418276070017,56.441226188674136,0.7310575207190035,-7.0,56.5,-8.0,-350.0,275.0,4.364182760700171,-0.0587738113258637,False,True,False,-6.5,56.0,24.0,27.0,True,0.0,-3.0,51.0
401864575,2026,2,Tulane,South Alabama,American Athletic,Sun Belt,0,2026-09-12T23:00Z,reseed-2026-09-10:replay@2c54cc3,9.005161670238788,48.34168304200638,0.6939480197352348,-8.5,49.5,-10.0,-420.0,315.0,0.5051616702387882,-1.1583169579936197,False,False,True,-9.5,47.5,28.0,24.0,True,1.0,4.0,52.0
401864578,2026,2,Hawai'i,New Mexico State,Mountain West,Conference USA,0,2026-09-13T03:59Z,reseed-2026-09-10:replay@2c54cc3,9.460615731150211,49.51360044404423,0.7318755115092771,-7.5,50.0,-10.0,-410.0,305.0,1.960615731150212,-0.4863995559557708,False,False,True,-7.5,50.0,29.0,19.0,True,1.0,10.0,48.0
401865252,2026,2,New Mexico,Mercyhurst,Mountain West,NEC,0,2026-09-12T20:00Z,reseed-2026-09-10:replay@2c54cc3,,,0.6754229069506549,,,,,,,,False,False,False,-42.0,54.5,70.0,7.0,True,1.0,63.0,77.0
401866412,2026,2,Akron,Robert Morris,Mid-American,NEC,0,2026-09-12T19:30Z,reseed-2026-09-10:replay@2c54cc3,,,0.6612520045668082,,,,,,,,False,False,False,-26.5,45.5,45.0,10.0,True,1.0,35.0,55.0
401866413,2026,2,Ball State,Stony Brook,Mid-American,Coastal Athletic,0,2026-09-12T18:00Z,reseed-2026-09-10:replay@2c54cc3,,,0.5787838698378835,,,,,,,,False,False,False,-13.5,53.0,41.0,17.0,True,1.0,24.0,58.0
401866414,2026,2,Florida International,Buffalo,Conference USA,Mid-American,0,2026-09-12T22:00Z,reseed-2026-09-10:replay@2c54cc3,11.74399361760268,46.70871845857911,0.7628981674489977,-10.0,47.5,-10.0,-415.0,310.0,1.7439936176026798,-0.7912815414208865,False,False,False,-9.0,47.5,33.0,20.0,True,1.0,13.0,53.0
401866415,2026,2,Central Michigan,Colgate,Mid-American,Patriot,0,2026-09-12T17:00Z,reseed-2026-09-10:replay@2c54cc3,,,0.6967053266612766,,,,,,,,False,False,False,-18.5,49.0,13.0,10.0,True,1.0,3.0,23.0
401866416,2026,2,Kent State,Wofford,Mid-American,Southern,0,2026-09-12T16:00Z,reseed-2026-09-10:replay@2c54cc3,,,0.6989640437795512,,,,,,,,False,False,False,-11.0,47.0,36.0,15.0,True,1.0,21.0,51.0
401866417,2026,2,Miami (OH),Holy Cross,Mid-American,Patriot,0,2026-09-12T17:00Z,reseed-2026-09-10:replay@2c54cc3,,,0.7066260097770604,,,,,,,,False,False,False,-30.5,47.0,45.0,7.0,True,1.0,38.0,52.0
401866418,2026,2,Ohio,Jacksonville State,Mid-American,Conference USA,0,2026-09-12T22:00Z,reseed-2026-09-10:replay@2c54cc3,4.83856232355502,50.08018907027517,0.6398001348052454,-2.5,50.5,-2.0,-125.0,105.0,2.33856232355502,-0.4198109297248322,False,False,True,-2.0,50.0,29.0,27.0,True,1.0,2.0,56.0
401866419,2026,2,Toledo,Central Connecticut,Mid-American,NEC,0,2026-09-12T19:30Z,reseed-2026-09-10:replay@2c54cc3,,,0.7005474363949389,,,,,,,,False,False,False,-36.5,52.5,63.0,10.0,True,1.0,53.0,73.0
401866420,2026,2,Massachusetts,Sacred Heart,Mid-American,Coastal Athletic,0,2026-09-12T19:30Z,reseed-2026-09-10:replay@2c54cc3,,,0.679358062510648,,,,,,,,False,False,False,-23.5,53.5,37.0,10.0,True,1.0,27.0,47.0
401866421,2026,2,Western Michigan,Monmouth,Mid-American,Coastal Athletic,0,2026-09-12T22:30Z,reseed-2026-09-10:replay@2c54cc3,,,0.6715587445988029,,,,,,,,False,False,False,-28.5,54.5,49.0,14.0,True,1.0,35.0,63.0
401867796,2026,2,LSU,Louisiana Tech,SEC,Sun Belt,0,2026-09-12T23:30Z,reseed-2026-09-10:replay@2c54cc3,36.45380981996685,58.280962166394055,0.9805886453146818,-35.0,56.0,-33.5,,,1.4538098199668497,2.2809621663940547,False,False,False,-35.0,55.0,45.0,14.0,True,1.0,31.0,59.0
401867929,2026,2,James Madison,Wagner,Sun Belt,NEC,0,2026-09-12T19:30Z,reseed-2026-09-10:replay@2c54cc3,,,0.7160120417287106,,,,,,,,False,False,False,-46.5,57.0,87.0,3.0,True,1.0,84.0,90.0
401868008,2026,2,Coastal Carolina,Fordham,Sun Belt,Patriot,0,2026-09-12T23:30Z,reseed-2026-09-10:replay@2c54cc3,,,0.6795734783365212,,,,,,,,False,False,False,-37.5,54.5,45.0,7.0,True,1.0,38.0,52.0
401868187,2026,2,Liberty,Gardner-Webb,Conference USA,OVC,0,2026-09-12T22:00Z,reseed-2026-09-10:replay@2c54cc3,,,0.6769729855525878,,,,,,,,False,False,False,-28.5,55.5,24.0,23.0,True,1.0,1.0,47.0
401868241,2026,2,Arkansas State,West Georgia,Sun Belt,UAC,0,2026-09-12T23:00Z,reseed-2026-09-10:replay@2c54cc3,,,0.6341826561745405,,,,,,,,False,False,False,-31.5,56.5,52.0,7.0,True,1.0,45.0,59.0
401868326,2026,2,Troy,Alabama State,Sun Belt,SWAC,0,2026-09-12T20:00Z,reseed-2026-09-10:replay@2c54cc3,,,0.7327907583339428,,,,,,,,False,False,False,-24.0,52.5,34.0,17.0,True,1.0,17.0,51.0
401869955,2026,2,Kennesaw State,Georgia State,Conference USA,Sun Belt,0,2026-09-12T23:00Z,reseed-2026-09-10:replay@2c54cc3,11.37456055107588,55.18108265646812,0.7266772171917137,-9.5,54.5,-9.0,-360.0,280.0,1.8745605510758807,0.6810826564681207,False,False,False,-7.5,55.5,17.0,31.0,True,0.0,-14.0,48.0
401871045,2026,2,Marshall,Middle Tennessee,Sun Belt,Conference USA,0,2026-09-12T23:00Z,reseed-2026-09-10:replay@2c54cc3,16.738355095612054,56.14622761482531,0.8338202717347059,-13.5,57.0,-14.0,-750.0,500.0,3.2383550956120537,-0.8537723851746932,False,True,False,-13.0,55.5,28.0,26.0,True,1.0,2.0,54.0
401871046,2026,2,Missouri State,Lindenwood,Conference USA,OVC,0,2026-09-12T23:00Z,reseed-2026-09-10:replay@2c54cc3,,,0.5716869962162897,,,,,,,,False,False,False,-17.0,53.0,48.0,14.0,True,1.0,34.0,62.0
401856685,2026,3,Alabama,Florida State,SEC,ACC,0,2026-09-19T19:30Z,reseed-2026-09-10:replay@2c54cc3,13.35160396073933,52.12260137950406,0.8034619867644732,-15.5,52.5,-15.5,-600.0,440.0,-2.1483960392606694,-0.3773986204959385,False,False,True,-18.5,50.0,50.0,36.0,True,1.0,14.0,86.0
401856686,2026,3,Arkansas,Georgia,SEC,SEC,0,2026-09-19T16:00Z,reseed-2026-09-10:replay@2c54cc3,,,0.3345786080900383,,,,,,,,False,False,False,24.5,55.0,17.0,45.0,True,0.0,-28.0,62.0
401856687,2026,3,Auburn,Florida,SEC,SEC,0,2026-09-19T23:00Z,reseed-2026-09-10:replay@2c54cc3,-0.5474451816894333,51.89013375768644,0.4827702529438586,1.5,53.5,-1.5,-108.0,-112.0,0.9525548183105668,-1.609866242313558,False,False,False,2.5,53.0,39.0,44.0,True,0.0,-5.0,83.0
401856688,2026,3,Ole Miss,LSU,SEC,SEC,0,2026-09-19T23:30Z,reseed-2026-09-10:replay@2c54cc3,7.143474772956484,57.96538829113314,0.6736917123118304,-1.5,57.5,-1.5,-130.0,110.0,5.643474772956484,0.4653882911331379,False,True,True,2.5,59.0,32.0,24.0,True,1.0,8.0,56.0
401856689,2026,3,Missouri,Troy,SEC,Sun Belt,0,2026-09-19T23:00Z,reseed-2026-09-10:replay@2c54cc3,,,0.6746502444431475,,,,,,,,False,False,False,-27.0,50.0,27.0,17.0,True,1.0,10.0,44.0
401856690,2026,3,Oklahoma,New Mexico,SEC,Mountain West,0,2026-09-19T23:30Z,reseed-2026-09-10:replay@2c54cc3,,,0.7853947686753175,,,,,,,,False,False,False,-21.0,45.5,14.0,6.0,True,1.0,8.0,20.0
401856691,2026,3,South Carolina,Mississippi State,SEC,SEC,0,2026-09-19T20:15Z,reseed-2026-09-10:replay@2c54cc3,,,0.7650715706310223,,,,,,,,False,False,False,-3.0,59.0,34.0,41.0,True,0.0,-7.0,75.0
401856692,2026,3,Tennessee,Kennesaw State,SEC,Conference USA,0,2026-09-19T23:45Z,reseed-2026-09-10:replay@2c54cc3,,,0.7673411880299321,,,,,,,,False,False,False,-35.5,61.0,42.0,9.0,True,1.0,33.0,51.0
401856693,2026,3,Texas,UTSA,SEC,American Athletic,0,2026-09-20T00:00Z,reseed-2026-09-10:replay@2c54cc3,,,0.8149883788412098,,,,,,,,False,False,False,-30.0,58.0,30.0,6.0,True,1.0,24.0,36.0
401856694,2026,3,Texas A&M,Kentucky,SEC,SEC,0,2026-09-19T19:30Z,reseed-2026-09-10:replay@2c54cc3,,,0.7482850029749661,,,,,,,,False,False,False,-16.5,48.5,21.0,31.0,True,0.0,-10.0,52.0
401856695,2026,3,Vanderbilt,NC State,SEC,ACC,0,2026-09-19T16:45Z,reseed-2026-09-10:replay@2c54cc3,,,0.3560148924571552,,,,,,,,False,False,False,-3.0,50.5,35.0,31.0,True,1.0,4.0,66.0
401856792,2026,3,Kansas State,Tulane,Big 12,American Athletic,0,2026-09-19T16:00Z,reseed-2026-09-10:replay@2c54cc3,,,0.7049520097531141,,,,,,,,False,False,False,-20.5,49.5,31.0,20.0,True,1.0,11.0,51.0
401856793,2026,3,Arizona,Northern Illinois,Big 12,Mountain West,0,2026-09-20T02:30Z,reseed-2026-09-10:replay@2c54cc3,,,0.6477991429336769,,,,,,,,False,False,False,-34.5,50.0,42.0,17.0,True,1.0,25.0,59.0
401856795,2026,3,Colorado State,BYU,Pac-12,Big 12,0,2026-09-19T23:30Z,reseed-2026-09-10:replay@2c54cc3,,,0.6169794328347213,,,,,,,,False,False,False,17.5,54.0,23.0,41.0,True,0.0,-18.0,64.0
401856796,2026,3,Northwestern,Colorado,Big Ten,Big 12,0,2026-09-19T23:30Z,reseed-2026-09-10:replay@2c54cc3,,,0.7343251804628306,,,,,,,,False,False,False,-3.5,48.0,41.0,7.0,True,1.0,34.0,48.0
401856797,2026,3,Cincinnati,Miami (OH),Big 12,Mid-American,0,2026-09-19T19:30Z,reseed-2026-09-10:replay@2c54cc3,,,0.4910057086534841,,,,,,,,False,False,False,-14.5,50.0,35.0,31.0,True,1.0,4.0,66.0
401856798,2026,3,Iowa State,Bowling Green,Big 12,Mid-American,0,2026-09-19T16:00Z,reseed-2026-09-10:replay@2c54cc3,,,0.7010274114842654,,,,,,,,False,False,False,-23.0,43.5,55.0,7.0,True,1.0,48.0,62.0
401856799,2026,3,TCU,Arkansas State,Big 12,Sun Belt,0,2026-09-20T00:00Z,reseed-2026-09-10:replay@2c54cc3,,,0.4284151791213619,,,,,,,,False,False,False,-19.5,56.0,31.0,7.0,True,1.0,24.0,38.0
401856800,2026,3,UCF,Georgia State,Big 12,Sun Belt,0,2026-09-19T23:00Z,reseed-2026-09-10:replay@2c54cc3,,,0.7089725796626747,,,,,,,,False,False,False,-17.5,50.0,44.0,30.0,True,1.0,14.0,74.0
401856801,2026,3,Utah,Utah State,Big 12,Pac-12,0,2026-09-19T19:30Z,reseed-2026-09-10:replay@2c54cc3,,,0.6524673291810275,,,,,,,,False,False,False,-26.0,56.0,33.0,0.0,True,1.0,33.0,33.0
401856802,2026,3,Virginia,West Virginia,ACC,Big 12,1,2026-09-19T23:30Z,reseed-2026-09-10:replay@2c54cc3,,,0.4612740519478189,,,,,,,,False,False,False,-11.0,51.5,27.0,38.0,True,0.0,-11.0,65.0
401856803,2026,3,Oklahoma State,Murray State,Big 12,MVFC,0,2026-09-19T23:00Z,reseed-2026-09-10:replay@2c54cc3,,,0.7725637923736295,,,,,,,,False,False,False,-55.5,70.0,59.0,0.0,True,1.0,59.0,59.0
401856811,2026,3,Texas Tech,Houston,Big 12,Big 12,0,2026-09-19T00:00Z,reseed-2026-09-10:replay@2c54cc3,10.249236901790448,,0.6977835345747598,-13.5,,-13.5,,,-3.250763098209552,,False,True,False,-8.5,52.5,28.0,26.0,True,1.0,2.0,54.0
401856812,2026,3,Kansas,Arizona State,Big 12,Big 12,1,2026-09-19T16:00Z,reseed-2026-09-10:replay@2c54cc3,,,0.5033844666567979,,,,,,,,False,False,False,5.0,51.0,17.0,24.0,True,0.0,-7.0,41.0
401858225,2026,3,Pittsburgh,Syracuse,ACC,ACC,0,2026-09-17T23:30Z,reseed-2026-09-10:replay@2c54cc3,,,0.7445671595509202,,,,,,,,False,False,False,-11.0,51.5,27.0,13.0,True,1.0,14.0,40.0
401858226,2026,3,Wake Forest,Miami,ACC,ACC,0,2026-09-18T23:30Z,reseed-2026-09-10:replay@2c54cc3,,,0.539292966915649,,,,,,,,False,False,False,20.0,56.0,20.0,33.0,True,0.0,-13.0,53.0
401858227,2026,3,Boston College,Maine,ACC,Coastal Athletic,0,2026-09-19T18:00Z,reseed-2026-09-10:replay@2c54cc3,,,0.7895919250524384,,,,,,,,False,False,False,-37.5,54.5,22.0,16.0,True,1.0,6.0,38.0
401858228,2026,3,Georgia Tech,Mercer,ACC,Southern,0,2026-09-19T16:00Z,reseed-2026-09-10:replay@2c54cc3,,,0.7151425793197783,,,,,,,,False,False,False,-38.5,57.5,44.0,11.0,True,1.0,33.0,55.0
401858229,2026,3,Clemson,North Carolina,ACC,ACC,0,2026-09-19T16:00Z,reseed-2026-09-10:replay@2c54cc3,,,0.5872596332258919,,,,,,,,False,False,False,-3.0,44.5,28.0,20.0,True,1.0,8.0,48.0
401858230,2026,3,Louisville,SMU,ACC,ACC,0,2026-09-19T19:30Z,reseed-2026-09-10:replay@2c54cc3,3.29671797548562,58.21778102466696,0.55197983124979,-1.5,56.5,-1.5,-115.0,-105.0,1.79671797548562,1.7177810246669625,False,False,False,-3.0,57.5,41.0,31.0,True,1.0,10.0,72.0
401858231,2026,3,Duke,Stanford,ACC,ACC,0,2026-09-19T20:00Z,reseed-2026-09-10:replay@2c54cc3,,,0.4924258179048466,,,,,,,,False,False,False,-10.0,51.5,35.0,7.0,True,1.0,28.0,42.0
401858232,2026,3,Maryland,Virginia Tech,Big Ten,ACC,0,2026-09-19T23:30Z,reseed-2026-09-10:replay@2c54cc3,,,0.6660726538792909,,,,,,,,False,False,False,2.5,53.0,26.0,35.0,True,0.0,-9.0,61.0
401858233,2026,3,California,Wagner,ACC,NEC,0,2026-09-19T19:30Z,reseed-2026-09-10:replay@2c54cc3,,,0.7340946690691734,,,,,,,,False,False,False,-57.5,65.0,49.0,7.0,True,1.0,42.0,56.0
401858448,2026,3,Illinois,Southern Illinois,Big Ten,MVFC,0,2026-09-19T18:00Z,reseed-2026-09-10:replay@2c54cc3,,,0.7661295304028877,,,,,,,,False,False,False,-35.0,55.5,48.0,10.0,True,1.0,38.0,58.0
401858449,2026,3,Indiana,Western Kentucky,Big Ten,Conference USA,0,2026-09-19T20:00Z,reseed-2026-09-10:replay@2c54cc3,,,0.5155608169246998,,,,,,,,False,False,False,-45.0,59.0,38.0,0.0,True,1.0,38.0,38.0
401858450,2026,3,Michigan,UTEP,Big Ten,Mountain West,0,2026-09-19T19:30Z,reseed-2026-09-10:replay@2c54cc3,,,0.7632849128254637,,,,,,,,False,False,False,-34.5,48.5,52.0,17.0,True,1.0,35.0,69.0
401858451,2026,3,Minnesota,Akron,Big Ten,Mid-American,0,2026-09-19T16:00Z,reseed-2026-09-10:replay@2c54cc3,,,0.6250576740299594,,,,,,,,False,False,False,-22.5,48.5,41.0,7.0,True,1.0,34.0,48.0
401858452,2026,3,Nebraska,North Dakota,Big Ten,MVFC,0,2026-09-19T23:15Z,reseed-2026-09-10:replay@2c54cc3,,,0.7785837564944336,,,,,,,,False,False,False,-27.0,56.5,34.0,7.0,True,1.0,27.0,41.0
401858453,2026,3,Notre Dame,Michigan State,FBS Independents,Big Ten,0,2026-09-19T23:30Z,reseed-2026-09-10:replay@2c54cc3,,,0.6750301306050275,,,,,,,,False,False,False,-29.0,51.5,27.0,10.0,True,1.0,17.0,37.0
401858454,2026,3,Ohio State,Kent State,Big Ten,Mid-American,0,2026-09-19T16:00Z,reseed-2026-09-10:replay@2c54cc3,,,0.629139929949905,,,,,,,,False,False,False,-52.0,59.0,59.0,3.0,True,1.0,56.0,62.0
401858455,2026,3,Oregon,Portland State,Big Ten,Big Sky,0,2026-09-19T02:30Z,reseed-2026-09-10:replay@2c54cc3,,,0.8466440648511866,,,,,,,,False,False,False,-58.5,71.5,84.0,0.0,True,1.0,84.0,84.0
401858456,2026,3,Penn State,Buffalo,Big Ten,Mid-American,0,2026-09-19T16:00Z,reseed-2026-09-10:replay@2c54cc3,,,0.7241098618045116,,,,,,,,False,False,False,-40.0,48.0,55.0,13.0,True,1.0,42.0,68.0
401858457,2026,3,Rutgers,USC,Big Ten,Big Ten,0,2026-09-19T19:30Z,reseed-2026-09-10:replay@2c54cc3,,,0.5337472795246381,,,,,,,,False,False,False,21.0,58.5,35.0,42.0,True,0.0,-7.0,77.0
401858458,2026,3,UCLA,Purdue,Big Ten,Big Ten,0,2026-09-20T03:00Z,reseed-2026-09-10:replay@2c54cc3,,,0.7203657609012728,,,,,,,,False,False,False,-13.5,52.5,52.0,38.0,True,1.0,14.0,90.0
401858459,2026,3,Washington,Eastern Washington,Big Ten,Big Sky,0,2026-09-19T23:15Z,reseed-2026-09-10:replay@2c54cc3,,,0.7747402357064184,,,,,,,,False,False,False,-43.5,59.0,48.0,16.0,True,1.0,32.0,64.0
401858460,2026,3,Wisconsin,Eastern Michigan,Big Ten,Mid-American,0,2026-09-19T16:30Z,reseed-2026-09-10:replay@2c54cc3,,,0.678039548924168,,,,,,,,False,False,False,-23.5,44.0,54.0,10.0,True,1.0,44.0,64.0
401858471,2026,3,Iowa,Northern Iowa,Big Ten,MVFC,0,2026-09-19T20:00Z,reseed-2026-09-10:replay@2c54cc3,,,0.7964919313752201,,,,,,,,False,False,False,-37.5,49.0,55.0,0.0,True,1.0,55.0,55.0
401860885,2026,3,Boise State,South Dakota,Pac-12,MVFC,0,2026-09-20T02:00Z,reseed-2026-09-10:replay@2c54cc3,,,0.7685011226212146,,,,,,,,False,False,False,-28.0,60.5,38.0,24.0,True,1.0,14.0,62.0
401860886,2026,3,Oregon State,Montana,Pac-12,Big Sky,0,2026-09-20T03:00Z,reseed-2026-09-10:replay@2c54cc3,,,0.7769158413557058,,,,,,,,False,False,False,-17.5,56.0,52.0,17.0,True,1.0,35.0,69.0
401860887,2026,3,San Diego State,James Madison,Pac-12,Sun Belt,0,2026-09-20T02:00Z,reseed-2026-09-10:replay@2c54cc3,,,0.7888323412852156,,,,,,,,False,False,False,-3.0,46.5,13.0,26.0,True,0.0,-13.0,39.0
401860888,2026,3,San José State,Fresno State,Mountain West,Pac-12,0,2026-09-20T03:00Z,reseed-2026-09-10:replay@2c54cc3,,,0.3256250158324374,,,,,,,,False,False,False,4.0,47.5,10.0,26.0,True,0.0,-16.0,36.0
401860889,2026,3,Texas State,North Texas,Pac-12,American Athletic,0,2026-09-19T16:00Z,reseed-2026-09-10:replay@2c54cc3,,,0.6078476293520734,,,,,,,,False,False,False,-3.0,62.5,49.0,35.0,True,1.0,14.0,84.0
401860890,2026,3,Washington State,Duquesne,Pac-12,NEC,0,2026-09-19T19:30Z,reseed-2026-09-10:replay@2c54cc3,,,0.7941903327173114,,,,,,,,False,False,False,-38.5,52.5,48.0,7.0,True,1.0,41.0,55.0
401861963,2026,3,Southern Miss,UConn,Sun Belt,FBS Independents,0,2026-09-19T23:00Z,reseed-2026-09-10:replay@2c54cc3,,,0.7866665383323714,,,,,,,,False,False,False,3.5,54.5,20.0,48.0,True,0.0,-28.0,68.0
401862710,2026,3,Old Dominion,East Carolina,Sun Belt,American Athletic,0,2026-09-19T22:00Z,reseed-2026-09-10:replay@2c54cc3,,,0.4405370213650439,,,,,,,,False,False,False,-2.5,49.0,17.0,20.0,True,0.0,-3.0,37.0
401862771,2026,3,Florida Atlantic,Florida International,American Athletic,Conference USA,0,2026-09-19T22:00Z,reseed-2026-09-10:replay@2c54cc3,,,0.5531002194083772,,,,,,,,False,False,False,-5.0,62.0,16.0,10.0,True,1.0,6.0,26.0
401862772,2026,3,Memphis,UT Martin,American Athletic,OVC,0,2026-09-19T23:00Z,reseed-2026-09-10:replay@2c54cc3,,,0.7921816496717708,,,,,,,,False,False,False,-33.5,59.0,45.0,21.0,True,1.0,24.0,66.0
401862773,2026,3,Rice,Western Michigan,American Athletic,Mid-American,0,2026-09-19T23:00Z,reseed-2026-09-10:replay@2c54cc3,,,0.410158223449613,,,,,,,,False,False,False,8.5,43.5,21.0,28.0,True,0.0,-7.0,49.0
401862774,2026,3,Toledo,Temple,Mid-American,American Athletic,0,2026-09-19T19:00Z,reseed-2026-09-10:replay@2c54cc3,,,0.7250769524477756,,,,,,,,False,False,False,-5.0,48.5,49.0,48.0,True,1.0,1.0,97.0
401862775,2026,3,Tulsa,East Texas A&M,American Athletic,Southland,0,2026-09-20T00:00Z,reseed-2026-09-10:replay@2c54cc3,,,0.7272497222379752,,,,,,,,False,False,False,-41.0,56.0,42.0,0.0,True,1.0,42.0,42.0
401862776,2026,3,Louisiana,UAB,Sun Belt,American Athletic,0,2026-09-20T00:00Z,reseed-2026-09-10:replay@2c54cc3,,,0.6108114991108882,,,,,,,,False,False,False,-7.0,55.5,21.0,14.0,True,1.0,7.0,35.0
401862777,2026,3,South Florida,Delaware State,American Athletic,MEAC,0,2026-09-19T23:00Z,reseed-2026-09-10:replay@2c54cc3,,,0.7738707619554539,,,,,,,,False,False,False,-37.5,60.5,59.0,17.0,True,1.0,42.0,76.0
401864443,2026,3,Middle Tennessee,Nevada,Conference USA,Mountain West,0,2026-09-19T23:00Z,reseed-2026-09-10:replay@2c54cc3,,,0.621649337819739,,,,,,,,False,False,False,4.0,50.5,27.0,20.0,True,1.0,7.0,47.0
401864507,2026,3,Sacramento State,North Dakota State,Mid-American,Mountain West,0,2026-09-20T02:30Z,reseed-2026-09-10:replay@2c54cc3,,,0.6558599995648469,,,,,,,,False,False,False,24.5,50.5,10.0,31.0,True,0.0,-21.0,41.0
401864508,2026,3,Central Michigan,Wyoming,Mid-American,Mountain West,0,2026-09-19T17:00Z,reseed-2026-09-10:replay@2c54cc3,,,0.523514155860789,,,,,,,,False,False,False,2.0,40.0,24.0,10.0,True,1.0,14.0,34.0
401864574,2026,3,App State,Charlotte,Sun Belt,American Athletic,0,2026-09-19T22:00Z,reseed-2026-09-10:replay@2c54cc3,,,0.5348386896756406,,,,,,,,False,False,False,-16.0,52.5,26.0,21.0,True,1.0,5.0,47.0
401866422,2026,3,Liberty,Ball State,Conference USA,Mid-American,0,2026-09-19T20:00Z,reseed-2026-09-10:replay@2c54cc3,,,0.4090271324792811,,,,,,,,False,False,False,-14.5,49.0,51.0,15.0,True,1.0,36.0,66.0
401866423,2026,3,South Alabama,Ohio,Sun Belt,Mid-American,0,2026-09-19T23:00Z,reseed-2026-09-10:replay@2c54cc3,,,0.456120056408734,,,,,,,,False,False,False,-7.0,50.0,41.0,36.0,True,1.0,5.0,77.0
401866424,2026,3,Massachusetts,Stonehill,Mid-American,NEC,0,2026-09-19T19:30Z,reseed-2026-09-10:replay@2c54cc3,,,0.7120072646467246,,,,,,,,False,False,False,-31.0,51.0,36.0,14.0,True,1.0,22.0,50.0
401867804,2026,3,Baylor,Louisiana Tech,Big 12,Sun Belt,0,2026-09-19T20:00Z,reseed-2026-09-10:replay@2c54cc3,,,0.7110060677097028,,,,,,,,False,False,False,-20.0,50.0,36.0,19.0,True,1.0,17.0,55.0
401868317,2026,3,UL Monroe,SE Louisiana,Sun Belt,Southland,0,2026-09-19T20:30Z,reseed-2026-09-10:replay@2c54cc3,,,0.6951878122967738,,,,,,,,False,False,False,-10.0,48.0,35.0,38.0,True,0.0,-3.0,73.0
401869940,2026,3,Delaware,Coastal Carolina,Conference USA,Sun Belt,0,2026-09-19T15:30Z,reseed-2026-09-10:replay@2c54cc3,,,0.6956550689624896,,,,,,,,False,False,False,-5.5,56.5,22.0,14.0,True,1.0,8.0,36.0
401869948,2026,3,Jacksonville State,Georgia Southern,Conference USA,Sun Belt,0,2026-09-19T23:00Z,reseed-2026-09-10:replay@2c54cc3,,,0.7390716984965127,,,,,,,,False,False,False,-3.5,51.0,31.0,27.0,True,1.0,4.0,58.0
401870764,2026,3,Sam Houston,Nicholls,Conference USA,Southland,0,2026-09-19T23:00Z,reseed-2026-09-10:replay@2c54cc3,,,0.7059365158055542,,,,,,,,False,False,False,-21.0,51.5,59.0,0.0,True,1.0,59.0,59.0
401871047,2026,3,Missouri State,Marshall,Conference USA,Sun Belt,0,2026-09-19T22:30Z,reseed-2026-09-10:replay@2c54cc3,,,0.2415841330688155,,,,,,,,False,False,False,4.0,52.5,24.0,30.0,True,0.0,-6.0,54.0
401856696,2026,4,Alabama,South Carolina,SEC,SEC,0,2026-09-26T23:00:00.000Z,2026-09-24T18:13:47+00:00,10.723910859058133,54.49290771517309,0.7219490100075501,-12.5,53.5,,-515.0,380.0,-1.7760891409418669,0.9929077151730894,False,False,True,,,,,,,,
401856697,2026,4,Arkansas,Tulsa,SEC,American Athletic,0,2026-09-27T00:00:00.000Z,2026-09-24T18:13:47+00:00,6.926350108740672,49.339660762204446,0.6629674882926384,-7.0,50.5,,-275.0,225.0,-0.07364989125932819,-1.1603392377955544,False,False,True,,,,,,,,
401856698,2026,4,Auburn,Vanderbilt,SEC,SEC,0,2026-09-26T20:15:00.000Z,2026-09-24T18:13:47+00:00,13.48488245156662,53.30063158133451,0.7595894540428555,-9.5,55.0,,-360.0,285.0,3.9848824515666195,-1.6993684186654932,False,True,False,,,,,,,,
401856699,2026,4,Florida,Ole Miss,SEC,SEC,0,2026-09-26T19:30:00.000Z,2026-09-24T18:13:47+00:00,2.3810796378743353,59.580477667365365,0.5783374442493292,-3.5,59.0,,-165.0,139.0,-1.1189203621256647,0.5804776673653649,False,False,False,,,,,,,,
401856700,2026,4,Georgia,Oklahoma,SEC,SEC,0,2026-09-26T19:30:00.000Z,2026-09-24T18:13:47+00:00,12.24451826174636,43.04826433248899,0.7753583404143025,-14.0,44.5,,-600.0,440.0,-1.7554817382536392,-1.4517356675110094,False,False,True,,,,,,,,
401856702,2026,4,LSU,Texas A&M,SEC,SEC,0,2026-09-26T23:30:00.000Z,2026-09-24T18:13:47+00:00,6.9109644159403505,50.990096893090715,0.6321006693506697,-8.5,51.5,,-360.0,280.0,-1.5890355840596495,-0.5099031069092845,False,False,True,,,,,,,,
401856703,2026,4,Mississippi State,Missouri,SEC,SEC,0,2026-09-26T23:45:00.000Z,2026-09-24T18:13:47+00:00,6.897305953249537,57.06479484204418,0.6334571086521501,-6.0,58.5,,-225.0,186.0,0.8973059532495373,-1.4352051579558207,False,False,True,,,,,,,,
401856704,2026,4,Tennessee,Texas,SEC,SEC,0,2026-09-26T16:00:00.000Z,2026-09-24T18:13:47+00:00,-5.522673383196967,55.78664878931414,0.39056684823887866,4.0,55.5,,160.0,-192.0,-1.5226733831969668,0.2866487893141425,False,False,False,,,,,,,,
401856804,2026,4,Washington State,Arizona,Pac-12,Big 12,0,2026-09-26T23:30:00.000Z,2026-09-24T18:13:47+00:00,-8.897137222508062,46.5305488419493,0.39436152884744247,10.5,48.5,,327.0,-420.0,1.6028627774919375,-1.9694511580507026,False,False,True,,,,,,,,
401856805,2026,4,Texas Tech,Sam Houston,Big 12,Conference USA,0,2026-09-26T16:00:00.000Z,2026-09-24T18:13:47+00:00,34.15607165095168,57.389248165327,0.9306250410236573,-34.5,55.5,,-25000.0,4000.0,-0.34392834904831915,1.8892481653269968,False,False,True,,,,,,,,
401856806,2026,4,Georgia Southern,Houston,Sun Belt,Big 12,0,2026-09-26T20:00:00.000Z,2026-09-24T18:13:47+00:00,-19.667724060237678,56.389039816186255,0.18365699983556624,18.5,56.5,,661.0,-1050.0,-1.1677240602376777,-0.11096018381374506,False,False,True,,,,,,,,
401856813,2026,4,Baylor,Colorado,Big 12,Big 12,0,2026-09-26T16:00:00.000Z,2026-09-24T18:13:47+00:00,9.438168342492746,54.67553667518074,0.6970235575479862,-10.0,55.5,,-380.0,300.0,-0.5618316575072537,-0.8244633248192628,False,False,True,,,,,,,,
401856814,2026,4,Cincinnati,Kansas State,Big 12,Big 12,0,2026-09-26T23:00:00.000Z,2026-09-24T18:13:47+00:00,-6.256116704473146,54.92135799473657,0.38796841696012696,6.5,55.5,,191.0,-235.0,0.24388329552685395,-0.5786420052634327,False,False,True,,,,,,,,
401856815,2026,4,UCF,TCU,Big 12,Big 12,0,2026-09-26T19:30:00.000Z,2026-09-24T18:13:47+00:00,-2.1350695549005696,48.95017058192876,0.4824608730647846,3.0,48.5,,130.0,-155.0,0.8649304450994304,0.45017058192875936,False,False,True,,,,,,,,
401856816,2026,4,Iowa State,Utah,Big 12,Big 12,0,2026-09-26T19:30:00.000Z,2026-09-24T18:13:47+00:00,-8.5592430648016,47.272590789166415,0.33611684578998025,8.0,48.0,,270.0,-335.0,-0.5592430648015991,-0.727409210833585,False,False,True,,,,,,,,
401856881,2026,4,West Virginia,Oklahoma State,Big 12,Big 12,0,2026-09-26T23:00:00.000Z,2026-09-24T18:13:47+00:00,4.3926006050802995,61.38409180085979,0.6046578588538012,-1.5,60.0,,-125.0,104.0,2.8926006050802995,1.3840918008597924,False,False,True,,,,,,,,
401858234,2026,4,California,Clemson,ACC,ACC,0,2026-09-26T02:30:00.000Z,2026-09-24T18:13:47+00:00,0.03914603619792456,49.38505031376077,0.49747682802836835,1.0,50.5,,-106.0,-115.0,1.0391460361979246,-1.1149496862392283,False,False,False,,,,,,,,
401858236,2026,4,Pittsburgh,Bucknell,ACC,Patriot,0,2026-09-26T16:00:00.000Z,2026-09-24T18:13:47+00:00,54.30312138954101,63.4257155103291,0.9713041773793183,-52.5,63.0,,,,1.8031213895410119,0.4257155103290984,False,False,False,,,,,,,,
401858237,2026,4,Florida State,Central Arkansas,ACC,UAC,0,2026-09-26T19:00:00.000Z,2026-09-24T18:13:47+00:00,47.0230887902704,61.705322510082354,0.9542972787945907,-45.5,61.5,,,,1.5230887902703998,0.20532251008235392,False,False,False,,,,,,,,
401858238,2026,4,Miami,Central Michigan,ACC,Mid-American,0,2026-09-26T22:30:00.000Z,2026-09-24T18:13:47+00:00,39.045400445883736,55.064980605679885,0.9527789502870287,-41.5,54.0,,,,-2.454599554116264,1.0649806056798852,False,False,False,,,,,,,,
401858239,2026,4,Virginia,Delaware,ACC,Conference USA,0,2026-09-26T22:00:00.000Z,2026-09-24T18:13:47+00:00,15.66066727500548,51.54704411237963,0.8061669826131971,-19.5,52.5,,-1400.0,836.0,-3.83933272499452,-0.9529558876203694,False,True,True,,,,,,,,
401858240,2026,4,Stanford,Georgia Tech,ACC,ACC,0,2026-09-27T02:30:00.000Z,2026-09-24T18:13:47+00:00,-1.4053385503948546,48.981019871736315,0.49601696964338626,3.5,48.0,,145.0,-175.0,2.0946614496051454,0.981019871736315,False,False,True,,,,,,,,
401858241,2026,4,SMU,Missouri State,ACC,Conference USA,0,2026-09-27T01:00:00.000Z,2026-09-24T18:13:47+00:00,33.28889890897312,59.54668212771941,0.9475176500050991,-34.5,59.5,,-12500.0,2650.0,-1.2111010910268831,0.04668212771940716,False,False,True,,,,,,,,
401858242,2026,4,Boston College,Virginia Tech,ACC,ACC,0,2026-09-26T16:00:00.000Z,2026-09-24T18:13:47+00:00,-11.647920354114161,48.954580393405,0.31382992474098564,14.0,47.5,,440.0,-625.0,2.352079645885839,1.4545803934050028,False,False,True,,,,,,,,
401858243,2026,4,Louisville,Wake Forest,ACC,ACC,0,2026-09-26T16:00:00.000Z,2026-09-24T18:13:47+00:00,14.5139139387523,59.11648093743229,0.7704291522618018,-13.5,57.0,,-550.0,409.0,1.0139139387522995,2.116480937432293,False,False,True,,,,,,,,
401858244,2026,4,Duke,William & Mary,ACC,Patriot,0,2026-09-26T19:30:00.000Z,2026-09-24T18:13:47+00:00,46.786413530481006,61.88408215839487,0.9674883290424876,-43.5,61.5,-43.5,,,3.2864135304810063,0.38408215839486815,False,True,False,,,,,,,,
401858461,2026,4,Indiana,Northwestern,Big Ten,Big Ten,0,2026-09-26T00:00:00.000Z,2026-09-24T18:13:47+00:00,19.357517326188148,48.64654781035567,0.7984552628237973,-21.0,49.5,,-1800.0,1000.0,-1.6424826738118519,-0.8534521896443295,False,False,True,,,,,,,,
401858462,2026,4,Maryland,UCLA,Big Ten,Big Ten,0,2026-09-26T17:30:00.000Z,2026-09-24T18:13:47+00:00,-1.598956666002164,58.24128344420579,0.4723905334311639,1.5,56.5,,100.0,-120.0,-0.0989566660021639,1.7412834442057914,False,False,False,,,,,,,,
401858463,2026,4,Michigan,Iowa,Big Ten,Big Ten,0,2026-09-26T19:30:00.000Z,2026-09-24T18:13:47+00:00,5.509839013881566,37.17835722381058,0.6312353767338235,-5.5,38.5,,-218.0,180.0,0.009839013881565606,-1.321642776189421,False,False,False,,,,,,,,
401858464,2026,4,Michigan State,Nebraska,Big Ten,Big Ten,0,2026-09-26T21:00:00.000Z,2026-09-24T18:13:47+00:00,-2.870085887406126,49.38619469694234,0.45214826891774523,5.5,48.5,,183.0,-218.0,2.629914112593874,0.88619469694234,False,False,True,,,,,,,,
401858465,2026,4,Ohio State,Illinois,Big Ten,Big Ten,0,2026-09-26T16:00:00.000Z,2026-09-24T18:13:47+00:00,24.269868890234086,52.28819746440353,0.9180825172463714,-27.0,53.5,,-5000.0,1575.0,-2.7301311097659138,-1.211802535596469,False,False,True,,,,,,,,
401858466,2026,4,Penn State,Wisconsin,Big Ten,Big Ten,0,2026-09-26T21:00:00.000Z,2026-09-24T18:13:47+00:00,10.735697910323212,44.45275029930854,0.6883115763269037,-10.0,44.5,,-400.0,312.0,0.7356979103232124,-0.047249700691459395,False,False,True,,,,,,,,
401858467,2026,4,Purdue,Notre Dame,Big Ten,FBS Independents,0,2026-09-26T18:00:00.000Z,2026-09-24T18:13:47+00:00,-25.103979624988508,56.07544106005203,0.20809129431747378,28.0,58.0,,1601.0,-6200.0,2.896020375011492,-1.9245589399479712,False,False,True,,,,,,,,
401858468,2026,4,Rutgers,Howard,Big Ten,MEAC,0,2026-09-25T23:00:00.000Z,2026-09-24T18:13:47+00:00,46.35876047443373,54.997980568830414,0.9606064907984089,-43.5,55.5,,,,2.85876047443373,-0.502019431169586,False,False,False,,,,,,,,
401858469,2026,4,USC,Oregon,Big Ten,Big Ten,0,2026-09-26T23:30:00.000Z,2026-09-24T18:13:47+00:00,-1.2044091962591907,62.19731311551794,0.4932632597300578,3.0,62.5,,130.0,-160.0,1.7955908037408093,-0.30268688448205694,False,False,True,,,,,,,,
401858470,2026,4,Washington,Minnesota,Big Ten,Big Ten,0,2026-09-27T03:00:00.000Z,2026-09-24T18:13:47+00:00,7.6967795467828495,44.06289143328911,0.6368309524676969,-10.0,46.0,,-380.0,303.0,-2.3032204532171505,-1.93710856671089,False,False,True,,,,,,,,
401860891,2026,4,Fresno State,Rice,Pac-12,American Athletic,0,2026-09-27T02:00:00.000Z,2026-09-24T18:13:47+00:00,11.331828579250018,45.066053846540676,0.707673860609749,-13.5,44.5,,-560.0,425.0,-2.1681714207499816,0.5660538465406759,False,False,True,,,,,,,,
401860892,2026,4,Texas State,Incarnate Word,Pac-12,Southland,0,2026-09-26T22:00:00.000Z,2026-09-24T18:13:47+00:00,31.75880201020571,65.2801844355076,0.939828771710929,-30.5,65.0,,-5500.0,1800.0,1.2588020102057094,0.2801844355076071,False,False,True,,,,,,,,
401860893,2026,4,Toledo,San Diego State,Mid-American,Pac-12,0,2026-09-26T16:00:00.000Z,2026-09-24T18:13:47+00:00,0.9016973373724646,51.316280537272945,0.5200603291040492,-3.0,51.5,,-147.0,124.0,-2.0983026626275354,-0.18371946272705486,False,False,True,,,,,,,,
401860894,2026,4,Utah State,Troy,Pac-12,Sun Belt,0,2026-09-26T23:30:00.000Z,2026-09-24T18:13:47+00:00,4.932608087649701,46.99692335287907,0.6246199699047342,-3.0,47.0,,-145.0,125.0,1.932608087649701,-0.003076647120927589,False,False,True,,,,,,,,
401860895,2026,4,UTEP,Oregon State,Mountain West,Pac-12,0,2026-09-27T01:00:00.000Z,2026-09-24T18:13:47+00:00,-11.043751506385677,59.124487845351695,0.29382679944265155,10.5,56.0,,350.0,-455.0,-0.5437515063856768,3.1244878453516947,False,False,True,,,,,,,,
401860896,2026,4,UTSA,Colorado State,American Athletic,Pac-12,0,2026-09-26T16:00:00.000Z,2026-09-24T18:13:47+00:00,12.663116380404922,59.340391528199106,0.7502105145037803,-13.5,58.0,,-550.0,415.0,-0.8368836195950777,1.3403915281991061,False,False,True,,,,,,,,
401860897,2026,4,Western Michigan,Boise State,Mid-American,Pac-12,0,2026-09-26T19:30:00.000Z,2026-09-24T18:13:47+00:00,-6.268366962958199,50.057692380494764,0.42180440565885735,7.0,49.5,,237.0,-290.0,0.7316330370418012,0.557692380494764,False,False,True,,,,,,,,
401861970,2026,4,Miami (OH),UConn,Mid-American,FBS Independents,0,2026-09-26T19:30:00.000Z,2026-09-24T18:13:47+00:00,3.7094939252124406,52.24569991203297,0.6005945495848394,-3.5,51.5,,-175.0,149.0,0.2094939252124406,0.7456999120329684,False,False,False,,,,,,,,
401862778,2026,4,UAB,Navy,American Athletic,American Athletic,0,2026-09-25T23:00:00.000Z,2026-09-24T18:13:47+00:00,-5.666072413432902,50.416377867374734,0.4522670220895626,7.0,51.5,,215.0,-260.0,1.333927586567098,-1.0836221326252655,False,False,True,,,,,,,,
401862779,2026,4,Temple,Army,American Athletic,American Athletic,0,2026-09-25T20:00:00.000Z,2026-09-24T18:13:47+00:00,-4.530490286470381,49.25339169619701,0.40492296475678724,3.0,48.5,,130.0,-155.0,-1.530490286470381,0.7533916961970135,False,False,False,,,,,,,,
401862780,2026,4,Charlotte,Louisiana,American Athletic,Sun Belt,0,2026-09-26T22:30:00.000Z,2026-09-24T18:13:47+00:00,-9.057585215424366,47.42918060286097,0.34830933700270866,10.0,48.5,,324.0,-410.0,0.9424147845756341,-1.070819397139033,False,False,True,,,,,,,,
401862781,2026,4,East Carolina,North Carolina Central,American Athletic,MEAC,0,2026-09-26T20:00:00.000Z,2026-09-24T18:13:47+00:00,39.00274435241845,56.94168401929274,0.9502368710385802,-35.5,56.5,,-15000.0,2950.0,3.5027443524184534,0.4416840192927367,False,True,True,,,,,,,,
401862782,2026,4,UL Monroe,Florida Atlantic,Sun Belt,American Athletic,0,2026-09-27T00:00:00.000Z,2026-09-24T18:13:47+00:00,-14.886019076939533,57.87626521545788,0.26194326662858675,13.5,57.5,,400.0,-535.0,-1.386019076939533,0.3762652154578774,False,False,True,,,,,,,,
401862783,2026,4,North Texas,Houston Christian,American Athletic,Southland,0,2026-09-26T23:30:00.000Z,2026-09-24T18:13:47+00:00,44.97133873422517,59.7797570382136,0.9543170921594542,-39.5,58.5,-37.5,-100000.0,5000.0,5.471338734225171,1.279757038213603,False,True,True,,,,,,,,
401862784,2026,4,Tulane,Southern Miss,American Athletic,Sun Belt,0,2026-09-26T23:00:00.000Z,2026-09-24T18:13:47+00:00,16.492688066408306,52.258667022139875,0.7587919400193619,-17.5,52.5,-18.0,-1100.0,650.0,-1.0073119335916942,-0.2413329778601252,False,False,True,,,,,,,,
401862785,2026,4,Bowling Green,South Florida,Mid-American,American Athletic,0,2026-09-26T21:00:00.000Z,2026-09-24T18:13:47+00:00,-13.01431421784795,51.788033027317624,0.30727175943831414,17.5,49.0,,650.0,-1000.0,4.48568578215205,2.788033027317624,False,True,True,,,,,,,,
401864509,2026,4,Nevada,Air Force,Mountain West,Mountain West,0,2026-09-27T02:30:00.000Z,2026-09-24T18:13:47+00:00,-3.719775559864945,49.45865876284999,0.4635098401042732,5.5,49.5,,188.0,-225.0,1.780224440135055,-0.04134123715000726,False,False,True,,,,,,,,
401864510,2026,4,Wyoming,Hawai'i,Mountain West,Mountain West,0,2026-09-26T19:00:00.000Z,2026-09-24T18:13:47+00:00,-3.097138716533531,43.03993350372946,0.46261283408321274,3.0,44.0,3.0,135.0,-160.0,-0.0971387165335309,-0.9600664962705423,False,False,True,,,,,,,,
401864511,2026,4,Georgia State,Northern Illinois,Sun Belt,Mountain West,0,2026-09-26T18:00:00.000Z,2026-09-24T18:13:47+00:00,6.820259800219393,57.28971750312164,0.6383510028467477,-10.5,56.0,,-380.0,310.0,-3.679740199780607,1.2897175031216435,False,True,True,,,,,,,,
401864512,2026,4,Akron,UNLV,Mid-American,Mountain West,0,2026-09-26T16:00:00.000Z,2026-09-24T18:13:47+00:00,-13.746691736312204,52.75773526403542,0.30038350608971953,13.5,52.5,,400.0,-550.0,-0.2466917363122043,0.2577352640354178,False,False,True,,,,,,,,
401864572,2026,4,NC State,App State,ACC,Sun Belt,0,2026-09-26T23:30:00.000Z,2026-09-24T18:13:47+00:00,16.12993236950535,55.62434770271295,0.8231375754770622,-14.0,55.0,-13.5,-575.0,400.0,2.129932369505351,0.6243477027129529,False,False,False,,,,,,,,
401864576,2026,4,Kentucky,South Alabama,SEC,Sun Belt,0,2026-09-26T16:45:00.000Z,2026-09-24T18:13:47+00:00,20.07204182506406,56.13563430496784,0.8396903693405149,-20.5,54.5,,-1500.0,874.0,-0.42795817493594157,1.6356343049678372,False,False,True,,,,,,,,
401864579,2026,4,New Mexico State,New Mexico,Conference USA,Mountain West,0,2026-09-26T19:30:00.000Z,2026-09-24T18:13:47+00:00,-11.133557700297008,48.159709927059275,0.33211565270298343,11.5,48.5,,358.0,-460.0,0.36644229970299236,-0.340290072940725,False,False,True,,,,,,,,
401866425,2026,4,Kent State,Ball State,Mid-American,Mid-American,0,2026-09-26T16:00:00.000Z,2026-09-24T18:13:47+00:00,4.043684671038096,53.67762025030706,0.598748066691823,-3.0,50.5,,-155.0,130.0,1.043684671038096,3.177620250307058,False,False,False,,,,,,,,
401866426,2026,4,Buffalo,Robert Morris,Mid-American,NEC,0,2026-09-26T19:30:00.000Z,2026-09-24T18:13:47+00:00,34.5201170556532,45.37974695454946,0.9418078493262281,-28.5,45.0,,-6750.0,2000.0,6.020117055653202,0.3797469545494607,False,True,True,,,,,,,,
401866427,2026,4,Eastern Michigan,Lindenwood,Mid-American,OVC,0,2026-09-26T17:00:00.000Z,2026-09-24T18:13:47+00:00,28.646832048872987,48.09610731132152,0.9124973358108097,-25.5,49.5,,-7500.0,2100.0,3.1468320488729873,-1.4038926886784822,False,True,True,,,,,,,,
401866428,2026,4,Ohio,Stonehill,Mid-American,NEC,0,2026-09-26T19:30:00.000Z,2026-09-24T18:13:47+00:00,35.91081976147666,52.42889624717867,0.940781203503966,-33.5,52.5,,-25000.0,3750.0,2.4108197614766596,-0.07110375282132964,False,False,True,,,,,,,,
401866429,2026,4,Sacramento State,Massachusetts,Mid-American,Mid-American,0,2026-09-27T01:00:00.000Z,2026-09-24T18:13:47+00:00,-7.244341596107802,51.92413356304822,0.3770825024154463,3.5,48.5,6.0,185.0,-225.0,-3.7443415961078017,3.4241335630482226,False,True,True,,,,,,,,
401866642,2026,4,Sacred Heart,New Hampshire,Coastal Athletic,Coastal Athletic,0,2026-09-26T16:00:00.000Z,2026-09-24T18:13:47+00:00,,,0.632409150434571,,,,,,,,False,False,False,,,,,,,,
401866643,2026,4,Elon,Maine,Coastal Athletic,Coastal Athletic,0,2026-09-26T18:00:00.000Z,2026-09-24T18:13:47+00:00,,,0.6381479262943668,,,,,,,,False,False,False,,,,,,,,
401866644,2026,4,North Carolina A&T,Rhode Island,Coastal Athletic,Coastal Athletic,0,2026-09-26T20:00:00.000Z,2026-09-24T18:13:47+00:00,,,0.6327264652255484,,,,,,,,False,False,False,,,,,,,,
401866645,2026,4,Hampton,Campbell,Coastal Athletic,Coastal Athletic,0,2026-09-26T22:00:00.000Z,2026-09-24T18:13:47+00:00,,,0.604620523706065,,,,,,,,False,False,False,,,,,,,,
401866646,2026,4,Princeton,UAlbany,Ivy,Coastal Athletic,0,2026-09-26T19:00:00.000Z,2026-09-24T18:13:47+00:00,,,0.6461689288333508,,,,,,,,False,False,False,,,,,,,,
401866647,2026,4,Dartmouth,Monmouth,Ivy,Coastal Athletic,0,2026-09-26T17:00:00.000Z,2026-09-24T18:13:47+00:00,,,0.646640807181366,,,,,,,,False,False,False,,,,,,,,
401866648,2026,4,Fordham,Stony Brook,Patriot,Coastal Athletic,0,2026-09-26T17:00:00.000Z,2026-09-24T18:13:47+00:00,,,0.6386272272964654,,,,,,,,False,False,False,,,,,,,,
401866649,2026,4,Delaware State,Towson,MEAC,Coastal Athletic,0,2026-09-26T22:00:00.000Z,2026-09-24T18:13:47+00:00,,,0.6562002561134552,,,,,,,,False,False,False,,,,,,,,
401867687,2026,4,Chicago State,Norfolk State,FCS Independents,MEAC,0,2026-09-26T23:00:00.000Z,2026-09-24T18:13:47+00:00,,,0.6383189932602187,,,,,,,,False,False,False,,,,,,,,
401867806,2026,4,Brown,Harvard,Ivy,Ivy,0,2026-09-25T23:00:00.000Z,2026-09-24T18:13:47+00:00,,,0.6321402306408055,,,,,,,,False,False,False,,,,,,,,
401867818,2026,4,Georgetown,Columbia,Patriot,Ivy,0,2026-09-26T16:30:00.000Z,2026-09-24T18:13:47+00:00,,,0.6344224077219502,,,,,,,,False,False,False,,,,,,,,
401867827,2026,4,Cornell,Yale,Ivy,Ivy,0,2026-09-26T17:00:00.000Z,2026-09-24T18:13:47+00:00,,,0.6553635780807047,,,,,,,,False,False,False,,,,,,,,
401867847,2026,4,Northern Iowa,Illinois State,MVFC,MVFC,0,2026-09-26T21:00:00.000Z,2026-09-24T18:13:47+00:00,,,0.6118554513330949,,,,,,,,False,False,False,,,,,,,,
401867858,2026,4,Indiana State,North Dakota,MVFC,MVFC,0,2026-09-26T17:00:00.000Z,2026-09-24T18:13:47+00:00,,,0.643916074007358,,,,,,,,False,False,False,,,,,,,,
401867868,2026,4,Murray State,Southern Illinois,MVFC,MVFC,0,2026-09-26T23:00:00.000Z,2026-09-24T18:13:47+00:00,,,0.6488074808582356,,,,,,,,False,False,False,,,,,,,,
401867885,2026,4,Youngstown State,South Dakota,MVFC,MVFC,0,2026-09-26T18:00:00.000Z,2026-09-24T18:13:47+00:00,,,0.6544736558022123,,,,,,,,False,False,False,,,,,,,,
401867909,2026,4,Florida International,Long Island University,Conference USA,NEC,0,2026-09-26T22:00:00.000Z,2026-09-24T18:13:47+00:00,39.53677562274131,51.765584425369134,0.9408814707755142,-34.5,52.5,-35.5,-10000.0,3000.0,5.03677562274131,-0.7344155746308658,False,True,True,,,,,,,,
401867985,2026,4,Bethune-Cookman,South Carolina State,SWAC,MEAC,0,2026-09-26T23:00:00.000Z,2026-09-24T18:13:47+00:00,,,0.642203250838128,,,,,,,,False,False,False,,,,,,,,
401868001,2026,4,Villanova,Colgate,Patriot,Patriot,0,2026-09-26T18:30:00.000Z,2026-09-24T18:13:47+00:00,,,0.6359271084455604,,,,,,,,False,False,False,,,,,,,,
401868024,2026,4,Lafayette,Holy Cross,Patriot,Patriot,0,2026-09-26T16:30:00.000Z,2026-09-24T18:13:47+00:00,,,0.6221125309714628,,,,,,,,False,False,False,,,,,,,,
401868034,2026,4,Pennsylvania,Lehigh,Ivy,Patriot,0,2026-09-26T17:00:00.000Z,2026-09-24T18:13:47+00:00,,,0.6497538617518762,,,,,,,,False,False,False,,,,,,,,
401868037,2026,4,Richmond,Furman,Patriot,Southern,0,2026-09-26T18:00:00.000Z,2026-09-24T18:13:47+00:00,,,0.6312175166782661,,,,,,,,False,False,False,,,,,,,,
401868052,2026,4,Abilene Christian,Mercer,UAC,Southern,0,2026-09-27T00:00:00.000Z,2026-09-24T18:13:47+00:00,,,0.6462853973695263,,,,,,,,False,False,False,,,,,,,,
401868063,2026,4,Austin Peay,UT Martin,UAC,OVC,0,2026-09-26T18:00:00.000Z,2026-09-24T18:13:47+00:00,,,0.6604750427594014,,,,,,,,False,False,False,,,,,,,,
401868076,2026,4,Eastern Washington,Cal Poly,Big Sky,Big Sky,0,2026-09-26T23:00:00.000Z,2026-09-24T18:13:47+00:00,,,0.6239420832974938,,,,,,,,False,False,False,,,,,,,,
401868103,2026,4,Southern Utah,Idaho State,Big Sky,Big Sky,0,2026-09-27T00:00:00.000Z,2026-09-24T18:13:47+00:00,,,0.653151919895654,,,,,,,,False,False,False,,,,,,,,
401868113,2026,4,UC Davis,Montana,Big Sky,Big Sky,0,2026-09-27T02:00:00.000Z,2026-09-24T18:13:47+00:00,,,0.6572848659398794,,,,,,,,False,False,False,,,,,,,,
401868120,2026,4,Montana State,Northern Arizona,Big Sky,Big Sky,0,2026-09-27T02:30:00.000Z,2026-09-24T18:13:47+00:00,,,0.6221000829595501,,,,,,,,False,False,False,,,,,,,,
401868131,2026,4,Northern Colorado,Utah Tech,Big Sky,Big Sky,0,2026-09-27T00:00:00.000Z,2026-09-24T18:13:47+00:00,,,0.628160421704433,,,,,,,,False,False,False,,,,,,,,
401868155,2026,4,Weber State,Portland State,Big Sky,Big Sky,0,2026-09-27T00:00:00.000Z,2026-09-24T18:13:47+00:00,,,0.6319567767901102,,,,,,,,False,False,False,,,,,,,,
401868179,2026,4,South Dakota State,Eastern Illinois,MVFC,OVC,0,2026-09-26T23:00:00.000Z,2026-09-24T18:13:47+00:00,,,0.6549941582778211,,,,,,,,False,False,False,,,,,,,,
401868188,2026,4,Marshall,Gardner-Webb,Sun Belt,OVC,0,2026-09-26T19:30:00.000Z,2026-09-24T18:13:47+00:00,25.42378466731409,50.23487199976809,0.919393458041567,-23.5,50.5,,-4000.0,1400.0,1.9237846673140915,-0.2651280002319112,False,False,True,,,,,,,,
401868206,2026,4,North Alabama,Western Illinois,UAC,OVC,0,2026-09-26T20:00:00.000Z,2026-09-24T18:13:47+00:00,,,0.6464750122973504,,,,,,,,False,False,False,,,,,,,,
401868211,2026,4,Valparaiso,Butler,Pioneer,Pioneer,0,2026-09-26T18:00:00.000Z,2026-09-24T18:13:47+00:00,,,0.6404711127453104,,,,,,,,False,False,False,,,,,,,,
401868219,2026,4,Davidson,Drake,Pioneer,Pioneer,0,2026-09-26T17:00:00.000Z,2026-09-24T18:13:47+00:00,,,0.6596828214346999,,,,,,,,False,False,False,,,,,,,,
401868243,2026,4,West Georgia,Fort Valley State,UAC,SIAC,0,2026-09-26T22:00:00.000Z,2026-09-24T18:13:47+00:00,,,0.6345881636751164,,,,,,,,False,False,False,,,,,,,,
401868263,2026,4,Marist,Presbyterian,Pioneer,Pioneer,0,2026-09-26T16:00:00.000Z,2026-09-24T18:13:47+00:00,,,0.636663957457174,,,,,,,,False,False,False,,,,,,,,
401868281,2026,4,St. Thomas (MN),San Diego,Pioneer,Pioneer,0,2026-09-26T18:00:00.000Z,2026-09-24T18:13:47+00:00,,,0.6384917065632286,,,,,,,,False,False,False,,,,,,,,
401868299,2026,4,Florida A&M,Alabama A&M,SWAC,SWAC,0,2026-09-26T23:00:00.000Z,2026-09-24T18:13:47+00:00,,,0.6281687710863969,,,,,,,,False,False,False,,,,,,,,
401868308,2026,4,Stephen F. Austin,Northeastern State,Southland,Independent DII,0,2026-09-26T22:00:00.000Z,2026-09-24T18:13:47+00:00,,,0.6338009224647259,,,,,,,,False,False,False,,,,,,,,
401868318,2026,4,Northwestern State,SE Louisiana,Southland,Southland,0,2026-09-26T23:00:00.000Z,2026-09-24T18:13:47+00:00,,,0.6424827338879369,,,,,,,,False,False,False,,,,,,,,
401868327,2026,4,Alabama State,Mississippi Valley State,SWAC,SWAC,0,2026-09-26T22:00:00.000Z,2026-09-24T18:13:47+00:00,,,0.6379793492714698,,,,,,,,False,False,False,,,,,,,,
401868338,2026,4,The Citadel,Chattanooga,Southern,Southern,0,2026-09-26T18:00:00.000Z,2026-09-24T18:13:47+00:00,,,0.630402228565018,,,,,,,,False,False,False,,,,,,,,
401868346,2026,4,East Tennessee State,Western Carolina,Southern,Southern,0,2026-09-26T19:30:00.000Z,2026-09-24T18:13:47+00:00,,,0.6374077433144097,,,,,,,,False,False,False,,,,,,,,
401868358,2026,4,Alcorn State,Texas Southern,SWAC,SWAC,0,2026-09-26T20:00:00.000Z,2026-09-24T18:13:47+00:00,,,0.6506532846984977,,,,,,,,False,False,False,,,,,,,,
401868387,2026,4,Samford,VMI,Southern,Southern,0,2026-09-26T19:30:00.000Z,2026-09-24T18:13:47+00:00,,,0.6417214920613235,,,,,,,,False,False,False,,,,,,,,
401868390,2026,4,Wofford,Tennessee Tech,Southern,Southern,0,2026-09-26T17:30:00.000Z,2026-09-24T18:13:47+00:00,,,0.6261316845409335,,,,,,,,False,False,False,,,,,,,,
401868954,2026,4,Grambling,Prairie View A&M,SWAC,SWAC,1,2026-09-26T23:00:00.000Z,2026-09-24T18:13:47+00:00,,,0.5733349783775035,,,,,,,,False,False,False,,,,,,,,
401868960,2026,4,Jackson State,Southern,SWAC,SWAC,0,2026-09-26T23:00:00.000Z,2026-09-24T18:13:47+00:00,,,0.6273826872488515,,,,,,,,False,False,False,,,,,,,,
401869137,2026,4,McNeese,East Texas A&M,Southland,Southland,0,2026-09-26T23:00:00.000Z,2026-09-24T18:13:47+00:00,,,0.6411504892207995,,,,,,,,False,False,False,,,,,,,,
401869143,2026,4,Nicholls,Lamar,Southland,Southland,0,2026-09-26T20:00:00.000Z,2026-09-24T18:13:47+00:00,,,0.624277228829502,,,,,,,,False,False,False,,,,,,,,
401869931,2026,4,Arkansas State,Kennesaw State,Sun Belt,Conference USA,0,2026-09-26T23:00:00.000Z,2026-09-24T18:13:47+00:00,6.307357293933855,53.888015710312985,0.6675632166774901,-6.5,52.5,,-250.0,200.0,-0.1926427060661453,1.3880157103129847,False,False,False,,,,,,,,
401869941,2026,4,Coastal Carolina,Liberty,Sun Belt,Conference USA,0,2026-09-24T23:30:00.000Z,2026-09-24T18:13:47+00:00,-2.110343728099208,52.07480600653238,0.4790157947567392,2.5,50.0,,108.0,-130.0,0.3896562719007921,2.074806006532377,False,False,False,,,,,,,,
401869961,2026,4,Old Dominion,James Madison,Sun Belt,Sun Belt,0,2026-09-26T22:00:00.000Z,2026-09-24T18:13:47+00:00,-4.103553839525716,46.11024786521589,0.43752620242165485,6.0,44.5,,183.0,-225.0,1.8964461604742837,1.6102478652158894,False,False,True,,,,,,,,
401870745,2026,4,Western Kentucky,Mercyhurst,Conference USA,NEC,0,2026-09-26T23:00:00.000Z,2026-09-24T18:13:47+00:00,41.608393970314594,58.46256597881558,0.9346857578475849,-40.5,58.5,,-20000.0,3500.0,1.1083939703145944,-0.03743402118441708,False,False,True,,,,,,,,
401870839,2026,4,Duquesne,University of Rio Grande,NEC,,0,2026-09-26T16:00:00.000Z,2026-09-24T18:13:47+00:00,,,0.6460507284268346,,,,,,,,False,False,False,,,,,,,,
401871048,2026,4,Jacksonville State,Middle Tennessee,Conference USA,Conference USA,0,2026-09-26T23:00:00.000Z,2026-09-24T18:13:47+00:00,8.127579152874258,51.17878298315056,0.677729923395382,-7.0,51.5,,-290.0,235.0,1.127579152874258,-0.32121701684943815,False,False,True,,,,,,,,
401871472,2026,4,Southeast Missouri State,West Florida,OVC,UAC,0,2026-09-26T23:00:00.000Z,2026-09-24T18:13:47+00:00,,,0.634953513665254,,,,,,,,False,False,False,,,,,,,,
401872618,2026,4,Merrimack,New Haven,FCS Independents,NEC,0,2026-09-26T17:00:00.000Z,2026-09-24T18:13:47+00:00,,,0.648122079744988,,,,,,,,False,False,False,,,,,,,,
401873396,2026,4,Rockford,Aurora,NACC,NACC,0,2026-09-26T19:00:00.000Z,2026-09-24T18:13:47+00:00,,,0.63816113873623,,,,,,,,False,False,False,,,,,,,,
401873405,2026,4,Western Connecticut State,Kean,Landmark Conference,New Jersey,0,2026-09-26T16:00:00.000Z,2026-09-24T18:13:47+00:00,,,0.6368756843306337,,,,,,,,False,False,False,,,,,,,,
401906052,2026,4,Lincoln (PA),Bluefield State,CIAA,CIAA,0,2026-09-26T17:00:00.000Z,2026-09-24T18:13:47+00:00,,,0.6347486210987121,,,,,,,,False,False,False,,,,,,,,
401906119,2026,4,Elizabeth City State,Bowie State,CIAA,CIAA,0,2026-09-26T17:00:00.000Z,2026-09-24T18:13:47+00:00,,,0.6347277811544236,,,,,,,,False,False,False,,,,,,,,
401906140,2026,4,Virginia State,Winston-Salem State,CIAA,CIAA,0,2026-09-26T17:00:00.000Z,2026-09-24T18:13:47+00:00,,,0.6262747380064078,,,,,,,,False,False,False,,,,,,,,
401906148,2026,4,Fayetteville State,Virginia Union,CIAA,CIAA,0,2026-09-26T17:00:00.000Z,2026-09-24T18:13:47+00:00,,,0.6299725922032611,,,,,,,,False,False,False,,,,,,,,
401906164,2026,4,Shaw,Livingstone,CIAA,CIAA,0,2026-09-26T17:00:00.000Z,2026-09-24T18:13:47+00:00,,,0.6417435001402539,,,,,,,,False,False,False,,,,,,,,
401906171,2026,4,Barton,West Alabama,Carolinas,Gulf South,0,2026-09-26T20:00:00.000Z,2026-09-24T18:13:47+00:00,,,0.6356470832116535,,,,,,,,False,False,False,,,,,,,,
401906188,2026,4,Erskine,Shorter,Carolinas,Carolinas,0,2026-09-26T17:30:00.000Z,2026-09-24T18:13:47+00:00,,,0.6398678271131562,,,,,,,,False,False,False,,,,,,,,
401906196,2026,4,UNC Pembroke,Monroe,Carolinas,,0,2026-09-26T17:00:00.000Z,2026-09-24T18:13:47+00:00,,,0.6367565810388327,,,,,,,,False,False,False,,,,,,,,
401906202,2026,4,Ferrum,North Greenville,Carolinas,Carolinas,0,2026-09-26T18:00:00.000Z,2026-09-24T18:13:47+00:00,,,0.6286490900962936,,,,,,,,False,False,False,,,,,,,,
401906518,2026,4,Arkansas Monticello,Arkansas Tech,Great American,Great American,0,2026-09-26T23:00:00.000Z,2026-09-24T18:13:47+00:00,,,0.6294712295382068,,,,,,,,False,False,False,,,,,,,,
401906538,2026,4,East Central,Northwestern (OK),Great American,Great American,0,2026-09-26T23:00:00.000Z,2026-09-24T18:13:47+00:00,,,0.6269531027331766,,,,,,,,False,False,False,,,,,,,,
401906548,2026,4,Ouachita Baptist,Harding,Great American,Great American,0,2026-09-27T00:00:00.000Z,2026-09-24T18:13:47+00:00,,,0.6304830211216891,,,,,,,,False,False,False,,,,,,,,
401906555,2026,4,Southern Arkansas,Henderson State,Great American,Great American,0,2026-09-26T23:00:00.000Z,2026-09-24T18:13:47+00:00,,,0.6280473490675111,,,,,,,,False,False,False,,,,,,,,
401906567,2026,4,Oklahoma Baptist,Southwestern Oklahoma State,Great American,Great American,0,2026-09-26T23:00:00.000Z,2026-09-24T18:13:47+00:00,,,0.6364694951352134,,,,,,,,False,False,False,,,,,,,,
401906576,2026,4,Southeastern Oklahoma State,Southern Nazarene,Great American,Great American,0,2026-09-26T19:00:00.000Z,2026-09-24T18:13:47+00:00,,,0.6284043451706796,,,,,,,,False,False,False,,,,,,,,
401906613,2026,4,Keystone,Wisconsin Whitewater,Independent DIII,Wisconsin,0,2026-09-26T16:00:00.000Z,2026-09-24T18:13:47+00:00,,,0.6446206994521295,,,,,,,,False,False,False,,,,,,,,
401906623,2026,4,Walsh,Ashland,Great Midwest Athletic,Great Midwest Athletic,0,2026-09-26T16:00:00.000Z,2026-09-24T18:13:47+00:00,,,0.6309188337877314,,,,,,,,False,False,False,,,,,,,,
401906634,2026,4,Kentucky Wesleyan,Tiffin,Great Midwest Athletic,Great Midwest Athletic,0,2026-09-26T17:00:00.000Z,2026-09-24T18:13:47+00:00,,,0.6373066399618481,,,,,,,,False,False,False,,,,,,,,
401906642,2026,4,Hillsdale,Thomas More,Great Midwest Athletic,Great Midwest Athletic,0,2026-09-26T16:00:00.000Z,2026-09-24T18:13:47+00:00,,,0.6294813500674037,,,,,,,,False,False,False,,,,,,,,
401906651,2026,4,Lake Erie,Ohio Dominican,Great Midwest Athletic,Great Midwest Athletic,0,2026-09-26T22:00:00.000Z,2026-09-24T18:13:47+00:00,,,0.638280782644502,,,,,,,,False,False,False,,,,,,,,
401906678,2026,4,Findlay,Northwood,Great Midwest Athletic,Great Midwest Athletic,0,2026-09-26T18:00:00.000Z,2026-09-24T18:13:47+00:00,,,0.632160725136651,,,,,,,,False,False,False,,,,,,,,
401906882,2026,4,Quincy,Wayne State (MI),Great Lakes,GLIAC,0,2026-09-26T18:00:00.000Z,2026-09-24T18:13:47+00:00,,,0.6380464089392628,,,,,,,,False,False,False,,,,,,,,
401906913,2026,4,Albany State,Kentucky State,SIAC,SIAC,0,2026-09-26T17:00:00.000Z,2026-09-24T18:13:47+00:00,,,0.6289732643380025,,,,,,,,False,False,False,,,,,,,,
401906938,2026,4,Tuskegee,Benedict,SIAC,SIAC,0,2026-09-24T23:00:00.000Z,2026-09-24T18:13:47+00:00,,,0.6366226346060276,,,,,,,,False,False,False,,,,,,,,
401906951,2026,4,Lane College,Central State,SIAC,SIAC,0,2026-09-26T21:00:00.000Z,2026-09-24T18:13:47+00:00,,,0.6285259425916496,,,,,,,,False,False,False,,,,,,,,
401906959,2026,4,Morehouse,Edward Waters,SIAC,SIAC,0,2026-09-26T17:00:00.000Z,2026-09-24T18:13:47+00:00,,,0.6290220280336851,,,,,,,,False,False,False,,,,,,,,
401907010,2026,4,Ferris State,Kentucky Christian,GLIAC,,0,2026-09-26T19:00:00.000Z,2026-09-24T18:13:47+00:00,,,0.6362260134170081,,,,,,,,False,False,False,,,,,,,,
401907103,2026,4,Western Colorado,Adams State,Rocky Mountain,Rocky Mountain,0,2026-09-27T00:00:00.000Z,2026-09-24T18:13:47+00:00,,,0.6291299537971713,,,,,,,,False,False,False,,,,,,,,
401907113,2026,4,Black Hills State,Fort Lewis,Rocky Mountain,Rocky Mountain,0,2026-09-26T19:00:00.000Z,2026-09-24T18:13:47+00:00,,,0.6290501166323366,,,,,,,,False,False,False,,,,,,,,
401907124,2026,4,Chadron State,Colorado School of Mines,Rocky Mountain,Rocky Mountain,0,2026-09-26T19:00:00.000Z,2026-09-24T18:13:47+00:00,,,0.6279233216691479,,,,,,,,False,False,False,,,,,,,,
401907133,2026,4,CSU Pueblo,Colorado Mesa,Rocky Mountain,Rocky Mountain,0,2026-09-26T20:00:00.000Z,2026-09-24T18:13:47+00:00,,,0.63702379745395,,,,,,,,False,False,False,,,,,,,,
401907157,2026,4,South Dakota Mines,New Mexico Highlands,Rocky Mountain,Rocky Mountain,0,2026-09-26T19:00:00.000Z,2026-09-24T18:13:47+00:00,,,0.6297430569564875,,,,,,,,False,False,False,,,,,,,,
401907197,2026,4,Indianapolis,Truman State,Great Lakes,Great Lakes,0,2026-09-26T22:00:00.000Z,2026-09-24T18:13:47+00:00,,,0.6396348375889302,,,,,,,,False,False,False,,,,,,,,
401907207,2026,4,Lincoln (MO),Upper Iowa,Great Lakes,Great Lakes,0,2026-09-26T19:00:00.000Z,2026-09-24T18:13:47+00:00,,,0.6354591411852843,,,,,,,,False,False,False,,,,,,,,
401907213,2026,4,William Jewell,McKendree,Great Lakes,Great Lakes,0,2026-09-26T20:00:00.000Z,2026-09-24T18:13:47+00:00,,,0.6298263892630849,,,,,,,,False,False,False,,,,,,,,
401907222,2026,4,Missouri S&T,Southwest Baptist,Great Lakes,Great Lakes,0,2026-09-26T23:00:00.000Z,2026-09-24T18:13:47+00:00,,,0.6312883500012016,,,,,,,,False,False,False,,,,,,,,
401907253,2026,4,Clark Atlanta,Warner,SIAC,,0,2026-09-26T18:00:00.000Z,2026-09-24T18:13:47+00:00,,,0.6338291267306176,,,,,,,,False,False,False,,,,,,,,
401907277,2026,4,Western Oregon,Angelo State,Lone Star,Lone Star,0,2026-09-26T20:05:00.000Z,2026-09-24T18:13:47+00:00,,,0.6374684918019157,,,,,,,,False,False,False,,,,,,,,
401907286,2026,4,Eastern New Mexico,UT Permian Basin,Lone Star,Lone Star,0,2026-09-26T20:00:00.000Z,2026-09-24T18:13:47+00:00,,,0.6305912346744771,,,,,,,,False,False,False,,,,,,,,
401907299,2026,4,West Texas,Midwestern State,Lone Star,Lone Star,0,2026-09-27T00:00:00.000Z,2026-09-24T18:13:47+00:00,,,0.6312125755696807,,,,,,,,False,False,False,,,,,,,,
401907309,2026,4,Western New Mexico,Texas A&M-Kingsville,Lone Star,Lone Star,0,2026-09-27T00:00:00.000Z,2026-09-24T18:13:47+00:00,,,0.6310836150698189,,,,,,,,False,False,False,,,,,,,,
401907331,2026,4,Central Washington,Sul Ross State,Lone Star,Lone Star,0,2026-09-27T01:00:00.000Z,2026-09-24T18:13:47+00:00,,,0.6317906159870189,,,,,,,,False,False,False,,,,,,,,
401907335,2026,4,Savannah State,Miles,SIAC,SIAC,0,2026-09-26T22:00:00.000Z,2026-09-24T18:13:47+00:00,,,0.6269610783426753,,,,,,,,False,False,False,,,,,,,,
401907338,2026,4,Missouri Southern State,Central Missouri,Mid America,Mid America,0,2026-09-26T18:00:00.000Z,2026-09-24T18:13:47+00:00,,,0.6294762752442311,,,,,,,,False,False,False,,,,,,,,
401907348,2026,4,Central Oklahoma,Northwest Missouri State,Mid America,Mid America,0,2026-09-27T00:00:00.000Z,2026-09-24T18:13:47+00:00,,,0.6320709977698109,,,,,,,,False,False,False,,,,,,,,
401907365,2026,4,Missouri Western,Fort Hays,Mid America,Mid America,0,2026-09-27T00:00:00.000Z,2026-09-24T18:13:47+00:00,,,0.6294913193545266,,,,,,,,False,False,False,,,,,,,,
401907382,2026,4,Nebraska Kearney,Washburn,Mid America,Mid America,0,2026-09-26T18:00:00.000Z,2026-09-24T18:13:47+00:00,,,0.6304740043522107,,,,,,,,False,False,False,,,,,,,,
401907396,2026,4,Anderson (SC),Lenoir Rhyne,South Atlantic,South Atlantic,0,2026-09-26T18:00:00.000Z,2026-09-24T18:13:47+00:00,,,0.6276226332589956,,,,,,,,False,False,False,,,,,,,,
401907406,2026,4,Tusculum,Catawba,South Atlantic,South Atlantic,0,2026-09-26T22:00:00.000Z,2026-09-24T18:13:47+00:00,,,0.6382186089352753,,,,,,,,False,False,False,,,,,,,,
401907415,2026,4,Carson Newman,Mars Hill,South Atlantic,South Atlantic,0,2026-09-26T17:00:00.000Z,2026-09-24T18:13:47+00:00,,,0.6286523608055371,,,,,,,,False,False,False,,,,,,,,
401907422,2026,4,Emory & Henry,Newberry,South Atlantic,South Atlantic,0,2026-09-26T17:00:00.000Z,2026-09-24T18:13:47+00:00,,,0.6270491135295813,,,,,,,,False,False,False,,,,,,,,
401907463,2026,4,Wingate,UVA Wise,South Atlantic,South Atlantic,0,2026-09-26T22:00:00.000Z,2026-09-24T18:13:47+00:00,,,0.6290768898600456,,,,,,,,False,False,False,,,,,,,,
401907468,2026,4,Oberlin,Washington St. Louis,North Coast,North Coast,0,2026-09-26T16:00:00.000Z,2026-09-24T18:13:47+00:00,,,0.6289576693274381,,,,,,,,False,False,False,,,,,,,,
401907477,2026,4,American International,Assumption,Northeast 10,Northeast 10,0,2026-09-26T17:00:00.000Z,2026-09-24T18:13:47+00:00,,,0.6379692713940822,,,,,,,,False,False,False,,,,,,,,
401907496,2026,4,Bloomsburg,Shippensburg,Pennsylvania State Athletic,Pennsylvania State Athletic,0,2026-09-26T18:00:00.000Z,2026-09-24T18:13:47+00:00,,,0.6307368395831074,,,,,,,,False,False,False,,,,,,,,
401907506,2026,4,Franklin Pierce,Bentley,Northeast 10,Northeast 10,0,2026-09-26T22:00:00.000Z,2026-09-24T18:13:47+00:00,,,0.6368700029502881,,,,,,,,False,False,False,,,,,,,,
401907519,2026,4,California (PA),Slippery Rock,Pennsylvania State Athletic,Pennsylvania State Athletic,0,2026-09-26T16:00:00.000Z,2026-09-24T18:13:47+00:00,,,0.6401413055090988,,,,,,,,False,False,False,,,,,,,,
401907529,2026,4,Clarion,Edinboro,Pennsylvania State Athletic,Pennsylvania State Athletic,0,2026-09-26T16:00:00.000Z,2026-09-24T18:13:47+00:00,,,0.6305591796002734,,,,,,,,False,False,False,,,,,,,,
401907539,2026,4,East Stroudsburg,Lackawanna,Pennsylvania State Athletic,,0,2026-09-26T22:30:00.000Z,2026-09-24T18:13:47+00:00,,,0.6344562055999443,,,,,,,,False,False,False,,,,,,,,
401907554,2026,4,Gannon,Lock Haven,Pennsylvania State Athletic,Pennsylvania State Athletic,0,2026-09-26T17:00:00.000Z,2026-09-24T18:13:47+00:00,,,0.6372707927019166,,,,,,,,False,False,False,,,,,,,,
401907560,2026,4,Pace,Saint Anselm,Northeast 10,Northeast 10,0,2026-09-26T16:00:00.000Z,2026-09-24T18:13:47+00:00,,,0.6372874002667849,,,,,,,,False,False,False,,,,,,,,
401907565,2026,4,IU Pennsylvania,Seton Hill,Pennsylvania State Athletic,Pennsylvania State Athletic,0,2026-09-26T20:00:00.000Z,2026-09-24T18:13:47+00:00,,,0.6269463617909472,,,,,,,,False,False,False,,,,,,,,
401907570,2026,4,Kutztown,Shepherd,Pennsylvania State Athletic,Pennsylvania State Athletic,0,2026-09-26T16:00:00.000Z,2026-09-24T18:13:47+00:00,,,0.6285594033400781,,,,,,,,False,False,False,,,,,,,,
401907579,2026,4,Post,Southern Connecticut State,Northeast 10,Northeast 10,0,2026-09-26T17:00:00.000Z,2026-09-24T18:13:47+00:00,,,0.6373541503371699,,,,,,,,False,False,False,,,,,,,,
401907581,2026,4,Charleston (WV),Glenville State,Mountain East,Mountain East,0,2026-09-26T17:00:00.000Z,2026-09-24T18:13:47+00:00,,,0.6365577952666144,,,,,,,,False,False,False,,,,,,,,
401907588,2026,4,West Liberty,Concord,Mountain East,Mountain East,0,2026-09-26T17:00:00.000Z,2026-09-24T18:13:47+00:00,,,0.6388675990849062,,,,,,,,False,False,False,,,,,,,,
401907597,2026,4,Fairmont State,West Virginia State,Mountain East,Mountain East,0,2026-09-26T17:00:00.000Z,2026-09-24T18:13:47+00:00,,,0.6374693924877111,,,,,,,,False,False,False,,,,,,,,
401907606,2026,4,Frostburg State,West Virginia Wesleyan,Mountain East,Mountain East,0,2026-09-26T17:00:00.000Z,2026-09-24T18:13:47+00:00,,,0.6296070313177511,,,,,,,,False,False,False,,,,,,,,
401907637,2026,4,Bemidji State,Minot State,Northern Sun,Northern Sun,0,2026-09-26T19:00:00.000Z,2026-09-24T18:13:47+00:00,,,0.6286967244173116,,,,,,,,False,False,False,,,,,,,,
401907646,2026,4,Minnesota St Moorhead,Minnesota Duluth,Northern Sun,Northern Sun,0,2026-09-26T17:00:00.000Z,2026-09-24T18:13:47+00:00,,,0.6278436356628759,,,,,,,,False,False,False,,,,,,,,
401907654,2026,4,West Chester,Millersville,Pennsylvania State Athletic,Pennsylvania State Athletic,0,2026-09-26T18:00:00.000Z,2026-09-24T18:13:47+00:00,,,0.637551754241142,,,,,,,,False,False,False,,,,,,,,
401907668,2026,4,Knox,Chicago,Midwest,Midwest,0,2026-09-26T18:00:00.000Z,2026-09-24T18:13:47+00:00,,,0.6384123048772841,,,,,,,,False,False,False,,,,,,,,
401907693,2026,4,Jamestown,Concordia St. Paul,Northern Sun,Northern Sun,0,2026-09-26T18:00:00.000Z,2026-09-24T18:13:47+00:00,,,0.6276305987136821,,,,,,,,False,False,False,,,,,,,,
401907700,2026,4,Northern State,University of Mary,Northern Sun,Northern Sun,0,2026-09-26T19:30:00.000Z,2026-09-24T18:13:47+00:00,,,0.6384303129063822,,,,,,,,False,False,False,,,,,,,,
401907707,2026,4,Winona State,Augustana (SD),Northern Sun,Northern Sun,0,2026-09-26T23:00:00.000Z,2026-09-24T18:13:47+00:00,,,0.637777707013655,,,,,,,,False,False,False,,,,,,,,
401907717,2026,4,Sioux Falls,Minnesota State,Northern Sun,Northern Sun,0,2026-09-26T18:00:00.000Z,2026-09-24T18:13:47+00:00,,,0.6293088741440661,,,,,,,,False,False,False,,,,,,,,
401907725,2026,4,Southwest Minnesota State,Wayne State (NE),Northern Sun,Northern Sun,0,2026-09-26T22:00:00.000Z,2026-09-24T18:13:47+00:00,,,0.6373053070813439,,,,,,,,False,False,False,,,,,,,,
401907738,2026,4,Case Western Reserve,Washington & Jefferson,Presidents',Presidents',0,2026-09-26T23:00:00.000Z,2026-09-24T18:13:47+00:00,,,0.6369462525226477,,,,,,,,False,False,False,,,,,,,,
401907748,2026,4,Hilbert,Rochester (NY),Empire 8,Liberty League,0,2026-09-26T16:00:00.000Z,2026-09-24T18:13:47+00:00,,,0.6344562055999443,,,,,,,,False,False,False,,,,,,,,
401907782,2026,4,Elmhurst,Augustana (IL),CCIW,CCIW,0,2026-09-26T19:00:00.000Z,2026-09-24T18:13:47+00:00,,,0.6299015581523562,,,,,,,,False,False,False,,,,,,,,
401907792,2026,4,Carroll (WI),Carthage,CCIW,CCIW,0,2026-09-26T23:00:00.000Z,2026-09-24T18:13:47+00:00,,,0.6299040736585231,,,,,,,,False,False,False,,,,,,,,
401907834,2026,4,Illinois Wesleyan,Wheaton (IL),CCIW,CCIW,0,2026-09-26T18:00:00.000Z,2026-09-24T18:13:47+00:00,,,0.6363915062209271,,,,,,,,False,False,False,,,,,,,,
401907841,2026,4,Millikin,North Park,CCIW,CCIW,0,2026-09-26T23:00:00.000Z,2026-09-24T18:13:47+00:00,,,0.6297022917793931,,,,,,,,False,False,False,,,,,,,,
401907855,2026,4,Alfred State,Utica,Empire 8,Empire 8,0,2026-09-26T17:00:00.000Z,2026-09-24T18:13:47+00:00,,,0.6287031469231621,,,,,,,,False,False,False,,,,,,,,
401907865,2026,4,Alfred,St. John Fisher,Empire 8,Empire 8,0,2026-09-26T16:00:00.000Z,2026-09-24T18:13:47+00:00,,,0.6269531027331766,,,,,,,,False,False,False,,,,,,,,
401907874,2026,4,Hartwick,Brockport,Empire 8,Empire 8,0,2026-09-26T16:00:00.000Z,2026-09-24T18:13:47+00:00,,,0.6382607513244369,,,,,,,,False,False,False,,,,,,,,
401907882,2026,4,SUNY Cortland,SUNY Morrisville,Empire 8,Empire 8,0,2026-09-26T17:00:00.000Z,2026-09-24T18:13:47+00:00,,,0.630100748832641,,,,,,,,False,False,False,,,,,,,,
401908096,2026,4,Apprentice School,Methodist,Independent DIII,USA South,0,2026-09-26T17:00:00.000Z,2026-09-24T18:13:47+00:00,,,0.6353888087807498,,,,,,,,False,False,False,,,,,,,,
401908104,2026,4,Rhodes,Maryville (TN),Southern Athletic,USA South,0,2026-09-26T18:00:00.000Z,2026-09-24T18:13:47+00:00,,,0.6344562055999443,,,,,,,,False,False,False,,,,,,,,
401908165,2026,4,Albright,Misericordia,Mid Atlantic,Mid Atlantic,0,2026-09-26T16:00:00.000Z,2026-09-24T18:13:47+00:00,,,0.6379426738302241,,,,,,,,False,False,False,,,,,,,,
401908174,2026,4,Alvernia,Lebanon Valley,Mid Atlantic,Mid Atlantic,0,2026-09-26T17:00:00.000Z,2026-09-24T18:13:47+00:00,,,0.6371486088580414,,,,,,,,False,False,False,,,,,,,,
401908183,2026,4,Delaware Valley,Eastern,Mid Atlantic,Mid Atlantic,0,2026-09-26T16:00:00.000Z,2026-09-24T18:13:47+00:00,,,0.6375943768881631,,,,,,,,False,False,False,,,,,,,,
401908197,2026,4,Stevenson,FDU Florham,Mid Atlantic,Mid Atlantic,0,2026-09-26T16:00:00.000Z,2026-09-24T18:13:47+00:00,,,0.6299624300129825,,,,,,,,False,False,False,,,,,,,,
401908203,2026,4,King's,Widener,Mid Atlantic,Mid Atlantic,0,2026-09-26T17:00:00.000Z,2026-09-24T18:13:47+00:00,,,0.6301317272312199,,,,,,,,False,False,False,,,,,,,,
401908236,2026,4,Dubuque,McMurry,American Rivers,American Southwest,0,2026-09-26T18:00:00.000Z,2026-09-24T18:13:47+00:00,,,0.6441010163158143,,,,,,,,False,False,False,,,,,,,,
401908252,2026,4,Simpson (IA),Howard Payne,American Rivers,American Southwest,0,2026-09-26T20:00:00.000Z,2026-09-24T18:13:47+00:00,,,0.635062035826677,,,,,,,,False,False,False,,,,,,,,
401908278,2026,4,East Texas Baptist,Texas Lutheran,American Southwest,Southern Collegiate Athletic,0,2026-09-26T18:00:00.000Z,2026-09-24T18:13:47+00:00,,,0.6438384776431341,,,,,,,,False,False,False,,,,,,,,
401908328,2026,4,Centenary (LA),Schreiner,Southern Collegiate Athletic,,0,2026-09-26T23:00:00.000Z,2026-09-24T18:13:47+00:00,,,0.6344562055999443,,,,,,,,False,False,False,,,,,,,,
401908378,2026,4,Guilford,Brevard,Old Dominion,USA South,0,2026-09-26T22:00:00.000Z,2026-09-24T18:13:47+00:00,,,0.6344562055999443,,,,,,,,False,False,False,,,,,,,,
401908380,2026,4,Centre,Bridgewater,Southern Athletic,Old Dominion,0,2026-09-26T23:00:00.000Z,2026-09-24T18:13:47+00:00,,,0.6344562055999443,,,,,,,,False,False,False,,,,,,,,
401908435,2026,4,Cal Lutheran,Redlands,So. Cal.,So. Cal.,0,2026-09-27T02:05:00.000Z,2026-09-24T18:13:47+00:00,,,0.6267776500906732,,,,,,,,False,False,False,,,,,,,,
401908442,2026,4,Chapman,La Verne,So. Cal.,So. Cal.,0,2026-09-27T02:00:00.000Z,2026-09-24T18:13:47+00:00,,,0.6375961905572236,,,,,,,,False,False,False,,,,,,,,
401908449,2026,4,Pomona Pitzer,Claremont Mudd Scripps,So. Cal.,So. Cal.,0,2026-09-27T02:00:00.000Z,2026-09-24T18:13:47+00:00,,,0.6294630725528192,,,,,,,,False,False,False,,,,,,,,
401908478,2026,4,Maine Maritime,Curry,Commonwealth Coast,Commonwealth Coast,0,2026-09-26T15:00:00.000Z,2026-09-24T18:13:47+00:00,,,0.630463227332132,,,,,,,,False,False,False,,,,,,,,
401908485,2026,4,Endicott,Husson,Commonwealth Coast,Commonwealth Coast,0,2026-09-26T16:00:00.000Z,2026-09-24T18:13:47+00:00,,,0.6298118976372575,,,,,,,,False,False,False,,,,,,,,
401908494,2026,4,Baldwin Wallace,Capital,Ohio,Ohio,0,2026-09-26T17:30:00.000Z,2026-09-24T18:13:47+00:00,,,0.6370889202021277,,,,,,,,False,False,False,,,,,,,,
401908520,2026,4,Western New England,New England,Commonwealth Coast,Commonwealth Coast,0,2026-09-26T17:00:00.000Z,2026-09-24T18:13:47+00:00,,,0.6383523746689201,,,,,,,,False,False,False,,,,,,,,
401908529,2026,4,Westminster (MO),Lyon,Upper Midwest,Southern Collegiate Athletic,0,2026-09-27T00:00:00.000Z,2026-09-24T18:13:47+00:00,,,0.6344562055999443,,,,,,,,False,False,False,,,,,,,,
401908540,2026,4,New England College,Nichols,,Commonwealth Coast,0,2026-09-26T18:00:00.000Z,2026-09-24T18:13:47+00:00,,,0.6342997536956028,,,,,,,,False,False,False,,,,,,,,
401908548,2026,4,Austin,Hendrix,Southern Collegiate Athletic,Southern Athletic,0,2026-09-26T18:00:00.000Z,2026-09-24T18:13:47+00:00,,,0.6371590878962871,,,,,,,,False,False,False,,,,,,,,
401908581,2026,4,Bridgewater State,Framingham State,MSCAC,MSCAC,0,2026-09-26T19:00:00.000Z,2026-09-24T18:13:47+00:00,,,0.6363716488529194,,,,,,,,False,False,False,,,,,,,,
401908599,2026,4,Mass Maritime,Plymouth State,MSCAC,MSCAC,0,2026-09-26T17:00:00.000Z,2026-09-24T18:13:47+00:00,,,0.6368639708651039,,,,,,,,False,False,False,,,,,,,,
401908618,2026,4,Worcester State,Westfield State,MSCAC,MSCAC,0,2026-09-26T17:00:00.000Z,2026-09-24T18:13:47+00:00,,,0.6305561543400976,,,,,,,,False,False,False,,,,,,,,
401908625,2026,4,Coast Guard,WPI,NEWMAC,NEWMAC,0,2026-09-26T17:00:00.000Z,2026-09-24T18:13:47+00:00,,,0.6295273179925494,,,,,,,,False,False,False,,,,,,,,
401908632,2026,4,Salisbury,Catholic,New Jersey,Landmark Conference,0,2026-09-26T17:00:00.000Z,2026-09-24T18:13:47+00:00,,,0.6384798205823812,,,,,,,,False,False,False,,,,,,,,
401908639,2026,4,Juniata,The College of New Jersey,Landmark Conference,New Jersey,0,2026-09-26T17:00:00.000Z,2026-09-24T18:13:47+00:00,,,0.6344562055999443,,,,,,,,False,False,False,,,,,,,,
401908646,2026,4,Rowan,Lycoming,New Jersey,Landmark Conference,0,2026-09-26T17:00:00.000Z,2026-09-24T18:13:47+00:00,,,0.6349577372106239,,,,,,,,False,False,False,,,,,,,,
401908652,2026,4,Alma,Adrian,Michigan,Michigan,0,2026-09-26T18:00:00.000Z,2026-09-24T18:13:47+00:00,,,0.6310043271691459,,,,,,,,False,False,False,,,,,,,,
401908672,2026,4,Heidelberg,Muskingum,Ohio,Ohio,0,2026-09-26T17:30:00.000Z,2026-09-24T18:13:47+00:00,,,0.6362596475497289,,,,,,,,False,False,False,,,,,,,,
401908678,2026,4,John Carroll,Wittenberg,Ohio,North Coast,0,2026-09-26T17:00:00.000Z,2026-09-24T18:13:47+00:00,,,0.6438255688100545,,,,,,,,False,False,False,,,,,,,,
401908685,2026,4,Union,Buffalo State,Liberty League,Liberty League,0,2026-09-26T17:00:00.000Z,2026-09-24T18:13:47+00:00,,,0.636889908334729,,,,,,,,False,False,False,,,,,,,,
401908692,2026,4,Ithaca,St. Lawrence,Liberty League,Liberty League,0,2026-09-26T17:00:00.000Z,2026-09-24T18:13:47+00:00,,,0.6368892297546305,,,,,,,,False,False,False,,,,,,,,
401908700,2026,4,William Paterson,Moravian,New Jersey,Landmark Conference,0,2026-09-26T17:00:00.000Z,2026-09-24T18:13:47+00:00,,,0.6373586102076342,,,,,,,,False,False,False,,,,,,,,
401908704,2026,4,Susquehanna,Christopher Newport,Landmark Conference,New Jersey,0,2026-09-26T16:00:00.000Z,2026-09-24T18:13:47+00:00,,,0.6435795601293545,,,,,,,,False,False,False,,,,,,,,
401908706,2026,4,Hope,Albion,Michigan,Michigan,0,2026-09-26T17:00:00.000Z,2026-09-24T18:13:47+00:00,,,0.6299214806304809,,,,,,,,False,False,False,,,,,,,,
401908716,2026,4,Rensselaer,Hobart,Liberty League,Liberty League,0,2026-09-26T16:00:00.000Z,2026-09-24T18:13:47+00:00,,,0.6286745250844972,,,,,,,,False,False,False,,,,,,,,
401908726,2026,4,Luther,Cornell (IA),Midwest,Midwest,0,2026-09-26T18:00:00.000Z,2026-09-24T18:13:47+00:00,,,0.6305773308031213,,,,,,,,False,False,False,,,,,,,,
401908733,2026,4,Grinnell,Beloit,Midwest,Midwest,0,2026-09-26T18:00:00.000Z,2026-09-24T18:13:47+00:00,,,0.6364061215784822,,,,,,,,False,False,False,,,,,,,,
401908740,2026,4,Calvin,Olivet,Michigan,Michigan,0,2026-09-26T20:00:00.000Z,2026-09-24T18:13:47+00:00,,,0.6269531027331766,,,,,,,,False,False,False,,,,,,,,
401908749,2026,4,Augsburg,Saint John's (MN),Minnesota,Minnesota,0,2026-09-26T17:00:00.000Z,2026-09-24T18:13:47+00:00,,,0.6382629714569272,,,,,,,,False,False,False,,,,,,,,
401908768,2026,4,Monmouth (IL),Ripon,Midwest,Midwest,0,2026-09-26T18:00:00.000Z,2026-09-24T18:13:47+00:00,,,0.6363307222033232,,,,,,,,False,False,False,,,,,,,,
401908778,2026,4,Illinois College,Lake Forest,Midwest,Midwest,0,2026-09-26T18:00:00.000Z,2026-09-24T18:13:47+00:00,,,0.6288575333291819,,,,,,,,False,False,False,,,,,,,,
401908791,2026,4,Otterbein,Marietta,Ohio,Ohio,0,2026-09-26T18:00:00.000Z,2026-09-24T18:13:47+00:00,,,0.636844969339328,,,,,,,,False,False,False,,,,,,,,
401908798,2026,4,Bethel (MN),Hamline,Minnesota,Minnesota,0,2026-09-27T00:00:00.000Z,2026-09-24T18:13:47+00:00,,,0.6364713314351754,,,,,,,,False,False,False,,,,,,,,
401908806,2026,4,Kalamazoo,Trine,Michigan,Michigan,0,2026-09-26T22:00:00.000Z,2026-09-24T18:13:47+00:00,,,0.6304835429812288,,,,,,,,False,False,False,,,,,,,,
401908809,2026,4,St. Olaf,Carleton,Minnesota,Minnesota,0,2026-09-26T18:00:00.000Z,2026-09-24T18:13:47+00:00,,,0.6362418017927631,,,,,,,,False,False,False,,,,,,,,
401908818,2026,4,Gustavus Adolphus,Concordia (MN),Minnesota,Minnesota,0,2026-09-26T18:00:00.000Z,2026-09-24T18:13:47+00:00,,,0.6371883974677846,,,,,,,,False,False,False,,,,,,,,
401908825,2026,4,Hamilton,Amherst,NESCAC,NESCAC,0,2026-09-26T17:00:00.000Z,2026-09-24T18:13:47+00:00,,,0.6384833246470207,,,,,,,,False,False,False,,,,,,,,
401908833,2026,4,Bates,Trinity (CT),NESCAC,NESCAC,0,2026-09-26T17:00:00.000Z,2026-09-24T18:13:47+00:00,,,0.6375820588888622,,,,,,,,False,False,False,,,,,,,,
401908844,2026,4,Ohio Northern,Wilmington (OH),Ohio,Ohio,0,2026-09-26T17:30:00.000Z,2026-09-24T18:13:47+00:00,,,0.6294830116283121,,,,,,,,False,False,False,,,,,,,,
401908867,2026,4,Bowdoin,Middlebury,NESCAC,NESCAC,0,2026-09-26T17:00:00.000Z,2026-09-24T18:13:47+00:00,,,0.6374115988892157,,,,,,,,False,False,False,,,,,,,,
401908875,2026,4,Benedictine (IL),Eureka,NACC,NACC,0,2026-09-26T23:00:00.000Z,2026-09-24T18:13:47+00:00,,,0.6269531027331766,,,,,,,,False,False,False,,,,,,,,
401908887,2026,4,SUNY Maritime,Salve Regina,NEWMAC,NEWMAC,0,2026-09-26T17:00:00.000Z,2026-09-24T18:13:47+00:00,,,0.6296207519564475,,,,,,,,False,False,False,,,,,,,,
401908892,2026,4,Merchant Marine,Norwich,NEWMAC,NEWMAC,0,2026-09-26T17:00:00.000Z,2026-09-24T18:13:47+00:00,,,0.6373513380056799,,,,,,,,False,False,False,,,,,,,,
401908898,2026,4,Colby,Williams,NESCAC,NESCAC,0,2026-09-26T17:00:00.000Z,2026-09-24T18:13:47+00:00,,,0.6374005515888069,,,,,,,,False,False,False,,,,,,,,
401908903,2026,4,Macalester,St. Scholastica,Minnesota,Minnesota,0,2026-09-27T00:00:00.000Z,2026-09-24T18:13:47+00:00,,,0.6293072951434137,,,,,,,,False,False,False,,,,,,,,
401908922,2026,4,Wesleyan (CT),Tufts,NESCAC,NESCAC,0,2026-09-26T17:30:00.000Z,2026-09-24T18:13:47+00:00,,,0.6296303159221495,,,,,,,,False,False,False,,,,,,,,
401908932,2026,4,Wilkes,Montclair State,Landmark Conference,New Jersey,0,2026-09-26T23:00:00.000Z,2026-09-24T18:13:47+00:00,,,0.6373869505696486,,,,,,,,False,False,False,,,,,,,,
401908956,2026,4,Springfield,MIT,NEWMAC,NEWMAC,0,2026-09-26T19:00:00.000Z,2026-09-24T18:13:47+00:00,,,0.6296914321469463,,,,,,,,False,False,False,,,,,,,,
401909015,2026,4,Gallaudet,Roanoke College,Southern Collegiate Athletic,,0,2026-09-26T17:00:00.000Z,2026-09-24T18:13:47+00:00,,,0.6373873398480754,,,,,,,,False,False,False,,,,,,,,
401909021,2026,4,Saint Vincent,Allegheny,Presidents',Presidents',0,2026-09-26T17:00:00.000Z,2026-09-24T18:13:47+00:00,,,0.6300210816588725,,,,,,,,False,False,False,,,,,,,,
401909028,2026,4,Bethany (WV),Geneva,Presidents',Presidents',0,2026-09-26T17:00:00.000Z,2026-09-24T18:13:47+00:00,,,0.636484029799821,,,,,,,,False,False,False,,,,,,,,
401909041,2026,4,Saint Francis,Grove City,Presidents',Presidents',0,2026-09-26T17:00:00.000Z,2026-09-24T18:13:47+00:00,,,0.6269531027331766,,,,,,,,False,False,False,,,,,,,,
401909048,2026,4,Thiel,Hiram,Presidents',Presidents',0,2026-09-26T19:00:00.000Z,2026-09-24T18:13:47+00:00,,,0.6362517833911314,,,,,,,,False,False,False,,,,,,,,
401909067,2026,4,Waynesburg,Westminster (PA),Presidents',Presidents',0,2026-09-26T17:00:00.000Z,2026-09-24T18:13:47+00:00,,,0.6301903598806763,,,,,,,,False,False,False,,,,,,,,
401909115,2026,4,Lakeland,Concordia (WI),NACC,NACC,0,2026-09-26T20:00:00.000Z,2026-09-24T18:13:47+00:00,,,0.6286728627956524,,,,,,,,False,False,False,,,,,,,,
401909125,2026,4,St. Norbert,Wisconsin Lutheran,NACC,NACC,0,2026-09-26T18:00:00.000Z,2026-09-24T18:13:47+00:00,,,0.6290077305447226,,,,,,,,False,False,False,,,,,,,,
401909128,2026,4,Denison,Ohio Wesleyan,North Coast,North Coast,0,2026-09-26T18:30:00.000Z,2026-09-24T18:13:47+00:00,,,0.6297222218160763,,,,,,,,False,False,False,,,,,,,,
401909133,2026,4,Kenyon,DePauw,North Coast,North Coast,0,2026-09-26T17:00:00.000Z,2026-09-24T18:13:47+00:00,,,0.6377351793052255,,,,,,,,False,False,False,,,,,,,,
401909146,2026,4,Wabash,Wooster,North Coast,North Coast,0,2026-09-26T18:00:00.000Z,2026-09-24T18:13:47+00:00,,,0.6309400762801001,,,,,,,,False,False,False,,,,,,,,
401856705,2026,5,Georgia,Vanderbilt,SEC,SEC,0,2026-10-03T04:00:00.000Z,2026-09-22T13:07:35+00:00,,,0.7344731090990227,,,,,,,,False,False,False,,,,,False,,,
401856706,2026,5,LSU,McNeese,SEC,Southland,0,2026-10-03T23:45:00.000Z,2026-09-22T13:07:35+00:00,,,0.7549476636220104,,,,,,,,False,False,False,,,,,False,,,
401856707,2026,5,Mississippi State,Alabama,SEC,SEC,0,2026-10-03T04:00:00.000Z,2026-09-22T13:07:35+00:00,,,0.4896697979275437,,,,,,,,False,False,False,,,,,False,,,
401856708,2026,5,Missouri,Florida,SEC,SEC,0,2026-10-03T19:30:00.000Z,2026-09-22T13:07:35+00:00,,,0.4733143859846865,,,,,,,,False,False,False,,,,,False,,,
401856709,2026,5,South Carolina,Kentucky,SEC,SEC,0,2026-10-03T20:15:00.000Z,2026-09-22T13:07:35+00:00,,,0.6327445965241514,,,,,,,,False,False,False,,,,,False,,,
401856710,2026,5,Tennessee,Auburn,SEC,SEC,0,2026-10-03T19:30:00.000Z,2026-09-22T13:07:35+00:00,,,0.5570187589448545,,,,,,,,False,False,False,,,,,False,,,
401856711,2026,5,Texas A&M,Arkansas,SEC,SEC,0,2026-10-03T23:00:00.000Z,2026-09-22T13:07:35+00:00,,,0.6948207879251909,,,,,,,,False,False,False,,,,,False,,,
401856807,2026,5,Kansas,Middle Tennessee,Big 12,Conference USA,0,2026-10-03T16:00:00.000Z,2026-09-22T13:07:35+00:00,,,0.5730166348839691,,,,,,,,False,False,False,,,,,False,,,
401856817,2026,5,Arizona State,Baylor,Big 12,Big 12,0,2026-10-04T02:30:00.000Z,2026-09-22T13:07:35+00:00,,,0.5689195982668158,,,,,,,,False,False,False,,,,,False,,,
401856818,2026,5,TCU,BYU,Big 12,Big 12,0,2026-10-03T23:00:00.000Z,2026-09-22T13:07:35+00:00,,,0.5249339708838768,,,,,,,,False,False,False,,,,,False,,,
401856819,2026,5,Houston,UCF,Big 12,Big 12,0,2026-10-03T16:00:00.000Z,2026-09-22T13:07:35+00:00,,,0.6219761826843215,,,,,,,,False,False,False,,,,,False,,,
401856820,2026,5,Arizona,Cincinnati,Big 12,Big 12,0,2026-10-04T03:00:00.000Z,2026-09-22T13:07:35+00:00,,,0.6827143471412098,,,,,,,,False,False,False,,,,,False,,,
401856821,2026,5,Colorado,Texas Tech,Big 12,Big 12,0,2026-10-03T04:00:00.000Z,2026-09-22T13:07:35+00:00,,,0.5615311765973092,,,,,,,,False,False,False,,,,,False,,,
401856822,2026,5,Iowa State,West Virginia,Big 12,Big 12,0,2026-10-03T16:00:00.000Z,2026-09-22T13:07:35+00:00,,,0.5237247511521326,,,,,,,,False,False,False,,,,,False,,,
401858245,2026,5,Virginia Tech,Pittsburgh,ACC,ACC,0,2026-10-02T23:00:00.000Z,2026-09-22T13:07:35+00:00,,,0.6192303058401392,,,,,,,,False,False,False,,,,,False,,,
401858246,2026,5,SMU,Boston College,ACC,ACC,0,2026-10-03T16:00:00.000Z,2026-09-22T13:07:35+00:00,,,0.6251861709138835,,,,,,,,False,False,False,,,,,False,,,
401858247,2026,5,UNLV,California,Mountain West,ACC,0,2026-10-03T19:30:00.000Z,2026-09-22T13:07:35+00:00,,,0.4821316700728664,,,,,,,,False,False,False,,,,,False,,,
401858248,2026,5,NC State,Louisville,ACC,ACC,0,2026-10-03T19:30:00.000Z,2026-09-22T13:07:35+00:00,,,0.5915698274677463,,,,,,,,False,False,False,,,,,False,,,
401858249,2026,5,Clemson,Miami,ACC,ACC,0,2026-10-03T04:00:00.000Z,2026-09-22T13:07:35+00:00,-4.239753075441399,55.6554083703019,0.4414339566915239,7.0,55.5,7.0,260.0,-325.0,2.7602469245586008,0.1554083703018989,False,False,True,,,,,False,,,
401858250,2026,5,North Carolina,Notre Dame,ACC,FBS Independents,0,2026-10-03T04:00:00.000Z,2026-09-22T13:07:35+00:00,-21.26123105286782,56.31413197090095,0.2306097725446634,23.5,55.5,23.5,1100.0,-2100.0,2.238768947132179,0.8141319709009522,False,False,True,,,,,False,,,
401858251,2026,5,Wake Forest,Stanford,ACC,ACC,0,2026-10-03T16:00:00.000Z,2026-09-22T13:07:35+00:00,,,0.5206039517334169,,,,,,,,False,False,False,,,,,False,,,
401858252,2026,5,UConn,Syracuse,FBS Independents,ACC,0,2026-10-03T16:00:00.000Z,2026-09-22T13:07:35+00:00,,,0.5111507537801115,,,,,,,,False,False,False,,,,,False,,,
401858253,2026,5,Florida State,Virginia,ACC,ACC,0,2026-10-03T19:30:00.000Z,2026-09-22T13:07:35+00:00,,,0.5484409370250456,,,,,,,,False,False,False,,,,,False,,,
401858472,2026,5,Illinois,Purdue,Big Ten,Big Ten,0,2026-10-03T20:15:00.000Z,2026-09-22T13:07:35+00:00,,,0.5647493349938086,,,,,,,,False,False,False,,,,,False,,,
401858473,2026,5,Iowa,Ohio State,Big Ten,Big Ten,0,2026-10-03T19:30:00.000Z,2026-09-22T13:07:35+00:00,,,0.47010760371924,,,,,,,,False,False,False,,,,,False,,,
401858474,2026,5,Minnesota,Michigan,Big Ten,Big Ten,0,2026-10-03T16:00:00.000Z,2026-09-22T13:07:35+00:00,,,0.5377790444309054,,,,,,,,False,False,False,,,,,False,,,
401858475,2026,5,Nebraska,Maryland,Big Ten,Big Ten,0,2026-10-03T20:00:00.000Z,2026-09-22T13:07:35+00:00,,,0.5607799987166331,,,,,,,,False,False,False,,,,,False,,,
401858476,2026,5,Northwestern,Penn State,Big Ten,Big Ten,0,2026-10-03T00:00:00.000Z,2026-09-22T13:07:35+00:00,,,0.6075173512629858,,,,,,,,False,False,False,,,,,False,,,
401858477,2026,5,Rutgers,Indiana,Big Ten,Big Ten,0,2026-10-04T00:00:00.000Z,2026-09-22T13:07:35+00:00,,,0.5621899723572049,,,,,,,,False,False,False,,,,,False,,,
401858478,2026,5,USC,Washington,Big Ten,Big Ten,0,2026-10-03T23:30:00.000Z,2026-09-22T13:07:35+00:00,,,0.6213043173843484,,,,,,,,False,False,False,,,,,False,,,
401858479,2026,5,Wisconsin,Michigan State,Big Ten,Big Ten,0,2026-10-03T16:30:00.000Z,2026-09-22T13:07:35+00:00,,,0.593776284827457,,,,,,,,False,False,False,,,,,False,,,
401860898,2026,5,Boise State,Utah State,Pac-12,Pac-12,0,2026-10-03T23:30:00.000Z,2026-09-22T13:07:35+00:00,,,0.5874763012152835,,,,,,,,False,False,False,,,,,False,,,
401860899,2026,5,Colorado State,Oregon State,Pac-12,Pac-12,0,2026-10-03T22:00:00.000Z,2026-09-22T13:07:35+00:00,,,0.5096818043049188,,,,,,,,False,False,False,,,,,False,,,
401860900,2026,5,San Diego State,Texas State,Pac-12,Pac-12,0,2026-10-04T02:30:00.000Z,2026-09-22T13:07:35+00:00,,,0.6237217914065534,,,,,,,,False,False,False,,,,,False,,,
401860921,2026,5,Washington State,Fresno State,Pac-12,Pac-12,0,2026-10-04T01:30:00.000Z,2026-09-22T13:07:35+00:00,,,0.620782837386787,,,,,,,,False,False,False,,,,,False,,,
401862786,2026,5,Tulsa,North Texas,American Athletic,American Athletic,0,2026-10-02T01:00:00.000Z,2026-09-22T13:07:35+00:00,,,0.6015204861126977,,,,,,,,False,False,False,,,,,False,,,
401862787,2026,5,Charlotte,Memphis,American Athletic,American Athletic,0,2026-10-03T19:30:00.000Z,2026-09-22T13:07:35+00:00,,,0.6315946271290818,,,,,,,,False,False,False,,,,,False,,,
401862788,2026,5,Rice,UTSA,American Athletic,American Athletic,0,2026-10-03T23:00:00.000Z,2026-09-22T13:07:35+00:00,,,0.5392889171402357,,,,,,,,False,False,False,,,,,False,,,
401862790,2026,5,Florida Atlantic,Texas Southern,American Athletic,SWAC,0,2026-10-03T22:00:00.000Z,2026-09-22T13:07:35+00:00,,,0.7036164893193196,,,,,,,,False,False,False,,,,,False,,,
401862791,2026,5,Air Force,Navy,Mountain West,American Athletic,0,2026-10-03T16:00:00.000Z,2026-09-22T13:07:35+00:00,,,0.6636921301176091,,,,,,,,False,False,False,,,,,False,,,
401862792,2026,5,South Florida,Temple,American Athletic,American Athletic,0,2026-10-03T23:30:00.000Z,2026-09-22T13:07:35+00:00,,,0.5398662587388239,,,,,,,,False,False,False,,,,,False,,,
401862793,2026,5,UAB,Samford,American Athletic,Southern,0,2026-10-03T19:30:00.000Z,2026-09-22T13:07:35+00:00,,,0.688219161455654,,,,,,,,False,False,False,,,,,False,,,
401864513,2026,5,Hawai'i,San José State,Mountain West,Mountain West,0,2026-10-04T03:59:00.000Z,2026-09-22T13:07:35+00:00,,,0.6338330106786261,,,,,,,,False,False,False,,,,,False,,,
401864514,2026,5,New Mexico,UTEP,Mountain West,Mountain West,0,2026-10-03T20:00:00.000Z,2026-09-22T13:07:35+00:00,,,0.5750431468867072,,,,,,,,False,False,False,,,,,False,,,
401864515,2026,5,North Dakota State,Wyoming,Mountain West,Mountain West,0,2026-10-03T19:30:00.000Z,2026-09-22T13:07:35+00:00,,,0.5167408803187435,,,,,,,,False,False,False,,,,,False,,,
401866430,2026,5,Central Michigan,Akron,Mid-American,Mid-American,0,2026-10-03T19:30:00.000Z,2026-09-22T13:07:35+00:00,,,0.4880472492453752,,,,,,,,False,False,False,,,,,False,,,
401866431,2026,5,Ball State,Toledo,Mid-American,Mid-American,0,2026-10-03T18:00:00.000Z,2026-09-22T13:07:35+00:00,,,0.4929478333458079,,,,,,,,False,False,False,,,,,False,,,
401866432,2026,5,Buffalo,Western Michigan,Mid-American,Mid-American,0,2026-10-03T17:00:00.000Z,2026-09-22T13:07:35+00:00,,,0.4511169548512911,,,,,,,,False,False,False,,,,,False,,,
401866433,2026,5,Massachusetts,Eastern Michigan,Mid-American,Mid-American,0,2026-10-03T19:30:00.000Z,2026-09-22T13:07:35+00:00,,,0.5258610315757728,,,,,,,,False,False,False,,,,,False,,,
401866434,2026,5,Kent State,Ohio,Mid-American,Mid-American,0,2026-10-03T19:30:00.000Z,2026-09-22T13:07:35+00:00,,,0.5477615114580456,,,,,,,,False,False,False,,,,,False,,,
401866477,2026,5,Miami (OH),Bowling Green,Mid-American,Mid-American,0,2026-10-03T19:30:00.000Z,2026-09-22T13:07:35+00:00,,,0.6038472870488697,,,,,,,,False,False,False,,,,,False,,,
401866650,2026,5,New Hampshire,Elon,Coastal Athletic,Coastal Athletic,0,2026-10-03T17:00:00.000Z,2026-09-22T13:07:35+00:00,,,0.6227927946210932,,,,,,,,False,False,False,,,,,False,,,
401866651,2026,5,Monmouth,Towson,Coastal Athletic,Coastal Athletic,0,2026-10-03T17:00:00.000Z,2026-09-22T13:07:35+00:00,,,0.6175537560257682,,,,,,,,False,False,False,,,,,False,,,
401866652,2026,5,Maine,Sacred Heart,Coastal Athletic,Coastal Athletic,0,2026-10-03T19:30:00.000Z,2026-09-22T13:07:35+00:00,,,0.6271064936699329,,,,,,,,False,False,False,,,,,False,,,
401866653,2026,5,Bryant,North Carolina A&T,Coastal Athletic,Coastal Athletic,0,2026-10-03T22:00:00.000Z,2026-09-22T13:07:35+00:00,,,0.6228449232862215,,,,,,,,False,False,False,,,,,False,,,
401866654,2026,5,Rhode Island,Brown,Coastal Athletic,Ivy,0,2026-10-03T16:00:00.000Z,2026-09-22T13:07:35+00:00,,,0.6320921799870829,,,,,,,,False,False,False,,,,,False,,,
401866655,2026,5,UAlbany,Delaware State,Coastal Athletic,MEAC,0,2026-10-03T19:30:00.000Z,2026-09-22T13:07:35+00:00,,,0.6191469531880949,,,,,,,,False,False,False,,,,,False,,,
401866656,2026,5,Hampton,Howard,Coastal Athletic,MEAC,1,2026-10-03T19:00:00.000Z,2026-09-22T13:07:35+00:00,,,0.5829775908450296,,,,,,,,False,False,False,,,,,False,,,
401866657,2026,5,North Carolina Central,Campbell,MEAC,Coastal Athletic,0,2026-10-03T22:00:00.000Z,2026-09-22T13:07:35+00:00,,,0.6082129579988962,,,,,,,,False,False,False,,,,,False,,,
401867688,2026,5,Tarleton State,Chicago State,UAC,FCS Independents,0,2026-10-03T23:00:00.000Z,2026-09-22T13:07:35+00:00,,,0.6326824606589411,,,,,,,,False,False,False,,,,,False,,,
401867819,2026,5,Columbia,Princeton,Ivy,Ivy,0,2026-10-03T16:00:00.000Z,2026-09-22T13:07:35+00:00,,,0.6214072443307164,,,,,,,,False,False,False,,,,,False,,,
401867828,2026,5,Georgetown,Cornell,Patriot,Ivy,0,2026-10-03T16:30:00.000Z,2026-09-22T13:07:35+00:00,,,0.64500218652128,,,,,,,,False,False,False,,,,,False,,,
401867835,2026,5,Dartmouth,Pennsylvania,Ivy,Ivy,0,2026-10-03T17:30:00.000Z,2026-09-22T13:07:35+00:00,,,0.6405225224037107,,,,,,,,False,False,False,,,,,False,,,
401867840,2026,5,Harvard,Colgate,Ivy,Patriot,0,2026-10-03T23:00:00.000Z,2026-09-22T13:07:35+00:00,,,0.6469368905926887,,,,,,,,False,False,False,,,,,False,,,
401867848,2026,5,Illinois State,South Dakota State,MVFC,MVFC,0,2026-10-03T23:00:00.000Z,2026-09-22T13:07:35+00:00,,,0.6517264671104002,,,,,,,,False,False,False,,,,,False,,,
401867859,2026,5,South Dakota,Indiana State,MVFC,MVFC,0,2026-10-03T19:00:00.000Z,2026-09-22T13:07:35+00:00,,,0.6148535211756802,,,,,,,,False,False,False,,,,,False,,,
401867869,2026,5,North Dakota,Murray State,MVFC,MVFC,0,2026-10-03T18:00:00.000Z,2026-09-22T13:07:35+00:00,,,0.6067455364757641,,,,,,,,False,False,False,,,,,False,,,
401867891,2026,5,Southern Illinois,Youngstown State,MVFC,MVFC,0,2026-10-03T21:00:00.000Z,2026-09-22T13:07:35+00:00,,,0.6322241996891684,,,,,,,,False,False,False,,,,,False,,,
401867899,2026,5,Central Connecticut,Wagner,NEC,NEC,0,2026-10-03T16:00:00.000Z,2026-09-22T13:07:35+00:00,,,0.6173835955304723,,,,,,,,False,False,False,,,,,False,,,
401867910,2026,5,Long Island University,Mercyhurst,NEC,NEC,0,2026-10-03T16:00:00.000Z,2026-09-22T13:07:35+00:00,,,0.6136830560579376,,,,,,,,False,False,False,,,,,False,,,
401867918,2026,5,Robert Morris,Norfolk State,NEC,MEAC,0,2026-10-03T18:00:00.000Z,2026-09-22T13:07:35+00:00,,,0.6232660027904976,,,,,,,,False,False,False,,,,,False,,,
401867967,2026,5,Villanova,Morgan State,Patriot,MEAC,0,2026-10-03T17:00:00.000Z,2026-09-22T13:07:35+00:00,,,0.6229919545830451,,,,,,,,False,False,False,,,,,False,,,
401867986,2026,5,South Carolina State,The Citadel,MEAC,Southern,0,2026-10-03T18:00:00.000Z,2026-09-22T13:07:35+00:00,,,0.6269788427234863,,,,,,,,False,False,False,,,,,False,,,
401868010,2026,5,Lehigh,Fordham,Patriot,Patriot,0,2026-10-03T16:00:00.000Z,2026-09-22T13:07:35+00:00,,,0.6152422191329716,,,,,,,,False,False,False,,,,,False,,,
401868025,2026,5,William & Mary,Holy Cross,Patriot,Patriot,0,2026-10-03T19:30:00.000Z,2026-09-22T13:07:35+00:00,,,0.6035899160493379,,,,,,,,False,False,False,,,,,False,,,
401868029,2026,5,Lafayette,Richmond,Patriot,Patriot,0,2026-10-03T16:30:00.000Z,2026-09-22T13:07:35+00:00,,,0.6129074768566855,,,,,,,,False,False,False,,,,,False,,,
401868053,2026,5,Abilene Christian,West Florida,UAC,UAC,0,2026-10-04T00:00:00.000Z,2026-09-22T13:07:35+00:00,,,0.6201148053170498,,,,,,,,False,False,False,,,,,False,,,
401868064,2026,5,Austin Peay,New Haven,UAC,NEC,0,2026-10-03T21:00:00.000Z,2026-09-22T13:07:35+00:00,,,0.6427997607996714,,,,,,,,False,False,False,,,,,False,,,
401868077,2026,5,Cal Poly,Weber State,Big Sky,Big Sky,0,2026-10-04T00:00:00.000Z,2026-09-22T13:07:35+00:00,,,0.6575698955695128,,,,,,,,False,False,False,,,,,False,,,
401868086,2026,5,UC Davis,Eastern Washington,Big Sky,Big Sky,0,2026-10-04T02:30:00.000Z,2026-09-22T13:07:35+00:00,,,0.6272739856882192,,,,,,,,False,False,False,,,,,False,,,
401868094,2026,5,Idaho,Montana State,Big Sky,Big Sky,0,2026-10-03T02:30:00.000Z,2026-09-22T13:07:35+00:00,,,0.6293526944671177,,,,,,,,False,False,False,,,,,False,,,
401868104,2026,5,Idaho State,Northern Arizona,Big Sky,Big Sky,0,2026-10-04T00:00:00.000Z,2026-09-22T13:07:35+00:00,,,0.6144601546518069,,,,,,,,False,False,False,,,,,False,,,
401868114,2026,5,Montana,Northern Colorado,Big Sky,Big Sky,0,2026-10-03T20:00:00.000Z,2026-09-22T13:07:35+00:00,,,0.6252089043347968,,,,,,,,False,False,False,,,,,False,,,
401868143,2026,5,Eastern Kentucky,North Alabama,UAC,UAC,0,2026-10-03T22:00:00.000Z,2026-09-22T13:07:35+00:00,,,0.6082362640632006,,,,,,,,False,False,False,,,,,False,,,
401868160,2026,5,Utah Tech,Southern Utah,Big Sky,Big Sky,0,2026-10-04T00:00:00.000Z,2026-09-22T13:07:35+00:00,,,0.6016068415716188,,,,,,,,False,False,False,,,,,False,,,
401868173,2026,5,Charleston Southern,Gardner-Webb,OVC,OVC,0,2026-10-03T22:00:00.000Z,2026-09-22T13:07:35+00:00,,,0.6316284014690264,,,,,,,,False,False,False,,,,,False,,,
401868197,2026,5,Western Illinois,Tennessee State,OVC,OVC,0,2026-10-03T20:00:00.000Z,2026-09-22T13:07:35+00:00,,,0.6134694194266712,,,,,,,,False,False,False,,,,,False,,,
401868220,2026,5,San Diego,Davidson,Pioneer,Pioneer,0,2026-10-03T20:00:00.000Z,2026-09-22T13:07:35+00:00,,,0.6424641379031368,,,,,,,,False,False,False,,,,,False,,,
401868228,2026,5,Drake,Dayton,Pioneer,Pioneer,0,2026-10-03T17:00:00.000Z,2026-09-22T13:07:35+00:00,,,0.6224105003364475,,,,,,,,False,False,False,,,,,False,,,
401868248,2026,5,East Texas A&M,UT Rio Grande Valley,Southland,Southland,0,2026-10-03T23:00:00.000Z,2026-09-22T13:07:35+00:00,,,0.6184397125078211,,,,,,,,False,False,False,,,,,False,,,
401868264,2026,5,Stetson,Marist,Pioneer,Pioneer,0,2026-10-03T17:00:00.000Z,2026-09-22T13:07:35+00:00,,,0.6077445381309721,,,,,,,,False,False,False,,,,,False,,,
401868270,2026,5,Morehead State,Valparaiso,Pioneer,Pioneer,0,2026-10-03T17:00:00.000Z,2026-09-22T13:07:35+00:00,,,0.6265689906153675,,,,,,,,False,False,False,,,,,False,,,
401868276,2026,5,Presbyterian,St. Thomas (MN),Pioneer,Pioneer,0,2026-10-03T17:00:00.000Z,2026-09-22T13:07:35+00:00,,,0.6294442934964053,,,,,,,,False,False,False,,,,,False,,,
401868295,2026,5,Jackson State,Alabama A&M,SWAC,SWAC,1,2026-10-03T21:00:00.000Z,2026-09-22T13:07:35+00:00,,,0.6069194481484881,,,,,,,,False,False,False,,,,,False,,,
401868309,2026,5,Stephen F. Austin,Incarnate Word,Southland,Southland,0,2026-10-03T22:00:00.000Z,2026-09-22T13:07:35+00:00,,,0.6151858767599447,,,,,,,,False,False,False,,,,,False,,,
401868328,2026,5,Bethune-Cookman,Alabama State,SWAC,SWAC,0,2026-10-03T20:00:00.000Z,2026-09-22T13:07:35+00:00,,,0.6162166666448332,,,,,,,,False,False,False,,,,,False,,,
401868339,2026,5,East Tennessee State,Chattanooga,Southern,Southern,0,2026-10-03T19:30:00.000Z,2026-09-22T13:07:35+00:00,,,0.6440010641881417,,,,,,,,False,False,False,,,,,False,,,
401868359,2026,5,Grambling,Alcorn State,SWAC,SWAC,0,2026-10-03T19:00:00.000Z,2026-09-22T13:07:35+00:00,,,0.6072944010931579,,,,,,,,False,False,False,,,,,False,,,
401868375,2026,5,Furman,Wofford,Southern,Southern,0,2026-10-03T18:00:00.000Z,2026-09-22T13:07:35+00:00,,,0.645464187038562,,,,,,,,False,False,False,,,,,False,,,
401868381,2026,5,VMI,Mercer,Southern,Southern,0,2026-10-03T17:30:00.000Z,2026-09-22T13:07:35+00:00,,,0.6124011724563478,,,,,,,,False,False,False,,,,,False,,,
401868391,2026,5,Western Carolina,Tennessee Tech,Southern,Southern,0,2026-10-03T22:00:00.000Z,2026-09-22T13:07:35+00:00,,,0.6256022407854979,,,,,,,,False,False,False,,,,,False,,,
401868936,2026,5,Southern,Arkansas-Pine Bluff,SWAC,SWAC,0,2026-10-03T23:00:00.000Z,2026-09-22T13:07:35+00:00,,,0.6335319354423223,,,,,,,,False,False,False,,,,,False,,,
401868965,2026,5,Mississippi Valley State,Prairie View A&M,SWAC,SWAC,0,2026-10-03T19:00:00.000Z,2026-09-22T13:07:35+00:00,,,0.6085999040096746,,,,,,,,False,False,False,,,,,False,,,
401869131,2026,5,Lamar,Northwestern State,Southland,Southland,0,2026-10-03T23:00:00.000Z,2026-09-22T13:07:35+00:00,,,0.6169794060942209,,,,,,,,False,False,False,,,,,False,,,
401869151,2026,5,Houston Christian,Nicholls,Southland,Southland,0,2026-10-03T23:00:00.000Z,2026-09-22T13:07:35+00:00,,,0.6090333696998755,,,,,,,,False,False,False,,,,,False,,,
401869842,2026,5,Louisiana Tech,Army,Sun Belt,American Athletic,0,2026-10-03T23:30:00.000Z,2026-09-22T13:07:35+00:00,,,0.5120869393255105,,,,,,,,False,False,False,,,,,False,,,
401869932,2026,5,Louisiana,Arkansas State,Sun Belt,Sun Belt,0,2026-10-04T00:00:00.000Z,2026-09-22T13:07:35+00:00,,,0.6371056185999475,,,,,,,,False,False,False,,,,,False,,,
401869942,2026,5,Coastal Carolina,Georgia Southern,Sun Belt,Sun Belt,0,2026-10-03T23:00:00.000Z,2026-09-22T13:07:35+00:00,,,0.6259823635874083,,,,,,,,False,False,False,,,,,False,,,
401869956,2026,5,Georgia State,Old Dominion,Sun Belt,Sun Belt,0,2026-10-03T19:30:00.000Z,2026-09-22T13:07:35+00:00,,,0.6450299262524208,,,,,,,,False,False,False,,,,,False,,,
401869962,2026,5,James Madison,Marshall,Sun Belt,Sun Belt,0,2026-10-03T19:45:00.000Z,2026-09-22T13:07:35+00:00,,,0.4452872844553162,,,,,,,,False,False,False,,,,,False,,,
401870840,2026,5,Yale,Merrimack,Ivy,FCS Independents,0,2026-10-03T16:00:00.000Z,2026-09-22T13:07:35+00:00,,,0.6180276916415902,,,,,,,,False,False,False,,,,,False,,,
401871049,2026,5,New Mexico State,Western Kentucky,Conference USA,Conference USA,0,2026-10-02T00:00:00.000Z,2026-09-22T13:07:35+00:00,,,0.5107552453461822,,,,,,,,False,False,False,,,,,False,,,
401871050,2026,5,Delaware,Liberty,Conference USA,Conference USA,0,2026-10-02T23:00:00.000Z,2026-09-22T13:07:35+00:00,,,0.6358217660282899,,,,,,,,False,False,False,,,,,False,,,
401871089,2026,5,South Alabama,UL Monroe,Sun Belt,Sun Belt,0,2026-10-03T23:00:00.000Z,2026-09-22T13:07:35+00:00,,,0.6053809048070127,,,,,,,,False,False,False,,,,,False,,,
401873231,2026,5,Puget Sound,Lewis & Clark,Northwest,Northwest,0,2026-10-03T17:00:00.000Z,2026-09-22T13:07:35+00:00,,,0.614465038341972,,,,,,,,False,False,False,,,,,False,,,
401873397,2026,5,Rockford,St. Norbert,NACC,NACC,0,2026-10-03T18:00:00.000Z,2026-09-22T13:07:35+00:00,,,0.6293831704125712,,,,,,,,False,False,False,,,,,False,,,
401873406,2026,5,Montclair State,Kean,New Jersey,New Jersey,0,2026-10-03T21:00:00.000Z,2026-09-22T13:07:35+00:00,,,0.6203121181149645,,,,,,,,False,False,False,,,,,False,,,
401906053,2026,5,Bluefield State,Johnson C. Smith,CIAA,CIAA,0,2026-10-03T17:00:00.000Z,2026-09-22T13:07:35+00:00,,,0.6135719812408549,,,,,,,,False,False,False,,,,,False,,,
401906120,2026,5,Bowie State,Shaw,CIAA,CIAA,0,2026-10-03T17:00:00.000Z,2026-09-22T13:07:35+00:00,,,0.6145306479176579,,,,,,,,False,False,False,,,,,False,,,
401906128,2026,5,Virginia Union,Elizabeth City State,CIAA,CIAA,0,2026-10-03T17:00:00.000Z,2026-09-22T13:07:35+00:00,,,0.6114516311217579,,,,,,,,False,False,False,,,,,False,,,
401906135,2026,5,Lincoln (PA),Virginia State,CIAA,CIAA,0,2026-10-03T17:00:00.000Z,2026-09-22T13:07:35+00:00,,,0.6155021188253811,,,,,,,,False,False,False,,,,,False,,,
401906155,2026,5,Livingstone,Fayetteville State,CIAA,CIAA,0,2026-10-03T18:00:00.000Z,2026-09-22T13:07:35+00:00,,,0.6187960988418305,,,,,,,,False,False,False,,,,,False,,,
401906172,2026,5,Barton,Ferrum,Carolinas,Carolinas,0,2026-10-03T18:00:00.000Z,2026-09-22T13:07:35+00:00,,,0.6210179849658389,,,,,,,,False,False,False,,,,,False,,,
401906179,2026,5,West Alabama,Chowan,Gulf South,Carolinas,0,2026-10-03T21:00:00.000Z,2026-09-22T13:07:35+00:00,,,0.6299437054256595,,,,,,,,False,False,False,,,,,False,,,
401906189,2026,5,Valdosta State,Erskine,Gulf South,Carolinas,0,2026-10-03T20:00:00.000Z,2026-09-22T13:07:35+00:00,,,0.6303294742865614,,,,,,,,False,False,False,,,,,False,,,
401906197,2026,5,UNC Pembroke,North Greenville,Carolinas,Carolinas,0,2026-10-03T17:00:00.000Z,2026-09-22T13:07:35+00:00,,,0.6226783187724805,,,,,,,,False,False,False,,,,,False,,,
401906207,2026,5,Delta State,Shorter,Gulf South,Carolinas,0,2026-10-03T23:00:00.000Z,2026-09-22T13:07:35+00:00,,,0.6248246950678207,,,,,,,,False,False,False,,,,,False,,,
401906519,2026,5,Southeastern Oklahoma State,Arkansas Tech,Great American,Great American,0,2026-10-03T19:00:00.000Z,2026-09-22T13:07:35+00:00,,,0.6154439733080499,,,,,,,,False,False,False,,,,,False,,,
401906529,2026,5,Southern Nazarene,Arkansas Monticello,Great American,Great American,0,2026-10-03T19:00:00.000Z,2026-09-22T13:07:35+00:00,,,0.6156743738719002,,,,,,,,False,False,False,,,,,False,,,
401906539,2026,5,East Central,Harding,Great American,Great American,0,2026-10-03T19:00:00.000Z,2026-09-22T13:07:35+00:00,,,0.6200595756001801,,,,,,,,False,False,False,,,,,False,,,
401906556,2026,5,Henderson State,Southwestern Oklahoma State,Great American,Great American,0,2026-10-03T18:00:00.000Z,2026-09-22T13:07:35+00:00,,,0.6214082693607773,,,,,,,,False,False,False,,,,,False,,,
401906561,2026,5,Southern Arkansas,Northwestern (OK),Great American,Great American,0,2026-10-03T19:00:00.000Z,2026-09-22T13:07:35+00:00,,,0.6215919340607008,,,,,,,,False,False,False,,,,,False,,,
401906568,2026,5,Oklahoma Baptist,Ouachita Baptist,Great American,Great American,0,2026-10-03T19:00:00.000Z,2026-09-22T13:07:35+00:00,,,0.6156534100769872,,,,,,,,False,False,False,,,,,False,,,
401906591,2026,5,Northeastern State,UT Permian Basin,Independent DII,Lone Star,0,2026-10-03T22:00:00.000Z,2026-09-22T13:07:35+00:00,,,0.6201334464351316,,,,,,,,False,False,False,,,,,False,,,
401906614,2026,5,Mary Hardin Baylor,Keystone,American Southwest,Independent DIII,0,2026-10-03T23:00:00.000Z,2026-09-22T13:07:35+00:00,,,0.6288482442663019,,,,,,,,False,False,False,,,,,False,,,
401906624,2026,5,Thomas More,Walsh,Great Midwest Athletic,Great Midwest Athletic,0,2026-10-03T23:00:00.000Z,2026-09-22T13:07:35+00:00,,,0.6198626172608614,,,,,,,,False,False,False,,,,,False,,,
401906635,2026,5,Ashland,Tiffin,Great Midwest Athletic,Great Midwest Athletic,0,2026-10-03T17:00:00.000Z,2026-09-22T13:07:35+00:00,,,0.6231963579541223,,,,,,,,False,False,False,,,,,False,,,
401906652,2026,5,Ohio Dominican,Findlay,Great Midwest Athletic,Great Midwest Athletic,0,2026-10-03T16:00:00.000Z,2026-09-22T13:07:35+00:00,,,0.6160643082949222,,,,,,,,False,False,False,,,,,False,,,
401906679,2026,5,Northwood,Kentucky Wesleyan,Great Midwest Athletic,Great Midwest Athletic,0,2026-10-03T16:00:00.000Z,2026-09-22T13:07:35+00:00,,,0.6202085070901,,,,,,,,False,False,False,,,,,False,,,
401906684,2026,5,Lake Erie,Hillsdale,Great Midwest Athletic,Great Midwest Athletic,0,2026-10-03T17:00:00.000Z,2026-09-22T13:07:35+00:00,,,0.620758588494297,,,,,,,,False,False,False,,,,,False,,,
401906883,2026,5,Grand Valley State,Wayne State (MI),GLIAC,GLIAC,0,2026-10-03T19:00:00.000Z,2026-09-22T13:07:35+00:00,,,0.6196711330876261,,,,,,,,False,False,False,,,,,False,,,
401906905,2026,5,Saginaw Valley State,Davenport,GLIAC,GLIAC,0,2026-10-03T18:00:00.000Z,2026-09-22T13:07:35+00:00,,,0.6207933531688968,,,,,,,,False,False,False,,,,,False,,,
401906923,2026,5,Savannah State,Allen,SIAC,SIAC,0,2026-10-03T22:00:00.000Z,2026-09-22T13:07:35+00:00,,,0.6289892413466056,,,,,,,,False,False,False,,,,,False,,,
401906932,2026,5,Roosevelt,Michigan Tech,GLIAC,GLIAC,0,2026-10-03T18:00:00.000Z,2026-09-22T13:07:35+00:00,,,0.6035182288939811,,,,,,,,False,False,False,,,,,False,,,
401906939,2026,5,Benedict,Clark Atlanta,SIAC,SIAC,0,2026-10-03T18:00:00.000Z,2026-09-22T13:07:35+00:00,,,0.6224736600654487,,,,,,,,False,False,False,,,,,False,,,
401906945,2026,5,Northern Michigan,Ferris State,GLIAC,GLIAC,0,2026-10-03T17:00:00.000Z,2026-09-22T13:07:35+00:00,,,0.6243415134173442,,,,,,,,False,False,False,,,,,False,,,
401906952,2026,5,Central State,Fort Valley State,SIAC,SIAC,0,2026-10-03T17:00:00.000Z,2026-09-22T13:07:35+00:00,,,0.6216186001216198,,,,,,,,False,False,False,,,,,False,,,
401906960,2026,5,Edward Waters,Kentucky State,SIAC,SIAC,0,2026-10-03T18:00:00.000Z,2026-09-22T13:07:35+00:00,,,0.6147308831063591,,,,,,,,False,False,False,,,,,False,,,
401907109,2026,5,Adams State,CSU Pueblo,Rocky Mountain,Rocky Mountain,0,2026-10-03T18:00:00.000Z,2026-09-22T13:07:35+00:00,,,0.6149871158208088,,,,,,,,False,False,False,,,,,False,,,
401907114,2026,5,Colorado School of Mines,Black Hills State,Rocky Mountain,Rocky Mountain,0,2026-10-03T18:00:00.000Z,2026-09-22T13:07:35+00:00,,,0.6222044502610051,,,,,,,,False,False,False,,,,,False,,,
401907125,2026,5,Colorado Mesa,Chadron State,Rocky Mountain,Rocky Mountain,0,2026-10-04T00:00:00.000Z,2026-09-22T13:07:35+00:00,,,0.6149959871682049,,,,,,,,False,False,False,,,,,False,,,
401907153,2026,5,Fort Lewis,South Dakota Mines,Rocky Mountain,Rocky Mountain,0,2026-10-03T18:00:00.000Z,2026-09-22T13:07:35+00:00,,,0.6149208223258837,,,,,,,,False,False,False,,,,,False,,,
401907158,2026,5,New Mexico Highlands,Western Colorado,Rocky Mountain,Rocky Mountain,0,2026-10-04T00:00:00.000Z,2026-09-22T13:07:35+00:00,,,0.6222921134689134,,,,,,,,False,False,False,,,,,False,,,
401907198,2026,5,William Jewell,Indianapolis,Great Lakes,Great Lakes,0,2026-10-03T18:00:00.000Z,2026-09-22T13:07:35+00:00,,,0.6173896795683966,,,,,,,,False,False,False,,,,,False,,,
401907208,2026,5,Southwest Baptist,Lincoln (MO),Great Lakes,Great Lakes,0,2026-10-03T18:00:00.000Z,2026-09-22T13:07:35+00:00,,,0.616497817873499,,,,,,,,False,False,False,,,,,False,,,
401907214,2026,5,McKendree,Quincy,Great Lakes,Great Lakes,0,2026-10-03T20:00:00.000Z,2026-09-22T13:07:35+00:00,,,0.6160187360740086,,,,,,,,False,False,False,,,,,False,,,
401907223,2026,5,Upper Iowa,Missouri S&T,Great Lakes,Great Lakes,0,2026-10-03T18:00:00.000Z,2026-09-22T13:07:35+00:00,,,0.6291951515616749,,,,,,,,False,False,False,,,,,False,,,
401907278,2026,5,Angelo State,Central Washington,Lone Star,Lone Star,0,2026-10-03T23:00:00.000Z,2026-09-22T13:07:35+00:00,,,0.6096984645715049,,,,,,,,False,False,False,,,,,False,,,
401907287,2026,5,Sul Ross State,Eastern New Mexico,Lone Star,Lone Star,0,2026-10-04T00:00:00.000Z,2026-09-22T13:07:35+00:00,,,0.621300786593348,,,,,,,,False,False,False,,,,,False,,,
401907294,2026,5,Morehouse,Tuskegee,SIAC,SIAC,1,2026-10-03T23:00:00.000Z,2026-09-22T13:07:35+00:00,,,0.5742402482948695,,,,,,,,False,False,False,,,,,False,,,
401907300,2026,5,Midwestern State,Western Oregon,Lone Star,Lone Star,0,2026-10-03T19:00:00.000Z,2026-09-22T13:07:35+00:00,,,0.6299271469399854,,,,,,,,False,False,False,,,,,False,,,
401907310,2026,5,Texas A&M-Kingsville,West Texas,Lone Star,Lone Star,0,2026-10-04T00:00:00.000Z,2026-09-22T13:07:35+00:00,,,0.6189562058264939,,,,,,,,False,False,False,,,,,False,,,
401907325,2026,5,Miles,Lane College,SIAC,SIAC,0,2026-10-03T19:00:00.000Z,2026-09-22T13:07:35+00:00,,,0.6151645138253072,,,,,,,,False,False,False,,,,,False,,,
401907339,2026,5,Central Missouri,Central Oklahoma,Mid America,Mid America,0,2026-10-04T00:00:00.000Z,2026-09-22T13:07:35+00:00,,,0.6305245045924384,,,,,,,,False,False,False,,,,,False,,,
401907359,2026,5,Emporia State,Missouri Western,Mid America,Mid America,0,2026-10-03T18:00:00.000Z,2026-09-22T13:07:35+00:00,,,0.6224296797002771,,,,,,,,False,False,False,,,,,False,,,
401907366,2026,5,Fort Hays,Missouri Southern State,Mid America,Mid America,0,2026-10-04T00:00:00.000Z,2026-09-22T13:07:35+00:00,,,0.6243006018191966,,,,,,,,False,False,False,,,,,False,,,
401907383,2026,5,Nebraska Kearney,Pittsburg State,Mid America,Mid America,0,2026-10-03T19:00:00.000Z,2026-09-22T13:07:35+00:00,,,0.6200937979519827,,,,,,,,False,False,False,,,,,False,,,
401907397,2026,5,Anderson (SC),Emory & Henry,South Atlantic,South Atlantic,0,2026-10-03T17:00:00.000Z,2026-09-22T13:07:35+00:00,,,0.615731379968789,,,,,,,,False,False,False,,,,,False,,,
401907407,2026,5,Catawba,Wingate,South Atlantic,South Atlantic,0,2026-10-03T22:00:00.000Z,2026-09-22T13:07:35+00:00,,,0.6094107327956597,,,,,,,,False,False,False,,,,,False,,,
401907416,2026,5,Lenoir Rhyne,Carson Newman,South Atlantic,South Atlantic,0,2026-10-03T18:00:00.000Z,2026-09-22T13:07:35+00:00,,,0.6200515964077893,,,,,,,,False,False,False,,,,,False,,,
401907432,2026,5,Mars Hill,Tusculum,South Atlantic,South Atlantic,0,2026-10-03T18:30:00.000Z,2026-09-22T13:07:35+00:00,,,0.6196164842038705,,,,,,,,False,False,False,,,,,False,,,
401907458,2026,5,Newberry,UVA Wise,South Atlantic,South Atlantic,0,2026-10-03T23:00:00.000Z,2026-09-22T13:07:35+00:00,,,0.6165702925270387,,,,,,,,False,False,False,,,,,False,,,
401907469,2026,5,Washington St. Louis,John Carroll,North Coast,Ohio,0,2026-10-03T18:00:00.000Z,2026-09-22T13:07:35+00:00,,,0.6275539287285619,,,,,,,,False,False,False,,,,,False,,,
401907478,2026,5,American International,Franklin Pierce,Northeast 10,Northeast 10,0,2026-10-03T16:00:00.000Z,2026-09-22T13:07:35+00:00,,,0.6196116051515953,,,,,,,,False,False,False,,,,,False,,,
401907487,2026,5,Assumption,Bentley,Northeast 10,Northeast 10,0,2026-10-03T16:00:00.000Z,2026-09-22T13:07:35+00:00,,,0.6153376397434623,,,,,,,,False,False,False,,,,,False,,,
401907497,2026,5,Lackawanna,Bloomsburg,,Pennsylvania State Athletic,0,2026-10-03T17:00:00.000Z,2026-09-22T13:07:35+00:00,,,0.6277720077850022,,,,,,,,False,False,False,,,,,False,,,
401907520,2026,5,Seton Hill,California (PA),Pennsylvania State Athletic,Pennsylvania State Athletic,0,2026-10-03T20:00:00.000Z,2026-09-22T13:07:35+00:00,,,0.6214336626261017,,,,,,,,False,False,False,,,,,False,,,
401907530,2026,5,Lock Haven,Clarion,Pennsylvania State Athletic,Pennsylvania State Athletic,0,2026-10-03T17:00:00.000Z,2026-09-22T13:07:35+00:00,,,0.6225049896437383,,,,,,,,False,False,False,,,,,False,,,
401907540,2026,5,East Stroudsburg,West Chester,Pennsylvania State Athletic,Pennsylvania State Athletic,0,2026-10-03T17:05:00.000Z,2026-09-22T13:07:35+00:00,,,0.6139424111356013,,,,,,,,False,False,False,,,,,False,,,
401907547,2026,5,Edinboro,IU Pennsylvania,Pennsylvania State Athletic,Pennsylvania State Athletic,0,2026-10-03T18:00:00.000Z,2026-09-22T13:07:35+00:00,,,0.6137114351962549,,,,,,,,False,False,False,,,,,False,,,
401907555,2026,5,Slippery Rock,Gannon,Pennsylvania State Athletic,Pennsylvania State Athletic,0,2026-10-03T22:00:00.000Z,2026-09-22T13:07:35+00:00,,,0.6155506593577686,,,,,,,,False,False,False,,,,,False,,,
401907561,2026,5,Post,Pace,Northeast 10,Northeast 10,0,2026-10-03T17:00:00.000Z,2026-09-22T13:07:35+00:00,,,0.6156041277285719,,,,,,,,False,False,False,,,,,False,,,
401907571,2026,5,Shippensburg,Kutztown,Pennsylvania State Athletic,Pennsylvania State Athletic,0,2026-10-03T17:00:00.000Z,2026-09-22T13:07:35+00:00,,,0.6201802251769668,,,,,,,,False,False,False,,,,,False,,,
401907589,2026,5,Concord,Frostburg State,Mountain East,Mountain East,0,2026-10-03T17:00:00.000Z,2026-09-22T13:07:35+00:00,,,0.6168564470565927,,,,,,,,False,False,False,,,,,False,,,
401907598,2026,5,Fairmont State,Glenville State,Mountain East,Mountain East,0,2026-10-03T18:00:00.000Z,2026-09-22T13:07:35+00:00,,,0.620813274999729,,,,,,,,False,False,False,,,,,False,,,
401907602,2026,5,Saint Anselm,Southern Connecticut State,Northeast 10,Northeast 10,0,2026-10-03T17:00:00.000Z,2026-09-22T13:07:35+00:00,,,0.6294042879281282,,,,,,,,False,False,False,,,,,False,,,
401907616,2026,5,West Virginia State,West Liberty,Mountain East,Mountain East,0,2026-10-03T17:30:00.000Z,2026-09-22T13:07:35+00:00,,,0.620996447365977,,,,,,,,False,False,False,,,,,False,,,
401907623,2026,5,West Virginia Wesleyan,Wheeling,Mountain East,Mountain East,0,2026-10-03T17:00:00.000Z,2026-09-22T13:07:35+00:00,,,0.6162492136963544,,,,,,,,False,False,False,,,,,False,,,
401907638,2026,5,Northern State,Bemidji State,Northern Sun,Northern Sun,0,2026-10-03T23:00:00.000Z,2026-09-22T13:07:35+00:00,,,0.6200786947085257,,,,,,,,False,False,False,,,,,False,,,
401907647,2026,5,Southwest Minnesota State,Minnesota Duluth,Northern Sun,Northern Sun,0,2026-10-03T20:00:00.000Z,2026-09-22T13:07:35+00:00,,,0.6215630824632004,,,,,,,,False,False,False,,,,,False,,,
401907658,2026,5,McDaniel,Carnegie Mellon,Centennial,Presidents',0,2026-10-03T17:00:00.000Z,2026-09-22T13:07:35+00:00,,,0.6303929670844444,,,,,,,,False,False,False,,,,,False,,,
401907669,2026,5,Beloit,Chicago,Midwest,Midwest,0,2026-10-03T17:00:00.000Z,2026-09-22T13:07:35+00:00,,,0.6216651764146124,,,,,,,,False,False,False,,,,,False,,,
401907675,2026,5,Shepherd,Millersville,Pennsylvania State Athletic,Pennsylvania State Athletic,0,2026-10-03T16:00:00.000Z,2026-09-22T13:07:35+00:00,,,0.6199766179653344,,,,,,,,False,False,False,,,,,False,,,
401907680,2026,5,Minot State,Minnesota St Moorhead,Northern Sun,Northern Sun,0,2026-10-03T19:00:00.000Z,2026-09-22T13:07:35+00:00,,,0.621525785152228,,,,,,,,False,False,False,,,,,False,,,
401907694,2026,5,University of Mary,Jamestown,Northern Sun,Northern Sun,0,2026-10-03T19:00:00.000Z,2026-09-22T13:07:35+00:00,,,0.6152701844592587,,,,,,,,False,False,False,,,,,False,,,
401907708,2026,5,Augustana (SD),Sioux Falls,Northern Sun,Northern Sun,0,2026-10-03T18:00:00.000Z,2026-09-22T13:07:35+00:00,,,0.6156135367152868,,,,,,,,False,False,False,,,,,False,,,
401907712,2026,5,Minnesota State,Concordia St. Paul,Northern Sun,Northern Sun,0,2026-10-03T19:00:00.000Z,2026-09-22T13:07:35+00:00,,,0.613719403774259,,,,,,,,False,False,False,,,,,False,,,
401907730,2026,5,Wayne State (NE),Winona State,Northern Sun,Northern Sun,0,2026-10-03T18:00:00.000Z,2026-09-22T13:07:35+00:00,,,0.6298384227546501,,,,,,,,False,False,False,,,,,False,,,
401907739,2026,5,Westminster (PA),Case Western Reserve,Presidents',Presidents',0,2026-10-03T17:00:00.000Z,2026-09-22T13:07:35+00:00,,,0.621507334967826,,,,,,,,False,False,False,,,,,False,,,
401907749,2026,5,Rochester (NY),Buffalo State,Liberty League,Liberty League,0,2026-10-03T17:00:00.000Z,2026-09-22T13:07:35+00:00,,,0.6289503108053484,,,,,,,,False,False,False,,,,,False,,,
401907761,2026,5,Buena Vista,Simpson (IA),American Rivers,American Rivers,0,2026-10-03T19:00:00.000Z,2026-09-22T13:07:35+00:00,,,0.6201332344089521,,,,,,,,False,False,False,,,,,False,,,
401907783,2026,5,North Central College,Augustana (IL),CCIW,CCIW,0,2026-10-03T18:00:00.000Z,2026-09-22T13:07:35+00:00,,,0.6283283780758633,,,,,,,,False,False,False,,,,,False,,,
401907793,2026,5,Millikin,Carroll (WI),CCIW,CCIW,0,2026-10-03T18:00:00.000Z,2026-09-22T13:07:35+00:00,,,0.6213623747618509,,,,,,,,False,False,False,,,,,False,,,
401907820,2026,5,Illinois Wesleyan,Carthage,CCIW,CCIW,0,2026-10-03T18:00:00.000Z,2026-09-22T13:07:35+00:00,,,0.6224482468900365,,,,,,,,False,False,False,,,,,False,,,
401907849,2026,5,Wheaton (IL),North Park,CCIW,CCIW,0,2026-10-03T18:00:00.000Z,2026-09-22T13:07:35+00:00,,,0.6294075291421777,,,,,,,,False,False,False,,,,,False,,,
401907856,2026,5,SUNY Morrisville,Alfred State,Empire 8,Empire 8,0,2026-10-03T16:00:00.000Z,2026-09-22T13:07:35+00:00,,,0.630010028017316,,,,,,,,False,False,False,,,,,False,,,
401907866,2026,5,Hartwick,Alfred,Empire 8,Empire 8,0,2026-10-03T16:00:00.000Z,2026-09-22T13:07:35+00:00,,,0.6035419721791636,,,,,,,,False,False,False,,,,,False,,,
401907875,2026,5,Brockport,St. John Fisher,Empire 8,Empire 8,0,2026-10-03T22:00:00.000Z,2026-09-22T13:07:35+00:00,,,0.6211892383262709,,,,,,,,False,False,False,,,,,False,,,
401907883,2026,5,Utica,SUNY Cortland,Empire 8,Empire 8,0,2026-10-03T17:00:00.000Z,2026-09-22T13:07:35+00:00,,,0.6153733709550636,,,,,,,,False,False,False,,,,,False,,,
401907888,2026,5,Wisconsin Whitewater,Wisconsin River Falls,Wisconsin,Wisconsin,0,2026-10-03T18:00:00.000Z,2026-09-22T13:07:35+00:00,,,0.6200595756001801,,,,,,,,False,False,False,,,,,False,,,
401907957,2026,5,Wisconsin Stout,Wisconsin Platteville,Wisconsin,Wisconsin,0,2026-10-03T18:05:00.000Z,2026-09-22T13:07:35+00:00,,,0.6200595756001801,,,,,,,,False,False,False,,,,,False,,,
401907980,2026,5,Wisconsin Eau Claire,Wisconsin Stevens Point,Wisconsin,Wisconsin,0,2026-10-03T18:00:00.000Z,2026-09-22T13:07:35+00:00,,,0.6200595756001801,,,,,,,,False,False,False,,,,,False,,,
401908021,2026,5,Wisconsin Oshkosh,Wisconsin La Crosse,Wisconsin,Wisconsin,0,2026-10-03T18:00:00.000Z,2026-09-22T13:07:35+00:00,,,0.6137034664927381,,,,,,,,False,False,False,,,,,False,,,
401908051,2026,5,Greensboro,Southern Virginia,USA South,USA South,0,2026-10-03T22:00:00.000Z,2026-09-22T13:07:35+00:00,,,0.6149496573431246,,,,,,,,False,False,False,,,,,False,,,
401908071,2026,5,Rensselaer,Hilbert,Liberty League,Empire 8,0,2026-10-03T16:00:00.000Z,2026-09-22T13:07:35+00:00,,,0.622756775184468,,,,,,,,False,False,False,,,,,False,,,
401908079,2026,5,North Carolina Wesleyan,LaGrange,USA South,USA South,0,2026-10-03T16:00:00.000Z,2026-09-22T13:07:35+00:00,,,0.6137344447669919,,,,,,,,False,False,False,,,,,False,,,
401908097,2026,5,Methodist,Huntingdon,USA South,USA South,0,2026-10-03T17:00:00.000Z,2026-09-22T13:07:35+00:00,,,0.6153985856957238,,,,,,,,False,False,False,,,,,False,,,
401908105,2026,5,Centre,Maryville (TN),Southern Athletic,USA South,0,2026-10-03T23:00:00.000Z,2026-09-22T13:07:35+00:00,,,0.6275539287285619,,,,,,,,False,False,False,,,,,False,,,
401908144,2026,5,Central College,Dubuque,American Rivers,American Rivers,0,2026-10-03T18:00:00.000Z,2026-09-22T13:07:35+00:00,,,0.6230380377851941,,,,,,,,False,False,False,,,,,False,,,
401908151,2026,5,Coe,Loras,American Rivers,American Rivers,0,2026-10-03T18:00:00.000Z,2026-09-22T13:07:35+00:00,,,0.6200595756001801,,,,,,,,False,False,False,,,,,False,,,
401908209,2026,5,Bluffton,Anderson (IN),Heartland,Heartland,0,2026-10-03T16:00:00.000Z,2026-09-22T13:07:35+00:00,,,0.6201775427570626,,,,,,,,False,False,False,,,,,False,,,
401908226,2026,5,Rose Hulman,Franklin,Heartland,Heartland,0,2026-10-03T18:00:00.000Z,2026-09-22T13:07:35+00:00,,,0.6290184335478624,,,,,,,,False,False,False,,,,,False,,,
401908233,2026,5,Hanover,Mount St Joseph,Heartland,Heartland,0,2026-10-03T17:30:00.000Z,2026-09-22T13:07:35+00:00,,,0.6200595756001801,,,,,,,,False,False,False,,,,,False,,,
401908249,2026,5,Nebraska Wesleyan,Wartburg,American Rivers,American Rivers,0,2026-10-03T18:00:00.000Z,2026-09-22T13:07:35+00:00,,,0.6215466518208974,,,,,,,,False,False,False,,,,,False,,,
401908260,2026,5,Otterbein,Manchester,Ohio,Heartland,0,2026-10-03T17:30:00.000Z,2026-09-22T13:07:35+00:00,,,0.6299213959620481,,,,,,,,False,False,False,,,,,False,,,
401908279,2026,5,Louisiana Christian,East Texas Baptist,,American Southwest,0,2026-10-03T21:00:00.000Z,2026-09-22T13:07:35+00:00,,,0.6275539287285619,,,,,,,,False,False,False,,,,,False,,,
401908286,2026,5,Hardin Simmons,UFTL,American Southwest,,0,2026-10-03T18:00:00.000Z,2026-09-22T13:07:35+00:00,,,0.6275539287285619,,,,,,,,False,False,False,,,,,False,,,
401908294,2026,5,Howard Payne,Nelson (TX),American Southwest,,0,2026-10-03T20:00:00.000Z,2026-09-22T13:07:35+00:00,,,0.6276458984083032,,,,,,,,False,False,False,,,,,False,,,
401908311,2026,5,Trinity (TX),Berry,Southern Athletic,Southern Athletic,0,2026-10-03T17:00:00.000Z,2026-09-22T13:07:35+00:00,,,0.6200595756001801,,,,,,,,False,False,False,,,,,False,,,
401908329,2026,5,Schreiner,Hendrix,,Southern Athletic,0,2026-10-03T23:00:00.000Z,2026-09-22T13:07:35+00:00,,,0.6275539287285619,,,,,,,,False,False,False,,,,,False,,,
401908333,2026,5,Dickinson,Johns Hopkins,Centennial,Centennial,0,2026-10-02T22:00:00.000Z,2026-09-22T13:07:35+00:00,,,0.6200595756001801,,,,,,,,False,False,False,,,,,False,,,
401908341,2026,5,Franklin & Marshall,Gettysburg,Centennial,Centennial,0,2026-10-03T17:00:00.000Z,2026-09-22T13:07:35+00:00,,,0.6148824224340679,,,,,,,,False,False,False,,,,,False,,,
401908367,2026,5,Ursinus,Muhlenberg,Centennial,Centennial,0,2026-10-02T23:00:00.000Z,2026-09-22T13:07:35+00:00,,,0.621703347133317,,,,,,,,False,False,False,,,,,False,,,
401908379,2026,5,Brevard,Belhaven,USA South,USA South,0,2026-10-03T17:00:00.000Z,2026-09-22T13:07:35+00:00,,,0.6228314130627964,,,,,,,,False,False,False,,,,,False,,,
401908389,2026,5,Millsaps,Rhodes,Southern Athletic,Southern Athletic,0,2026-10-03T22:00:00.000Z,2026-09-22T13:07:35+00:00,,,0.6215338754017576,,,,,,,,False,False,False,,,,,False,,,
401908395,2026,5,Linfield,George Fox,Northwest,Northwest,0,2026-10-03T20:00:00.000Z,2026-09-22T13:07:35+00:00,,,0.6200595756001801,,,,,,,,False,False,False,,,,,False,,,
401908413,2026,5,Sewanee,Southwestern U,Southern Athletic,Southern Athletic,0,2026-10-03T18:00:00.000Z,2026-09-22T13:07:35+00:00,,,0.6232544114849833,,,,,,,,False,False,False,,,,,False,,,
401908423,2026,5,Whitworth,Pacific (OR),Northwest,Northwest,0,2026-10-03T20:00:00.000Z,2026-09-22T13:07:35+00:00,,,0.6153189482020829,,,,,,,,False,False,False,,,,,False,,,
401908431,2026,5,Willamette,Pacific Lutheran,Northwest,Northwest,0,2026-10-03T23:00:00.000Z,2026-09-22T13:07:35+00:00,,,0.6230109845702951,,,,,,,,False,False,False,,,,,False,,,
401908436,2026,5,Claremont Mudd Scripps,Cal Lutheran,So. Cal.,So. Cal.,0,2026-10-03T20:00:00.000Z,2026-09-22T13:07:35+00:00,,,0.6137034664927381,,,,,,,,False,False,False,,,,,False,,,
401908443,2026,5,Chapman,Whittier,So. Cal.,So. Cal.,0,2026-10-04T02:00:00.000Z,2026-09-22T13:07:35+00:00,,,0.6216684313912862,,,,,,,,False,False,False,,,,,False,,,
401908456,2026,5,Pomona Pitzer,La Verne,So. Cal.,So. Cal.,0,2026-10-04T02:00:00.000Z,2026-09-22T13:07:35+00:00,,,0.6230174774734956,,,,,,,,False,False,False,,,,,False,,,
401908465,2026,5,Azusa Pacific,Redlands,So. Cal.,So. Cal.,0,2026-10-04T01:00:00.000Z,2026-09-22T13:07:35+00:00,,,0.6152490520678591,,,,,,,,False,False,False,,,,,False,,,
401908472,2026,5,Minnesota Morris,Crown,Upper Midwest,Upper Midwest,0,2026-10-03T23:00:00.000Z,2026-09-22T13:07:35+00:00,,,0.621320033673597,,,,,,,,False,False,False,,,,,False,,,
401908479,2026,5,Curry,New England College,Commonwealth Coast,,0,2026-10-03T16:00:00.000Z,2026-09-22T13:07:35+00:00,,,0.6398842351002509,,,,,,,,False,False,False,,,,,False,,,
401908486,2026,5,New England,Endicott,Commonwealth Coast,Commonwealth Coast,0,2026-10-03T16:00:00.000Z,2026-09-22T13:07:35+00:00,,,0.6200595756001801,,,,,,,,False,False,False,,,,,False,,,
401908502,2026,5,Westminster (MO),Greenville,Upper Midwest,Upper Midwest,0,2026-10-03T18:00:00.000Z,2026-09-22T13:07:35+00:00,,,0.6232229447004387,,,,,,,,False,False,False,,,,,False,,,
401908510,2026,5,Martin Luther,Northwestern (MN),Upper Midwest,Upper Midwest,0,2026-10-03T18:00:00.000Z,2026-09-22T13:07:35+00:00,,,0.6147741578754253,,,,,,,,False,False,False,,,,,False,,,
401908521,2026,5,Husson,Western New England,Commonwealth Coast,Commonwealth Coast,0,2026-10-03T17:00:00.000Z,2026-09-22T13:07:35+00:00,,,0.6231181068383709,,,,,,,,False,False,False,,,,,False,,,
401908541,2026,5,Nichols,Maine Maritime,Commonwealth Coast,Commonwealth Coast,0,2026-10-03T18:00:00.000Z,2026-09-22T13:07:35+00:00,,,0.6232683180550848,,,,,,,,False,False,False,,,,,False,,,
401908544,2026,5,Texas Lutheran,Lyon,Southern Collegiate Athletic,Southern Collegiate Athletic,0,2026-10-03T21:00:00.000Z,2026-09-22T13:07:35+00:00,,,0.6230055737541356,,,,,,,,False,False,False,,,,,False,,,
401908549,2026,5,Austin,Centenary (LA),Southern Collegiate Athletic,Southern Collegiate Athletic,0,2026-10-03T20:00:00.000Z,2026-09-22T13:07:35+00:00,,,0.6202610289408702,,,,,,,,False,False,False,,,,,False,,,
401908570,2026,5,Framingham State,Fitchburg State,MSCAC,MSCAC,0,2026-10-03T16:00:00.000Z,2026-09-22T13:07:35+00:00,,,0.6150341322273347,,,,,,,,False,False,False,,,,,False,,,
401908582,2026,5,Bridgewater State,Worcester State,MSCAC,MSCAC,0,2026-10-03T20:00:00.000Z,2026-09-22T13:07:35+00:00,,,0.6206647437081847,,,,,,,,False,False,False,,,,,False,,,
401908588,2026,5,Plymouth State,Dean,MSCAC,MSCAC,0,2026-10-03T16:30:00.000Z,2026-09-22T13:07:35+00:00,,,0.6219392834221743,,,,,,,,False,False,False,,,,,False,,,
401908600,2026,5,Mass Maritime,UMass Dartmouth,MSCAC,MSCAC,0,2026-10-03T16:00:00.000Z,2026-09-22T13:07:35+00:00,,,0.6304004061337762,,,,,,,,False,False,False,,,,,False,,,
401908611,2026,5,Western Connecticut State,Moravian,Landmark Conference,Landmark Conference,0,2026-10-03T17:00:00.000Z,2026-09-22T13:07:35+00:00,,,0.6200937979519827,,,,,,,,False,False,False,,,,,False,,,
401908626,2026,5,WPI,Norwich,NEWMAC,NEWMAC,0,2026-10-03T16:00:00.000Z,2026-09-22T13:07:35+00:00,,,0.6294015377906201,,,,,,,,False,False,False,,,,,False,,,
401908633,2026,5,Lycoming,Catholic,Landmark Conference,Landmark Conference,0,2026-10-03T17:00:00.000Z,2026-09-22T13:07:35+00:00,,,0.6149606980184322,,,,,,,,False,False,False,,,,,False,,,
401908640,2026,5,Juniata,Wilkes,Landmark Conference,Landmark Conference,0,2026-10-03T16:00:00.000Z,2026-09-22T13:07:35+00:00,,,0.6153595811197958,,,,,,,,False,False,False,,,,,False,,,
401908653,2026,5,Adrian,Calvin,Michigan,Michigan,0,2026-10-03T19:00:00.000Z,2026-09-22T13:07:35+00:00,,,0.6210745064687003,,,,,,,,False,False,False,,,,,False,,,
401908655,2026,5,Heidelberg,Baldwin Wallace,Ohio,Ohio,0,2026-10-03T23:00:00.000Z,2026-09-22T13:07:35+00:00,,,0.6148989855093017,,,,,,,,False,False,False,,,,,False,,,
401908686,2026,5,St. Lawrence,Union,Liberty League,Liberty League,0,2026-10-02T23:00:00.000Z,2026-09-22T13:07:35+00:00,,,0.6215779502592026,,,,,,,,False,False,False,,,,,False,,,
401908707,2026,5,Albion,Kalamazoo,Michigan,Michigan,0,2026-10-03T17:00:00.000Z,2026-09-22T13:07:35+00:00,,,0.6219626096343558,,,,,,,,False,False,False,,,,,False,,,
401908713,2026,5,Trine,Alma,Michigan,Michigan,0,2026-10-03T17:00:00.000Z,2026-09-22T13:07:35+00:00,,,0.6230402019800303,,,,,,,,False,False,False,,,,,False,,,
401908719,2026,5,Hobart,Ithaca,Liberty League,Liberty League,0,2026-10-03T17:00:00.000Z,2026-09-22T13:07:35+00:00,,,0.6200595756001801,,,,,,,,False,False,False,,,,,False,,,
401908727,2026,5,Cornell (IA),Ripon,Midwest,Midwest,0,2026-10-03T19:00:00.000Z,2026-09-22T13:07:35+00:00,,,0.6294366991218527,,,,,,,,False,False,False,,,,,False,,,
401908745,2026,5,Olivet,Hope,Michigan,Michigan,0,2026-10-03T18:00:00.000Z,2026-09-22T13:07:35+00:00,,,0.6200595756001801,,,,,,,,False,False,False,,,,,False,,,
401908750,2026,5,St. Olaf,Augsburg,Minnesota,Minnesota,0,2026-10-03T18:00:00.000Z,2026-09-22T13:07:35+00:00,,,0.6147964436838764,,,,,,,,False,False,False,,,,,False,,,
401908761,2026,5,Lake Forest,Lawrence,Midwest,Midwest,0,2026-10-03T18:00:00.000Z,2026-09-22T13:07:35+00:00,,,0.6200595756001801,,,,,,,,False,False,False,,,,,False,,,
401908774,2026,5,Grinnell,Knox,Midwest,Midwest,0,2026-10-03T18:00:00.000Z,2026-09-22T13:07:35+00:00,,,0.6151300245443692,,,,,,,,False,False,False,,,,,False,,,
401908779,2026,5,Luther,Illinois College,Midwest,Midwest,0,2026-10-03T18:00:00.000Z,2026-09-22T13:07:35+00:00,,,0.6297283050372742,,,,,,,,False,False,False,,,,,False,,,
401908799,2026,5,Saint John's (MN),Bethel (MN),Minnesota,Minnesota,0,2026-10-03T18:00:00.000Z,2026-09-22T13:07:35+00:00,,,0.6147025607113055,,,,,,,,False,False,False,,,,,False,,,
401908810,2026,5,Carleton,Gustavus Adolphus,Minnesota,Minnesota,0,2026-10-03T18:00:00.000Z,2026-09-22T13:07:35+00:00,,,0.6024428522835541,,,,,,,,False,False,False,,,,,False,,,
401908819,2026,5,St. Scholastica,Concordia (MN),Minnesota,Minnesota,0,2026-10-03T18:00:00.000Z,2026-09-22T13:07:35+00:00,,,0.6201570629309572,,,,,,,,False,False,False,,,,,False,,,
401908826,2026,5,Amherst,Bowdoin,NESCAC,NESCAC,0,2026-10-03T17:00:00.000Z,2026-09-22T13:07:35+00:00,,,0.6214014558049603,,,,,,,,False,False,False,,,,,False,,,
401908834,2026,5,Bates,Tufts,NESCAC,NESCAC,0,2026-10-03T23:00:00.000Z,2026-09-22T13:07:35+00:00,,,0.6230704997374679,,,,,,,,False,False,False,,,,,False,,,
401908837,2026,5,Muskingum,Mount Union,Ohio,Ohio,0,2026-10-03T17:30:00.000Z,2026-09-22T13:07:35+00:00,,,0.6200595756001801,,,,,,,,False,False,False,,,,,False,,,
401908874,2026,5,Hamline,Macalester,Minnesota,Minnesota,0,2026-10-03T18:00:00.000Z,2026-09-22T13:07:35+00:00,,,0.629874730719638,,,,,,,,False,False,False,,,,,False,,,
401908876,2026,5,Lakeland,Benedictine (IL),NACC,NACC,0,2026-10-04T00:00:00.000Z,2026-09-22T13:07:35+00:00,,,0.6152577218719129,,,,,,,,False,False,False,,,,,False,,,
401908881,2026,5,Coast Guard,SUNY Maritime,NEWMAC,NEWMAC,0,2026-10-03T17:30:00.000Z,2026-09-22T13:07:35+00:00,,,0.6201729151757734,,,,,,,,False,False,False,,,,,False,,,
401908893,2026,5,MIT,Merchant Marine,NEWMAC,NEWMAC,0,2026-10-03T16:00:00.000Z,2026-09-22T13:07:35+00:00,,,0.6213281764563228,,,,,,,,False,False,False,,,,,False,,,
401908899,2026,5,Middlebury,Colby,NESCAC,NESCAC,0,2026-10-03T17:00:00.000Z,2026-09-22T13:07:35+00:00,,,0.6150886343625068,,,,,,,,False,False,False,,,,,False,,,
401908909,2026,5,Hamilton,Wesleyan (CT),NESCAC,NESCAC,0,2026-10-03T17:00:00.000Z,2026-09-22T13:07:35+00:00,,,0.6215751139926939,,,,,,,,False,False,False,,,,,False,,,
401908918,2026,5,Trinity (CT),Williams,NESCAC,NESCAC,0,2026-10-03T17:30:00.000Z,2026-09-22T13:07:35+00:00,,,0.6301564928813613,,,,,,,,False,False,False,,,,,False,,,
401908926,2026,5,Rowan,Vermont State Castleton,New Jersey,New Jersey,0,2026-10-03T17:00:00.000Z,2026-09-22T13:07:35+00:00,,,0.6210487327920924,,,,,,,,False,False,False,,,,,False,,,
401908934,2026,5,Christopher Newport,William Paterson,New Jersey,New Jersey,0,2026-10-03T17:00:00.000Z,2026-09-22T13:07:35+00:00,,,0.6223649381171485,,,,,,,,False,False,False,,,,,False,,,
401908960,2026,5,Salve Regina,Springfield,NEWMAC,NEWMAC,0,2026-10-03T16:00:00.000Z,2026-09-22T13:07:35+00:00,,,0.6231822694644766,,,,,,,,False,False,False,,,,,False,,,
401908967,2026,5,Wittenberg,Kenyon,North Coast,North Coast,0,2026-10-03T18:00:00.000Z,2026-09-22T13:07:35+00:00,,,0.621291606967743,,,,,,,,False,False,False,,,,,False,,,
401908981,2026,5,The College of New Jersey,Salisbury,New Jersey,New Jersey,0,2026-10-03T19:00:00.000Z,2026-09-22T13:07:35+00:00,,,0.6153697124634412,,,,,,,,False,False,False,,,,,False,,,
401908986,2026,5,Washington and Lee,Averett,Old Dominion,Old Dominion,0,2026-10-03T20:00:00.000Z,2026-09-22T13:07:35+00:00,,,0.6153400777204588,,,,,,,,False,False,False,,,,,False,,,
401908993,2026,5,Randolph Macon,Bridgewater,Old Dominion,Old Dominion,0,2026-10-03T17:00:00.000Z,2026-09-22T13:07:35+00:00,,,0.6200595756001801,,,,,,,,False,False,False,,,,,False,,,
401909000,2026,5,Guilford,Roanoke College,Old Dominion,,0,2026-10-03T17:00:00.000Z,2026-09-22T13:07:35+00:00,,,0.6304490204995737,,,,,,,,False,False,False,,,,,False,,,
401909006,2026,5,Shenandoah,Hampden Sydney,Old Dominion,Old Dominion,0,2026-10-03T17:00:00.000Z,2026-09-22T13:07:35+00:00,,,0.6212961474478059,,,,,,,,False,False,False,,,,,False,,,
401909022,2026,5,Thiel,Allegheny,Presidents',Presidents',0,2026-10-03T23:00:00.000Z,2026-09-22T13:07:35+00:00,,,0.6152230417792371,,,,,,,,False,False,False,,,,,False,,,
401909029,2026,5,Grove City,Bethany (WV),Presidents',Presidents',0,2026-10-03T22:00:00.000Z,2026-09-22T13:07:35+00:00,,,0.6289795073951931,,,,,,,,False,False,False,,,,,False,,,
401909034,2026,5,Washington & Jefferson,Geneva,Presidents',Presidents',0,2026-10-03T17:00:00.000Z,2026-09-22T13:07:35+00:00,,,0.6202035844280616,,,,,,,,False,False,False,,,,,False,,,
401909049,2026,5,Hiram,Saint Francis,Presidents',Presidents',0,2026-10-03T22:00:00.000Z,2026-09-22T13:07:35+00:00,,,0.6200595756001801,,,,,,,,False,False,False,,,,,False,,,
401909052,2026,5,Waynesburg,Saint Vincent,Presidents',Presidents',0,2026-10-03T17:00:00.000Z,2026-09-22T13:07:35+00:00,,,0.6201765581688063,,,,,,,,False,False,False,,,,,False,,,
401909102,2026,5,Concordia (WI),Concordia Chicago,NACC,NACC,0,2026-10-03T19:00:00.000Z,2026-09-22T13:07:35+00:00,,,0.6200595756001801,,,,,,,,False,False,False,,,,,False,,,
401909120,2026,5,Wisconsin Lutheran,Eureka,NACC,NACC,0,2026-10-03T22:00:00.000Z,2026-09-22T13:07:35+00:00,,,0.6200595756001801,,,,,,,,False,False,False,,,,,False,,,
401909129,2026,5,Denison,Wabash,North Coast,North Coast,0,2026-10-03T17:00:00.000Z,2026-09-22T13:07:35+00:00,,,0.6200595756001801,,,,,,,,False,False,False,,,,,False,,,
401909134,2026,5,DePauw,Oberlin,North Coast,North Coast,0,2026-10-03T17:00:00.000Z,2026-09-22T13:07:35+00:00,,,0.630311002495018,,,,,,,,False,False,False,,,,,False,,,
401909144,2026,5,Ohio Wesleyan,Wooster,North Coast,North Coast,0,2026-10-03T18:00:00.000Z,2026-09-22T13:07:35+00:00,,,0.6229817654774361,,,,,,,,False,False,False,,,,,False,,,
