game_id,season,week,home_team,away_team,home_points,away_points,point_diff,total_points,spread,over_under,vegas_home_margin,home_win,covered_spread,went_over,home_moneyline,away_moneyline,pred_spread,pred_total,pred_home_win_p,prior_shrink,pred_away_win_p,spread_edge,totals_edge
401756846,2025,1,Kansas State,Iowa State,21.0,24.0,-3.0,45.0,-3.0,51.0,3.0,0,0.0,0.0,-165.0,140.0,2.225458488545351,47.56240486828604,0.5403139372684836,0.6,0.45968606273151635,-0.774541511454649,-3.4375951317139624
401756847,2025,1,Kansas,Fresno State,31.0,7.0,24.0,38.0,-14.0,50.0,14.0,1,1.0,0.0,-575.0,400.0,17.301825220903527,51.26359961760622,0.8575965814796342,0.6,0.14240341852036575,3.3018252209035275,1.2635996176062179
401757218,2025,1,Western Kentucky,Sam Houston,41.0,24.0,17.0,65.0,-9.5,60.0,9.5,1,1.0,1.0,-390.0,295.0,10.454674854524503,60.30391076100851,0.7340365365363004,0.6,0.2659634634636996,0.9546748545245034,0.30391076100850967
401754516,2025,1,Hawai'i,Stanford,23.0,20.0,3.0,43.0,-2.0,50.0,2.0,1,1.0,0.0,115.0,-135.0,-3.190960022429959,50.860052466497535,0.40829413556313077,0.6,0.5917058644368692,-5.190960022429959,0.8600524664975353
401762522,2025,1,South Florida,Boise State,34.0,7.0,27.0,41.0,4.5,62.0,-4.5,1,1.0,0.0,240.0,-290.0,-3.4325905932966094,60.96482996965915,0.4116790124439118,0.6,0.5883209875560882,1.0674094067033906,-1.0351700303408506
401752794,2025,1,Rutgers,Ohio,34.0,31.0,3.0,65.0,-15.5,52.0,15.5,1,0.0,1.0,-510.0,370.0,17.049105115933695,51.53080684929891,0.8392750166289088,0.6,0.1607249833710912,1.5491051159336955,-0.4691931507010878
401756848,2025,1,UCF,Jacksonville State,17.0,10.0,7.0,27.0,-20.5,52.5,20.5,1,0.0,0.0,-800.0,525.0,20.81982704611085,53.97037779874064,0.8699356288009442,0.6,0.13006437119905578,0.31982704611084856,1.4703777987406426
401762789,2025,1,Akron,Wyoming,0.0,10.0,-10.0,10.0,5.0,48.0,-5.0,0,0.0,0.0,250.0,-300.0,-4.1264186024216345,47.93951395948724,0.41492266638925823,0.6,0.5850773336107418,0.8735813975783655,-0.060486040512756745
401754373,2025,1,NC State,East Carolina,24.0,17.0,7.0,41.0,-14.0,61.0,14.0,1,0.0,0.0,-435.0,325.0,13.205385010794393,60.51174707457068,0.7868963741949111,0.6,0.2131036258050889,-0.7946149892056074,-0.48825292542932175
401752793,2025,1,Minnesota,Buffalo,23.0,10.0,13.0,33.0,-18.5,43.0,18.5,1,0.0,0.0,-900.0,575.0,16.7280448300202,42.930523427378496,0.8434374613327564,0.6,0.15656253866724357,-1.771955169979801,-0.06947657262150386
401752796,2025,1,Cincinnati,Nebraska,17.0,20.0,-3.0,37.0,6.0,50.5,-6.0,0,1.0,0.0,210.0,-250.0,-5.231660758400359,49.2620341096421,0.3696970291183413,0.6,0.6303029708816588,0.7683392415996408,-1.2379658903578985
401762791,2025,1,Wisconsin,Miami (OH),17.0,0.0,17.0,17.0,-18.0,41.0,18.0,1,0.0,0.0,-1200.0,700.0,16.54884682104924,42.33053256984298,0.8234537116750805,0.6,0.17654628832491948,-1.4511531789507615,1.3305325698429797
401754374,2025,1,Wake Forest,Kennesaw State,10.0,9.0,1.0,19.0,-18.5,51.0,18.5,1,0.0,0.0,-1200.0,700.0,15.54684967600563,50.38767221874217,0.8078838310728926,0.6,0.19211616892710737,-2.95315032399437,-0.6123277812578323
401752802,2025,1,Michigan State,Western Michigan,23.0,6.0,17.0,29.0,-21.5,50.0,21.5,1,0.0,0.0,-1600.0,800.0,20.217505154481717,49.57123561331409,0.8715873255925476,0.6,0.1284126744074524,-1.2824948455182827,-0.42876438668591277
401761589,2025,1,Charlotte,App State,11.0,34.0,-23.0,45.0,3.0,49.0,-3.0,0,0.0,0.0,250.0,-300.0,-1.910364042033646,48.19219107689857,0.42405904766772434,0.6,0.5759409523322756,1.089635957966354,-0.8078089231014332
401754375,2025,1,Colorado,Georgia Tech,20.0,27.0,-7.0,47.0,3.5,50.0,-3.5,0,0.0,0.0,150.0,-175.0,-5.456674319899697,49.579215521969516,0.37777843820968615,0.6,0.6222215617903138,-1.9566743198996974,-0.4207844780304839
401752667,2025,1,Baylor,Auburn,24.0,38.0,-14.0,62.0,1.0,56.5,-1.0,0,0.0,1.0,-110.0,-110.0,1.4624120857773009,57.25101580650917,0.5580113426728569,0.6,0.4419886573271431,2.462412085777301,0.751015806509173
401757224,2025,1,Sam Houston,UNLV,21.0,38.0,-17.0,59.0,9.0,60.5,-9.0,0,0.0,0.0,370.0,-510.0,-7.867378347493904,59.6390316885436,0.3010066523615921,0.6,0.6989933476384079,1.1326216525060957,-0.8609683114564035
401760358,2025,1,San José State,Central Michigan,14.0,16.0,-2.0,30.0,-14.5,51.5,14.5,0,0.0,0.0,-460.0,340.0,12.306403981662708,53.299894173375414,0.782209201659894,0.6,0.21779079834010595,-2.193596018337292,1.7998941733754137
401752801,2025,1,Purdue,Ball State,31.0,0.0,31.0,31.0,-16.5,48.5,16.5,1,1.0,0.0,-900.0,575.0,13.434892796702217,48.847980992696804,0.768579453463148,0.6,0.23142054653685196,-3.0651072032977833,0.3479809926968045
401752673,2025,1,Southern Miss,Mississippi State,17.0,34.0,-17.0,51.0,14.5,60.0,-14.5,0,0.0,0.0,305.0,-410.0,-15.314175659799027,62.320826150170724,0.1602861962524737,0.6,0.8397138037475262,-0.8141756597990266,2.320826150170724
401752676,2025,1,Tennessee,Syracuse,45.0,26.0,19.0,71.0,-13.5,51.5,13.5,1,1.0,1.0,-550.0,390.0,14.932346851655307,49.27046224878583,0.8251868719170932,0.6,0.17481312808290683,1.432346851655307,-2.229537751214167
401752803,2025,1,Tulane,Northwestern,23.0,3.0,20.0,26.0,-5.0,46.0,5.0,1,1.0,0.0,-230.0,190.0,1.931908696258286,46.859255059631955,0.5406880146119096,0.6,0.45931198538809037,-3.068091303741714,0.8592550596319555
401752677,2025,1,Ohio State,Texas,14.0,7.0,7.0,21.0,-2.0,46.5,2.0,1,1.0,0.0,-140.0,120.0,5.185074732691007,46.10700590245868,0.6532499840305633,0.6,0.34675001596943666,3.1850747326910067,-0.39299409754131887
401752797,2025,1,Maryland,Florida Atlantic,39.0,7.0,32.0,46.0,-12.5,60.0,12.5,1,1.0,0.0,-850.0,550.0,11.741946670097231,61.310907305334,0.7548765192371982,0.6,0.24512348076280177,-0.7580533299027685,1.3109073053339984
401752670,2025,1,Kentucky,Toledo,24.0,16.0,8.0,40.0,-10.0,49.0,10.0,1,0.0,0.0,-350.0,275.0,10.164076265522764,49.77945648264963,0.7365663192180065,0.6,0.2634336807819935,0.16407626552276433,0.7794564826496284
401752806,2025,1,Indiana,Old Dominion,27.0,14.0,13.0,41.0,-23.0,53.0,23.0,1,0.0,0.0,-3300.0,1100.0,21.060171726729237,53.91541462258436,0.8849581761017573,0.6,0.11504182389824269,-1.9398282732707628,0.9154146225843576
401752669,2025,1,Georgia,Marshall,45.0,7.0,38.0,52.0,-38.5,51.5,38.5,1,0.0,1.0,,,41.60032494378594,52.018465026558125,0.99,0.6,0.010000000000000009,3.1003249437859424,0.5184650265581254
401752665,2025,1,Florida State,Alabama,31.0,17.0,14.0,48.0,13.5,47.0,-13.5,1,1.0,1.0,400.0,-575.0,-10.620750320029373,48.117350010508595,0.2496292596813744,0.6,0.7503707403186256,2.879249679970627,1.117350010508595
401762456,2025,1,Massachusetts,Temple,10.0,42.0,-32.0,52.0,1.5,48.5,-1.5,0,0.0,1.0,140.0,-165.0,-2.8387686355347332,47.7367323555675,0.41641578873720464,0.6,0.5835842112627954,-1.3387686355347332,-0.7632676444325028
401752807,2025,1,Penn State,Nevada,46.0,11.0,35.0,57.0,-43.5,54.5,43.5,1,0.0,1.0,,,42.85386689415235,55.43779946226506,0.99,0.6,0.010000000000000009,-0.6461331058476532,0.9377994622650618
401754616,2025,1,Virginia,Coastal Carolina,48.0,7.0,41.0,55.0,-13.5,55.0,13.5,1,1.0,0.5,-470.0,345.0,14.378365555854286,54.850815333666134,0.8064344697691284,0.6,0.19356553023087164,0.8783655558542858,-0.1491846663338663
401752678,2025,1,Texas A&M,UTSA,42.0,24.0,18.0,66.0,-24.0,58.5,24.0,1,0.0,1.0,-2800.0,1100.0,24.763872956559332,58.03815996333774,0.9253514396732322,0.6,0.07464856032676781,0.7638729565593323,-0.4618400366622595
401752671,2025,1,Clemson,LSU,10.0,17.0,-7.0,27.0,-5.5,55.5,5.5,0,0.0,0.0,-150.0,130.0,5.111452392882036,54.02176131621608,0.6117887683101226,0.6,0.38821123168987737,-0.3885476071179639,-1.4782386837839212
401757225,2025,1,Utah State,UTEP,28.0,16.0,12.0,44.0,-5.5,58.5,5.5,1,1.0,0.0,-165.0,140.0,5.426119647498329,57.809133914623565,0.6411702341405328,0.6,0.35882976585946724,-0.07388035250167135,-0.6908660853764346
401752808,2025,1,Michigan,New Mexico,34.0,17.0,17.0,51.0,-34.5,49.5,34.5,1,0.0,1.0,,,36.492222342490216,50.47904380410767,0.9841945976512085,0.6,0.015805402348791464,1.9922223424902157,0.9790438041076683
401752672,2025,1,Ole Miss,Georgia State,63.0,7.0,56.0,70.0,-33.5,61.0,33.5,1,1.0,1.0,,,33.366642674351425,62.46054147607243,0.9751526157886927,0.6,0.024847384211307277,-0.13335732564857494,1.4605414760724287
401761592,2025,1,Louisiana,Rice,12.0,14.0,-2.0,26.0,-9.5,48.0,9.5,0,0.0,0.0,-600.0,425.0,6.725275462632954,48.41536764407761,0.6597396854861657,0.6,0.3402603145138343,-2.774724537367046,0.4153676440776124
401761594,2025,1,Texas State,Eastern Michigan,52.0,27.0,25.0,79.0,-14.0,56.0,14.0,1,1.0,1.0,-525.0,375.0,13.148249274694445,56.99160218598232,0.7994166947172653,0.6,0.20058330528273471,-0.8517507253055552,0.9916021859823232
401760361,2025,1,Fresno State,Georgia Southern,42.0,14.0,28.0,56.0,-2.0,49.5,2.0,1,1.0,1.0,-130.0,110.0,0.21729278098566351,50.11669550913889,0.4793070412603016,0.6,0.5206929587396985,-1.7827072190143365,0.6166955091388928
401756849,2025,1,Arizona,Hawai'i,40.0,6.0,34.0,46.0,-15.5,55.0,15.5,1,1.0,0.0,-575.0,400.0,18.488781723617382,55.47612696485913,0.8849794357658309,0.6,0.11502056423416906,2.9887817236173824,0.47612696485912664
401752936,2025,1,Oregon State,California,15.0,34.0,-19.0,49.0,3.0,48.0,-3.0,0,0.0,1.0,-150.0,130.0,-1.4975092999504327,48.08862359801371,0.4605221817442545,0.6,0.5394778182557455,1.5024907000495673,0.08862359801371156
401752805,2025,1,Washington,Colorado State,38.0,21.0,17.0,59.0,-22.5,52.0,22.5,1,0.0,1.0,-1600.0,800.0,21.197612146042804,51.99367712895814,0.893966442650743,0.6,0.10603355734925701,-1.302387853957196,-0.006322871041859912
401752800,2025,1,UCLA,Utah,10.0,43.0,-33.0,53.0,6.5,49.0,-6.5,0,0.0,1.0,100.0,-120.0,-7.188936293897463,50.72595757554242,0.339001817779279,0.6,0.6609981822207209,-0.6889362938974628,1.7259575755424166
401752680,2025,1,South Carolina,Virginia Tech,24.0,11.0,13.0,35.0,-7.0,52.0,7.0,1,1.0,0.0,-350.0,275.0,4.998838133060433,50.391897143574234,0.6256311709450397,0.6,0.3743688290549603,-2.001161866939567,-1.6081028564257664
401754522,2025,1,Miami,Notre Dame,27.0,24.0,3.0,51.0,3.0,50.5,-3.0,1,1.0,1.0,115.0,-135.0,-1.279326107276791,51.63247461486282,0.41589056678109876,0.6,0.5841094332189012,1.720673892723209,1.1324746148628222
401754523,2025,1,North Carolina,TCU,14.0,48.0,-34.0,62.0,3.5,55.0,-3.5,0,0.0,1.0,140.0,-165.0,-4.785058857990373,55.172157928199,0.37240136383733075,0.6,0.6275986361626693,-1.2850588579903732,0.1721579281989989
401754528,2025,2,Louisville,James Madison,28.0,14.0,14.0,42.0,-15.0,57.0,15.0,1,0.0,0.0,-700.0,475.0,14.8766926123382,58.29935532671465,0.8033359680617377,0.75,0.19666403193826232,-0.12330738766180005,1.2993553267146467
401752826,2025,2,Maryland,Northern Illinois,20.0,9.0,11.0,29.0,-17.0,44.5,17.0,1,0.0,0.0,-750.0,500.0,16.05429150100345,45.57860691975114,0.8078689417755655,0.75,0.19213105822443455,-0.9457084989965487,1.078606919751138
401752811,2025,2,Penn State,Florida International,34.0,0.0,34.0,34.0,-42.0,53.5,42.0,1,0.0,0.0,,,43.432651139683074,55.102481282292494,0.9897105001312538,0.75,0.010289499868746166,1.432651139683074,1.6024812822924943
401752693,2025,2,Texas,San José State,38.0,7.0,31.0,45.0,-37.0,52.5,37.0,1,0.0,0.0,,,32.773324454584376,54.06347370229499,0.9579861898113623,0.75,0.0420138101886377,-4.226675545415624,1.563473702294992
401754529,2025,2,Pittsburgh,Central Michigan,45.0,17.0,28.0,62.0,-21.5,48.5,21.5,1,1.0,1.0,-1800.0,850.0,18.917246399669686,49.88571509162885,0.8762141588983721,0.75,0.12378584110162794,-2.5827536003303138,1.3857150916288532
401754618,2025,2,Syracuse,UConn,27.0,20.0,7.0,47.0,-7.0,57.5,7.0,1,0.5,0.0,-350.0,275.0,6.281595492399822,54.6391274681323,0.5950758750098306,0.75,0.4049241249901694,-0.7184045076001784,-2.860872531867699
401752822,2025,2,Iowa State,Iowa,16.0,13.0,3.0,29.0,-3.0,43.0,3.0,1,0.5,0.0,-150.0,130.0,3.216224559586582,42.585296584040954,0.5898560243356545,0.75,0.41014397566434546,0.21622455958658193,-0.41470341595904614
401757227,2025,2,Jacksonville State,Liberty,34.0,24.0,10.0,58.0,6.0,50.5,-6.0,1,1.0,1.0,195.0,-235.0,-7.4203817123145965,52.02109097119681,0.3563325540221512,0.75,0.6436674459778489,-1.4203817123145965,1.5210909711968128
401754524,2025,2,NC State,Virginia,35.0,31.0,4.0,66.0,-3.0,53.0,3.0,1,1.0,1.0,-150.0,130.0,2.1685313921124463,52.82433998744262,0.5287531727517143,0.75,0.4712468272482857,-0.8314686078875537,-0.17566001255737973
401756885,2025,2,Texas Tech,Kent State,62.0,14.0,48.0,76.0,-48.5,60.0,48.5,1,0.0,1.0,,,50.714491659394994,60.67422954342288,0.99,0.75,0.010000000000000009,2.2144916593949944,0.6742295434228822
401752825,2025,2,Duke,Illinois,19.0,45.0,-26.0,64.0,2.5,49.0,-2.5,0,0.0,1.0,110.0,-130.0,-1.638957750084845,49.314206332031425,0.45150486042883287,0.75,0.5484951395711671,0.8610422499151551,0.314206332031425
401754525,2025,2,SMU,Baylor,45.0,48.0,-3.0,93.0,-3.0,65.5,3.0,0,0.0,1.0,-185.0,160.0,-1.781012214267986,64.77900632246481,0.4674698172292635,0.75,0.5325301827707365,-4.781012214267986,-0.7209936775351906
401752812,2025,2,Indiana,Kennesaw State,56.0,9.0,47.0,65.0,-35.5,51.5,35.5,1,1.0,1.0,,,33.132894438581076,52.143113330760215,0.9542923183887184,0.75,0.04570768161128158,-2.3671055614189243,0.6431133307602153
401752694,2025,2,Texas A&M,Utah State,44.0,22.0,22.0,66.0,-34.5,57.5,34.5,1,0.0,1.0,-20000.0,1800.0,37.63812426166841,58.628194642242825,0.9846956841787251,0.75,0.015304315821274894,3.138124261668409,1.1281946422428248
401752937,2025,2,Oregon State,Fresno State,27.0,36.0,-9.0,63.0,-1.0,45.5,1.0,0,0.0,1.0,-125.0,105.0,2.9611114976526927,44.95404776994192,0.575257978390364,0.75,0.42474202160963603,1.9611114976526927,-0.5459522300580772
401752818,2025,2,Rutgers,Miami (OH),45.0,17.0,28.0,62.0,-15.5,45.5,15.5,1,1.0,1.0,-585.0,410.0,13.177190945415267,45.349595366693336,0.7954122064556098,0.75,0.20458779354439016,-2.3228090545847326,-0.15040463330666398
401761603,2025,2,UTSA,Texas State,36.0,43.0,-7.0,79.0,-4.5,64.5,4.5,0,0.0,1.0,-210.0,175.0,6.4764549391177555,63.382607233002744,0.6264895006622849,0.75,0.3735104993377151,1.9764549391177555,-1.1173927669972556
401756880,2025,2,Cincinnati,Bowling Green,34.0,20.0,14.0,54.0,-22.5,46.5,22.5,1,0.0,1.0,-950.0,600.0,21.220691057804444,46.393819158021124,0.8761946680114583,0.75,0.12380533198854171,-1.2793089421955557,-0.10618084197887612
401752689,2025,2,Missouri,Kansas,42.0,31.0,11.0,73.0,-5.5,51.0,5.5,1,1.0,1.0,-240.0,200.0,6.0936814486756425,49.763524782698966,0.6597986941231679,0.75,0.34020130587683206,0.5936814486756425,-1.2364752173010345
401762458,2025,2,Navy,UAB,38.0,24.0,14.0,62.0,-20.5,59.0,20.5,1,0.0,1.0,-1600.0,800.0,23.105088326803674,58.35458966140269,0.9244849865251388,0.75,0.07551501347486123,2.605088326803674,-0.6454103385973085
401762461,2025,2,Western Michigan,North Texas,30.0,33.0,-3.0,63.0,12.0,56.0,-12.0,0,1.0,1.0,285.0,-370.0,-10.04572965155907,56.599408682827004,0.2649663273083065,0.75,0.7350336726916935,1.9542703484409305,0.5994086828270042
401754637,2025,2,Clemson,Troy,27.0,16.0,11.0,43.0,-31.0,51.5,31.0,1,0.0,0.0,-20000.0,1800.0,33.67757852425353,52.18126872723173,0.9670162077402422,0.75,0.03298379225975778,2.6775785242535335,0.6812687272317319
401752686,2025,2,Kentucky,Ole Miss,23.0,30.0,-7.0,53.0,8.0,51.5,-8.0,0,1.0,1.0,265.0,-330.0,-9.450047832606948,52.49500436600742,0.2370020390528686,0.75,0.7629979609471313,-1.4500478326069484,0.9950043660074215
401752824,2025,2,Oregon,Oklahoma State,69.0,3.0,66.0,72.0,-28.5,55.5,28.5,1,1.0,1.0,-10000.0,1600.0,31.25462938872964,55.57788064811017,0.9759477238686223,0.75,0.024052276131377726,2.75462938872964,0.07788064811016682
401752820,2025,2,Wisconsin,Middle Tennessee,42.0,10.0,32.0,52.0,-28.5,45.5,28.5,1,1.0,1.0,-6500.0,1300.0,28.23129985468861,45.187355623214046,0.9658579371311894,0.75,0.03414206286881061,-0.26870014531138864,-0.31264437678595414
401756883,2025,2,Ohio,West Virginia,17.0,10.0,7.0,27.0,3.5,58.5,-3.5,1,1.0,0.0,130.0,-150.0,-0.5370133545857936,59.04673622991184,0.5136538451417183,0.75,0.4863461548582817,2.9629866454142064,0.5467362299118435
401752684,2025,2,Florida,South Florida,16.0,18.0,-2.0,34.0,-18.5,58.0,18.5,0,0.0,0.0,-900.0,575.0,17.4715088108492,60.66393191617485,0.8460188125312953,0.75,0.1539811874687047,-1.0284911891507988,2.663931916174853
401752682,2025,2,Arkansas,Arkansas State,56.0,14.0,42.0,70.0,-23.5,62.0,23.5,1,1.0,1.0,-1800.0,850.0,22.11669628901503,60.39143637703983,0.9041791603570261,0.75,0.09582083964297394,-1.3833037109849684,-1.608563622960169
401757232,2025,2,Toledo,Western Kentucky,45.0,21.0,24.0,66.0,-8.5,57.5,8.5,1,1.0,1.0,-220.0,180.0,10.793785130524043,57.763511318482216,0.7328273100977879,0.75,0.2671726899022121,2.293785130524043,0.263511318482216
401761598,2025,2,Georgia State,Memphis,16.0,38.0,-22.0,54.0,14.5,57.5,-14.5,0,0.0,0.0,425.0,-600.0,-14.410717903740869,56.8766506074385,0.16773354721112313,0.75,0.8322664527888769,0.0892820962591312,-0.6233493925615008
401754527,2025,2,Charlotte,North Carolina,3.0,20.0,-17.0,23.0,15.0,49.5,-15.0,0,0.0,0.0,390.0,-550.0,-17.526165296317593,48.799286601242784,0.1734445838162896,0.75,0.8265554161837104,-2.5261652963175933,-0.700713398757216
401761601,2025,2,South Alabama,Tulane,31.0,33.0,-2.0,64.0,13.5,51.5,-13.5,0,1.0,1.0,295.0,-390.0,-14.353494853171958,53.29846258267273,0.21034873860096498,0.75,0.789651261399035,-0.8534948531719575,1.7984625826727267
401756882,2025,2,Kansas State,Army,21.0,24.0,-3.0,45.0,-17.0,48.5,17.0,0,0.0,0.0,-650.0,450.0,15.767602257165002,46.954698207497124,0.8559196637291362,0.75,0.1440803362708638,-1.2323977428349977,-1.545301792502876
401756884,2025,2,Rice,Houston,9.0,35.0,-26.0,44.0,13.5,38.5,-13.5,0,0.0,1.0,390.0,-550.0,-18.267441073989893,40.24784679569845,0.15305679359565066,0.75,0.8469432064043494,-4.767441073989893,1.7478467956984503
401752688,2025,2,Mississippi State,Arizona State,24.0,20.0,4.0,44.0,6.0,58.5,-6.0,1,1.0,0.0,225.0,-275.0,-2.0575574722530714,59.099537493772,0.44834120717805953,0.75,0.5516587928219405,3.9424425277469286,0.5995374937719973
401752810,2025,2,Nebraska,Akron,68.0,0.0,68.0,68.0,-34.0,47.5,34.0,1,1.0,1.0,,,32.5732797211983,46.801040721490864,0.9682198147607568,0.75,0.0317801852392432,-1.426720278801703,-0.6989592785091361
401752687,2025,2,LSU,Louisiana Tech,23.0,7.0,16.0,30.0,-36.5,49.5,36.5,1,0.0,0.0,,,36.072063119889805,49.74831161279806,0.9770290804049174,0.75,0.022970919595082573,-0.42793688011019526,0.24831161279806224
401752683,2025,2,Auburn,Ball State,42.0,3.0,39.0,45.0,-43.0,52.5,43.0,1,0.0,0.0,,,41.00651715288551,51.241376258324934,0.9848909946371543,0.75,0.015109005362845651,-1.9934828471144925,-1.2586237416750663
401752816,2025,2,Michigan State,Boston College,42.0,40.0,2.0,82.0,-3.5,45.5,3.5,1,0.0,1.0,-150.0,130.0,5.001668753298519,44.59821845688428,0.6052452988729987,0.75,0.3947547011270013,1.5016687532985191,-0.9017815431157175
401752814,2025,2,USC,Georgia Southern,59.0,20.0,39.0,79.0,-29.0,61.5,29.0,1,1.0,1.0,-10000.0,1600.0,26.573746853189007,59.521756122346865,0.9584614315610089,0.75,0.041538568438991064,-2.4262531468109927,-1.978243877653135
401752690,2025,2,Oklahoma,Michigan,24.0,13.0,11.0,37.0,-4.0,44.0,4.0,1,1.0,0.0,-220.0,180.0,5.270266309987724,43.75687481114092,0.6165107201420542,0.75,0.3834892798579458,1.2702663099877238,-0.2431251888590822
401752695,2025,2,Virginia Tech,Vanderbilt,20.0,44.0,-24.0,64.0,-1.5,44.5,1.5,0,0.0,1.0,-115.0,-105.0,-1.0523018235732984,44.01535397939686,0.42463415331361426,0.75,0.5753658466863858,-2.5523018235732984,-0.48464602060313666
401752681,2025,2,Alabama,UL Monroe,73.0,0.0,73.0,73.0,-34.0,50.0,34.0,1,1.0,1.0,,,37.886587636501744,51.93994343537429,0.9849392158548568,0.75,0.015060784145143224,3.886587636501744,1.939943435374289
401752823,2025,2,UNLV,UCLA,30.0,23.0,7.0,53.0,2.5,54.5,-2.5,1,1.0,0.0,105.0,-125.0,-4.279312700098272,54.265974912959436,0.4504392048671477,0.75,0.5495607951328523,-1.7793127000982718,-0.23402508704056402
401757229,2025,2,New Mexico State,Tulsa,21.0,14.0,7.0,35.0,3.0,52.5,-3.0,1,1.0,0.0,110.0,-130.0,-5.388194680349423,53.82505862113633,0.3739945973216599,0.75,0.6260054026783402,-2.3881946803494234,1.3250586211363284
401752948,2025,2,Washington State,San Diego State,36.0,13.0,23.0,49.0,-2.0,46.5,2.0,1,1.0,1.0,-150.0,130.0,3.0542233064894138,47.54111564310014,0.5819293408380337,0.75,0.4180706591619663,1.0542233064894138,1.0411156431001416
401754526,2025,2,BYU,Stanford,27.0,3.0,24.0,30.0,-20.5,44.5,20.5,1,1.0,0.0,-1000.0,625.0,22.25546675482424,44.32922087919123,0.9193487126811316,0.75,0.08065128731886839,1.7554667548242406,-0.170779120808767
401757230,2025,2,Hawai'i,Sam Houston,37.0,20.0,17.0,57.0,-7.0,47.5,7.0,1,1.0,1.0,-370.0,285.0,2.9400488454711056,47.055838745862715,0.5199971801063041,0.75,0.48000281989369586,-4.059951154528894,-0.4441612541372848
401754531,2025,3,Wake Forest,NC State,24.0,34.0,-10.0,58.0,7.0,53.0,-7.0,0,0.0,1.0,225.0,-275.0,-5.859021397886832,52.315273635663026,0.37430194587556376,0.9,0.6256980541244362,1.1409786021131678,-0.6847263643369743
401756893,2025,3,Houston,Colorado,36.0,20.0,16.0,56.0,-4.0,45.0,4.0,1,1.0,1.0,-185.0,160.0,6.493656214031022,45.64860906549713,0.6613404927566979,0.9,0.33865950724330207,2.493656214031022,0.6486090654971335
401756888,2025,3,Arizona,Kansas State,23.0,17.0,6.0,40.0,1.5,55.5,-1.5,1,1.0,0.0,-110.0,-110.0,1.615524137803178,54.92817939373763,0.5616825108553902,0.9,0.4383174891446098,3.115524137803178,-0.5718206062623707
401752837,2025,3,UCLA,New Mexico,10.0,35.0,-25.0,45.0,-15.5,53.0,15.5,0,0.0,0.0,-700.0,475.0,13.248276916538963,52.49441527174316,0.8045291306204578,0.9,0.19547086937954217,-2.2517230834610373,-0.5055847282568422
401762817,2025,3,Kent State,Buffalo,28.0,31.0,-3.0,59.0,24.0,48.5,-24.0,0,1.0,1.0,1100.0,-2800.0,-20.162128672177342,49.00161297286919,0.12139737496503443,0.9,0.8786026250349656,3.8378713278226577,0.5016129728691894
401752831,2025,3,Northwestern,Oregon,14.0,34.0,-20.0,48.0,26.5,50.5,-26.5,0,1.0,0.0,1300.0,-6500.0,-22.73393591831196,52.850694202788205,0.08599796140352348,0.9,0.9140020385964766,3.7660640816880395,2.3506942027882047
401754623,2025,3,Georgia Tech,Clemson,24.0,21.0,3.0,45.0,3.0,51.0,-3.0,1,1.0,0.0,175.0,-210.0,-2.441425651903521,49.76368275626579,0.45499331351887684,0.9,0.5450066864811232,0.5585743480964789,-1.236317243734213
401761608,2025,3,Troy,Memphis,7.0,28.0,-21.0,35.0,4.5,51.0,-4.5,0,0.0,0.0,190.0,-230.0,-7.727862046009173,51.347095329598,0.2943905757309276,0.9,0.7056094242690725,-3.2278620460091734,0.34709532959799816
401752703,2025,3,Temple,Oklahoma,3.0,42.0,-39.0,45.0,23.5,51.0,-23.5,0,0.0,0.0,1100.0,-3300.0,-22.61885330188515,53.005010398386446,0.10705857286595621,0.9,0.8929414271340438,0.8811466981148506,2.005010398386446
401752696,2025,3,Alabama,Wisconsin,38.0,14.0,24.0,52.0,-19.5,45.0,19.5,1,1.0,1.0,-1500.0,775.0,24.00589520701264,45.271985720294516,0.9336896232963602,0.9,0.06631037670363982,4.505895207012639,0.2719857202945164
401752839,2025,3,Michigan,Central Michigan,63.0,3.0,60.0,66.0,-28.0,43.0,28.0,1,1.0,1.0,-4000.0,1200.0,26.067335084797826,44.119163874977176,0.9596109660457939,0.9,0.04038903395420612,-1.9326649152021744,1.1191638749771755
401752697,2025,3,Auburn,South Alabama,31.0,15.0,16.0,46.0,-26.0,56.0,26.0,1,0.0,0.0,-4000.0,1200.0,29.730716648080087,57.69894483873504,0.9649893114313522,0.9,0.03501068856864775,3.7307166480800866,1.6989448387350379
401752702,2025,3,Missouri,Louisiana,52.0,10.0,42.0,62.0,-27.5,47.5,27.5,1,1.0,1.0,-4000.0,1200.0,31.549611266181472,47.442251985469525,0.9678165206603659,0.9,0.03218347933963406,4.049611266181472,-0.057748014530474734
401752938,2025,3,Texas Tech,Oregon State,45.0,14.0,31.0,59.0,-24.0,61.5,24.0,1,1.0,0.0,-2800.0,1100.0,24.676330722106684,59.26486478033111,0.94625729403696,0.9,0.05374270596303998,0.6763307221066839,-2.2351352196688907
401752705,2025,3,Tennessee,Georgia,41.0,44.0,-3.0,85.0,3.5,50.5,-3.5,0,1.0,1.0,150.0,-210.0,-6.233052887887404,50.9010997015147,0.29845788575011906,0.9,0.701542114249881,-2.7330528878874043,0.40109970151470264
401752949,2025,3,North Texas,Washington State,59.0,10.0,49.0,69.0,-6.5,57.5,6.5,1,1.0,1.0,-210.0,175.0,5.071214783314405,57.828035976408984,0.6063592355746705,0.9,0.39364076442532947,-1.4287852166855952,0.32803597640898374
401754638,2025,3,West Virginia,Pittsburgh,31.0,24.0,7.0,55.0,7.0,55.0,-7.0,1,1.0,0.5,175.0,-210.0,-9.227210221150457,54.62607435364752,0.3020256618038994,0.9,0.6979743381961006,-2.2272102211504574,-0.3739256463524825
401752832,2025,3,Purdue,USC,17.0,33.0,-16.0,50.0,20.5,59.0,-20.5,0,1.0,0.0,850.0,-1800.0,-13.45485602006697,61.63419237955253,0.19414533184324878,0.9,0.8058546681567512,7.04514397993303,2.6341923795525304
401756890,2025,3,Arkansas State,Iowa State,16.0,24.0,-8.0,40.0,21.5,56.0,-21.5,0,1.0,0.0,800.0,-1600.0,-25.47794431492545,55.33165664420424,0.0566867111692198,0.9,0.9433132888307802,-3.9779443149254483,-0.6683433557957628
401752706,2025,3,Texas,UTEP,27.0,10.0,17.0,37.0,-39.5,52.0,39.5,1,0.0,0.0,,,35.706474705676044,54.8293221926724,0.976802004365348,0.9,0.02319799563465197,-3.793525294323956,2.8293221926724
401754535,2025,3,Miami,South Florida,49.0,12.0,37.0,61.0,-18.0,56.5,18.0,1,1.0,1.0,-800.0,525.0,16.69491677380413,58.349850972569314,0.8177251679057037,0.9,0.1822748320942963,-1.305083226195869,1.849850972569314
401757258,2025,3,Nevada,Middle Tennessee,13.0,14.0,-1.0,27.0,-9.0,50.0,9.0,0,0.0,0.0,-350.0,275.0,5.295914101980951,51.25949832350964,0.6293973901192267,0.9,0.3706026098807733,-3.7040858980190494,1.2594983235096393
401757256,2025,3,Bowling Green,Liberty,23.0,13.0,10.0,36.0,5.5,51.5,-5.5,1,1.0,0.0,200.0,-240.0,-5.944058182509275,52.137460091066515,0.37724947950755133,0.9,0.6227505204924486,-0.4440581825092753,0.6374600910665151
401757233,2025,3,Florida International,Florida Atlantic,38.0,28.0,10.0,66.0,-2.0,56.5,2.0,1,1.0,1.0,-125.0,105.0,-0.9463235119406548,58.335435920895776,0.47908831812539426,0.9,0.5209116818746058,-2.946323511940655,1.835435920895776
401757234,2025,3,Georgia Southern,Jacksonville State,41.0,34.0,7.0,75.0,-3.0,59.0,3.0,1,1.0,1.0,-175.0,150.0,4.342421720578029,59.778490602908676,0.5592355460667874,0.9,0.4407644539332126,1.342421720578029,0.7784906029086756
401754536,2025,3,Virginia Tech,Old Dominion,26.0,45.0,-19.0,71.0,-5.5,51.0,5.5,0,0.0,1.0,-300.0,250.0,5.490720513710725,51.73610203432671,0.6130619716870958,0.9,0.38693802831290425,-0.009279486289274885,0.7361020343267128
401752827,2025,3,Ohio State,Ohio,37.0,9.0,28.0,46.0,-28.0,49.0,28.0,1,0.5,0.0,-20000.0,1700.0,26.524386060608826,48.188944436949186,0.9471259986020952,0.9,0.05287400139790477,-1.4756139393911738,-0.8110555630508145
401752829,2025,3,Illinois,Western Michigan,38.0,0.0,38.0,38.0,-27.5,51.0,27.5,1,1.0,0.0,-7500.0,1400.0,32.09086963687696,51.77534248223247,0.9774044123954634,0.9,0.022595587604536616,4.59086963687696,0.7753424822324675
401761607,2025,3,Southern Miss,App State,38.0,22.0,16.0,60.0,3.0,56.5,-3.0,1,1.0,1.0,-105.0,-115.0,-1.16499067924955,58.394742317764496,0.4200162472418705,0.9,0.5799837527581295,1.83500932075045,1.8947423177644964
401752700,2025,3,Ole Miss,Arkansas,41.0,35.0,6.0,76.0,-3.5,60.5,3.5,1,1.0,1.0,-350.0,275.0,4.796502017724368,60.860079122807775,0.6485831325221187,0.9,0.35141686747788126,1.296502017724368,0.3600791228077753
401761604,2025,3,Coastal Carolina,East Carolina,0.0,38.0,-38.0,38.0,7.0,58.0,-7.0,0,0.0,0.0,205.0,-245.0,-10.697626309898231,59.98226803966015,0.21292694233352577,0.9,0.7870730576664742,-3.697626309898231,1.9822680396601484
401757257,2025,3,Louisiana Tech,New Mexico State,49.0,14.0,35.0,63.0,-10.0,43.0,10.0,1,1.0,1.0,-410.0,305.0,11.692640431653457,44.17544371601547,0.7578366068669394,0.9,0.24216339313306057,1.692640431653457,1.1754437160154723
401752698,2025,3,Kentucky,Eastern Michigan,48.0,23.0,25.0,71.0,-27.0,49.5,27.0,1,0.0,1.0,-4000.0,1200.0,27.105580567653845,50.952078134655544,0.9508626369274872,0.9,0.04913736307251282,0.10558056765384549,1.4520781346555438
401752830,2025,3,Iowa,Massachusetts,47.0,7.0,40.0,54.0,-35.0,44.0,35.0,1,1.0,1.0,,,38.235196278146596,44.90265898542965,0.9878185127607089,0.9,0.012181487239291133,3.2351962781465957,0.9026589854296532
401752699,2025,3,LSU,Florida,20.0,10.0,10.0,30.0,-5.0,47.0,5.0,1,1.0,0.0,-360.0,280.0,1.7784108497602298,46.93083306062475,0.5452952242960419,0.9,0.45470477570395806,-3.22158915023977,-0.06916693937525054
401752707,2025,3,Notre Dame,Texas A&M,40.0,41.0,-1.0,81.0,-6.5,50.0,6.5,0,0.0,1.0,-240.0,200.0,0.9614738511455103,48.977906652548086,0.5781559392683585,0.9,0.4218440607316415,-5.53852614885449,-1.0220933474519143
401752704,2025,3,South Carolina,Vanderbilt,7.0,31.0,-24.0,38.0,-3.0,48.5,3.0,0,0.0,0.0,-220.0,180.0,5.720126847936804,46.96037327750511,0.6577647338692975,0.9,0.34223526613070254,2.720126847936804,-1.5396267224948872
401762465,2025,3,Tulsa,Navy,23.0,42.0,-19.0,65.0,13.5,52.0,-13.5,0,0.0,1.0,450.0,-650.0,-12.40465020835742,53.70362584427026,0.20347403996435123,0.9,0.7965259600356488,1.0953497916425796,1.7036258442702632
401756895,2025,3,Wyoming,Utah,6.0,31.0,-25.0,37.0,24.5,47.0,-24.5,0,0.0,0.0,1000.0,-2200.0,-31.76281372706781,49.75281913592428,0.04842211586552804,0.9,0.951577884134472,-7.262813727067812,2.752819135924277
401754534,2025,3,Tulane,Duke,34.0,27.0,7.0,61.0,-1.5,52.5,1.5,1,1.0,1.0,-150.0,130.0,3.123792830426619,53.057698985716264,0.6125698650121634,0.9,0.3874301349878366,1.623792830426619,0.5576989857162644
401762463,2025,3,UAB,Akron,31.0,28.0,3.0,59.0,-12.0,59.0,12.0,1,0.0,0.5,-470.0,345.0,11.398040714042226,59.816080047741096,0.8018901172885359,0.9,0.19810988271146412,-0.6019592859577738,0.8160800477410959
401760368,2025,3,Utah State,Air Force,49.0,30.0,19.0,79.0,4.5,51.5,-4.5,1,1.0,1.0,155.0,-180.0,-6.523196399544811,51.405306405650784,0.32570472493911284,0.9,0.6742952750608872,-2.023196399544811,-0.09469359434921643
401754533,2025,3,Stanford,Boston College,30.0,20.0,10.0,50.0,14.0,44.5,-14.0,1,1.0,1.0,335.0,-450.0,-8.943547716451036,44.49449241038778,0.3254119068327758,0.9,0.6745880931672241,5.056452283548964,-0.005507589612221864
401756889,2025,3,Arizona State,Texas State,34.0,15.0,19.0,49.0,-18.5,61.5,18.5,1,1.0,0.0,-650.0,450.0,20.081342603902065,59.84413817521673,0.8811682669160027,0.9,0.1188317330839973,1.5813426039020655,-1.6558618247832726
401752840,2025,3,California,Minnesota,27.0,14.0,13.0,41.0,3.0,40.5,-3.0,1,1.0,1.0,105.0,-125.0,-2.045352506704471,40.996008216955715,0.4604835475336744,0.9,0.5395164524663256,0.9546474932955289,0.4960082169557154
401762468,2025,4,Charlotte,Rice,17.0,28.0,-11.0,45.0,2.0,42.0,-2.0,0,0.0,1.0,180.0,-220.0,-3.53111601927489,43.927984745873545,0.4078240611139363,1.0,0.5921759388860637,-1.53111601927489,1.9279847458735446
401756900,2025,4,Oklahoma State,Tulsa,12.0,19.0,-7.0,31.0,-10.0,55.0,10.0,0,0.0,0.0,-510.0,370.0,7.599418930139724,57.15829306483354,0.6525801615122866,1.0,0.3474198384877134,-2.4005810698602756,2.1582930648335434
401752844,2025,4,Rutgers,Iowa,28.0,38.0,-10.0,66.0,2.0,46.5,-2.0,0,0.0,1.0,105.0,-125.0,-8.343142590951642,47.370370624293436,0.2889543836705052,1.0,0.7110456163294948,-6.343142590951642,0.8703706242934359
401752708,2025,4,Memphis,Arkansas,32.0,31.0,1.0,63.0,7.0,60.0,-7.0,1,1.0,1.0,195.0,-235.0,-11.074655530966963,61.628722032943095,0.2475291837945437,1.0,0.7524708162054563,-4.074655530966963,1.6287220329430951
401752845,2025,4,Wisconsin,Maryland,10.0,27.0,-17.0,37.0,-10.5,44.5,10.5,0,0.0,0.0,-320.0,260.0,9.781223530877261,44.98191196979369,0.710070983366746,1.0,0.289929016633254,-0.718776469122739,0.48191196979369266
401754636,2025,4,TCU,SMU,35.0,24.0,11.0,59.0,-6.5,63.5,6.5,1,1.0,0.0,-245.0,205.0,8.525219373506138,65.85446717983021,0.7166897867836755,1.0,0.28331021321632455,2.025219373506138,2.354467179830209
401754537,2025,4,Clemson,Syracuse,21.0,34.0,-13.0,55.0,-17.5,54.5,17.5,0,0.0,1.0,-850.0,550.0,18.114867061811236,52.528277128059855,0.8761077819250824,1.0,0.12389221807491757,0.6148670618112355,-1.9717228719401447
401760376,2025,4,Miami (OH),UNLV,38.0,41.0,-3.0,79.0,1.5,49.0,-1.5,0,0.0,1.0,145.0,-170.0,3.7510853566279394,51.09585344552485,0.5606956960112024,1.0,0.4393043039887976,5.251085356627939,2.0958534455248525
401754642,2025,4,Louisville,Bowling Green,40.0,17.0,23.0,57.0,-26.5,51.0,26.5,1,0.0,1.0,-6500.0,1300.0,29.015839432087958,52.68229583635244,0.9567206088882044,1.0,0.04327939111179557,2.515839432087958,1.6822958363524378
401756901,2025,4,Utah,Texas Tech,10.0,34.0,-24.0,44.0,-3.5,58.0,3.5,0,0.0,0.0,-175.0,150.0,4.186540303111683,57.44751978148005,0.5539128239070769,1.0,0.44608717609292314,0.6865403031116832,-0.5524802185199533
401762469,2025,4,Army,North Texas,38.0,45.0,-7.0,83.0,2.5,51.0,-2.5,0,0.0,1.0,-110.0,-110.0,1.0022153281297301,56.245389850291986,0.5011993086411508,1.0,0.4988006913588492,3.50221532812973,5.245389850291986
401752715,2025,4,Tennessee,UAB,56.0,24.0,32.0,80.0,-39.0,68.5,39.0,1,0.0,1.0,,,38.585161422020406,69.47124657162458,0.985827622245538,1.0,0.014172377754462007,-0.41483857797959445,0.971246571624576
401752841,2025,4,Oregon,Oregon State,41.0,7.0,34.0,48.0,-34.0,58.0,34.0,1,0.5,0.0,,,37.62204126218581,55.89380154052437,0.9884176823156336,1.0,0.01158231768436635,3.6220412621858102,-2.1061984594756282
401761613,2025,4,Buffalo,Troy,17.0,21.0,-4.0,38.0,-5.5,44.0,5.5,0,0.0,0.0,-230.0,190.0,6.58886324499681,45.04334754590799,0.6527791177352134,1.0,0.34722088226478665,1.0888632449968103,1.0433475459079915
401754640,2025,4,UCF,North Carolina,34.0,9.0,25.0,43.0,-7.0,47.0,7.0,1,1.0,0.0,-240.0,200.0,3.427968185716611,48.43249449730702,0.6005099732405017,1.0,0.3994900267594983,-3.572031814283389,1.4324944973070188
401752846,2025,4,Nebraska,Michigan,27.0,30.0,-3.0,57.0,-1.0,47.5,1.0,0,0.0,1.0,105.0,-125.0,1.3886621923312077,47.930800642822234,0.4918758834423871,1.0,0.5081241165576129,0.3886621923312077,0.4308006428222342
401757262,2025,4,Liberty,James Madison,13.0,31.0,-18.0,44.0,7.5,47.0,-7.5,0,0.0,0.0,290.0,-380.0,-11.73208360574397,48.1958686134773,0.2683955196586437,1.0,0.7316044803413563,-4.23208360574397,1.1958686134773018
401752714,2025,4,Oklahoma,Auburn,24.0,17.0,7.0,41.0,-6.5,47.5,6.5,1,1.0,0.0,-240.0,200.0,3.5775634124081757,48.49998291228106,0.5700514790978954,1.0,0.42994852090210456,-2.9224365875918243,0.9999829122810624
401757169,2025,4,UConn,Ball State,31.0,25.0,6.0,56.0,-21.5,54.0,21.5,1,0.0,1.0,-1400.0,750.0,20.099099616634884,54.27032030125285,0.9153968622311296,1.0,0.0846031377688704,-1.4009003833651157,0.2703203012528519
401754541,2025,4,Florida State,Kent State,66.0,10.0,56.0,76.0,-45.0,56.0,45.0,1,1.0,1.0,,,41.00544835801627,57.47525746450775,0.9830384832539485,1.0,0.016961516746051508,-3.9945516419837332,1.4752574645077488
401762820,2025,4,Western Michigan,Toledo,14.0,13.0,1.0,27.0,13.0,48.5,-13.0,1,1.0,0.0,430.0,-625.0,-8.83976433803616,48.59432607703643,0.2746742870577743,1.0,0.7253257129422257,4.16023566196384,0.09432607703642759
401752711,2025,4,Ole Miss,Tulane,45.0,10.0,35.0,55.0,-12.5,61.5,12.5,1,1.0,0.0,-470.0,345.0,14.64572644469731,63.731707483980486,0.8429759970950299,1.0,0.1570240029049701,2.14572644469731,2.231707483980486
401752848,2025,4,Notre Dame,Purdue,56.0,30.0,26.0,86.0,-24.5,51.5,24.5,1,1.0,1.0,-5000.0,1300.0,22.54205769277748,52.07513943301933,0.9372778599066877,1.0,0.06272214009331234,-1.9579423072225204,0.5751394330193307
401761610,2025,4,Eastern Michigan,Louisiana,34.0,31.0,3.0,65.0,2.5,51.0,-2.5,1,1.0,1.0,140.0,-165.0,-6.97920198313703,51.627172563291495,0.31284008750474107,1.0,0.687159912495259,-4.47920198313703,0.6271725632914951
401754538,2025,4,Duke,NC State,45.0,33.0,12.0,78.0,-3.0,57.0,3.0,1,1.0,1.0,-130.0,110.0,3.675408874759967,57.45082219952161,0.5393351692970435,1.0,0.4606648307029565,0.6754088747599671,0.4508221995216104
401752712,2025,4,Mississippi State,Northern Illinois,38.0,10.0,28.0,48.0,-24.0,48.0,24.0,1,1.0,0.5,-1900.0,900.0,26.284930084706954,49.87312122184574,0.9211195719759109,1.0,0.07888042802408912,2.2849300847069536,1.873121221845743
401754542,2025,4,Georgia Tech,Temple,45.0,24.0,21.0,69.0,-24.5,53.5,24.5,1,0.0,1.0,-2500.0,1000.0,24.547554576477147,54.39446978827886,0.9380652145608257,1.0,0.0619347854391743,0.04755457647714678,0.8944697882788617
401757261,2025,4,Kennesaw State,Arkansas State,28.0,21.0,7.0,49.0,4.5,58.0,-4.5,1,1.0,0.0,210.0,-250.0,-8.490977967399036,60.19455613908972,0.32290724497873896,1.0,0.6770927550212611,-3.9909779673990364,2.1945561390897197
401756899,2025,4,Kansas,West Virginia,41.0,10.0,31.0,51.0,-12.5,54.0,12.5,1,1.0,0.0,-460.0,340.0,13.399662875532195,55.788377759907384,0.775699084870229,1.0,0.22430091512977102,0.8996628755321954,1.7883777599073838
401760372,2025,4,Air Force,Boise State,37.0,49.0,-12.0,86.0,11.0,52.0,-11.0,0,0.0,1.0,275.0,-350.0,-7.8607095771384214,50.97608950421117,0.354658535573003,1.0,0.645341464426997,3.1392904228615786,-1.023910495788833
401757268,2025,4,Western Kentucky,Nevada,31.0,16.0,15.0,47.0,-7.5,54.5,7.5,1,1.0,0.0,-430.0,320.0,5.954864273935177,57.72153879979464,0.6661996117894143,1.0,0.33380038821058566,-1.5451357260648226,3.2215387997946365
401752713,2025,4,Missouri,South Carolina,29.0,20.0,9.0,49.0,-10.0,48.5,10.0,1,0.0,1.0,-550.0,390.0,3.1758704454945654,47.39451881710399,0.5694720523312597,1.0,0.43052794766874025,-6.824129554505435,-1.105481182896007
401761611,2025,4,South Alabama,Coastal Carolina,20.0,38.0,-18.0,58.0,-15.0,51.5,15.0,0,0.0,1.0,-625.0,430.0,14.148921360585536,52.431567151678166,0.8118497285105534,1.0,0.18815027148944663,-0.8510786394144638,0.9315671516781663
401757264,2025,4,Middle Tennessee,Marshall,28.0,42.0,-14.0,70.0,2.5,46.5,-2.5,0,0.0,1.0,115.0,-135.0,-1.3305603709783156,47.65968494523815,0.4327136589565374,1.0,0.5672863410434625,1.1694396290216844,1.1596849452381477
401752709,2025,4,Miami,Florida,26.0,7.0,19.0,33.0,-8.5,51.0,8.5,1,1.0,0.0,-290.0,240.0,4.869777809223237,52.800986417312245,0.6222855250095763,1.0,0.37771447499042365,-3.630222190776763,1.8009864173122452
401752716,2025,4,Vanderbilt,Georgia State,70.0,21.0,49.0,91.0,-28.0,53.5,28.0,1,1.0,1.0,-5000.0,1300.0,30.332651890041312,55.294620602797295,0.9738986717073401,1.0,0.026101328292659876,2.332651890041312,1.7946206027972949
401754539,2025,4,Virginia,Stanford,48.0,20.0,28.0,68.0,-15.5,48.5,15.5,1,1.0,1.0,-800.0,525.0,19.94180217113076,50.766227913622345,0.8933252959758629,1.0,0.10667470402413715,4.44180217113076,2.2662279136223447
401752842,2025,4,Washington State,Washington,24.0,59.0,-35.0,83.0,21.0,52.0,-21.0,0,0.0,1.0,750.0,-1400.0,-28.169336230495826,52.82986454787685,0.04874590776521033,1.0,0.9512540922347896,-7.169336230495826,0.829864547876852
401756896,2025,4,Baylor,Arizona State,24.0,27.0,-3.0,51.0,-3.0,60.5,3.0,0,0.0,0.0,-130.0,110.0,0.8415736910371137,59.757317009496724,0.48583274017341294,1.0,0.5141672598265871,-2.1584263089628863,-0.7426829905032761
401752843,2025,4,Indiana,Illinois,63.0,10.0,53.0,73.0,-6.5,51.0,6.5,1,1.0,1.0,-210.0,175.0,5.829624756331213,52.114636268117316,0.6590677014327194,1.0,0.3409322985672806,-0.6703752436687873,1.1146362681173159
401756898,2025,4,East Carolina,BYU,13.0,34.0,-21.0,47.0,6.5,50.0,-6.5,0,0.0,0.0,195.0,-235.0,-4.779703384059946,51.103854263346705,0.41610363553467433,1.0,0.5838963644653257,1.720296615940054,1.1038542633467046
401757263,2025,4,Louisiana Tech,Southern Miss,30.0,20.0,10.0,50.0,-3.0,51.5,3.0,1,1.0,0.0,-145.0,125.0,0.4362971775095952,53.67976182490498,0.5557551479284474,1.0,0.4442448520715526,-2.563702822490405,2.179761824904979
401752723,2025,4,Texas,Sam Houston,55.0,0.0,55.0,55.0,-39.5,51.5,39.5,1,1.0,1.0,,,42.846296694142815,52.27689742771649,0.988572551043732,1.0,0.011427448956268016,3.346296694142815,0.7768974277164915
401757267,2025,4,UTEP,UL Monroe,25.0,31.0,-6.0,56.0,-5.0,47.0,5.0,0,0.0,1.0,-220.0,180.0,3.3585816422047476,48.77481341015215,0.6369201477732223,1.0,0.36307985222677774,-1.6414183577952524,1.7748134101521487
401760373,2025,4,Colorado State,UTSA,16.0,17.0,-1.0,33.0,5.0,58.5,-5.0,0,1.0,0.0,160.0,-185.0,-5.654126679003254,57.24875350260538,0.37519721106797976,1.0,0.6248027889320202,-0.6541266790032543,-1.251246497394618
401756897,2025,4,Colorado,Wyoming,37.0,20.0,17.0,57.0,-12.0,46.0,12.0,1,1.0,1.0,-550.0,390.0,9.625624539464916,44.86721354873549,0.7364299826106536,1.0,0.2635700173893464,-2.3743754605350844,-1.1327864512645078
401754540,2025,4,San Diego State,California,34.0,0.0,34.0,34.0,14.0,47.0,-14.0,1,1.0,0.0,370.0,-510.0,-12.323565722333925,48.695960306661455,0.2521556251859568,1.0,0.7478443748140432,1.6764342776660754,1.6959603066614548
401752847,2025,4,USC,Michigan State,45.0,31.0,14.0,76.0,-18.5,55.5,18.5,1,0.0,1.0,-700.0,475.0,19.178042416581274,54.89387889548153,0.8962050305666581,1.0,0.10379496943334188,0.678042416581274,-0.606121104518472
401760374,2025,4,Hawai'i,Fresno State,21.0,23.0,-2.0,44.0,2.5,47.0,-2.5,0,1.0,0.0,145.0,-170.0,0.27821211914211785,47.13131952947622,0.463556426301101,1.0,0.5364435736988991,2.778212119142118,0.13131952947622239
401762471,2025,5,East Carolina,Army,28.0,6.0,22.0,34.0,-3.5,52.5,3.5,1,1.0,0.0,-160.0,135.0,4.808005287040339,52.19730645179032,0.6746187874116343,1.0,0.3253812125883657,1.3080052870403387,-0.30269354820968175
401754543,2025,5,Virginia,Florida State,46.0,38.0,8.0,84.0,7.0,60.5,-7.0,1,1.0,1.0,215.0,-260.0,-2.8041501088136176,60.288965925268585,0.451937377076828,1.0,0.548062622923172,4.195849891186382,-0.21103407473141544
401756902,2025,5,Arizona State,TCU,27.0,24.0,3.0,51.0,-3.0,54.5,3.0,1,0.5,0.0,-130.0,110.0,7.102284855570114,55.069652475602595,0.6859407374658921,1.0,0.3140592625341079,4.102284855570114,0.5696524756025951
401752939,2025,5,Oregon State,Houston,24.0,27.0,-3.0,51.0,12.5,47.5,-12.5,0,1.0,1.0,375.0,-525.0,-22.42735814267948,48.16166679004777,0.07800977842158816,1.0,0.9219902215784118,-9.92735814267948,0.661666790047768
401754547,2025,5,Pittsburgh,Louisville,27.0,34.0,-7.0,61.0,3.0,54.0,-3.0,0,0.0,1.0,140.0,-165.0,-4.22574995153798,54.12990437648315,0.36061363300320326,1.0,0.6393863669967967,-1.2257499515379804,0.12990437648314668
401761617,2025,5,North Texas,South Alabama,36.0,22.0,14.0,58.0,-13.0,63.5,13.0,1,1.0,0.0,-500.0,360.0,13.869229103723427,64.93789255978608,0.8363881125879833,1.0,0.1636118874120167,0.869229103723427,1.4378925597860786
401752849,2025,5,Minnesota,Rutgers,31.0,28.0,3.0,59.0,-4.0,51.5,4.0,1,0.0,1.0,-220.0,180.0,2.3362016989003154,50.11404974056631,0.5459061190023623,1.0,0.4540938809976377,-1.6637983010996846,-1.3859502594336917
401752850,2025,5,Illinois,USC,34.0,32.0,2.0,66.0,6.5,62.0,-6.5,1,1.0,1.0,200.0,-240.0,-5.323944044646467,63.1685561111347,0.3412352462194314,1.0,0.6587647537805685,1.176055955353533,1.1685561111346985
401762825,2025,5,Ohio,Bowling Green,35.0,20.0,15.0,55.0,-8.0,50.0,8.0,1,1.0,1.0,-430.0,320.0,2.449513037598292,51.76291720504234,0.5513267183556406,1.0,0.4486732816443594,-5.550486962401708,1.762917205042342
401754546,2025,5,Wake Forest,Georgia Tech,29.0,30.0,-1.0,59.0,13.0,53.0,-13.0,0,1.0,1.0,460.0,-675.0,-10.521903066267402,54.175342691306625,0.26978145157128347,1.0,0.7302185484287165,2.4780969337325978,1.175342691306625
401754545,2025,5,Syracuse,Duke,3.0,38.0,-35.0,41.0,4.5,59.5,-4.5,0,0.0,0.0,180.0,-220.0,-5.57604266499731,57.49720632287575,0.40203498738985444,1.0,0.5979650126101456,-1.0760426649973098,-2.0027936771242523
401756906,2025,5,Kansas State,UCF,34.0,20.0,14.0,54.0,-6.0,48.5,6.0,1,1.0,1.0,-220.0,180.0,10.144614818923841,49.08512343213937,0.7339882445671246,1.0,0.26601175543287536,4.144614818923841,0.585123432139369
401756905,2025,5,Kansas,Cincinnati,34.0,37.0,-3.0,71.0,-5.5,56.0,5.5,0,0.0,1.0,-225.0,185.0,5.521883087262989,54.73422470931663,0.6324116557267367,1.0,0.36758834427326326,0.02188308726298871,-1.2657752906833721
401752717,2025,5,Arkansas,Notre Dame,13.0,56.0,-43.0,69.0,5.0,63.5,-5.0,0,0.0,1.0,185.0,-225.0,-4.1533613169668016,64.20240716337196,0.35841621510370675,1.0,0.6415837848962933,0.8466386830331984,0.7024071633719586
401752725,2025,5,Vanderbilt,Utah State,55.0,35.0,20.0,90.0,-23.0,57.5,23.0,1,0.0,1.0,-2000.0,950.0,27.323273974554414,58.76379688143636,0.9632737654747436,1.0,0.03672623452525636,4.323273974554414,1.2637968814363632
401762826,2025,5,Central Michigan,Eastern Michigan,24.0,13.0,11.0,37.0,-3.0,54.5,3.0,1,1.0,0.0,-220.0,180.0,3.3681013091520065,56.175656971695204,0.5307792668312685,1.0,0.4692207331687315,0.36810130915200645,1.6756569716952043
401761614,2025,5,James Madison,Georgia Southern,35.0,10.0,25.0,45.0,-15.0,54.5,15.0,1,1.0,0.0,-850.0,550.0,10.778578833209721,53.70414157330419,0.7431301359288665,1.0,0.25686986407113355,-4.221421166790279,-0.7958584266958084
401761616,2025,5,UL Monroe,Arkansas State,28.0,16.0,12.0,44.0,-1.5,55.5,1.5,1,1.0,0.0,-175.0,150.0,-3.5736442473875822,54.134524610489414,0.3893428421592425,1.0,0.6106571578407576,-5.073644247387582,-1.3654753895105856
401756908,2025,5,West Virginia,Utah,14.0,48.0,-34.0,62.0,13.5,47.0,-13.5,0,0.0,1.0,290.0,-380.0,-13.365569155577077,50.6905512212888,0.24093498168686128,1.0,0.7590650183131387,0.13443084442292275,3.6905512212888
401757170,2025,5,Buffalo,UConn,17.0,20.0,-3.0,37.0,3.0,51.0,-3.0,0,0.5,0.0,120.0,-140.0,-5.7740045858172495,51.38033033498624,0.3707582362963666,1.0,0.6292417637036334,-2.7740045858172495,0.38033033498624036
401752852,2025,5,Washington,Ohio State,6.0,24.0,-18.0,30.0,9.0,53.5,-9.0,0,0.0,0.0,260.0,-320.0,-6.629384614817565,54.5914969480167,0.3316944840552349,1.0,0.6683055159447651,2.370615385182435,1.0914969480166974
401752851,2025,5,Northwestern,UCLA,17.0,14.0,3.0,31.0,-6.0,46.0,6.0,1,0.0,0.0,-220.0,190.0,1.534892219722991,47.732433983888875,0.5113313381231086,1.0,0.4886686618768914,-4.465107780277009,1.7324339838888747
401754544,2025,5,Boston College,California,24.0,28.0,-4.0,52.0,-6.0,53.5,6.0,0,0.0,0.0,-225.0,185.0,7.7449925164446904,54.139169619676196,0.6836377516534811,1.0,0.31636224834651894,1.7449925164446904,0.6391696196761956
401756907,2025,5,Oklahoma State,Baylor,27.0,45.0,-18.0,72.0,21.0,59.0,-21.0,0,1.0,1.0,775.0,-1500.0,-22.607360650344756,61.87277724958629,0.07777682263173288,1.0,0.9222231773682671,-1.6073606503447557,2.872777249586292
401760380,2025,5,Northern Illinois,San Diego State,3.0,6.0,-3.0,9.0,2.0,42.0,-2.0,0,0.0,0.0,125.0,-145.0,-4.548140531257969,44.280125585671655,0.38343980906857744,1.0,0.6165601909314226,-2.5481405312579692,2.280125585671655
401762473,2025,5,Navy,Rice,21.0,13.0,8.0,34.0,-14.0,46.0,14.0,1,0.0,0.0,-625.0,430.0,17.402265581629926,48.76464251540838,0.8813575607825368,1.0,0.1186424392174632,3.4022655816299263,2.764642515408383
401752724,2025,5,Texas A&M,Auburn,16.0,10.0,6.0,26.0,-6.5,51.5,6.5,1,0.0,0.0,-240.0,200.0,6.153246671860324,53.18480557764832,0.632042351445986,1.0,0.367957648554014,-0.34675332813967596,1.6848055776483193
401752719,2025,5,Ole Miss,LSU,24.0,19.0,5.0,43.0,-2.5,58.0,2.5,1,1.0,0.0,-125.0,105.0,0.6892965103877804,57.707388980581484,0.5352728072724688,1.0,0.46472719272753116,-1.8107034896122196,-0.29261101941851564
401762824,2025,5,Toledo,Akron,45.0,3.0,42.0,48.0,-21.0,50.0,21.0,1,1.0,0.0,-1800.0,850.0,16.034078540265654,51.133113565380015,0.8677015636415557,1.0,0.1322984363584443,-4.965921459734346,1.1331135653800146
401752853,2025,5,Iowa,Indiana,15.0,20.0,-5.0,35.0,9.5,47.5,-9.5,0,1.0,0.0,240.0,-290.0,-11.95387529350861,50.69816254672635,0.2271616866882679,1.0,0.7728383133117321,-2.4538752935086094,3.1981625467263513
401760378,2025,5,Air Force,Hawai'i,35.0,44.0,-9.0,79.0,-7.0,52.0,7.0,0,0.0,1.0,-210.0,175.0,8.255882293053268,52.75275732667927,0.7037783494788399,1.0,0.2962216505211601,1.2558822930532685,0.7527573266792729
401757274,2025,5,New Mexico,New Mexico State,38.0,20.0,18.0,58.0,-16.5,53.5,16.5,1,1.0,1.0,-575.0,400.0,13.890319451591473,54.826704218821256,0.7779488751665751,1.0,0.22205112483342493,-2.6096805484085266,1.3267042188212557
401762474,2025,5,Tulsa,Tulane,14.0,31.0,-17.0,45.0,14.5,52.0,-14.5,0,0.0,0.0,390.0,-550.0,-14.995514681291992,56.356024156611205,0.1654487112135363,1.0,0.8345512887864637,-0.4955146812919917,4.3560241566112055
401752720,2025,5,Mississippi State,Tennessee,34.0,41.0,-7.0,75.0,7.5,63.5,-7.5,0,1.0,1.0,235.0,-285.0,-2.248475911334083,64.37725728944,0.4554247306184753,1.0,0.5445752693815247,5.251524088665917,0.8772572894399957
401757271,2025,5,Old Dominion,Liberty,21.0,7.0,14.0,28.0,-14.5,53.5,14.5,1,0.0,0.0,-650.0,450.0,15.033197535765275,58.22396066482462,0.8126036206743371,1.0,0.1873963793256629,0.5331975357652752,4.723960664824617
401757270,2025,5,Kennesaw State,Middle Tennessee,24.0,16.0,8.0,40.0,-7.0,53.5,7.0,1,1.0,0.0,-230.0,190.0,7.92934078572332,55.81508516587128,0.6773662441525873,1.0,0.3226337558474127,0.92934078572332,2.315085165871281
401754548,2025,5,NC State,Virginia Tech,21.0,23.0,-2.0,44.0,-10.0,57.5,10.0,0,0.0,0.0,-410.0,305.0,8.463373925718988,57.79775724218678,0.6933556063846051,1.0,0.30664439361539486,-1.5366260742810116,0.29775724218678334
401757269,2025,5,Southern Miss,Jacksonville State,42.0,25.0,17.0,67.0,-4.5,56.0,4.5,1,1.0,1.0,-185.0,160.0,7.3481973398356,60.12163740834632,0.6194236608628318,1.0,0.38057633913716815,2.8481973398356004,4.1216374083463165
401762472,2025,5,Florida Atlantic,Memphis,26.0,55.0,-29.0,81.0,14.0,63.0,-14.0,0,0.0,1.0,410.0,-585.0,-12.772641344713017,64.09740491380366,0.19653654395305306,1.0,0.8034634560469469,1.2273586552869826,1.0974049138036577
401756904,2025,5,Iowa State,Arizona,39.0,14.0,25.0,53.0,-3.5,48.5,3.5,1,1.0,1.0,-220.0,180.0,6.282401875562428,49.86277185683575,0.6979547018098351,1.0,0.3020452981901649,2.782401875562428,1.3627718568357494
401752854,2025,5,Penn State,Oregon,24.0,30.0,-6.0,54.0,-4.0,53.0,4.0,0,0.0,1.0,-160.0,135.0,2.134267412889399,51.88802485887406,0.542137295222522,1.0,0.45786270477747804,-1.865732587110601,-1.1119751411259386
401754549,2025,5,Stanford,San José State,30.0,29.0,1.0,59.0,-3.0,50.0,3.0,1,0.0,1.0,-125.0,105.0,6.132238005183028,52.52292301738768,0.6561018033101937,1.0,0.34389819668980626,3.1322380051830283,2.522923017387683
401752718,2025,5,Georgia,Alabama,21.0,24.0,-3.0,45.0,-2.0,54.0,2.0,0,0.0,0.0,-160.0,135.0,2.7109090156625313,52.90866137238959,0.5692381613747459,1.0,0.4307618386252541,0.7109090156625313,-1.091338627610412
401760379,2025,5,Boise State,App State,47.0,14.0,33.0,61.0,-16.5,59.5,16.5,1,1.0,1.0,-850.0,550.0,26.27530896972832,59.01960432513342,0.9522861299942083,1.0,0.04771387000579175,9.775308969728322,-0.4803956748665783
401752721,2025,5,Missouri,Massachusetts,42.0,6.0,36.0,48.0,-44.5,57.0,44.5,1,0.0,0.0,,,47.09376011419096,57.91807105158189,0.99,1.0,0.010000000000000009,2.5937601141909568,0.9180710515818902
401752950,2025,5,Colorado State,Washington State,3.0,20.0,-17.0,23.0,-4.5,48.5,4.5,0,0.0,0.0,-200.0,170.0,-2.658874694206933,47.13797328879981,0.4392082465947022,1.0,0.5607917534052977,-7.158874694206933,-1.362026711200187
401752722,2025,5,South Carolina,Kentucky,35.0,13.0,22.0,48.0,-5.0,47.0,5.0,1,1.0,1.0,-225.0,185.0,6.289258590818942,47.88889484821953,0.6720414817087814,1.0,0.3279585182912186,1.2892585908189416,0.8888948482195289
401761615,2025,5,Louisiana,Marshall,54.0,51.0,3.0,105.0,2.5,48.0,-2.5,1,1.0,1.0,-130.0,110.0,0.4413886188859131,48.51508852492696,0.5081500959376604,1.0,0.49184990406233964,2.941388618885913,0.5150885249269592
401757272,2025,5,UTEP,Louisiana Tech,11.0,30.0,-19.0,41.0,3.5,48.0,-3.5,0,0.0,0.0,140.0,-165.0,-5.204616852806064,48.20921750856405,0.33988035600019717,1.0,0.6601196439998028,-1.7046168528060637,0.20921750856405197
401756903,2025,5,Colorado,BYU,21.0,24.0,-3.0,45.0,6.5,49.0,-6.5,0,1.0,0.0,190.0,-230.0,-5.350095424285465,47.803087514148,0.38476316548658396,1.0,0.615236834513416,1.149904575714535,-1.1969124858520033
401757275,2025,6,New Mexico State,Sam Houston,37.0,10.0,27.0,47.0,2.0,52.0,-2.0,1,1.0,0.0,100.0,-120.0,-5.601274615237749,51.984852648582326,0.3863136078440068,1.0,0.6136863921559932,-3.601274615237749,-0.015147351417674315
401762475,2025,6,South Florida,Charlotte,54.0,26.0,28.0,80.0,-28.0,55.5,28.0,1,0.5,1.0,-6500.0,1300.0,31.800734474923996,57.49645320900374,0.9692501405160759,1.0,0.030749859483924058,3.8007344749239955,1.9964532090037395
401760384,2025,6,San José State,New Mexico,35.0,28.0,7.0,63.0,-2.0,59.5,2.0,1,1.0,1.0,-140.0,120.0,-2.260459026152625,61.441498185094346,0.4421082525314885,1.0,0.5578917474685114,-4.260459026152625,1.9414981850943462
401756909,2025,6,BYU,West Virginia,38.0,24.0,14.0,62.0,-20.0,47.0,20.0,1,0.0,1.0,-1200.0,700.0,23.087611390710016,48.847595707411315,0.9268760841191176,1.0,0.0731239158808824,3.0876113907100162,1.8475957074113154
401760382,2025,6,San Diego State,Colorado State,45.0,24.0,21.0,69.0,-4.5,40.5,4.5,1,1.0,1.0,-200.0,170.0,4.354512272972011,41.837972305471304,0.6222413515112668,1.0,0.3777586484887332,-0.14548772702798907,1.337972305471304
401754552,2025,6,North Carolina,Clemson,10.0,38.0,-28.0,48.0,14.5,48.0,-14.5,0,0.0,0.5,390.0,-550.0,-14.678461160132821,46.45224294825243,0.1791336025131275,1.0,0.8208663974868725,-0.1784611601328212,-1.547757051747567
401752861,2025,6,Purdue,Illinois,27.0,43.0,-16.0,70.0,7.0,54.5,-7.0,0,0.0,1.0,295.0,-390.0,-16.026201436403365,57.59850432331261,0.13724866118017948,1.0,0.8627513388198205,-9.026201436403365,3.0985043233126106
401752856,2025,6,Michigan,Wisconsin,24.0,10.0,14.0,34.0,-17.0,42.5,17.0,1,0.0,0.0,-850.0,550.0,17.177937584075874,44.224538870317645,0.8811741506457553,1.0,0.11882584935424467,0.1779375840758739,1.7245388703176445
401754550,2025,6,Pittsburgh,Boston College,48.0,7.0,41.0,55.0,-6.5,55.0,6.5,1,1.0,0.5,-240.0,200.0,8.194229405177165,53.57562597118354,0.710593040930861,1.0,0.28940695906913905,1.6942294051771647,-1.4243740288164588
401762830,2025,6,Ball State,Ohio,20.0,14.0,6.0,34.0,14.0,51.5,-14.0,1,1.0,0.0,500.0,-750.0,-11.80089553784429,50.97279379853356,0.201932916160332,1.0,0.798067083839668,2.1991044621557094,-0.5272062014664414
401760381,2025,6,Navy,Air Force,34.0,31.0,3.0,65.0,-13.5,51.0,13.5,1,0.0,1.0,-370.0,285.0,15.448915014296329,51.090837764464915,0.8465559423500824,1.0,0.15344405764991764,1.948915014296329,0.09083776446491498
401762476,2025,6,UAB,Army,13.0,31.0,-18.0,44.0,6.5,55.5,-6.5,0,0.0,0.0,220.0,-270.0,-6.085646088872563,56.0532426492148,0.39784617051754423,1.0,0.6021538294824558,0.4143539111274368,0.5532426492148019
401752728,2025,6,Georgia,Kentucky,35.0,14.0,21.0,49.0,-20.0,49.0,20.0,1,1.0,0.5,-1800.0,850.0,21.327555324255474,50.4057850763154,0.9274151570702327,1.0,0.0725848429297673,1.3275553242554743,1.4057850763153965
401756912,2025,6,Cincinnati,Iowa State,38.0,30.0,8.0,68.0,-2.0,55.5,2.0,1,1.0,1.0,-115.0,-105.0,2.728607032131913,53.284745307129526,0.5510061661294101,1.0,0.4489938338705899,0.7286070321319129,-2.2152546928704737
401756911,2025,6,Baylor,Kansas State,35.0,34.0,1.0,69.0,-5.0,60.0,5.0,1,0.0,1.0,-240.0,200.0,3.9915247802516047,59.290478239360745,0.6060309723690432,1.0,0.39396902763095676,-1.0084752197483953,-0.7095217606392552
401754556,2025,6,Virginia Tech,Wake Forest,23.0,30.0,-7.0,53.0,-6.0,51.0,6.0,0,0.0,1.0,-220.0,180.0,8.28804592839085,50.28667715936401,0.6844474596379202,1.0,0.3155525403620798,2.2880459283908507,-0.713322840635989
401762479,2025,6,Temple,UTSA,27.0,21.0,6.0,48.0,6.5,58.5,-6.5,1,1.0,0.0,190.0,-230.0,-3.949368561355219,59.900363970790046,0.43966895289567953,1.0,0.5603310471043205,2.550631438644781,1.4003639707900462
401762832,2025,6,Massachusetts,Western Michigan,3.0,21.0,-18.0,24.0,12.0,46.5,-12.0,0,0.0,0.0,340.0,-460.0,-16.060081739410396,48.415293902475604,0.1487503248788474,1.0,0.8512496751211526,-4.060081739410396,1.9152939024756037
401756910,2025,6,Arizona,Oklahoma State,41.0,13.0,28.0,54.0,-21.5,56.5,21.5,1,1.0,0.0,-1100.0,650.0,24.78531013388568,57.304136815939835,0.9425283132589801,1.0,0.05747168674101988,3.2853101338856803,0.8041368159398345
401754554,2025,6,Louisville,Virginia,27.0,30.0,-3.0,57.0,-6.5,60.0,6.5,0,0.0,0.0,-225.0,185.0,6.2944946744354695,59.259789231199385,0.6697174441667066,1.0,0.33028255583329336,-0.2055053255645305,-0.7402107688006154
401762873,2025,6,Northern Illinois,Miami (OH),14.0,25.0,-11.0,39.0,5.0,37.5,-5.0,0,0.0,1.0,165.0,-195.0,-7.286380616191823,39.70680442898885,0.3294159495623205,1.0,0.6705840504376794,-2.286380616191823,2.2068044289888533
401752858,2025,6,Northwestern,UL Monroe,42.0,7.0,35.0,49.0,-12.5,43.0,12.5,1,1.0,1.0,-435.0,325.0,17.10273339740039,44.720048461474114,0.886851241712141,1.0,0.11314875828785897,4.602733397400389,1.7200484614741143
401757171,2025,6,UConn,Florida International,51.0,10.0,41.0,61.0,-7.0,52.0,7.0,1,1.0,1.0,-320.0,260.0,6.646997908844394,54.875361412936414,0.6814281529909736,1.0,0.3185718470090264,-0.35300209115560577,2.875361412936414
401762831,2025,6,Buffalo,Eastern Michigan,31.0,30.0,1.0,61.0,-9.5,53.5,9.5,1,0.0,1.0,-350.0,275.0,5.243310901823008,52.44362040631067,0.645911229309104,1.0,0.35408877069089595,-4.256689098176992,-1.0563795936893285
401752857,2025,6,Maryland,Washington,20.0,24.0,-4.0,44.0,5.5,52.0,-5.5,0,1.0,0.0,185.0,-225.0,-6.460412380000195,52.66714269274704,0.37260522275875785,1.0,0.6273947772412422,-0.9604123800001947,0.6671426927470421
401754555,2025,6,SMU,Syracuse,31.0,18.0,13.0,49.0,-17.5,57.0,17.5,1,0.0,0.0,-750.0,500.0,17.547563877127743,55.37412710646824,0.8728822128993468,1.0,0.12711778710065325,0.047563877127743126,-1.6258728935317635
401752726,2025,6,Alabama,Vanderbilt,30.0,14.0,16.0,44.0,-13.5,57.5,13.5,1,1.0,0.0,-430.0,320.0,14.674023359033026,54.37204303283057,0.8141469029277505,1.0,0.1858530970722495,1.1740233590330256,-3.127956967169432
401762829,2025,6,Akron,Central Michigan,28.0,22.0,6.0,50.0,7.5,47.5,-7.5,1,1.0,1.0,210.0,-250.0,-4.7545613778053575,48.91623014268386,0.38774728846813256,1.0,0.6122527115318674,2.7454386221946425,1.4162301426838582
401752727,2025,6,Florida,Texas,29.0,21.0,8.0,50.0,4.5,42.5,-4.5,1,1.0,1.0,220.0,-270.0,-3.30903606203717,44.976596854919556,0.37607589640427275,1.0,0.6239241035957273,1.19096393796283,2.4765968549195563
401757165,2025,6,Notre Dame,Boise State,28.0,7.0,21.0,35.0,-21.5,63.0,21.5,1,0.0,0.0,-950.0,600.0,22.435511074172897,62.04697249980165,0.9333713218924387,1.0,0.06662867810756135,0.9355110741728971,-0.9530275001983526
401752940,2025,6,App State,Oregon State,27.0,23.0,4.0,50.0,-2.0,53.5,2.0,1,1.0,0.0,100.0,-120.0,-5.745004833312066,55.123849337496424,0.33756383543041457,1.0,0.6624361645695854,-7.745004833312066,1.6238493374964236
401752855,2025,6,UCLA,Penn State,42.0,37.0,5.0,79.0,24.5,48.0,-24.5,1,1.0,1.0,1100.0,-3500.0,-27.244509610671276,50.43942596968644,0.05081374293784828,1.0,0.9491862570621518,-2.744509610671276,2.4394259696864395
401761618,2025,6,Georgia State,James Madison,7.0,14.0,-7.0,21.0,20.0,53.0,-20.0,0,1.0,0.0,725.0,-1300.0,-25.012839636996215,54.37731682364213,0.07151332562571275,1.0,0.9284866743742872,-5.012839636996215,1.3773168236421327
401761620,2025,6,Arkansas State,Texas State,31.0,30.0,1.0,61.0,14.0,63.5,-14.0,1,1.0,0.0,360.0,-500.0,-9.422138649233883,64.14253200598577,0.27599485250560013,1.0,0.7240051474943998,4.577861350766117,0.6425320059857711
401752729,2025,6,Oklahoma,Kent State,44.0,0.0,44.0,44.0,-46.5,54.0,46.5,1,0.0,0.0,,,52.446240077629476,55.83641139247652,0.99,1.0,0.010000000000000009,5.946240077629476,1.8364113924765206
401752860,2025,6,Nebraska,Michigan State,38.0,27.0,11.0,65.0,-13.5,48.5,13.5,1,0.0,1.0,-410.0,305.0,14.443157561455237,47.57944294144674,0.8303022279786941,1.0,0.16969777202130587,0.9431575614552372,-0.920557058553257
401761619,2025,6,Old Dominion,Coastal Carolina,47.0,7.0,40.0,54.0,-20.0,53.0,20.0,1,1.0,1.0,-950.0,600.0,21.5284717649434,56.82622744967395,0.9033475272039129,1.0,0.09665247279608713,1.5284717649434008,3.826227449673951
401760385,2025,6,Wyoming,UNLV,17.0,31.0,-14.0,48.0,4.0,51.0,-4.0,0,0.0,0.0,190.0,-230.0,-4.894070752024578,52.559975654911725,0.35254904906085316,1.0,0.6474509509391468,-0.8940707520245779,1.5599756549117245
401761621,2025,6,Troy,South Alabama,31.0,24.0,7.0,55.0,2.5,47.0,-2.5,1,1.0,1.0,-135.0,115.0,-4.02069463820868,48.59329577283844,0.456044908990335,1.0,0.543955091009665,-1.5206946382086803,1.593295772838438
401762477,2025,6,Rice,Florida Atlantic,21.0,27.0,-6.0,48.0,-5.0,55.0,5.0,0,0.0,0.0,-185.0,160.0,8.059348625740057,56.95894254516309,0.6898221468779082,1.0,0.3101778531220918,3.059348625740057,1.9589425451630902
401756913,2025,6,Houston,Texas Tech,11.0,35.0,-24.0,46.0,13.0,51.5,-13.0,0,0.0,0.0,355.0,-490.0,-15.146255407728201,53.207587633602884,0.1693702628613673,1.0,0.8306297371386326,-2.1462554077282014,1.7075876336028841
401756915,2025,6,UCF,Kansas,20.0,27.0,-7.0,47.0,4.0,54.0,-4.0,0,0.0,0.0,160.0,-185.0,-4.963659526338909,55.58956031418124,0.37713928885127457,1.0,0.6228607111487254,-0.9636595263389092,1.5895603141812416
401752859,2025,6,Ohio State,Minnesota,42.0,3.0,39.0,45.0,-23.5,42.0,23.5,1,1.0,1.0,-2800.0,1100.0,27.254229851174404,42.52725437953948,0.957576028270528,1.0,0.04242397172947199,3.7542298511744043,0.5272543795394782
401754553,2025,6,Florida State,Miami,22.0,28.0,-6.0,50.0,3.5,54.5,-3.5,0,0.0,0.0,175.0,-210.0,-0.1683709579110486,55.448673294260765,0.4683518094767426,1.0,0.5316481905232574,3.3316290420889514,0.9486732942607645
401756914,2025,6,TCU,Colorado,35.0,21.0,14.0,56.0,-13.5,57.0,13.5,1,1.0,0.0,-650.0,450.0,19.00044453583149,58.75172303851825,0.8864480759281899,1.0,0.11355192407181014,5.500444535831491,1.75172303851825
401752730,2025,6,Texas A&M,Mississippi State,31.0,9.0,22.0,40.0,-17.5,56.5,17.5,1,1.0,0.0,-600.0,425.0,15.936416453185066,58.372421662467424,0.8409934361268285,1.0,0.15900656387317147,-1.5635835468149342,1.8724216624674241
401762478,2025,6,Memphis,Tulsa,45.0,7.0,38.0,52.0,-21.0,54.5,21.0,1,1.0,0.0,-1600.0,800.0,15.958312454372317,55.05600400837139,0.8564064248600592,1.0,0.14359357513994075,-5.041687545627683,0.5560040083713886
401760383,2025,6,Fresno State,Nevada,20.0,17.0,3.0,37.0,-11.5,45.5,11.5,1,0.0,0.0,-500.0,360.0,8.681568704284,46.03733724930455,0.7126786725979841,1.0,0.2873213274020159,-2.8184312957159996,0.5373372493045494
401754551,2025,6,California,Duke,21.0,45.0,-24.0,66.0,3.5,54.5,-3.5,0,0.0,1.0,125.0,-145.0,-4.78134369140373,55.22015134409561,0.3688294817808887,1.0,0.6311705182191113,-1.2813436914037304,0.720151344095612
401757277,2025,7,UTEP,Liberty,8.0,19.0,-11.0,27.0,2.0,46.5,-2.0,0,0.0,0.0,120.0,-140.0,-3.774756545402138,49.11879397044613,0.4076586456571226,1.0,0.5923413543428774,-1.7747565454021381,2.618793970446127
401757280,2025,7,Kennesaw State,Louisiana Tech,35.0,7.0,28.0,42.0,4.5,46.5,-4.5,1,1.0,0.0,215.0,-260.0,-4.295729475478424,48.17066364787207,0.33577677433822284,1.0,0.6642232256617772,0.20427052452157568,1.6706636478720682
401762480,2025,7,Tulane,East Carolina,26.0,19.0,7.0,45.0,-7.0,53.5,7.0,1,0.5,0.0,-250.0,210.0,6.595280793730305,54.25847228093436,0.6467522457910082,1.0,0.3532477542089918,-0.4047192062696947,0.7584722809343631
401761622,2025,7,Georgia Southern,Southern Miss,35.0,38.0,-3.0,73.0,3.0,60.0,-3.0,0,0.5,1.0,115.0,-135.0,-4.524900704287334,61.01305709347714,0.3938910163179522,1.0,0.6061089836820478,-1.524900704287334,1.013057093477137
401757279,2025,7,Sam Houston,Jacksonville State,27.0,29.0,-2.0,56.0,7.0,54.0,-7.0,0,1.0,1.0,280.0,-360.0,-8.434088546143524,52.98126281268418,0.2628196150070438,1.0,0.7371803849929561,-1.4340885461435242,-1.0187371873158213
401762481,2025,7,North Texas,South Florida,36.0,63.0,-27.0,99.0,-2.5,68.5,2.5,0,0.0,1.0,-125.0,105.0,2.9625209721631593,70.18016409790458,0.6058847081739831,1.0,0.3941152918260169,0.46252097216315935,1.68016409790458
401760388,2025,7,Colorado State,Fresno State,49.0,21.0,28.0,70.0,6.0,47.5,-6.0,1,1.0,1.0,185.0,-225.0,-6.955739937205546,50.404270896894545,0.31148826135325636,1.0,0.6885117386467436,-0.9557399372055464,2.9042708968945448
401752862,2025,7,Washington,Rutgers,38.0,19.0,19.0,57.0,-9.5,62.0,9.5,1,1.0,0.0,-360.0,280.0,7.222878195792902,61.231849631490945,0.6777264028824721,1.0,0.3222735971175279,-2.2771218042070984,-0.7681503685090547
401762483,2025,7,Army,Charlotte,24.0,7.0,17.0,31.0,-17.5,45.5,17.5,1,0.0,0.0,-900.0,575.0,22.002853606967328,50.89175164480144,0.9181626643635876,1.0,0.08183733563641238,4.502853606967328,5.391751644801438
401761625,2025,7,James Madison,Louisiana,24.0,14.0,10.0,38.0,-18.5,45.0,18.5,1,0.0,0.0,-850.0,550.0,19.836088955398775,43.24464239355619,0.890596758152471,1.0,0.10940324184752903,1.3360889553987754,-1.755357606443809
401754559,2025,7,Florida State,Pittsburgh,31.0,34.0,-3.0,65.0,-10.5,57.0,10.5,0,0.0,1.0,-360.0,280.0,11.898497328747302,59.48877725593551,0.751174562932516,1.0,0.24882543706748395,1.3984973287473021,2.48877725593551
401756917,2025,7,Cincinnati,UCF,20.0,11.0,9.0,31.0,-10.5,55.5,10.5,1,0.0,0.0,-410.0,305.0,12.650280652985096,55.204445247142175,0.7746893843475893,1.0,0.22531061565241073,2.1502806529850957,-0.29555475285782506
401752865,2025,7,Illinois,Ohio State,16.0,34.0,-18.0,50.0,15.0,51.0,-15.0,0,0.0,0.0,475.0,-700.0,-7.192006398664798,55.068300866839486,0.3067265260321601,1.0,0.6932734739678399,7.807993601335202,4.068300866839486
401756920,2025,7,Oklahoma State,Houston,17.0,39.0,-22.0,56.0,14.5,48.0,-14.5,0,0.0,1.0,410.0,-585.0,-18.596218282861265,48.74611596819755,0.11586630801053685,1.0,0.8841336919894631,-4.096218282861265,0.7461159681975502
401752863,2025,7,Michigan State,UCLA,13.0,38.0,-25.0,51.0,-7.0,52.0,7.0,0,0.0,0.0,-290.0,240.0,16.72767581641927,52.50934661021788,0.8659613016032907,1.0,0.13403869839670934,9.727675816419271,0.5093466102178823
401752734,2025,7,Missouri,Alabama,24.0,27.0,-3.0,51.0,3.0,52.0,-3.0,0,0.5,0.0,160.0,-185.0,0.12672212504945524,52.52203290019725,0.4788629108967933,1.0,0.5211370891032068,3.1267221250494552,0.522032900197253
401762833,2025,7,Akron,Miami (OH),7.0,20.0,-13.0,27.0,12.0,47.5,-12.0,0,0.0,0.0,290.0,-380.0,-13.82643760587863,48.981279455252675,0.16607901957184842,1.0,0.8339209804281515,-1.8264376058786294,1.4812794552526753
401762835,2025,7,Bowling Green,Toledo,28.0,23.0,5.0,51.0,11.0,46.0,-11.0,1,1.0,1.0,275.0,-350.0,-12.470122263915211,45.19499889571792,0.21032773889249073,1.0,0.7896722611075093,-1.4701222639152114,-0.805001104282077
401754561,2025,7,SMU,Stanford,34.0,10.0,24.0,44.0,-19.5,55.5,19.5,1,1.0,0.0,-1000.0,625.0,19.21740539749683,56.32065700058706,0.8991781630505414,1.0,0.10082183694945857,-0.2825946025031705,0.8206570005870617
401752733,2025,7,Ole Miss,Washington State,24.0,21.0,3.0,45.0,-33.0,58.5,33.0,1,0.0,0.0,,,31.274930169695214,59.25368551460845,0.9719374588259211,1.0,0.028062541174078914,-1.7250698303047862,0.7536855146084491
401762836,2025,7,Eastern Michigan,Northern Illinois,16.0,10.0,6.0,26.0,1.5,48.0,-1.5,1,1.0,0.0,100.0,-120.0,-0.32222017805367487,47.41915854427314,0.47504057326271315,1.0,0.5249594267372868,1.1777798219463251,-0.580841455726862
401762837,2025,7,Kent State,Massachusetts,42.0,6.0,36.0,48.0,-1.0,50.0,1.0,1,1.0,0.0,-135.0,115.0,4.917570280784215,52.31723012215412,0.6111794217655135,1.0,0.38882057823448646,3.917570280784215,2.317230122154122
401754562,2025,7,Notre Dame,NC State,36.0,7.0,29.0,43.0,-23.5,59.5,23.5,1,1.0,0.0,-2000.0,950.0,21.31637343219566,58.794050500140436,0.9308136333461207,1.0,0.06918636665387934,-2.183626567804339,-0.7059494998595639
401762834,2025,7,Western Michigan,Ball State,42.0,0.0,42.0,42.0,-9.5,43.0,9.5,1,1.0,0.0,-350.0,275.0,10.024612752168125,42.43445116720245,0.7447609529682178,1.0,0.25523904703178224,0.5246127521681245,-0.5655488327975533
401752867,2025,7,Maryland,Nebraska,31.0,34.0,-3.0,65.0,7.0,47.0,-7.0,0,1.0,1.0,170.0,-200.0,-8.447411837374233,47.379968748330626,0.3102513411501506,1.0,0.6897486588498494,-1.4474118373742328,0.37996874833062577
401756919,2025,7,Kansas State,TCU,41.0,28.0,13.0,69.0,3.0,54.5,-3.0,1,1.0,1.0,100.0,-120.0,0.20007052164342287,55.92297241718873,0.5262023998707714,1.0,0.47379760012922856,3.200070521643423,1.4229724171887312
401760386,2025,7,UNLV,Air Force,51.0,48.0,3.0,99.0,-7.0,65.5,7.0,1,0.0,1.0,-270.0,220.0,8.735421351443756,65.81158077837839,0.7443966436893729,1.0,0.25560335631062714,1.7354213514437564,0.31158077837838505
401752870,2025,7,Oregon,Indiana,20.0,30.0,-10.0,50.0,-6.5,51.0,6.5,0,0.0,0.0,-310.0,255.0,8.464180553212504,51.215670398892584,0.7208759247032758,1.0,0.27912407529672423,1.964180553212504,0.2156703988925841
401752866,2025,7,Penn State,Northwestern,21.0,22.0,-1.0,43.0,-20.5,46.5,20.5,0,0.0,0.0,-1600.0,800.0,24.051917558583625,46.674094357661026,0.9465532307107025,1.0,0.05344676928929748,3.551917558583625,0.17409435766102632
401752736,2025,7,Texas,Oklahoma,23.0,6.0,17.0,29.0,-2.5,44.5,2.5,1,1.0,0.0,-145.0,125.0,1.9690266871755522,42.47442712062261,0.5373773468255483,1.0,0.4626226531744517,-0.5309733128244478,-2.0255728793773926
401754563,2025,7,Oregon State,Wake Forest,14.0,39.0,-25.0,53.0,1.5,48.0,-1.5,0,0.0,1.0,110.0,-130.0,-4.9344785048398165,48.60967479675054,0.34894679029239073,1.0,0.6510532097076093,-3.4344785048398165,0.6096747967505394
401761624,2025,7,Georgia State,App State,20.0,41.0,-21.0,61.0,3.0,55.5,-3.0,0,0.0,1.0,130.0,-150.0,-2.8788404546272996,54.80492612458382,0.41986744516793834,1.0,0.5801325548320617,0.12115954537270035,-0.6950738754161776
401754560,2025,7,Georgia Tech,Virginia Tech,35.0,20.0,15.0,55.0,-14.0,55.5,14.0,1,1.0,0.0,-675.0,460.0,17.432413156127488,56.79826722276302,0.873604041147642,1.0,0.126395958852358,3.432413156127488,1.2982672227630232
401756918,2025,7,Colorado,Iowa State,24.0,17.0,7.0,41.0,3.0,52.5,-3.0,1,1.0,0.0,175.0,-210.0,-5.750920497101919,49.84429871456685,0.3314355060276253,1.0,0.6685644939723747,-2.7509204971019194,-2.655701285433153
401761626,2025,7,Marshall,Old Dominion,48.0,24.0,24.0,72.0,14.5,57.5,-14.5,1,1.0,1.0,410.0,-585.0,-14.759864715616231,59.55061342434187,0.21142069430066185,1.0,0.7885793056993382,-0.2598647156162315,2.0506134243418686
401762484,2025,7,Temple,Navy,31.0,32.0,-1.0,63.0,10.0,52.5,-10.0,0,1.0,1.0,240.0,-290.0,-12.60423011351066,55.17822511265223,0.2159696273186045,1.0,0.7840303726813955,-2.60423011351066,2.6782251126522283
401752735,2025,7,Tennessee,Arkansas,34.0,31.0,3.0,65.0,-10.0,68.5,10.0,1,0.0,0.0,-500.0,360.0,11.115239705919944,70.26997329888648,0.7750490171543197,1.0,0.22495098284568027,1.1152397059199437,1.7699732988864838
401762482,2025,7,Florida Atlantic,UAB,53.0,33.0,20.0,86.0,-4.5,66.0,4.5,1,1.0,1.0,-200.0,170.0,2.294380228644466,66.42207156409707,0.5484098241791036,1.0,0.45159017582089644,-2.205619771355534,0.4220715640970667
401752869,2025,7,Wisconsin,Iowa,0.0,37.0,-37.0,37.0,5.0,37.5,-5.0,0,0.0,0.0,160.0,-185.0,-7.822228307201917,39.2444365921764,0.29591993319383464,1.0,0.7040800668061653,-2.822228307201917,1.744436592176399
401752737,2025,7,Texas A&M,Florida,34.0,17.0,17.0,51.0,-7.0,48.0,7.0,1,1.0,1.0,-310.0,255.0,7.92145667248408,48.41958137628921,0.7249033528307914,1.0,0.27509664716920856,0.92145667248408,0.41958137628920866
401761623,2025,7,Coastal Carolina,UL Monroe,23.0,8.0,15.0,31.0,3.0,46.5,-3.0,1,1.0,0.0,110.0,-130.0,-4.935839471322572,48.34048658963937,0.43776801773240503,1.0,0.562231982267595,-1.9358394713225717,1.8404865896393687
401760391,2025,7,Wyoming,San José State,35.0,28.0,7.0,63.0,1.5,49.5,-1.5,1,1.0,1.0,105.0,-125.0,2.7908041256880143,51.06250609657435,0.5772687427307229,1.0,0.42273125726927707,4.290804125688014,1.562506096574353
401762485,2025,7,UTSA,Rice,61.0,13.0,48.0,74.0,-9.5,48.5,9.5,1,1.0,1.0,-510.0,370.0,13.726860979583464,49.6939046084962,0.8393661153603602,1.0,0.1606338846396398,4.2268609795834635,1.1939046084961973
401754558,2025,7,Boston College,Clemson,10.0,41.0,-31.0,51.0,14.0,54.0,-14.0,0,0.0,0.0,400.0,-575.0,-16.410471934211177,55.96788063186672,0.1483370701283592,1.0,0.8516629298716408,-2.410471934211177,1.96788063186672
401756921,2025,7,Texas Tech,Kansas,42.0,17.0,25.0,59.0,-13.5,58.5,13.5,1,1.0,1.0,-650.0,450.0,17.755264840123555,59.67092638855642,0.8805061191620774,1.0,0.11949388083792256,4.255264840123555,1.170926388556417
401752864,2025,7,Minnesota,Purdue,27.0,20.0,7.0,47.0,-7.0,49.5,7.0,1,0.5,0.0,-370.0,285.0,7.338542480799921,50.02386245026012,0.7104496049933617,1.0,0.28955039500663826,0.3385424807999211,0.5238624502601184
401752731,2025,7,Auburn,Georgia,10.0,20.0,-10.0,30.0,4.5,46.5,-4.5,0,0.0,0.0,145.0,-170.0,-5.155453846740317,48.25558892421302,0.3233461051848721,1.0,0.6766538948151279,-0.6554538467403166,1.755588924213022
401752868,2025,7,USC,Michigan,31.0,13.0,18.0,44.0,-3.0,58.0,3.0,1,1.0,0.0,-125.0,105.0,3.6905854427743856,60.00536065277737,0.6055343427758284,1.0,0.3944656572241716,0.6905854427743856,2.0053606527773695
401752732,2025,7,LSU,South Carolina,20.0,10.0,10.0,30.0,-8.0,44.5,8.0,1,1.0,0.0,-370.0,285.0,10.463375658352067,42.92835429539441,0.7573178533089172,1.0,0.2426821466910828,2.463375658352067,-1.5716457046055865
401756916,2025,7,Arizona,BYU,27.0,33.0,-6.0,60.0,2.5,47.0,-2.5,0,0.0,1.0,110.0,-130.0,-1.7928339273224543,47.57437737021748,0.4537051513605268,1.0,0.5462948486394732,0.7071660726775457,0.5743773702174835
401761627,2025,7,Texas State,Troy,41.0,48.0,-7.0,89.0,-7.5,53.5,7.5,0,0.0,1.0,-415.0,310.0,9.54254275044655,55.62783061587184,0.7411383743924506,1.0,0.25886162560754944,2.0425427504465503,2.1278306158718365
401760387,2025,7,Boise State,New Mexico,41.0,25.0,16.0,66.0,-14.5,58.5,14.5,1,1.0,1.0,-850.0,550.0,18.663339561987698,57.81037214056467,0.8980627292621,1.0,0.10193727073790004,4.163339561987698,-0.6896278594353333
401756922,2025,7,Utah,Arizona State,42.0,10.0,32.0,52.0,-9.5,44.5,9.5,1,1.0,1.0,-195.0,165.0,13.627638265293278,46.30744773967715,0.7676616462140677,1.0,0.23233835378593226,4.127638265293278,1.8074477396771513
401760390,2025,7,Nevada,San Diego State,10.0,44.0,-34.0,54.0,6.5,42.5,-6.5,0,0.0,1.0,200.0,-240.0,-7.078129909815958,43.318394306995245,0.29353304280263426,1.0,0.7064669571973657,-0.5781299098159582,0.8183943069952448
401760389,2025,7,Hawai'i,Utah State,44.0,26.0,18.0,70.0,2.0,56.5,-2.0,1,1.0,1.0,-115.0,-105.0,-2.2136730397568387,56.207737653503756,0.47501201202093457,1.0,0.5249879879790654,-0.2136730397568387,-0.29226234649624416
401757282,2025,8,Liberty,New Mexico State,30.0,27.0,3.0,57.0,-10.5,47.5,10.5,1,0.0,1.0,-400.0,320.0,7.182654565656982,49.621874682638705,0.6924214694432405,1.0,0.30757853055675954,-3.317345434343018,2.1218746826387047
401761628,2025,8,South Alabama,Arkansas State,14.0,15.0,-1.0,29.0,-8.5,57.0,8.5,0,0.0,0.0,-290.0,240.0,1.248991545144996,57.40723566275252,0.5154858709443848,1.0,0.4845141290556152,-7.251008454855004,0.40723566275251954
401757281,2025,8,Western Kentucky,Florida International,6.0,25.0,-19.0,31.0,-10.0,55.5,10.0,0,0.0,0.0,-300.0,250.0,10.776722396493966,59.832674517703545,0.76209201937114,1.0,0.23790798062885998,0.776722396493966,4.332674517703545
401757284,2025,8,Sam Houston,UTEP,17.0,35.0,-18.0,52.0,3.5,46.5,-3.5,0,0.0,1.0,115.0,-135.0,-6.336569395603607,46.67481190654364,0.33655468854837417,1.0,0.6634453114516259,-2.8365693956036067,0.17481190654363843
401762486,2025,8,East Carolina,Tulsa,41.0,27.0,14.0,68.0,-16.5,55.0,16.5,1,0.0,1.0,-800.0,525.0,15.084806193134938,56.55871654949821,0.8530653267469253,1.0,0.14693467325307474,-1.4151938068650622,1.5587165494982074
401754564,2025,8,Miami,Louisville,21.0,24.0,-3.0,45.0,-10.5,49.5,10.5,0,0.0,0.0,-550.0,390.0,11.948176313671137,50.13922804031074,0.763258072783356,1.0,0.236741927216644,1.4481763136711372,0.6392280403107407
401752872,2025,8,Minnesota,Nebraska,24.0,6.0,18.0,30.0,7.0,47.5,-7.0,1,1.0,0.0,200.0,-240.0,-5.970323229954241,48.83151764901887,0.37843748552410356,1.0,0.6215625144758965,1.029676770045759,1.3315176490188705
401760396,2025,8,Utah State,San José State,30.0,25.0,5.0,55.0,-3.0,63.5,3.0,1,1.0,0.0,-185.0,160.0,7.99740160985869,64.52159946394656,0.6776627402296131,1.0,0.32233725977038685,4.99740160985869,1.0215994639465578
401754371,2025,8,California,North Carolina,21.0,18.0,3.0,39.0,-7.5,46.5,7.5,1,0.0,0.0,-415.0,310.0,2.9710526369790147,47.554299445122176,0.5432462537681979,1.0,0.4567537462318021,-4.528947363020985,1.0542994451221759
401754569,2025,8,Boston College,UConn,23.0,38.0,-15.0,61.0,2.5,58.0,-2.5,0,0.0,1.0,-120.0,100.0,0.38171171541964943,58.56098570488344,0.5038760801737858,1.0,0.4961239198262142,2.8817117154196494,0.5609857048834428
401762841,2025,8,Miami (OH),Eastern Michigan,44.0,30.0,14.0,74.0,-12.5,47.0,12.5,1,1.0,1.0,-550.0,390.0,11.027907759324375,47.430779003154456,0.7543505873673894,1.0,0.24564941263261064,-1.4720922406756252,0.4307790031544556
401756927,2025,8,TCU,Baylor,42.0,36.0,6.0,78.0,-3.5,66.5,3.5,1,1.0,1.0,-150.0,130.0,0.8718009453054374,67.91100939959443,0.5357453908926603,1.0,0.46425460910733973,-2.6281990546945626,1.411009399594434
401762839,2025,8,Bowling Green,Central Michigan,6.0,27.0,-21.0,33.0,-3.0,43.5,3.0,0,0.0,0.0,-225.0,185.0,0.1457092625391625,44.66064688389215,0.5544592141527381,1.0,0.44554078584726187,-2.8542907374608375,1.1606468838921487
401752873,2025,8,Michigan,Washington,24.0,7.0,17.0,31.0,-4.0,50.5,4.0,1,1.0,0.0,-220.0,180.0,2.042371074347149,53.28287327185129,0.5888477635221651,1.0,0.41115223647783494,-1.957628925652851,2.7828732718512867
401754566,2025,8,Duke,Georgia Tech,18.0,27.0,-9.0,45.0,-3.5,60.5,3.5,0,0.0,0.0,-145.0,125.0,7.0840369475151945,60.06273984854166,0.6656582421723523,1.0,0.33434175782764775,3.5840369475151945,-0.4372601514583394
401756925,2025,8,Houston,Arizona,31.0,28.0,3.0,59.0,2.0,47.0,-2.0,1,1.0,1.0,-130.0,110.0,-0.4244587364033223,49.67194012354078,0.5289788467569426,1.0,0.4710211532430574,1.5755412635966777,2.6719401235407787
401762488,2025,8,Tulane,Army,24.0,17.0,7.0,41.0,-9.5,44.5,9.5,1,0.0,0.0,-415.0,310.0,7.276904852586268,44.28017476321758,0.7165518816616518,1.0,0.28344811833834815,-2.2230951474137317,-0.2198252367824196
401752745,2025,8,Vanderbilt,LSU,31.0,24.0,7.0,55.0,-1.5,48.0,1.5,1,1.0,1.0,-145.0,125.0,1.8264578976882477,49.65252396485847,0.5657189535794321,1.0,0.43428104642056786,0.32645789768824773,1.6525239648584673
401752744,2025,8,South Carolina,Oklahoma,7.0,26.0,-19.0,33.0,4.0,43.0,-4.0,0,0.0,0.0,185.0,-225.0,-7.632591021598573,43.6617831431538,0.32764093756929447,1.0,0.6723590624307055,-3.6325910215985733,0.6617831431537979
401756928,2025,8,UCF,West Virginia,45.0,13.0,32.0,58.0,-6.5,46.0,6.5,1,1.0,1.0,-275.0,225.0,3.8608954017245423,47.48786809253785,0.6373477478705254,1.0,0.3626522521294746,-2.6391045982754577,1.4878680925378518
401762842,2025,8,Toledo,Kent State,45.0,10.0,35.0,55.0,-25.0,48.5,25.0,1,1.0,1.0,-3500.0,1100.0,24.670559294629363,51.1621825833016,0.9525696945740152,1.0,0.04743030542598481,-0.3294407053706365,2.6621825833016004
401762840,2025,8,Massachusetts,Buffalo,21.0,28.0,-7.0,49.0,16.5,47.5,-16.5,0,1.0,1.0,575.0,-900.0,-20.163880893377176,48.831016139698036,0.08569121884698468,1.0,0.9143087811530153,-3.6638808933771756,1.3310161396980362
401752874,2025,8,Northwestern,Purdue,19.0,0.0,19.0,19.0,-3.5,47.0,3.5,1,1.0,0.0,-165.0,140.0,2.890840449533675,47.071281990511146,0.6210545872298336,1.0,0.37894541277016636,-0.609159550466325,0.07128199051114592
401761633,2025,8,UL Monroe,Troy,14.0,37.0,-23.0,51.0,4.5,46.0,-4.5,0,0.0,1.0,190.0,-230.0,-4.474367381541528,48.266482750053136,0.3648624490584408,1.0,0.6351375509415592,0.025632618458471867,2.266482750053136
401762489,2025,8,Charlotte,Temple,14.0,49.0,-35.0,63.0,9.5,48.0,-9.5,0,0.0,1.0,325.0,-435.0,-13.524700018844223,51.912093691838415,0.22968721788604854,1.0,0.7703127821139515,-4.024700018844223,3.9120936918384146
401752742,2025,8,Georgia,Ole Miss,43.0,35.0,8.0,78.0,-7.5,56.5,7.5,1,1.0,1.0,-230.0,190.0,8.457339799889622,58.782808089453944,0.7008191787747744,1.0,0.2991808212252256,0.9573397998896223,2.282808089453944
401761632,2025,8,Marshall,Texas State,40.0,37.0,3.0,77.0,3.0,66.0,-3.0,1,1.0,1.0,130.0,-150.0,-3.9858885351169056,67.00847511354296,0.39361657362839725,1.0,0.6063834263716028,-0.9858885351169056,1.008475113542957
401752739,2025,8,Arkansas,Texas A&M,42.0,45.0,-3.0,87.0,7.0,57.5,-7.0,0,1.0,1.0,250.0,-300.0,-8.421677627472716,58.91922385037227,0.30948385873281486,1.0,0.6905161412671852,-1.4216776274727163,1.4192238503722692
401761629,2025,8,App State,Coastal Carolina,37.0,45.0,-8.0,82.0,-10.5,48.0,10.5,0,0.0,1.0,-450.0,335.0,7.74509258345884,50.82189431812484,0.6739121057013467,1.0,0.32608789429865326,-2.75490741654116,2.8218943181248406
401752877,2025,8,Wisconsin,Ohio State,0.0,34.0,-34.0,34.0,24.5,41.0,-24.5,0,0.0,0.0,1300.0,-6500.0,-22.319128098749378,45.39828432339526,0.08120041090484147,1.0,0.9187995890951586,2.1808719012506224,4.398284323395259
401760393,2025,8,Boise State,UNLV,56.0,31.0,25.0,87.0,-13.0,61.0,13.0,1,1.0,1.0,-400.0,300.0,11.864964149743026,62.04561247705543,0.749288973339276,1.0,0.250711026660724,-1.1350358502569744,1.0456124770554283
401752878,2025,8,Indiana,Michigan State,38.0,13.0,25.0,51.0,-26.5,49.5,26.5,1,0.0,1.0,-5000.0,1300.0,22.344891086167664,52.876982230928974,0.918297569320921,1.0,0.08170243067907901,-4.155108913832336,3.3769822309289736
401762491,2025,8,North Texas,UTSA,55.0,17.0,38.0,72.0,-4.0,64.0,4.0,1,1.0,1.0,-220.0,180.0,-2.3080499793111535,66.86379262456094,0.41008650344833053,1.0,0.5899134965516695,-6.3080499793111535,2.8637926245609435
401760392,2025,8,Air Force,Wyoming,24.0,21.0,3.0,45.0,-4.0,56.5,4.0,1,0.0,0.0,-220.0,180.0,8.80953780465262,56.24431028509719,0.7183512457128031,1.0,0.28164875428719693,4.809537804652621,-0.25568971490280745
401762838,2025,8,Ball State,Akron,42.0,28.0,14.0,70.0,2.0,44.0,-2.0,1,1.0,1.0,-115.0,-105.0,-6.469194563762994,44.71069032252252,0.33199252977139326,1.0,0.6680074702286067,-4.469194563762994,0.7106903225225167
401761631,2025,8,James Madison,Old Dominion,63.0,27.0,36.0,90.0,-3.0,47.5,3.0,1,1.0,1.0,-120.0,100.0,6.9885211511367284,49.81207891528091,0.6740332643748452,1.0,0.32596673562515477,3.9885211511367284,2.3120789152809067
401762843,2025,8,Ohio,Northern Illinois,48.0,21.0,27.0,69.0,-10.5,41.5,10.5,1,1.0,1.0,-470.0,345.0,12.047449758473988,41.88481596611146,0.7930440408343151,1.0,0.20695595916568488,1.547449758473988,0.38481596611146074
401754565,2025,8,Clemson,SMU,24.0,35.0,-11.0,59.0,-3.5,50.0,3.5,0,0.0,1.0,-350.0,275.0,7.207774535607527,47.623352476917695,0.6874494832680962,1.0,0.3125505167319038,3.707774535607527,-2.3766475230823048
401756923,2025,8,Arizona State,Texas Tech,26.0,22.0,4.0,48.0,8.0,52.0,-8.0,1,1.0,0.0,225.0,-275.0,-5.6118763388581945,53.75475778521114,0.36502192882281037,1.0,0.6349780711771896,2.3881236611418055,1.7547577852111402
401762487,2025,8,UAB,Memphis,31.0,24.0,7.0,55.0,23.5,59.5,-23.5,1,1.0,0.0,850.0,-1800.0,-21.483201249205596,60.55710670639613,0.09750720359192516,1.0,0.9024927964080749,2.016798750794404,1.0571067063961266
401752741,2025,8,Florida,Mississippi State,23.0,21.0,2.0,44.0,-9.5,51.0,9.5,1,0.0,0.0,-390.0,295.0,10.69665789195394,52.78353715307989,0.7560977396021775,1.0,0.24390226039782248,1.1966578919539401,1.783537153079891
401761668,2025,8,Louisiana,Southern Miss,10.0,22.0,-12.0,32.0,4.0,54.5,-4.0,0,0.0,0.0,160.0,-185.0,-0.8625745850670699,56.49471232686921,0.5124136641424459,1.0,0.48758633585755407,3.13742541493293,1.9947123268692124
401752951,2025,8,Virginia,Washington State,22.0,20.0,2.0,42.0,-16.5,56.5,16.5,1,0.0,0.0,-1000.0,625.0,13.410799614687413,57.97552416876941,0.8138069885118491,1.0,0.18619301148815093,-3.089200385312587,1.475524168769411
401752876,2025,8,Rutgers,Oregon,10.0,56.0,-46.0,66.0,17.5,62.0,-17.5,0,0.0,1.0,525.0,-800.0,-16.676606238844236,64.09917427451995,0.18180436866927094,1.0,0.818195631330729,0.8233937611557636,2.099174274519953
401761630,2025,8,Georgia Southern,Georgia State,41.0,24.0,17.0,65.0,-6.5,59.0,6.5,1,1.0,1.0,-240.0,200.0,10.38461052593826,60.60799778279891,0.7618073761270863,1.0,0.23819262387291373,3.8846105259382604,1.6079977827989111
401752879,2025,8,UCLA,Maryland,20.0,17.0,3.0,37.0,-3.5,52.5,3.5,1,0.0,0.0,-145.0,125.0,1.5383053003127034,52.149270655951604,0.5034334948915377,1.0,0.49656650510846234,-1.9616946996872966,-0.3507293440483963
401752875,2025,8,Iowa,Penn State,25.0,24.0,1.0,49.0,-3.0,41.0,3.0,1,0.0,1.0,-145.0,125.0,4.0029261882318306,42.33975763796409,0.51974664480622,1.0,0.48025335519378,1.0029261882318306,1.339757637964091
401760394,2025,8,Colorado State,Hawai'i,19.0,31.0,-12.0,50.0,-3.0,53.5,3.0,0,0.0,0.0,-120.0,100.0,1.9638529224027959,54.260139233228834,0.5852119822866761,1.0,0.41478801771332385,-1.0361470775972041,0.7601392332288341
401752743,2025,8,Kentucky,Texas,13.0,16.0,-3.0,29.0,12.0,45.0,-12.0,0,1.0,0.0,345.0,-470.0,-10.328138537441735,49.76810405950092,0.22470620186173224,1.0,0.7752937981382677,1.6718614625582653,4.768104059500921
401752738,2025,8,Alabama,Tennessee,37.0,20.0,17.0,57.0,-9.0,60.5,9.0,1,1.0,0.0,-300.0,250.0,11.116213677845767,64.45509440830487,0.7745767268060708,1.0,0.22542327319392919,2.116213677845767,3.9550944083048734
401752871,2025,8,Notre Dame,USC,34.0,24.0,10.0,58.0,-11.0,60.5,11.0,1,0.0,0.0,-310.0,255.0,10.359042401567523,60.15175635816038,0.772658006544551,1.0,0.22734199345544903,-0.6409575984324771,-0.3482436418396233
401754568,2025,8,Syracuse,Pittsburgh,13.0,30.0,-17.0,43.0,9.5,54.5,-9.5,0,0.0,0.0,330.0,-440.0,-11.506988167656333,55.0247602662648,0.21312934467367217,1.0,0.7868706553263278,-2.006988167656333,0.5247602662647992
401762490,2025,8,South Florida,Florida Atlantic,48.0,13.0,35.0,61.0,-20.5,72.5,20.5,1,1.0,0.0,-1900.0,900.0,25.094692149968804,72.87157533207564,0.9375692310154875,1.0,0.0624307689845125,4.594692149968804,0.3715753320756363
401752740,2025,8,Auburn,Missouri,17.0,23.0,-6.0,40.0,1.5,44.0,-1.5,0,0.0,0.0,-115.0,-105.0,-1.2069625881677664,45.07723708271367,0.46188831258294727,1.0,0.5381116874170527,0.29303741183223364,1.0772370827136726
401756924,2025,8,BYU,Utah,24.0,21.0,3.0,45.0,4.0,49.5,-4.0,1,1.0,0.0,135.0,-160.0,1.0147823496135757,52.66945834877645,0.5467427035413975,1.0,0.45325729645860247,5.014782349613576,3.169458348776452
401756926,2025,8,Oklahoma State,Cincinnati,17.0,49.0,-32.0,66.0,24.0,58.0,-24.0,0,0.0,1.0,850.0,-1800.0,-18.413288257406418,57.663116455062585,0.1456139332459484,1.0,0.8543860667540516,5.586711742593582,-0.33688354493741457
401760395,2025,8,New Mexico,Nevada,24.0,22.0,2.0,46.0,-14.0,49.5,14.0,1,0.0,0.0,-400.0,-400.0,11.62124255956593,51.55061805384097,0.761861653543604,1.0,0.23813834645639598,-2.37875744043407,2.050618053840971
401754567,2025,8,Stanford,Florida State,20.0,13.0,7.0,33.0,17.5,55.0,-17.5,1,1.0,0.0,625.0,-1000.0,-13.864474195936925,56.29833332968175,0.2364627087581699,1.0,0.7635372912418301,3.635525804063075,1.2983333296817534
401757285,2025,9,Florida International,Kennesaw State,26.0,45.0,-19.0,71.0,3.0,48.5,-3.0,0,0.0,1.0,105.0,-125.0,-2.461559615530395,50.776473284972944,0.47957121871830255,1.0,0.5204287812816975,0.5384403844696051,2.276473284972944
401757286,2025,9,Louisiana Tech,Western Kentucky,27.0,28.0,-1.0,55.0,-5.0,50.0,5.0,0,0.0,1.0,-160.0,135.0,3.693825070540967,54.41728005037354,0.5869038245995023,1.0,0.4130961754004977,-1.3061749294590328,4.417280050373542
401761634,2025,9,Georgia State,South Alabama,31.0,38.0,-7.0,69.0,6.0,54.0,-6.0,0,0.0,1.0,190.0,-230.0,-8.948170703739045,54.011344996674005,0.2832543959058211,1.0,0.7167456040941789,-2.948170703739045,0.011344996674004904
401762492,2025,9,Charlotte,North Texas,20.0,54.0,-34.0,74.0,25.0,61.5,-25.0,0,0.0,1.0,1300.0,-5000.0,-26.137473643308585,65.0093710746526,0.05282353749043879,1.0,0.9471764625095612,-1.137473643308585,3.5093710746526057
401754372,2025,9,Virginia Tech,California,42.0,34.0,8.0,76.0,-6.0,51.0,6.0,1,1.0,1.0,-185.0,160.0,11.755018067123824,50.87325125861918,0.7644874524987109,1.0,0.23551254750128914,5.7550180671238245,-0.1267487413808226
401760397,2025,9,Nevada,Boise State,3.0,24.0,-21.0,27.0,21.0,50.5,-21.0,0,0.5,0.0,900.0,-1900.0,-20.6668401453406,53.159376258917135,0.09353266279617203,1.0,0.906467337203828,0.33315985465939946,2.659376258917135
401752750,2025,9,Oklahoma,Ole Miss,26.0,34.0,-8.0,60.0,-5.5,52.5,5.5,0,0.0,1.0,-200.0,170.0,9.382647852130706,53.51414445188347,0.7091592320068258,1.0,0.29084076799317415,3.882647852130706,1.0141444518834675
401752942,2025,9,Wake Forest,SMU,13.0,12.0,1.0,25.0,5.5,53.0,-5.5,1,1.0,0.0,150.0,-175.0,-5.9494819898336475,53.324081437957105,0.35283805870530727,1.0,0.6471619412946927,-0.4494819898336475,0.32408143795710487
401762494,2025,9,Memphis,South Florida,34.0,31.0,3.0,65.0,3.5,59.5,-3.5,1,1.0,1.0,160.0,-185.0,-6.673129323365398,62.9264843987969,0.36057342229235223,1.0,0.6394265777076478,-3.173129323365398,3.4264843987969016
401752884,2025,9,Purdue,Rutgers,24.0,27.0,-3.0,51.0,-2.5,60.0,2.5,0,0.0,0.0,110.0,-130.0,0.13196437695611252,59.20733491403052,0.45681695963578095,1.0,0.543183040364219,-2.3680356230438875,-0.7926650859694817
401762848,2025,9,Eastern Michigan,Ohio,21.0,28.0,-7.0,49.0,12.0,60.0,-12.0,0,1.0,0.0,310.0,-415.0,-14.655260582619855,60.1993944776825,0.16522328049476437,1.0,0.8347767195052356,-2.6552605826198548,0.19939447768250318
401756932,2025,9,Kansas,Kansas State,17.0,42.0,-25.0,59.0,-3.5,56.0,3.5,0,0.0,1.0,-140.0,120.0,-2.8180411785707014,56.52247532059516,0.3823230938667902,1.0,0.6176769061332098,-6.318041178570701,0.5224753205951629
401752885,2025,9,Indiana,UCLA,56.0,6.0,50.0,62.0,-27.5,53.5,27.5,1,1.0,1.0,-2800.0,1100.0,28.011218677910705,59.45964588754829,0.953195457144331,1.0,0.04680454285566904,0.5112186779107049,5.959645887548291
401761635,2025,9,Old Dominion,App State,24.0,21.0,3.0,45.0,-13.5,62.5,13.5,1,0.0,0.0,-575.0,400.0,14.740278061880568,65.84773742676165,0.8076789677131234,1.0,0.19232103228687658,1.2402780618805682,3.347737426761654
401762846,2025,9,Kent State,Bowling Green,24.0,21.0,3.0,45.0,7.5,48.0,-7.5,1,1.0,0.0,260.0,-320.0,-7.296835716801667,50.61692655686841,0.2734362517306451,1.0,0.7265637482693549,0.20316428319833335,2.616926556868407
401752883,2025,9,Nebraska,Northwestern,28.0,21.0,7.0,49.0,-7.0,44.5,7.0,1,0.5,1.0,-285.0,235.0,7.210900291937954,47.93892002892212,0.6793024747673977,1.0,0.3206975252326023,0.21090029193795434,3.4389200289221193
401754573,2025,9,North Carolina,Virginia,16.0,17.0,-1.0,33.0,11.0,50.5,-11.0,0,1.0,0.0,270.0,-340.0,-13.133063457433476,50.74995893557603,0.20598469668440522,1.0,0.7940153033155948,-2.133063457433476,0.2499589355760321
401754571,2025,9,Georgia Tech,Syracuse,41.0,16.0,25.0,57.0,-17.5,52.5,17.5,1,1.0,1.0,-1000.0,625.0,23.637697727693464,50.67265268621732,0.9374144321359663,1.0,0.06258556786403369,6.137697727693464,-1.8273473137826812
401752746,2025,9,Arkansas,Auburn,24.0,33.0,-9.0,57.0,-2.5,56.0,2.5,0,0.0,1.0,100.0,-120.0,0.5529585633198568,58.4892845326873,0.5108953410403844,1.0,0.48910465895961563,-1.9470414366801432,2.4892845326873
401762844,2025,9,Buffalo,Akron,16.0,24.0,-8.0,40.0,-10.0,49.0,10.0,0,0.0,0.0,-415.0,310.0,10.707217818024828,49.07461676732098,0.7908356162087907,1.0,0.20916438379120927,0.7072178180248283,0.07461676732098255
401757172,2025,9,Rice,UConn,37.0,34.0,3.0,71.0,10.0,48.5,-10.0,1,1.0,1.0,290.0,-380.0,-7.294119479060662,52.75067695024517,0.2965664226445285,1.0,0.7034335773554715,2.7058805209393384,4.250676950245172
401760400,2025,9,New Mexico,Utah State,33.0,14.0,19.0,47.0,-3.0,61.0,3.0,1,1.0,0.0,-130.0,110.0,4.2944227813566185,63.08514471271683,0.6060449135720722,1.0,0.39395508642792776,1.2944227813566185,2.0851447127168328
401760399,2025,9,Fresno State,San Diego State,0.0,23.0,-23.0,23.0,3.0,46.0,-3.0,0,0.0,0.0,140.0,-165.0,1.1634692610832582,47.69280365368205,0.525858948715908,1.0,0.474141051284092,4.163469261083258,1.6928036536820485
401752882,2025,9,Iowa,Minnesota,41.0,3.0,38.0,44.0,-7.0,38.5,7.0,1,1.0,1.0,-330.0,265.0,15.530245860083378,40.06999523916097,0.8654831882489491,1.0,0.1345168117510509,8.530245860083378,1.569995239160967
401762495,2025,9,Tulsa,Temple,37.0,38.0,-1.0,75.0,5.0,52.5,-5.0,0,1.0,1.0,185.0,-225.0,-5.490676133477877,57.794666915133035,0.3260552384868065,1.0,0.6739447615131935,-0.4906761334778773,5.2946669151330354
401762874,2025,9,Miami (OH),Western Michigan,26.0,17.0,9.0,43.0,-2.5,40.0,2.5,1,1.0,1.0,-130.0,110.0,0.2590862309798392,39.29422688316909,0.5071230689079018,1.0,0.4928769310920982,-2.240913769020161,-0.7057731168309118
401761637,2025,9,Southern Miss,UL Monroe,49.0,21.0,28.0,70.0,-14.0,49.0,14.0,1,1.0,1.0,-480.0,350.0,9.929463980745219,53.295033728255184,0.7437744123769275,1.0,0.25622558762307246,-4.0705360192547815,4.295033728255184
401754574,2025,9,Pittsburgh,NC State,53.0,34.0,19.0,87.0,-5.0,53.0,5.0,1,1.0,1.0,-310.0,255.0,0.14373756210795818,52.62371990962673,0.5254698291961464,1.0,0.4745301708038536,-4.856262437892042,-0.37628009037327104
401762493,2025,9,Navy,Florida Atlantic,42.0,32.0,10.0,74.0,-14.5,63.5,14.5,1,0.0,1.0,-625.0,430.0,21.70022780124779,65.17652295211639,0.9239650285472947,1.0,0.07603497145270532,7.200227801247792,1.676522952116386
401762847,2025,9,Central Michigan,Massachusetts,38.0,13.0,25.0,51.0,-16.5,46.5,16.5,1,1.0,1.0,-700.0,475.0,22.30232733228913,48.235360455762624,0.9209756362837854,1.0,0.07902436371621457,5.802327332289131,1.735360455762624
401756931,2025,9,Iowa State,BYU,27.0,41.0,-14.0,68.0,-2.5,49.0,2.5,0,0.0,1.0,-130.0,110.0,1.691576886586815,48.24856811846501,0.5350986337859196,1.0,0.4649013662140804,-0.808423113413185,-0.751431881534991
401762845,2025,9,Northern Illinois,Ball State,21.0,7.0,14.0,28.0,-6.5,42.0,6.5,1,1.0,0.0,-220.0,180.0,9.663402797435431,42.986562353926,0.7689864648022444,1.0,0.23101353519775558,3.163402797435431,0.9865623539259971
401752752,2025,9,Vanderbilt,Missouri,17.0,10.0,7.0,27.0,-3.0,52.5,3.0,1,1.0,0.0,-150.0,130.0,5.711971210655158,53.63239498454302,0.6668819041915082,1.0,0.33311809580849183,2.7119712106551583,1.1323949845430192
401752751,2025,9,South Carolina,Alabama,22.0,29.0,-7.0,51.0,11.5,48.0,-11.5,0,1.0,1.0,390.0,-550.0,-6.620693095027036,50.14341868323035,0.33611778210762444,1.0,0.6638822178923756,4.879306904972964,2.143418683230351
401752880,2025,9,Washington,Illinois,42.0,25.0,17.0,67.0,-3.0,54.5,3.0,1,1.0,1.0,-210.0,175.0,1.2195894818031119,54.984658949731696,0.576429697007175,1.0,0.42357030299282505,-1.7804105181968881,0.48465894973169554
401752952,2025,9,Washington State,Toledo,28.0,7.0,21.0,35.0,2.0,44.5,-2.0,1,1.0,0.0,-120.0,100.0,-1.6083089990845494,45.36937876556134,0.4138195561875148,1.0,0.5861804438124851,0.3916910009154506,0.8693787655613434
401756930,2025,9,Cincinnati,Baylor,41.0,20.0,21.0,61.0,-3.5,68.5,3.5,1,1.0,0.0,-220.0,180.0,5.7594891697961526,69.302683043317,0.6699889628761451,1.0,0.33001103712385493,2.2594891697961526,0.8026830433170034
401756933,2025,9,Texas Tech,Oklahoma State,42.0,0.0,42.0,42.0,-38.0,56.0,38.0,1,1.0,0.0,,,37.86063465779013,58.83616407642125,0.9884673613281145,1.0,0.011532638671885476,-0.13936534220987085,2.836164076421248
401752749,2025,9,Mississippi State,Texas,38.0,45.0,-7.0,83.0,8.0,48.5,-8.0,0,1.0,1.0,190.0,-230.0,-7.573918023029126,51.99643372032683,0.28013519970947687,1.0,0.7198648002905231,0.4260819769708739,3.496433720326827
401756935,2025,9,West Virginia,TCU,17.0,23.0,-6.0,40.0,16.5,55.5,-16.5,0,1.0,0.0,460.0,-675.0,-17.599453070173602,58.14915251836666,0.1372391659135701,1.0,0.8627608340864299,-1.0994530701736025,2.6491525183666624
401761638,2025,9,Troy,Louisiana,35.0,23.0,12.0,58.0,-7.0,47.0,7.0,1,1.0,1.0,-350.0,275.0,4.294495276814132,47.41852029269263,0.6297242199124595,1.0,0.3702757800875405,-2.705504723185868,0.4185202926926266
401761636,2025,9,Arkansas State,Georgia Southern,34.0,24.0,10.0,58.0,1.0,59.5,-1.0,1,1.0,0.0,-135.0,115.0,-3.034500530137583,57.57117479487395,0.43519369369670713,1.0,0.5648063063032929,-2.034500530137583,-1.9288252051260528
401754572,2025,9,Miami,Stanford,42.0,7.0,35.0,49.0,-30.0,46.0,30.0,1,1.0,1.0,,,32.05479215620665,48.91825014962125,0.9730021966752759,1.0,0.026997803324724123,2.054792156206652,2.918250149621251
401752886,2025,9,Oregon,Wisconsin,21.0,7.0,14.0,28.0,-31.0,45.0,31.0,1,0.0,0.0,,,27.999969401760367,46.9157026653974,0.9646216439303643,1.0,0.035378356069635686,-3.0000305982396327,1.9157026653973972
401752748,2025,9,LSU,Texas A&M,25.0,49.0,-24.0,74.0,1.5,50.5,-1.5,0,0.0,1.0,110.0,-130.0,-3.177870843116563,50.924997005943474,0.4504887066522054,1.0,0.5495112933477946,-1.6778708431165632,0.42499700594347445
401754570,2025,9,Louisville,Boston College,38.0,24.0,14.0,62.0,-25.5,54.5,25.5,1,0.0,1.0,-2800.0,1100.0,19.104331559617854,54.50514886710151,0.8645396140198228,1.0,0.13546038598017718,-6.3956684403821455,0.005148867101510746
401752881,2025,9,Michigan State,Michigan,20.0,31.0,-11.0,51.0,13.5,47.5,-13.5,0,1.0,1.0,425.0,-600.0,-11.140541298943807,50.28026327231538,0.2275470463233359,1.0,0.7724529536766641,2.3594587010561927,2.7802632723153806
401760398,2025,9,Wyoming,Colorado State,28.0,0.0,28.0,28.0,-6.0,46.5,6.0,1,1.0,0.0,-220.0,180.0,8.520009657380802,47.27402374034948,0.7034713969643704,1.0,0.29652860303562956,2.520009657380802,0.7740237403494774
401752747,2025,9,Kentucky,Tennessee,34.0,56.0,-22.0,90.0,7.5,55.0,-7.5,0,0.0,1.0,275.0,-350.0,-9.230041977128781,59.18219817502501,0.2686436042402116,1.0,0.7313563957597884,-1.7300419771287814,4.1821981750250075
401756929,2025,9,Arizona State,Houston,16.0,24.0,-8.0,40.0,-7.5,47.0,7.5,0,0.0,0.0,-320.0,260.0,7.287719308363513,47.31392926023998,0.687600072125191,1.0,0.31239992787480897,-0.21228069163648744,0.3139292602399806
401756934,2025,9,Utah,Colorado,53.0,7.0,46.0,60.0,-14.0,50.0,14.0,1,1.0,1.0,-700.0,475.0,18.987112047955755,52.10841290480805,0.8874616405020974,1.0,0.11253835949790258,4.987112047955755,2.1084129048080484
401757289,2025,10,Kennesaw State,UTEP,33.0,20.0,13.0,53.0,-11.5,53.0,11.5,1,1.0,0.5,-380.0,290.0,8.892799304016142,57.69758567153529,0.6965149199397049,1.0,0.30348508006029506,-2.607200695983858,4.697585671535293
401761639,2025,10,Texas State,James Madison,20.0,52.0,-32.0,72.0,7.5,55.0,-7.5,0,0.0,1.0,195.0,-235.0,-8.631644425320188,56.46783367375822,0.31880080985794645,1.0,0.6811991901420535,-1.1316444253201876,1.4678336737582214
401757292,2025,10,Middle Tennessee,Jacksonville State,21.0,24.0,-3.0,45.0,4.5,54.0,-4.5,0,1.0,0.0,185.0,-225.0,-2.207307172472297,54.945651131071955,0.4456681997610712,1.0,0.5543318002389288,2.292692827527703,0.9456511310719549
401761640,2025,10,Coastal Carolina,Marshall,44.0,27.0,17.0,71.0,7.0,54.5,-7.0,1,1.0,1.0,155.0,-180.0,-12.897035340617682,57.30969402741544,0.20143642439448844,1.0,0.7985635756055116,-5.897035340617682,2.809694027415439
401762443,2025,10,UTSA,Tulane,48.0,26.0,22.0,74.0,6.0,54.0,-6.0,1,1.0,1.0,160.0,160.0,-3.7493869965269035,56.61874514184684,0.4491115854193958,1.0,0.5508884145806042,2.2506130034730965,2.618745141846837
401762497,2025,10,Rice,Memphis,14.0,38.0,-24.0,52.0,14.0,48.0,-14.0,0,0.0,1.0,450.0,-650.0,-17.352646395087554,49.35198067868587,0.11264142229034797,1.0,0.887358577709652,-3.352646395087554,1.3519806786858695
401754575,2025,10,Syracuse,North Carolina,10.0,27.0,-17.0,37.0,-1.5,45.5,1.5,0,0.0,0.0,-130.0,110.0,4.927263457528211,45.66698767096806,0.6325718841365588,1.0,0.36742811586344115,3.427263457528211,0.16698767096806222
401757290,2025,10,Louisiana Tech,Sam Houston,55.0,14.0,41.0,69.0,-16.5,48.0,16.5,1,1.0,1.0,-900.0,575.0,16.35194190575527,50.29255647811982,0.8417502959190774,1.0,0.15824970408092265,-0.14805809424472827,2.2925564781198204
401752891,2025,10,Illinois,Rutgers,35.0,13.0,22.0,48.0,-13.0,63.5,13.0,1,1.0,0.0,-470.0,345.0,15.515762365615082,62.658835010056364,0.8257578991609023,1.0,0.17424210083909775,2.515762365615082,-0.8411649899436355
401752758,2025,10,Texas,Vanderbilt,34.0,31.0,3.0,65.0,-3.5,48.5,3.5,1,0.0,1.0,-120.0,100.0,2.996052726522322,50.27015035290755,0.61230151121151,1.0,0.38769848878849,-0.503947273477678,1.7701503529075495
401760401,2025,10,Air Force,Army,17.0,20.0,-3.0,37.0,1.0,48.5,-1.0,0,0.0,0.0,-110.0,-110.0,-0.05785907381910593,50.49144988985542,0.5137914223871869,1.0,0.4862085776128131,0.9421409261808941,1.9914498898554172
401762499,2025,10,North Texas,Navy,31.0,17.0,14.0,48.0,-6.5,68.5,6.5,1,1.0,0.0,-210.0,175.0,0.9192126498347761,67.81378070227348,0.5252700627254784,1.0,0.4747299372745216,-5.580787350165224,-0.6862192977265238
401757173,2025,10,UConn,UAB,38.0,19.0,19.0,57.0,-10.5,61.5,10.5,1,1.0,0.0,-470.0,345.0,11.538834852688273,63.31113192903857,0.8174540977396565,1.0,0.1825459022603435,1.0388348526882734,1.8111319290385666
401756936,2025,10,Baylor,UCF,30.0,3.0,27.0,33.0,-3.0,58.5,3.0,1,1.0,0.0,-210.0,-195.0,6.578539231123127,60.273874336089364,0.6942391689571009,1.0,0.3057608310428991,3.578539231123127,1.7738743360893636
401756938,2025,10,Houston,West Virginia,35.0,45.0,-10.0,80.0,-13.0,48.5,13.0,0,0.0,1.0,-650.0,450.0,13.68192203854473,50.33927755714334,0.8249228566143003,1.0,0.17507714338569969,0.6819220385447302,1.8392775571433404
401754581,2025,10,SMU,Miami,26.0,20.0,6.0,46.0,8.5,50.5,-8.5,1,1.0,0.0,325.0,-435.0,-5.390304708836597,52.43631630051551,0.43062421904227544,1.0,0.5693757809577246,3.109695291163403,1.9363163005155073
401762849,2025,10,Bowling Green,Buffalo,3.0,28.0,-25.0,31.0,-2.5,44.0,2.5,0,0.0,0.0,-125.0,105.0,-1.113566546726052,43.13365604545986,0.444120498512081,1.0,0.555879501487919,-3.613566546726052,-0.8663439545401417
401752889,2025,10,Ohio State,Penn State,38.0,14.0,24.0,52.0,-18.0,45.5,18.0,1,1.0,1.0,-1600.0,800.0,11.906901209167726,44.90890369494697,0.7226849571468369,1.0,0.2773150428531631,-6.093098790832274,-0.5910963050530285
401754577,2025,10,Clemson,Duke,45.0,46.0,-1.0,91.0,-4.0,55.0,4.0,0,0.0,1.0,-170.0,145.0,6.863105406568682,54.94668193129412,0.6944204989925941,1.0,0.30557950100740594,2.863105406568682,-0.05331806870587741
401756939,2025,10,Iowa State,Arizona State,19.0,24.0,-5.0,43.0,-7.5,48.5,7.5,0,0.0,0.0,-220.0,180.0,10.391937522923653,49.552020718517284,0.7662660971870022,1.0,0.23373390281299777,2.8919375229236532,1.0520207185172836
401762498,2025,10,Temple,East Carolina,14.0,45.0,-31.0,59.0,5.0,58.0,-5.0,0,0.0,1.0,170.0,-200.0,2.027155053082309,59.91306786614041,0.5700694620438722,1.0,0.4299305379561278,7.027155053082309,1.913067866140409
401754580,2025,10,Virginia Tech,Louisville,16.0,28.0,-12.0,44.0,10.5,52.5,-10.5,0,0.0,0.0,295.0,-390.0,-9.279132501954807,53.436893556178354,0.30085794183330644,1.0,0.6991420581666936,1.2208674980451928,0.9368935561783545
401760404,2025,10,UNLV,New Mexico,35.0,40.0,-5.0,75.0,-3.5,61.5,3.5,0,0.0,1.0,-220.0,180.0,4.170133731417777,62.26818258153778,0.6548069558201537,1.0,0.3451930441798463,0.6701337314177769,0.7681825815377792
401752887,2025,10,Maryland,Indiana,10.0,55.0,-45.0,65.0,21.0,51.0,-21.0,0,0.0,1.0,850.0,-1800.0,-24.51535873431184,53.771422278615596,0.08049180057043104,1.0,0.919508199429569,-3.515358734311839,2.7714222786155958
401757294,2025,10,Western Kentucky,New Mexico State,35.0,16.0,19.0,51.0,-7.5,53.5,7.5,1,1.0,0.0,-340.0,270.0,4.347103271356271,57.4230626425429,0.6292928214068522,1.0,0.37070717859314783,-3.1528967286437286,3.9230626425429023
401756941,2025,10,Kansas State,Texas Tech,20.0,43.0,-23.0,63.0,7.0,52.0,-7.0,0,0.0,1.0,240.0,-290.0,-12.28386440965495,52.95490543611376,0.23462031942500486,1.0,0.7653796805749952,-5.283864409654949,0.9549054361137621
401754583,2025,10,Boston College,Notre Dame,10.0,25.0,-15.0,35.0,31.0,55.0,-31.0,0,1.0,0.0,,,-30.109636858968383,60.15491205744935,0.04234286090145733,1.0,0.9576571390985427,0.8903631410316173,5.154912057449351
401761641,2025,10,UL Monroe,Old Dominion,6.0,31.0,-25.0,37.0,17.0,55.5,-17.0,0,0.0,0.0,550.0,-850.0,-16.492035096619524,60.300135589499945,0.14582159646927706,1.0,0.8541784035307229,0.5079649033804756,4.800135589499945
401760402,2025,10,Boise State,Fresno State,7.0,30.0,-23.0,37.0,-17.5,48.0,17.5,0,0.0,0.0,-1100.0,650.0,19.724884393080757,50.66992287626704,0.9017863248860012,1.0,0.09821367511399881,2.2248843930807567,2.6699228762670373
401761642,2025,10,South Alabama,Louisiana,22.0,31.0,-9.0,53.0,-3.5,53.0,3.5,0,0.0,0.5,-180.0,155.0,-2.5693919019492375,54.377709789423285,0.4203037329382858,1.0,0.5796962670617142,-6.0693919019492375,1.3777097894232853
401754582,2025,10,Stanford,Pittsburgh,20.0,35.0,-15.0,55.0,13.5,51.5,-13.5,0,0.0,1.0,410.0,-585.0,-14.777168480367134,53.37304688827554,0.15730193978499385,1.0,0.8426980602150062,-1.2771684803671342,1.873046888275539
401752755,2025,10,Florida,Georgia,20.0,24.0,-4.0,44.0,7.0,50.0,-7.0,0,1.0,0.0,240.0,-290.0,-8.278391579801113,50.11154869532742,0.25248923278310825,1.0,0.7475107672168917,-1.278391579801113,0.1115486953274214
401752888,2025,10,Minnesota,Michigan State,23.0,20.0,3.0,43.0,-3.5,44.5,3.5,1,0.0,0.0,-165.0,140.0,3.285773565603065,46.05191862147884,0.5949664160734549,1.0,0.4050335839265451,-0.2142264343969349,1.5519186214788405
401754576,2025,10,California,Virginia,21.0,31.0,-10.0,52.0,6.5,52.0,-6.5,0,0.0,0.5,160.0,-185.0,-6.691769177569498,52.45397043994108,0.34671228353406947,1.0,0.6532877164659305,-0.19176917756949763,0.4539704399410809
401756940,2025,10,Kansas,Oklahoma State,38.0,21.0,17.0,59.0,-25.0,54.5,25.0,1,0.0,1.0,-3500.0,1100.0,24.1890718863855,56.995043466959785,0.9441676013218989,1.0,0.05583239867810108,-0.8109281136145015,2.4950434669597854
401752753,2025,10,Arkansas,Mississippi State,35.0,38.0,-3.0,73.0,-5.0,66.5,5.0,0,0.0,1.0,-180.0,155.0,1.1087819838173836,68.22961996066059,0.5194428529042604,1.0,0.4805571470957396,-3.8912180161826164,1.7296199606605853
401762850,2025,10,Western Michigan,Central Michigan,24.0,21.0,3.0,45.0,-5.5,43.0,5.5,1,0.0,1.0,-185.0,160.0,6.111718950895,44.646017705673565,0.6513393763366141,1.0,0.3486606236633859,0.6117189508949998,1.6460177056735645
401756937,2025,10,Colorado,Arizona,17.0,52.0,-35.0,69.0,3.5,52.5,-3.5,0,0.0,1.0,175.0,-210.0,-9.608370576533641,52.36684995586516,0.2588595956536854,1.0,0.7411404043463146,-6.108370576533641,-0.13315004413483678
401760405,2025,10,San Diego State,Wyoming,24.0,7.0,17.0,31.0,-9.5,42.0,9.5,1,1.0,0.0,-440.0,330.0,11.424740952100885,42.00962580967513,0.7871924862570772,1.0,0.21280751374292284,1.9247409521008851,0.009625809675128494
401752756,2025,10,Ole Miss,South Carolina,30.0,14.0,16.0,44.0,-13.0,55.5,13.0,1,1.0,0.0,-490.0,355.0,7.888084148824497,56.27941845739967,0.7017325650166684,1.0,0.29826743498333164,-5.111915851175503,0.7794184573996716
401752890,2025,10,Michigan,Purdue,21.0,16.0,5.0,37.0,-21.0,49.0,21.0,1,0.0,0.0,-2000.0,950.0,16.993373609611808,49.8946961236164,0.872823616163525,1.0,0.127176383836475,-4.006626390388192,0.8946961236163986
401754578,2025,10,Florida State,Wake Forest,42.0,7.0,35.0,49.0,-13.0,51.0,13.0,1,1.0,0.0,-290.0,240.0,11.079161741206404,53.535511866838476,0.730372870381981,1.0,0.26962712961801905,-1.9208382587935962,2.535511866838476
401752892,2025,10,Nebraska,USC,17.0,21.0,-4.0,38.0,4.5,60.0,-4.5,0,1.0,0.0,205.0,-245.0,-3.7901691805984665,61.09738399255264,0.38044832174628346,1.0,0.6195516782537165,0.7098308194015335,1.0973839925526434
401752754,2025,10,Auburn,Kentucky,3.0,10.0,-7.0,13.0,-12.0,44.5,12.0,0,0.0,0.0,-390.0,-420.0,11.672733053506844,46.972362955432324,0.7929201099268404,1.0,0.20707989007315963,-0.3272669464931557,2.472362955432324
401752943,2025,10,Oregon State,Washington State,10.0,7.0,3.0,17.0,3.0,47.5,-3.0,1,1.0,0.0,160.0,-185.0,-11.778360539541476,49.35466147337801,0.21407108745738845,1.0,0.7859289125426115,-8.778360539541476,1.854661473378009
401752757,2025,10,Tennessee,Oklahoma,27.0,33.0,-6.0,60.0,-3.0,56.0,3.0,0,0.0,1.0,-170.0,145.0,-3.3232259139302966,57.49700605172205,0.38930902227405983,1.0,0.6106909777259402,-6.323225913930297,1.4970060517220531
401754579,2025,10,NC State,Georgia Tech,48.0,36.0,12.0,84.0,4.0,58.5,-4.0,1,1.0,1.0,190.0,-230.0,2.2815279444047043,58.56182303200844,0.5672744350584028,1.0,0.4327255649415972,6.281527944404704,0.06182303200844075
401761643,2025,10,Troy,Arkansas State,10.0,23.0,-13.0,33.0,-8.0,52.5,8.0,0,0.0,0.0,-285.0,235.0,3.7905987094250104,53.68439992416281,0.6145250393190699,1.0,0.3854749606809301,-4.20940129057499,1.1843999241628111
401756942,2025,10,Utah,Cincinnati,45.0,14.0,31.0,59.0,-11.0,57.5,11.0,1,1.0,1.0,-285.0,235.0,13.783472370001991,60.19199146950134,0.816741726547459,1.0,0.18325827345254098,2.7834723700019914,2.691991469501339
401760403,2025,10,San José State,Hawai'i,45.0,38.0,7.0,83.0,-2.5,56.0,2.5,1,1.0,1.0,-130.0,110.0,-1.7850986640265578,58.45140278694122,0.47037159875148316,1.0,0.5296284012485168,-4.285098664026558,2.451402786941223
401762851,2025,11,Akron,Massachusetts,44.0,10.0,34.0,54.0,-11.5,51.0,11.5,1,1.0,1.0,-400.0,300.0,13.387972745552526,52.40503946952255,0.8167641541921833,1.0,0.1832358458078167,1.887972745552526,1.4050394695225492
401762852,2025,11,Ohio,Miami (OH),24.0,20.0,4.0,44.0,-3.0,51.0,3.0,1,1.0,0.0,-175.0,150.0,2.1109740710301885,53.517013928267325,0.5531138744500947,1.0,0.44688612554990526,-0.8890259289698115,2.5170139282673247
401762853,2025,11,Ball State,Kent State,17.0,13.0,4.0,30.0,-3.0,48.0,3.0,1,1.0,0.0,-130.0,110.0,-0.8416968472775261,51.97514888888521,0.4650921698201087,1.0,0.5349078301798913,-3.841696847277526,3.975148888885208
401762854,2025,11,Toledo,Northern Illinois,42.0,3.0,39.0,45.0,-15.5,42.0,15.5,1,1.0,1.0,-625.0,430.0,22.908467676487916,43.530992792917,0.938097429111781,1.0,0.061902570888219044,7.408467676487916,1.5309927929169973
401762500,2025,11,South Florida,UTSA,55.0,23.0,32.0,78.0,-14.0,68.0,14.0,1,1.0,1.0,-525.0,375.0,17.24439393668004,68.93539689250557,0.8622459491706131,1.0,0.13775405082938685,3.2443939366800407,0.9353968925055653
401761644,2025,11,App State,Georgia Southern,23.0,25.0,-2.0,48.0,-5.0,61.5,5.0,0,0.0,0.0,-220.0,180.0,6.501207628261146,62.25556441214341,0.6570540643107873,1.0,0.3429459356892127,1.5012076282611462,0.7555644121434071
401756946,2025,11,UCF,Houston,27.0,30.0,-3.0,57.0,-1.0,47.5,1.0,0,0.0,1.0,-110.0,-110.0,-1.1875217149118322,52.06330430601709,0.48583602609207777,1.0,0.5141639739079222,-2.1875217149118322,4.563304306017088
401752896,2025,11,USC,Northwestern,38.0,17.0,21.0,55.0,-14.5,54.0,14.5,1,1.0,1.0,-650.0,450.0,15.656985293257522,57.0935570672523,0.8652312265127218,1.0,0.13476877348727823,1.156985293257522,3.0935570672522985
401762501,2025,11,Memphis,Tulane,32.0,38.0,-6.0,70.0,-3.0,54.0,3.0,0,0.0,1.0,-230.0,190.0,7.577941063561343,57.51738947988,0.7124923622325086,1.0,0.28750763776749144,4.577941063561343,3.517389479880002
401756947,2025,11,West Virginia,Colorado,29.0,22.0,7.0,51.0,-6.5,51.5,6.5,1,1.0,0.0,-220.0,180.0,10.038908687677623,56.842819936485746,0.7282617067459732,1.0,0.27173829325402676,3.5389086876776226,5.342819936485746
401762503,2025,11,Army,Temple,14.0,13.0,1.0,27.0,-7.0,45.0,7.0,1,0.0,0.0,-250.0,210.0,4.385000057532169,49.4623664844272,0.5827622715925015,1.0,0.4172377284074985,-2.614999942467831,4.4623664844272
401761647,2025,11,Arkansas State,Southern Miss,21.0,27.0,-6.0,48.0,6.5,55.0,-6.5,0,1.0,0.0,190.0,-230.0,-7.0898064410762105,56.096844838178626,0.3646825955912506,1.0,0.6353174044087494,-0.5898064410762105,1.096844838178626
401754584,2025,11,Boston College,SMU,13.0,45.0,-32.0,58.0,10.5,54.5,-10.5,0,0.0,1.0,345.0,-470.0,-13.913818136179728,57.33688045584776,0.19449131494260335,1.0,0.8055086850573967,-3.413818136179728,2.836880455847762
401752762,2025,11,Mississippi State,Georgia,21.0,41.0,-20.0,62.0,9.5,56.5,-9.5,0,0.0,1.0,240.0,-290.0,-9.9878885616431,60.24820739753447,0.23198804358763842,1.0,0.7680119564123615,-0.4878885616430999,3.748207397534472
401761646,2025,11,Marshall,James Madison,23.0,35.0,-12.0,58.0,13.5,53.5,-13.5,0,1.0,1.0,360.0,-500.0,-16.606342613795363,54.501206665757536,0.16145694720951123,1.0,0.8385430527904888,-3.1063426137953627,1.001206665757536
401756945,2025,11,Texas Tech,BYU,29.0,7.0,22.0,36.0,-13.5,50.0,13.5,1,1.0,0.0,-400.0,300.0,15.121785018162191,50.83155372383298,0.8442678809678774,1.0,0.15573211903212258,1.621785018162191,0.8315537238329824
401752893,2025,11,Penn State,Indiana,24.0,27.0,-3.0,51.0,14.0,50.5,-14.0,0,1.0,1.0,410.0,-585.0,-12.6398333895852,52.52786882990581,0.3014686387997608,1.0,0.6985313612002392,1.3601666104147991,2.027868829905813
401752897,2025,11,Purdue,Ohio State,10.0,34.0,-24.0,44.0,29.0,50.0,-29.0,0,1.0,0.0,,,-22.98064461370538,54.88647728666327,0.07172591736229031,1.0,0.9282740826377097,6.01935538629462,4.886477286663272
401762855,2025,11,Eastern Michigan,Bowling Green,27.0,21.0,6.0,48.0,-3.0,49.0,3.0,1,1.0,0.0,-125.0,105.0,-1.0759599838893346,49.7089141119845,0.44798061024322056,1.0,0.5520193897567794,-4.075959983889335,0.7089141119844982
401762502,2025,11,Rice,UAB,24.0,17.0,7.0,41.0,-1.0,51.5,1.0,1,1.0,0.0,-150.0,130.0,-0.24377300459340678,56.22231914518746,0.4794935760280805,1.0,0.5205064239719195,-1.2437730045934068,4.722319145187463
401752894,2025,11,Rutgers,Maryland,35.0,20.0,15.0,55.0,-1.5,57.0,1.5,1,1.0,0.0,105.0,-125.0,3.838947825740764,58.63207625162044,0.63910642491562,1.0,0.36089357508438,2.338947825740764,1.6320762516204397
401762504,2025,11,East Carolina,Charlotte,48.0,22.0,26.0,70.0,-28.0,56.5,28.0,1,0.0,1.0,,,33.00686729251178,59.8089642803627,0.9803184247920766,1.0,0.019681575207923352,5.006867292511778,3.3089642803627015
401757296,2025,11,Middle Tennessee,Florida International,30.0,56.0,-26.0,86.0,-2.0,51.0,2.0,0,0.0,1.0,-105.0,-115.0,2.584833020135533,52.81484448165382,0.5490633721988252,1.0,0.4509366278011748,0.584833020135533,1.8148444816538216
401762505,2025,11,Florida Atlantic,Tulsa,40.0,21.0,19.0,61.0,-4.5,61.5,4.5,1,1.0,0.0,-200.0,170.0,5.884037052888848,63.549919460147684,0.6877880403080141,1.0,0.3122119596919859,1.3840370528888482,2.0499194601476844
401757297,2025,11,UTEP,Jacksonville State,27.0,30.0,-3.0,57.0,1.5,46.5,-1.5,0,0.0,1.0,100.0,-120.0,-0.8206399866089176,50.87851469030821,0.46178628428938745,1.0,0.5382137157106126,0.6793600133910824,4.378514690308208
401756944,2025,11,TCU,Iowa State,17.0,20.0,-3.0,37.0,-7.5,58.0,7.5,0,0.0,0.0,-230.0,190.0,7.992294107892867,60.60193532779126,0.726124700176894,1.0,0.273875299823106,0.4922941078928673,2.60193532779126
401752898,2025,11,Iowa,Oregon,16.0,18.0,-2.0,34.0,4.5,41.0,-4.5,0,1.0,0.0,190.0,-230.0,0.23936799953744625,44.55602583643077,0.5232503251589791,1.0,0.47674967484102093,4.739367999537446,3.55602583643077
401756943,2025,11,Arizona,Kansas,24.0,20.0,4.0,44.0,-5.5,56.5,5.5,1,0.0,0.0,-220.0,180.0,7.261605765090373,58.70785954251554,0.7012750952821194,1.0,0.2987249047178806,1.7616057650903727,2.2078595425155427
401752763,2025,11,Missouri,Texas A&M,17.0,38.0,-21.0,55.0,7.0,48.0,-7.0,0,0.0,1.0,190.0,-230.0,-6.829770260970898,48.80553603991118,0.37766585360185734,1.0,0.6223341463981427,0.17022973902910188,0.805536039911182
401754587,2025,11,Miami,Syracuse,38.0,10.0,28.0,48.0,-28.5,46.5,28.5,1,0.0,1.0,,,28.82089315011401,46.655156986353695,0.9639160009423351,1.0,0.036083999057664906,0.32089315011401,0.15515698635369546
401754590,2025,11,UConn,Duke,37.0,34.0,3.0,71.0,8.0,63.0,-8.0,1,1.0,1.0,255.0,-310.0,-8.676402155402968,65.83075554355334,0.3647675636526658,1.0,0.6352324363473342,-0.6764021554029682,2.8307555435533374
401761645,2025,11,Coastal Carolina,Georgia State,40.0,27.0,13.0,67.0,-7.0,57.0,7.0,1,1.0,1.0,-290.0,240.0,8.858875211210604,57.280117461290835,0.723645778676978,1.0,0.276354221323022,1.858875211210604,0.2801174612908355
401752764,2025,11,Vanderbilt,Auburn,45.0,38.0,7.0,83.0,-6.0,46.0,6.0,1,1.0,1.0,-275.0,225.0,4.4763124922766275,48.7093310580337,0.6201132227077497,1.0,0.3798867772922503,-1.5236875077233725,2.7093310580336976
401757298,2025,11,New Mexico State,Kennesaw State,21.0,24.0,-3.0,45.0,10.5,52.0,-10.5,0,1.0,0.0,220.0,-270.0,-8.90483431851441,57.33442567359317,0.35134929961646744,1.0,0.6486507003835326,1.5951656814855895,5.3344256735931666
401754588,2025,11,North Carolina,Stanford,20.0,15.0,5.0,35.0,-8.5,42.0,8.5,1,0.0,0.0,-320.0,260.0,6.972376372863923,44.75645296969142,0.6962431438142346,1.0,0.3037568561857654,-1.5276236271360766,2.7564529696914235
401752899,2025,11,Wisconsin,Washington,13.0,10.0,3.0,23.0,10.5,44.5,-10.5,1,1.0,0.0,315.0,-420.0,-5.0345468348417715,48.25978177033252,0.4311866636657895,1.0,0.5688133363342105,5.4654531651582285,3.7597817703325234
401761648,2025,11,Louisiana,Texas State,42.0,39.0,3.0,81.0,3.5,63.5,-3.5,1,1.0,1.0,110.0,-130.0,-1.3718766653806025,65.67844669692403,0.4663707151060092,1.0,0.5336292848939908,2.1281233346193975,2.178446696924027
401760406,2025,11,San José State,Air Force,16.0,26.0,-10.0,42.0,-6.0,67.5,6.0,0,0.0,0.0,-200.0,170.0,-1.9283344847220247,69.77706980736905,0.4381319510503776,1.0,0.5618680489496224,-7.928334484722025,2.2770698073690454
401754589,2025,11,Virginia,Wake Forest,9.0,16.0,-7.0,25.0,-7.0,48.5,7.0,0,0.0,0.0,-230.0,190.0,7.829806956758427,50.419912941335596,0.7247369140644767,1.0,0.2752630859355233,0.8298069567584268,1.9199129413355962
401754585,2025,11,Louisville,California,26.0,29.0,-3.0,55.0,-18.0,49.0,18.0,0,0.0,1.0,-1200.0,700.0,20.11645626129322,50.86617641942472,0.9079823917528242,1.0,0.09201760824717575,2.1164562612932194,1.8661764194247183
401754586,2025,11,Clemson,Florida State,24.0,10.0,14.0,34.0,-1.5,56.5,1.5,1,1.0,0.0,-135.0,115.0,6.818236859191439,55.6526447734164,0.6952322025267341,1.0,0.3047677974732659,5.318236859191439,-0.847355226583602
401760409,2025,11,Utah State,Nevada,51.0,14.0,37.0,65.0,-10.0,52.0,10.0,1,1.0,1.0,-380.0,290.0,14.189598512549058,55.369245337699866,0.8277342088069286,1.0,0.1722657911930714,4.189598512549058,3.3692453376998657
401752760,2025,11,Kentucky,Florida,38.0,7.0,31.0,45.0,4.5,44.5,-4.5,1,1.0,1.0,145.0,-170.0,-10.82129772488991,47.05512678641687,0.23256670922208494,1.0,0.7674332907779151,-6.321297724889909,2.5551267864168707
401752759,2025,11,Alabama,LSU,20.0,9.0,11.0,29.0,-10.0,49.5,10.0,1,1.0,0.0,-410.0,305.0,11.348168066833573,51.04470215347474,0.8012792990173507,1.0,0.19872070098264927,1.3481680668335727,1.5447021534747378
401757166,2025,11,Notre Dame,Navy,49.0,10.0,39.0,59.0,-30.5,55.0,30.5,1,1.0,1.0,-3500.0,1100.0,30.58446058914976,57.1849649012703,0.9702407371001291,1.0,0.029759262899870853,0.08446058914976007,2.1849649012702983
401752895,2025,11,UCLA,Nebraska,21.0,28.0,-7.0,49.0,-2.0,46.0,2.0,0,0.0,1.0,-150.0,130.0,2.9478824539560353,47.89927916790707,0.50672501410111,1.0,0.49327498589888996,0.9478824539560353,1.8992791679070677
401760407,2025,11,Colorado State,UNLV,10.0,42.0,-32.0,52.0,5.5,61.0,-5.5,0,0.0,0.0,185.0,-225.0,-3.3612666156604156,61.59286685400291,0.41986944722939257,1.0,0.5801305527706074,2.1387333843395844,0.5928668540029065
401752944,2025,11,Oregon State,Sam Houston,17.0,21.0,-4.0,38.0,-21.0,51.5,21.0,0,0.0,0.0,-1200.0,700.0,16.720166610834006,51.37664786150313,0.8533474582945015,1.0,0.14665254170549846,-4.279833389165994,-0.12335213849686966
401760408,2025,11,Hawai'i,San Diego State,38.0,6.0,32.0,44.0,6.5,48.0,-6.5,1,1.0,0.0,175.0,-210.0,-6.986937106584029,49.89894007942708,0.3226558670581143,1.0,0.6773441329418857,-0.4869371065840289,1.8989400794270779
401762856,2025,12,Akron,Kent State,35.0,42.0,-7.0,77.0,-7.5,49.5,7.5,0,0.0,1.0,-220.0,180.0,6.167017984874159,51.08770607780202,0.6664072092881674,1.0,0.33359279071183257,-1.3329820151258414,1.587706077802018
401762857,2025,12,Western Michigan,Ohio,17.0,13.0,4.0,30.0,-1.5,47.0,1.5,1,1.0,0.0,105.0,-125.0,6.014655395330201,48.0113850537424,0.6130172678269945,1.0,0.3869827321730055,4.514655395330201,1.0113850537424014
401762859,2025,12,Massachusetts,Northern Illinois,3.0,45.0,-42.0,48.0,9.5,43.0,-9.5,0,0.0,1.0,305.0,-410.0,-11.798992721141232,44.865152550887274,0.19765073665258331,1.0,0.8023492633474167,-2.298992721141232,1.8651525508872737
401762858,2025,12,Central Michigan,Buffalo,38.0,19.0,19.0,57.0,-2.0,45.0,2.0,1,1.0,1.0,-130.0,110.0,-1.3919005890922138,47.530657718918675,0.42105700165943327,1.0,0.5789429983405667,-3.391900589092214,2.5306577189186754
401762860,2025,12,Miami (OH),Toledo,3.0,24.0,-21.0,27.0,5.5,44.0,-5.5,0,0.0,0.0,135.0,-160.0,-4.371619360232909,44.88757474622304,0.3916174147482554,1.0,0.6083825852517446,1.1283806397670908,0.8875747462230379
401761649,2025,12,Old Dominion,Troy,33.0,0.0,33.0,33.0,-10.0,53.0,10.0,1,1.0,0.0,-450.0,335.0,14.772521458992992,58.528217088325036,0.8291816493263906,1.0,0.1708183506736094,4.772521458992992,5.528217088325036
401754591,2025,12,Louisville,Clemson,19.0,20.0,-1.0,39.0,-1.5,51.0,1.5,0,0.0,0.0,-145.0,145.0,0.7129524772378875,53.5204687514445,0.5023853249807967,1.0,0.4976146750192033,-0.7870475227621125,2.520468751444497
401752904,2025,12,Oregon,Minnesota,42.0,13.0,29.0,55.0,-27.0,46.0,27.0,1,1.0,1.0,-2500.0,1000.0,30.896510285233234,49.110503477323746,0.9740552090902082,1.0,0.02594479090979185,3.8965102852332336,3.1105034773237463
401752901,2025,12,Indiana,Wisconsin,31.0,7.0,24.0,38.0,-28.0,43.5,28.0,1,0.0,0.0,,,23.95684252438506,48.80553576447006,0.9294657472324137,1.0,0.07053425276758629,-4.04315747561494,5.305535764470058
401752772,2025,12,Texas A&M,South Carolina,31.0,30.0,1.0,61.0,-16.5,49.5,16.5,1,0.0,1.0,-1300.0,725.0,19.300608693614024,48.53442251918055,0.8904735482737068,1.0,0.10952645172629316,2.8006086936140235,-0.9655774808194479
401762507,2025,12,Charlotte,UTSA,7.0,28.0,-21.0,35.0,17.0,57.5,-17.0,0,0.0,0.0,625.0,-1000.0,-19.72131711190104,60.01189731504362,0.11162443490803454,1.0,0.8883755650919655,-2.7213171119010404,2.511897315043619
401762861,2025,12,Ball State,Eastern Michigan,9.0,24.0,-15.0,33.0,3.0,49.0,-3.0,0,0.0,0.0,115.0,-135.0,-2.8156282496220695,50.17387805041201,0.3907004011731213,1.0,0.6092995988268787,0.18437175037793052,1.1738780504120072
401762510,2025,12,Navy,South Florida,41.0,38.0,3.0,79.0,8.5,63.0,-8.5,1,1.0,1.0,295.0,-390.0,-3.594343054010272,67.26899791435724,0.46750814516552175,1.0,0.5324918548344783,4.905656945989728,4.268997914357243
401757174,2025,12,UConn,Air Force,26.0,16.0,10.0,42.0,-7.5,64.5,7.5,1,1.0,0.0,-320.0,260.0,5.794362879421852,67.92362279418188,0.6927244775678265,1.0,0.3072755224321735,-1.7056371205781478,3.423622794181881
401754597,2025,12,Pittsburgh,Notre Dame,15.0,37.0,-22.0,52.0,13.0,55.0,-13.0,0,0.0,0.0,305.0,-410.0,-10.721319685990697,59.92335109039926,0.22854902091105836,1.0,0.7714509790889417,2.2786803140093035,4.923351090399258
401756952,2025,12,Oklahoma State,Kansas State,6.0,14.0,-8.0,20.0,19.5,50.0,-19.5,0,1.0,0.0,725.0,-1300.0,-24.432000670804374,52.89710421633949,0.053832193536319246,1.0,0.9461678064636807,-4.932000670804374,2.8971042163394927
401756951,2025,12,Cincinnati,Arizona,24.0,30.0,-6.0,54.0,-6.0,56.0,6.0,0,0.0,0.0,-225.0,185.0,5.774331754179436,59.69584597722605,0.6662436139051378,1.0,0.33375638609486225,-0.22566824582056366,3.6958459772260497
401752905,2025,12,Northwestern,Michigan,22.0,24.0,-2.0,46.0,10.0,42.0,-10.0,0,1.0,1.0,375.0,-525.0,-9.677323986190741,43.14149249288376,0.2378111086003058,1.0,0.7621888913996941,0.32267601380925903,1.1414924928837635
401752768,2025,12,LSU,Arkansas,23.0,22.0,1.0,45.0,-4.0,58.0,4.0,1,0.0,0.0,-220.0,180.0,2.869792914174537,59.13739113099013,0.5983614607529617,1.0,0.4016385392470383,-1.1302070858254631,1.1373911309901317
401752945,2025,12,Tulsa,Oregon State,31.0,14.0,17.0,45.0,-1.0,50.5,1.0,1,1.0,0.0,,-105.0,0.9771299748655897,54.446148455462726,0.5078236130621172,1.0,0.4921763869378828,-0.022870025134410277,3.946148455462726
401756948,2025,12,Arizona State,West Virginia,25.0,23.0,2.0,48.0,-10.0,46.5,10.0,1,0.0,1.0,-435.0,325.0,6.199696002210099,47.961447906794575,0.6543724225267726,1.0,0.34562757747322737,-3.800303997789901,1.4614479067945751
401762506,2025,12,UAB,North Texas,24.0,53.0,-29.0,77.0,17.5,69.0,-17.5,0,0.0,1.0,625.0,-1000.0,-15.471043510509729,72.66721521486,0.17461231608344424,1.0,0.8253876839165557,2.0289564894902714,3.6672152148599935
401761651,2025,12,Georgia State,Marshall,18.0,30.0,-12.0,48.0,9.5,60.5,-9.5,0,0.0,0.0,220.0,-270.0,-10.0248071500289,63.87503337528765,0.2789702423725692,1.0,0.7210297576274308,-0.5248071500289004,3.37503337528765
401760411,2025,12,New Mexico,Colorado State,20.0,17.0,3.0,37.0,-15.0,54.0,15.0,1,0.0,0.0,,-625.0,14.936125458932068,55.2136822222093,0.8119855992385798,1.0,0.18801440076142018,-0.063874541067932,1.2136822222093002
401757303,2025,12,Western Kentucky,Middle Tennessee,42.0,26.0,16.0,68.0,-13.5,52.5,13.5,1,1.0,1.0,-550.0,390.0,18.07382658727783,56.027305851459644,0.885347803685119,1.0,0.114652196314881,4.5738265872778285,3.5273058514596443
401752907,2025,12,USC,Iowa,26.0,21.0,5.0,47.0,-6.5,48.5,6.5,1,0.0,0.0,-245.0,205.0,8.313633291810717,51.494922499049466,0.7279672425018902,1.0,0.27203275749810985,1.8136332918107172,2.9949224990494656
401752903,2025,12,Michigan State,Penn State,10.0,28.0,-18.0,38.0,7.0,49.0,-7.0,0,0.0,0.0,205.0,-245.0,-6.93207749399176,52.86302963610552,0.2998654390988558,1.0,0.7001345609011442,0.06792250600824001,3.863029636105523
401761654,2025,12,Southern Miss,Texas State,14.0,41.0,-27.0,55.0,-3.0,66.0,3.0,0,0.0,0.0,-225.0,185.0,4.44560966781422,69.30833869513862,0.6121615844790815,1.0,0.38783841552091847,1.44560966781422,3.308338695138616
401761653,2025,12,UL Monroe,South Alabama,14.0,26.0,-12.0,40.0,3.5,49.5,-3.5,0,0.0,0.0,160.0,-185.0,-0.5986703506505728,52.24868019642056,0.4613641612246887,1.0,0.5386358387753113,2.901329649349427,2.7486801964205583
401760413,2025,12,Nevada,San José State,55.0,10.0,45.0,65.0,9.5,49.5,-9.5,1,1.0,1.0,255.0,-310.0,-11.564070204470982,52.7672719485971,0.21485123910839174,1.0,0.7851487608916082,-2.0640702044709816,3.2672719485970987
401752765,2025,12,Alabama,Oklahoma,21.0,23.0,-2.0,44.0,-6.5,45.5,6.5,0,0.0,0.0,-260.0,215.0,6.457049871107442,48.74228548870883,0.6825537506620442,1.0,0.31744624933795584,-0.042950128892558226,3.2422854887088306
401754595,2025,12,Miami,NC State,41.0,7.0,34.0,48.0,-15.5,55.0,15.5,1,1.0,0.0,-625.0,430.0,12.794249962676346,55.920208273470614,0.8024978163588536,1.0,0.19750218364114636,-2.7057500373236536,0.9202082734706138
401761652,2025,12,James Madison,App State,58.0,10.0,48.0,68.0,-21.5,53.5,21.5,1,1.0,1.0,-1500.0,775.0,23.13254109981419,54.31556712092832,0.9277966809620709,1.0,0.07220331903792909,1.6325410998141905,0.8155671209283213
401754592,2025,12,Boston College,Georgia Tech,34.0,36.0,-2.0,70.0,16.5,61.0,-16.5,0,1.0,1.0,550.0,-850.0,-22.361288998409492,62.84305136273095,0.0873589551233089,1.0,0.9126410448766911,-5.861288998409492,1.8430513627309466
401752906,2025,12,Illinois,Maryland,24.0,6.0,18.0,30.0,-16.5,52.0,16.5,1,1.0,0.0,-600.0,425.0,14.638570767175148,55.254771322937394,0.8075833057797918,1.0,0.19241669422020824,-1.861429232824852,3.254771322937394
401756953,2025,12,Texas Tech,UCF,48.0,9.0,39.0,57.0,-24.0,48.5,24.0,1,1.0,1.0,-2500.0,1000.0,29.134656228985637,54.076610175488604,0.9641400335914005,1.0,0.03585996640859945,5.134656228985637,5.576610175488604
401754593,2025,12,Duke,Virginia,17.0,34.0,-17.0,51.0,-5.0,60.0,5.0,0,0.0,0.0,-230.0,190.0,4.867950185823983,64.48896567912297,0.5980018676088877,1.0,0.40199813239111226,-0.1320498141760167,4.48896567912297
401762509,2025,12,Tulane,Florida Atlantic,35.0,24.0,11.0,59.0,-16.5,60.5,16.5,1,0.0,0.0,-800.0,525.0,13.65509092846186,60.409434022149284,0.8084750490789371,1.0,0.19152495092106292,-2.84490907153814,-0.09056597785071574
401762508,2025,12,East Carolina,Memphis,31.0,27.0,4.0,58.0,-3.0,57.0,3.0,1,1.0,1.0,-145.0,125.0,6.428422499311359,58.685723772206416,0.6678332567924519,1.0,0.33216674320754813,3.428422499311359,1.6857237722064156
401752771,2025,12,Tennessee,New Mexico State,42.0,9.0,33.0,51.0,-41.5,60.0,41.5,1,0.0,0.0,,,43.955132566827835,65.51179442343931,0.9888750610948807,1.0,0.011124938905119341,2.455132566827835,5.511794423439312
401754596,2025,12,Wake Forest,North Carolina,28.0,12.0,16.0,40.0,-3.5,38.0,3.5,1,1.0,1.0,-165.0,140.0,2.1710749927769335,41.47054833223098,0.5423387370260608,1.0,0.45766126297393916,-1.3289250072230665,3.470548332230983
401757301,2025,12,Florida International,Liberty,34.0,27.0,7.0,61.0,2.5,51.5,-2.5,1,1.0,1.0,120.0,-140.0,0.9602126378045925,54.28686953252336,0.5283817787632267,1.0,0.4716182212367733,3.4602126378045925,2.7868695325233617
401761650,2025,12,Georgia Southern,Coastal Carolina,45.0,40.0,5.0,85.0,-3.0,59.5,3.0,1,1.0,1.0,-135.0,115.0,4.938122333265034,60.429838093187236,0.6207363585511534,1.0,0.3792636414488466,1.9381223332650341,0.9298380931872359
401756949,2025,12,Baylor,Utah,28.0,55.0,-27.0,83.0,9.5,60.5,-9.5,0,0.0,1.0,,275.0,-6.694833850447111,64.20269599734016,0.3741812292091101,1.0,0.6258187707908899,2.805166149552889,3.7026959973401574
401752902,2025,12,Washington,Purdue,49.0,13.0,36.0,62.0,-15.5,51.0,15.5,1,1.0,1.0,-900.0,575.0,10.674284819023697,52.86055933797303,0.765030690810371,1.0,0.234969309189629,-4.825715180976303,1.8605593379730294
401760414,2025,12,UNLV,Utah State,29.0,26.0,3.0,55.0,-5.0,68.5,5.0,1,0.0,0.0,-185.0,160.0,4.87879358984262,70.62118389702104,0.6614610289315549,1.0,0.3385389710684451,-0.12120641015737998,2.121183897021041
401752769,2025,12,Ole Miss,Florida,34.0,24.0,10.0,58.0,-10.5,53.5,10.5,1,0.0,1.0,-750.0,500.0,8.79790617910796,56.28002051426939,0.7356881115003187,1.0,0.26431188849968135,-1.7020938208920402,2.7800205142693883
401752900,2025,12,Ohio State,UCLA,48.0,10.0,38.0,58.0,-33.0,46.5,33.0,1,1.0,1.0,,,32.266951598593316,50.97565771535327,0.9763677751794251,1.0,0.02363222482057492,-0.733048401406684,4.475657715353272
401754594,2025,12,Florida State,Virginia Tech,34.0,14.0,20.0,48.0,-14.0,55.0,14.0,1,1.0,0.0,-575.0,400.0,13.336698170188404,58.74596242459159,0.8081649233927012,1.0,0.19183507660729882,-0.663301829811596,3.745962424591589
401752766,2025,12,Georgia,Texas,35.0,10.0,25.0,45.0,-4.0,50.5,4.0,1,1.0,0.0,-220.0,180.0,3.0420673283552766,50.01767947287022,0.6006438336343138,1.0,0.39935616636568616,-0.9579326716447234,-0.48232052712977946
401752770,2025,12,Missouri,Mississippi State,49.0,27.0,22.0,76.0,-7.0,50.0,7.0,1,1.0,1.0,-245.0,205.0,5.370730420777252,53.460538582259204,0.6682288428785226,1.0,0.3317711571214774,-1.6292695792227478,3.460538582259204
401757302,2025,12,Jacksonville State,Kennesaw State,35.0,26.0,9.0,61.0,4.0,56.0,-4.0,1,1.0,1.0,110.0,-130.0,-5.0030307939020595,59.276809396356285,0.40252037039772603,1.0,0.597479629602274,-1.0030307939020595,3.2768093963562848
401752953,2025,12,Washington State,Louisiana Tech,28.0,3.0,25.0,31.0,-10.0,43.5,10.0,1,1.0,0.0,-270.0,220.0,12.203419792394218,46.92373922619507,0.7514340708172459,1.0,0.2485659291827541,2.203419792394218,3.4237392261950674
401756950,2025,12,BYU,TCU,44.0,13.0,31.0,57.0,-3.0,52.0,3.0,1,1.0,1.0,-210.0,175.0,3.353025902515481,55.98465968008861,0.5891095452397102,1.0,0.41089045476028985,0.35302590251548116,3.984659680088612
401760410,2025,12,San Diego State,Boise State,17.0,7.0,10.0,24.0,-2.0,41.5,2.0,1,1.0,0.0,-140.0,120.0,6.097603743055315,44.094493505204056,0.6141484988431978,1.0,0.3858515011568022,4.097603743055315,2.5944935052040563
401760412,2025,12,Fresno State,Wyoming,24.0,3.0,21.0,27.0,-3.0,40.5,3.0,1,1.0,0.0,-195.0,165.0,6.408972458847264,43.77992383766835,0.6803482320512926,1.0,0.3196517679487074,3.4089724588472636,3.279923837668349
401762864,2025,13,Northern Illinois,Western Michigan,19.0,35.0,-16.0,54.0,7.0,39.5,-7.0,0,0.0,1.0,220.0,-270.0,-10.191411909665431,41.55505249867826,0.29989792839709456,1.0,0.7001020716029054,-3.1914119096654314,2.0550524986782577
401762862,2025,13,Bowling Green,Akron,16.0,19.0,-3.0,35.0,-2.0,48.0,2.0,0,0.0,0.0,-140.0,120.0,-3.860416340890663,50.32475122017899,0.41075429939097463,1.0,0.5892457006090254,-5.860416340890663,2.324751220178989
401762863,2025,13,Ohio,Massachusetts,42.0,14.0,28.0,56.0,-33.5,53.0,33.5,1,0.0,1.0,,,34.175276860468266,56.35476068401642,0.9841726555729324,1.0,0.01582734442706757,0.6752768604682657,3.3547606840164192
401762865,2025,13,Buffalo,Miami (OH),20.0,37.0,-17.0,57.0,2.5,38.5,-2.5,0,0.0,1.0,100.0,-120.0,0.4737784927695925,42.893378974995535,0.5346751693547712,1.0,0.4653248306452288,2.9737784927695925,4.393378974995535
401762866,2025,13,Kent State,Central Michigan,16.0,28.0,-12.0,44.0,7.5,50.5,-7.5,0,0.0,0.0,270.0,-340.0,-10.740767684975223,54.38859421941582,0.21798487663798027,1.0,0.7820151233620197,-3.240767684975223,3.888594219415822
401761655,2025,13,Arkansas State,Louisiana,30.0,34.0,-4.0,64.0,-2.5,54.0,2.5,0,0.0,1.0,-140.0,120.0,4.435419328881165,55.28898760285414,0.6333983684898061,1.0,0.36660163151019387,1.9354193288811654,1.2889876028541423
401754598,2025,13,NC State,Florida State,21.0,11.0,10.0,32.0,6.5,58.5,-6.5,1,1.0,0.0,165.0,-195.0,-7.449045088600039,62.31292909339983,0.34428196125705446,1.0,0.6557180387429455,-0.9490450886000392,3.8129290933998305
401760418,2025,13,UNLV,Hawai'i,38.0,10.0,28.0,48.0,-2.5,64.5,2.5,1,1.0,0.0,-145.0,125.0,1.7548559008304854,65.5715482555948,0.5944302166852804,1.0,0.4055697833147196,-0.7451440991695146,1.0715482555948057
401756958,2025,13,Iowa State,Kansas,38.0,14.0,24.0,52.0,-3.5,55.5,3.5,1,1.0,0.0,-195.0,165.0,-0.8814447956300722,56.896007740565075,0.5010352234511541,1.0,0.49896477654884586,-4.381444795630072,1.396007740565075
401752912,2025,13,Ohio State,Rutgers,42.0,9.0,33.0,51.0,-29.0,54.0,29.0,1,1.0,0.0,,,26.756897077048468,52.17466740423654,0.9576776489600014,1.0,0.042322351039998596,-2.2431029229515325,-1.825332595763463
401752909,2025,13,Northwestern,Minnesota,38.0,35.0,3.0,73.0,-4.0,41.0,4.0,1,0.0,1.0,-185.0,160.0,8.78800598435804,40.104690456682725,0.705623415456945,1.0,0.29437658454305504,4.7880059843580405,-0.8953095433172749
401762512,2025,13,Army,Tulsa,25.0,26.0,-1.0,51.0,-10.0,43.5,10.0,0,0.0,1.0,-410.0,305.0,12.857630887712315,48.77166569506993,0.8043715321163383,1.0,0.19562846788366173,2.8576308877123147,5.271665695069927
401754603,2025,13,Virginia Tech,Miami,17.0,34.0,-17.0,51.0,18.5,49.0,-18.5,0,1.0,1.0,600.0,-950.0,-16.016581468859066,52.01102225855071,0.16553731228152985,1.0,0.8344626877184702,2.4834185311409342,3.0110222585507103
401752778,2025,13,Oklahoma,Missouri,17.0,6.0,11.0,23.0,-4.5,42.5,4.5,1,1.0,0.0,-320.0,260.0,5.463343765107609,43.16321575974358,0.6634926889590533,1.0,0.33650731104094667,0.9633437651076093,0.6632157597435793
401754602,2025,13,SMU,Louisville,38.0,6.0,32.0,44.0,-4.0,49.5,4.0,1,1.0,0.0,-135.0,115.0,3.5001181218087796,52.53572404873529,0.6207753488707419,1.0,0.3792246511292581,-0.49988187819122043,3.0357240487352897
401752776,2025,13,Georgia,Charlotte,35.0,3.0,32.0,38.0,-42.5,53.0,42.5,1,0.0,0.0,,,45.83630029509519,57.054216684758956,0.99,1.0,0.010000000000000009,3.3363002950951923,4.054216684758956
401752954,2025,13,James Madison,Washington State,24.0,20.0,4.0,44.0,-15.0,44.5,15.0,1,0.0,0.0,-585.0,410.0,12.472353542798617,47.60212063758307,0.8001722289303987,1.0,0.19982777106960126,-2.5276464572013833,3.10212063758307
401761657,2025,13,Georgia Southern,Old Dominion,10.0,45.0,-35.0,55.0,10.0,62.0,-10.0,0,0.0,0.0,350.0,-480.0,-6.758767955554995,65.95187512662137,0.37087389279624594,1.0,0.6291261072037541,3.241232044445005,3.951875126621374
401756954,2025,13,Arizona,Baylor,41.0,17.0,24.0,58.0,-6.5,61.5,6.5,1,1.0,0.0,-245.0,205.0,4.963660578213209,63.04335308818732,0.6357689820786172,1.0,0.3642310179213828,-1.5363394217867912,1.5433530881873168
401762867,2025,13,Toledo,Ball State,38.0,9.0,29.0,47.0,-29.5,45.5,29.5,1,0.0,1.0,,,25.95778980286286,48.756113849669255,0.9558299859992581,1.0,0.04417001400074194,-3.542210197137141,3.256113849669255
401760419,2025,13,Wyoming,Nevada,7.0,13.0,-6.0,20.0,-6.5,39.5,6.5,0,0.0,0.0,-250.0,210.0,7.304509872356843,42.33854661652907,0.6968783122107622,1.0,0.30312168778923776,0.8045098723568431,2.8385466165290723
401761656,2025,13,App State,Marshall,26.0,24.0,2.0,50.0,4.0,56.5,-4.0,1,1.0,0.0,165.0,-195.0,-4.512936651686132,60.84705071799716,0.38269268819419433,1.0,0.6173073118058057,-0.5129366516861316,4.347050717997163
401757307,2025,13,Louisiana Tech,Liberty,34.0,28.0,6.0,62.0,1.0,45.0,-1.0,1,1.0,1.0,100.0,-120.0,0.5322998716829517,47.9497736558362,0.552781622507193,1.0,0.447218377492807,1.5322998716829517,2.9497736558362035
401757309,2025,13,UTEP,New Mexico State,31.0,34.0,-3.0,65.0,-4.0,44.5,4.0,0,0.0,1.0,-160.0,135.0,1.4124198768145586,46.44416104691351,0.5650455971186057,1.0,0.4349544028813943,-2.5875801231854414,1.944161046913507
401757308,2025,13,Middle Tennessee,Sam Houston,31.0,17.0,14.0,48.0,-7.0,53.5,7.0,1,1.0,0.0,-245.0,205.0,6.387171806220424,54.32142714851656,0.6694178839837086,1.0,0.3305821160162914,-0.6128281937795759,0.8214271485165625
401757175,2025,13,Florida Atlantic,UConn,45.0,48.0,-3.0,93.0,6.0,64.0,-6.0,0,1.0,1.0,220.0,-270.0,-6.349393615712646,66.7919193073947,0.33606960214405,1.0,0.66393039785595,-0.34939361571264627,2.791919307394707
401762511,2025,13,UAB,South Florida,18.0,48.0,-30.0,66.0,21.0,69.0,-21.0,0,0.0,0.0,850.0,-1800.0,-18.254350295772195,74.07901646438505,0.13007921219024232,1.0,0.8699207878097577,2.745649704227805,5.079016464385049
401754600,2025,13,North Carolina,Duke,25.0,32.0,-7.0,57.0,7.0,50.0,-7.0,0,0.5,1.0,200.0,-240.0,-8.133849207876661,51.48941299021664,0.3157695878100879,1.0,0.6842304121899121,-1.1338492078766613,1.4894129902166426
401754604,2025,13,Notre Dame,Syracuse,70.0,7.0,63.0,77.0,-37.0,51.0,37.0,1,1.0,1.0,,,39.141099030815,51.700170750394,0.9895242980578545,1.0,0.010475701942145532,2.141099030814999,0.7001707503940011
401757305,2025,13,Florida International,Jacksonville State,27.0,21.0,6.0,48.0,-2.5,56.0,2.5,1,1.0,0.0,-105.0,-115.0,0.6392234294971577,60.134134214417934,0.49958379255384117,1.0,0.5004162074461589,-1.8607765705028423,4.134134214417934
401761658,2025,13,South Alabama,Southern Miss,42.0,35.0,7.0,77.0,2.5,53.0,-2.5,1,1.0,1.0,105.0,-125.0,-4.19359904236485,56.408808674189636,0.4191212573261237,1.0,0.5808787426738763,-1.6935990423648501,3.408808674189636
401762513,2025,13,UTSA,East Carolina,58.0,24.0,34.0,82.0,2.0,62.5,-2.0,1,1.0,1.0,115.0,-135.0,-1.0806172239425174,64.66636651458064,0.49052325706046135,1.0,0.5094767429395386,0.9193827760574826,2.1663665145806448
401752780,2025,13,Texas,Arkansas,52.0,37.0,15.0,89.0,-8.5,58.0,8.5,1,1.0,1.0,-370.0,285.0,10.520712682506396,61.907943496805984,0.7806779578024627,1.0,0.21932204219753726,2.020712682506396,3.9079434968059843
401752782,2025,13,Vanderbilt,Kentucky,45.0,17.0,28.0,62.0,-7.0,53.5,7.0,1,1.0,1.0,-390.0,295.0,9.045540183955417,57.166751405677275,0.7565369429376003,1.0,0.24346305706239968,2.045540183955417,3.6667514056772745
401752911,2025,13,Oregon,USC,42.0,27.0,15.0,69.0,-11.0,59.0,11.0,1,1.0,1.0,-380.0,290.0,16.665876615792893,60.3983673357334,0.8664179603174988,1.0,0.13358203968250115,5.665876615792893,1.398367335733397
401752913,2025,13,Iowa,Michigan State,20.0,17.0,3.0,37.0,-17.5,43.0,17.5,1,0.0,0.0,-900.0,575.0,17.334834630883034,46.79016353564032,0.8778511684316268,1.0,0.1221488315683732,-0.16516536911696633,3.7901635356403176
401762515,2025,13,Temple,Tulane,13.0,37.0,-24.0,50.0,7.5,54.0,-7.5,0,0.0,0.0,255.0,-310.0,-1.1693465510796504,59.91750012665671,0.5313512228142225,1.0,0.46864877718577747,6.33065344892035,5.917500126656712
401756957,2025,13,Houston,TCU,14.0,17.0,-3.0,31.0,1.5,55.5,-1.5,0,0.0,0.0,-115.0,-105.0,-1.8549150095804925,59.835438296900996,0.4805095843782373,1.0,0.5194904156217627,-0.3549150095804925,4.335438296900996
401761660,2025,13,Troy,Georgia State,31.0,19.0,12.0,50.0,-9.5,51.0,9.5,1,1.0,0.0,-480.0,350.0,6.076632730743528,55.302253542375205,0.6684085454810529,1.0,0.3315914545189471,-3.423367269256472,4.302253542375205
401752914,2025,13,Maryland,Michigan,20.0,45.0,-25.0,65.0,14.0,46.5,-14.0,0,0.0,1.0,400.0,-575.0,-21.36396666223962,51.161754429468004,0.07996661284214648,1.0,0.9200333871578535,-7.363966662239619,4.6617544294680044
401756959,2025,13,UCF,Oklahoma State,17.0,14.0,3.0,31.0,-13.5,47.5,13.5,1,0.0,0.0,-600.0,425.0,11.09131476412147,52.486097249229346,0.7879550210732085,1.0,0.21204497892679153,-2.4086852358785293,4.986097249229346
401756960,2025,13,Utah,Kansas State,51.0,47.0,4.0,98.0,-17.5,52.5,17.5,1,0.0,1.0,-900.0,575.0,20.74545284004717,54.702211381716026,0.8996822380521496,1.0,0.10031776194785036,3.2454528400471716,2.202211381716026
401752779,2025,13,South Carolina,Coastal Carolina,51.0,7.0,44.0,58.0,-24.0,50.0,24.0,1,1.0,1.0,-2200.0,1000.0,21.83239987321199,53.41222392976869,0.9184379556609926,1.0,0.08156204433900738,-2.1676001267880096,3.412223929768693
401761659,2025,13,Texas State,UL Monroe,31.0,14.0,17.0,45.0,-20.5,59.5,20.5,1,0.0,0.0,-1100.0,650.0,21.444231934448002,62.501666506169194,0.9204027861636305,1.0,0.07959721383636953,0.9442319344480019,3.001666506169194
401760416,2025,13,Boise State,Colorado State,49.0,21.0,28.0,70.0,-17.0,45.5,17.0,1,1.0,1.0,-750.0,500.0,19.496018370703272,48.41936038608937,0.9043533193877931,1.0,0.09564668061220694,2.496018370703272,2.919360386089373
401760415,2025,13,Air Force,New Mexico,3.0,20.0,-17.0,23.0,3.5,53.5,-3.5,0,0.0,0.0,135.0,-160.0,-5.920961761359969,56.957296144773295,0.3836946605563164,1.0,0.6163053394436836,-2.420961761359969,3.457296144773295
401752908,2025,13,Penn State,Nebraska,37.0,10.0,27.0,47.0,-7.0,45.0,7.0,1,1.0,1.0,-360.0,280.0,2.281169674459269,44.50421857692808,0.6199247568288809,1.0,0.38007524317111907,-4.718830325540731,-0.49578142307191797
401754601,2025,13,Georgia Tech,Pittsburgh,28.0,42.0,-14.0,70.0,-2.5,60.0,2.5,0,0.0,1.0,-135.0,115.0,1.9330841308180697,60.212084689192956,0.5785122936893652,1.0,0.4214877063106348,-0.5669158691819303,0.21208468919295598
401762514,2025,13,Rice,North Texas,24.0,56.0,-32.0,80.0,18.5,57.0,-18.5,0,0.0,1.0,650.0,-1100.0,-17.24835417894222,61.183210094323094,0.1328761294450681,1.0,0.8671238705549319,1.2516458210577817,4.183210094323094
401754599,2025,13,Stanford,California,31.0,10.0,21.0,41.0,4.5,47.5,-4.5,1,1.0,0.0,125.0,-145.0,-4.35714878881299,49.34859266087371,0.4143844891571977,1.0,0.5856155108428023,0.14285121118701039,1.848592660873713
401752775,2025,13,Florida,Tennessee,11.0,31.0,-20.0,42.0,3.0,58.0,-3.0,0,0.0,0.0,165.0,-195.0,-2.88503242354203,61.74187060723031,0.3997766059363149,1.0,0.6002233940636851,0.11496757645796984,3.741870607230311
401752915,2025,13,Wisconsin,Illinois,27.0,10.0,17.0,37.0,9.5,42.0,-9.5,1,1.0,0.0,255.0,-310.0,-12.957237643549178,44.012639666832655,0.22351396413845181,1.0,0.7764860358615482,-3.4572376435491776,2.012639666832655
401752777,2025,13,LSU,Western Kentucky,13.0,10.0,3.0,23.0,-24.5,52.0,24.5,1,0.0,0.0,-1800.0,850.0,24.762864817824877,52.816308061361305,0.944243757277297,1.0,0.055756242722702964,0.2628648178248767,0.8163080613613047
401756956,2025,13,Colorado,Arizona State,17.0,42.0,-25.0,59.0,7.0,47.5,-7.0,0,0.0,1.0,220.0,-270.0,-7.753010226106959,49.16787959205942,0.29279059710884886,1.0,0.7072094028911511,-0.7530102261069587,1.6678795920594212
401756955,2025,13,Cincinnati,BYU,14.0,26.0,-12.0,40.0,2.5,56.5,-2.5,0,0.0,0.0,115.0,-135.0,-1.2777559269007022,60.21440379836258,0.5223616819487897,1.0,0.47763831805121026,1.2222440730992978,3.714403798362582
401760420,2025,13,San Diego State,San José State,25.0,3.0,22.0,28.0,-10.0,51.5,10.0,1,1.0,0.0,-525.0,375.0,12.008386217859975,54.80052505268279,0.8049138871516217,1.0,0.1950861128483783,2.008386217859975,3.3005250526827865
401752910,2025,13,UCLA,Washington,14.0,48.0,-34.0,62.0,11.0,51.0,-11.0,0,0.0,1.0,300.0,-400.0,-16.26464335998926,53.52706760475519,0.13705431430658813,1.0,0.8629456856934119,-5.264643359989261,2.5270676047551888
401760417,2025,13,Fresno State,Utah State,17.0,28.0,-11.0,45.0,-2.0,50.0,2.0,0,0.0,0.0,-145.0,125.0,-0.4314241247487791,53.62987429869849,0.5084134812082559,1.0,0.4915865187917441,-2.431424124748779,3.629874298698489
401762868,2025,14,Massachusetts,Bowling Green,14.0,45.0,-31.0,59.0,14.0,44.5,-14.0,0,0.0,1.0,475.0,-700.0,-12.997313538145173,48.453887961531144,0.19138095645945535,1.0,0.8086190435405447,1.002686461854827,3.9538879615311444
401762869,2025,14,Eastern Michigan,Western Michigan,21.0,31.0,-10.0,52.0,10.0,49.0,-10.0,0,0.5,1.0,190.0,-230.0,-13.675237009091246,51.1099373349132,0.24725300343698775,1.0,0.7527469965630122,-3.675237009091246,2.109937334913198
401762516,2025,14,Memphis,Navy,17.0,28.0,-11.0,45.0,-3.5,57.5,3.5,0,0.0,0.0,-170.0,145.0,3.1283071961238025,56.490792533302056,0.6204318189424664,1.0,0.37956818105753365,-0.3716928038761975,-1.0092074666979443
401752916,2025,14,Nebraska,Iowa,16.0,40.0,-24.0,56.0,6.0,39.5,-6.0,0,0.0,1.0,200.0,-240.0,-10.190489936086866,41.910931198331426,0.2664644702658618,1.0,0.7335355297341382,-4.190489936086866,2.4109311983314257
401762871,2025,14,Northern Illinois,Kent State,31.0,35.0,-4.0,66.0,-5.0,45.0,5.0,0,0.0,1.0,-220.0,180.0,3.465025545446567,47.90369548563503,0.6199427529770228,1.0,0.38005724702297716,-1.5349744545534332,2.9036954856350334
401762870,2025,14,Buffalo,Ohio,26.0,31.0,-5.0,57.0,7.0,44.5,-7.0,0,1.0,1.0,210.0,-250.0,-7.217195866994752,46.427966273422726,0.316981212846142,1.0,0.683018787153858,-0.2171958669947518,1.9279662734227259
401752788,2025,14,Mississippi State,Ole Miss,19.0,38.0,-19.0,57.0,7.0,63.0,-7.0,0,0.0,0.0,215.0,-260.0,-10.904268364954007,66.9902122784635,0.21676288874151328,1.0,0.7832371112584867,-3.9042683649540066,3.9902122784635026
401756964,2025,14,Kansas,Utah,21.0,31.0,-10.0,52.0,10.0,60.5,-10.0,0,0.5,0.0,340.0,-460.0,-4.1224677558194385,63.942911845296585,0.3888417661149638,1.0,0.6111582338850362,5.8775322441805615,3.4429118452965852
401760421,2025,14,Colorado State,Air Force,21.0,42.0,-21.0,63.0,2.5,47.5,-2.5,0,0.0,1.0,110.0,-130.0,-4.137880276736188,50.31419012472379,0.41363663366603004,1.0,0.58636336633397,-1.6378802767361877,2.814190124723787
401760426,2025,14,New Mexico,San Diego State,23.0,17.0,6.0,40.0,1.0,41.5,-1.0,1,1.0,0.0,100.0,-120.0,-2.53714952497155,44.1007610071683,0.39663266938733316,1.0,0.6033673306126668,-1.53714952497155,2.600761007168302
401762442,2025,14,North Texas,Temple,52.0,25.0,27.0,77.0,-20.0,65.5,20.0,1,1.0,1.0,-1300.0,725.0,16.246061515123152,68.69277375634513,0.8598431341430286,1.0,0.1401568658569714,-3.753938484876848,3.192773756345133
401752786,2025,14,Georgia Tech,Georgia,9.0,16.0,-7.0,25.0,16.5,59.5,-16.5,0,1.0,0.0,425.0,-600.0,-17.620531285366,58.88096315899821,0.1334866820085492,1.0,0.8665133179914508,-1.120531285365999,-0.6190368410017868
401760422,2025,14,Utah State,Boise State,24.0,25.0,-1.0,49.0,2.0,55.0,-2.0,0,1.0,0.0,130.0,-150.0,-3.087125629189713,55.79728010829383,0.39310831715648825,1.0,0.6068916828435118,-1.0871256291897131,0.7972801082938332
401752792,2025,14,Texas,Texas A&M,27.0,17.0,10.0,44.0,2.5,54.5,-2.5,1,1.0,0.0,115.0,-135.0,-6.332484601959743,56.0959619328824,0.3708056746872904,1.0,0.6291943253127096,-3.8324846019597434,1.5959619328824033
401752924,2025,14,Purdue,Indiana,3.0,56.0,-53.0,59.0,28.5,54.5,-28.5,0,0.0,1.0,,,-28.525070867878217,60.70501838628912,0.04372800191222453,1.0,0.9562719980877755,-0.025070867878216774,6.205018386289119
401756961,2025,14,Arizona State,Arizona,7.0,23.0,-16.0,30.0,2.0,48.5,-2.0,0,0.0,0.0,100.0,-120.0,-5.702763743571372,47.899511847188585,0.386642700565915,1.0,0.613357299434085,-3.7027637435713716,-0.6004881528114154
401756965,2025,14,Kansas State,Colorado,24.0,14.0,10.0,38.0,-16.5,49.5,16.5,1,0.0,0.0,-950.0,600.0,17.714723620174098,52.896604615263065,0.8787037891984051,1.0,0.12129621080159492,1.214723620174098,3.3966046152630653
401762519,2025,14,Florida Atlantic,East Carolina,3.0,42.0,-39.0,45.0,7.0,66.0,-7.0,0,0.0,0.0,210.0,-250.0,-11.270892251351135,70.5124789526158,0.2480788281697256,1.0,0.7519211718302744,-4.270892251351135,4.512478952615794
401754611,2025,14,Pittsburgh,Miami,7.0,38.0,-31.0,45.0,6.5,49.0,-6.5,0,0.0,0.0,215.0,-260.0,-8.930380593093414,50.941977717808385,0.28197880430765954,1.0,0.7180211956923405,-2.430380593093414,1.9419777178083848
401756962,2025,14,Baylor,Houston,24.0,31.0,-7.0,55.0,-2.5,57.0,2.5,0,0.0,0.0,-140.0,120.0,-0.5078227694503283,60.25530731671726,0.49868649313092717,1.0,0.5013135068690728,-3.0078227694503283,3.255307316717257
401756966,2025,14,Oklahoma State,Iowa State,13.0,20.0,-7.0,33.0,14.0,46.5,-14.0,0,1.0,0.0,430.0,-625.0,-10.87774598143315,48.41904515764733,0.20842195058435747,1.0,0.7915780494156426,3.1222540185668493,1.9190451576473322
401752787,2025,14,Louisville,Kentucky,41.0,0.0,41.0,41.0,-1.0,45.5,1.0,1,1.0,0.0,-150.0,130.0,-2.962887387525269,48.8483476903631,0.4508761215738414,1.0,0.5491238784261586,-3.962887387525269,3.3483476903630986
401752921,2025,14,Michigan,Ohio State,9.0,27.0,-18.0,36.0,9.5,43.0,-9.5,0,0.0,0.0,305.0,-410.0,-9.567796214148924,46.716561047760976,0.25605047931515373,1.0,0.7439495206848463,-0.0677962141489239,3.716561047760976
401756968,2025,14,West Virginia,Texas Tech,0.0,49.0,-49.0,49.0,24.0,53.0,-24.0,0,0.0,0.0,1000.0,-2200.0,-23.07036754994158,55.99569915284218,0.08421020790488143,1.0,0.9157897920951186,0.9296324500584205,2.995699152842178
401762872,2025,14,Central Michigan,Toledo,3.0,21.0,-18.0,24.0,11.5,46.5,-11.5,0,0.0,0.0,295.0,-390.0,-13.895283066822987,49.66620198309807,0.17170769683713066,1.0,0.8282923031628693,-2.395283066822987,3.1662019830980697
401762875,2025,14,Miami (OH),Ball State,45.0,24.0,21.0,69.0,-17.0,40.5,17.0,1,1.0,1.0,-950.0,600.0,13.653121996052196,43.10119362897386,0.8335979347785905,1.0,0.16640206522140955,-3.346878003947804,2.60119362897386
401752790,2025,14,South Carolina,Clemson,14.0,28.0,-14.0,42.0,-2.5,46.0,2.5,0,0.0,0.0,-140.0,120.0,-0.11956286298371976,46.180019260040936,0.4974816195839472,1.0,0.5025183804160528,-2.6195628629837198,0.18001926004093605
401757311,2025,14,Sam Houston,Florida International,16.0,56.0,-40.0,72.0,10.5,51.0,-10.5,0,0.0,1.0,285.0,-370.0,-14.279304648530909,54.60910221846356,0.1555895764300944,1.0,0.8444104235699056,-3.7793046485309088,3.609102218463562
401756963,2025,14,BYU,UCF,41.0,21.0,20.0,62.0,-17.5,46.5,17.5,1,1.0,1.0,-1300.0,725.0,22.11338697599577,50.060985593432974,0.915274230948397,1.0,0.084725769051603,4.61338697599577,3.5609855934329744
401761663,2025,14,Marshall,Georgia Southern,19.0,24.0,-5.0,43.0,-10.0,62.5,10.0,0,0.0,0.0,-340.0,270.0,7.133729249721169,62.4459340020259,0.6777507503060771,1.0,0.3222492496939229,-2.866270750278831,-0.05406599797409939
401757312,2025,14,Jacksonville State,Western Kentucky,37.0,34.0,3.0,71.0,1.5,56.5,-1.5,1,1.0,1.0,115.0,-135.0,-3.2276292278422005,59.682691076716985,0.4170801187701717,1.0,0.5829198812298283,-1.7276292278422005,3.182691076716985
401761664,2025,14,Old Dominion,Georgia State,27.0,10.0,17.0,37.0,-29.0,58.5,29.0,1,0.0,0.0,-5000.0,1300.0,31.767319502387426,62.94059379684124,0.973010967977492,1.0,0.02698903202250802,2.7673195023874264,4.440593796841242
401761661,2025,14,App State,Arkansas State,29.0,30.0,-1.0,59.0,-1.0,54.5,1.0,0,0.0,1.0,-105.0,-115.0,-2.9845070782393948,58.411674403343866,0.39746290782770133,1.0,0.6025370921722987,-3.9845070782393948,3.9116744033438664
401757315,2025,14,New Mexico State,Middle Tennessee,24.0,31.0,-7.0,55.0,-3.5,52.0,3.5,0,0.0,1.0,-170.0,145.0,2.5952627018348835,54.87751978792296,0.5612130521583254,1.0,0.4387869478416746,-0.9047372981651165,2.8775197879229566
401761667,2025,14,Texas State,South Alabama,49.0,26.0,23.0,75.0,-10.0,62.5,10.0,1,1.0,1.0,-340.0,270.0,6.524868777230375,63.8368610817578,0.655268628980564,1.0,0.34473137101943596,-3.475131222769625,1.336861081757803
401761665,2025,14,Louisiana,UL Monroe,30.0,27.0,3.0,57.0,-11.0,47.5,11.0,1,0.0,1.0,-470.0,345.0,11.861870674983905,49.467588386763666,0.802421357137551,1.0,0.19757864286244897,0.8618706749839049,1.9675883867636657
401762517,2025,14,Tulsa,UAB,24.0,31.0,-7.0,55.0,-9.0,56.5,9.0,0,0.0,0.0,-330.0,265.0,7.629007168344443,60.102279032044315,0.6744039054395995,1.0,0.3255960945604005,-1.370992831655557,3.602279032044315
401754608,2025,14,Syracuse,Boston College,12.0,34.0,-22.0,46.0,3.0,54.0,-3.0,0,0.0,0.0,125.0,-145.0,-6.599133304464787,54.79539966092222,0.3413643951312737,1.0,0.6586356048687263,-3.599133304464787,0.7953996609222216
401754610,2025,14,Duke,Wake Forest,49.0,32.0,17.0,81.0,-2.5,54.0,2.5,1,1.0,1.0,-140.0,120.0,1.0798762233796513,57.177362226968775,0.5289396276234086,1.0,0.4710603723765914,-1.4201237766203487,3.177362226968775
401756967,2025,14,TCU,Cincinnati,45.0,23.0,22.0,68.0,-3.0,58.5,3.0,1,1.0,1.0,-150.0,130.0,7.929843656038097,63.233485141388364,0.7140195302694005,1.0,0.28598046973059954,4.929843656038097,4.733485141388364
401752783,2025,14,Arkansas,Missouri,17.0,31.0,-14.0,48.0,4.5,54.5,-4.5,0,0.0,0.0,165.0,-195.0,-5.351742248047088,56.35675170394493,0.40423421648029517,1.0,0.5957657835197048,-0.8517422480470884,1.85675170394493
401762441,2025,14,UTSA,Army,24.0,27.0,-3.0,51.0,-8.5,50.0,8.5,0,0.0,1.0,-300.0,250.0,3.2661893348234274,49.65207477871575,0.6341930198212142,1.0,0.36580698017878577,-5.233810665176573,-0.34792522128424963
401752920,2025,14,Rutgers,Penn State,36.0,40.0,-4.0,76.0,14.0,55.5,-14.0,0,1.0,1.0,400.0,-575.0,-14.306311403313643,59.90660338131363,0.1809267436344077,1.0,0.8190732563655923,-0.3063114033136429,4.40660338131363
401752791,2025,14,Tennessee,Vanderbilt,24.0,45.0,-21.0,69.0,-2.0,66.5,2.0,0,0.0,1.0,-140.0,120.0,-0.42934078958382527,68.17117586071566,0.48244652388368114,1.0,0.5175534761163189,-2.4293407895838253,1.671175860715664
401761666,2025,14,Southern Miss,Troy,18.0,28.0,-10.0,46.0,-7.0,50.0,7.0,0,0.0,0.0,-245.0,205.0,4.954244882285515,55.01186885872082,0.5854407503498658,1.0,0.41455924965013424,-2.045755117714485,5.011868858720817
401757313,2025,14,Liberty,Kennesaw State,42.0,48.0,-6.0,90.0,2.5,55.5,-2.5,0,0.0,1.0,105.0,-125.0,-5.141796051611957,57.05834149191002,0.4336898380966788,1.0,0.5663101619033212,-2.6417960516119567,1.5583414919100207
401752789,2025,14,Oklahoma,LSU,17.0,13.0,4.0,30.0,-11.5,36.0,11.5,1,0.0,0.0,-470.0,345.0,12.537611042060623,38.962804633313674,0.776568782126137,1.0,0.223431217873863,1.0376110420606235,2.9628046333136737
401752918,2025,14,Minnesota,Wisconsin,17.0,7.0,10.0,24.0,2.5,38.5,-2.5,1,1.0,0.0,110.0,-130.0,-8.021166568791735,41.89211663739939,0.34011116307386957,1.0,0.6598888369261304,-5.521166568791735,3.39211663739939
401752917,2025,14,Washington,Oregon,14.0,26.0,-12.0,40.0,7.0,51.0,-7.0,0,0.0,0.0,220.0,-270.0,-8.571847508142536,54.368469211525415,0.2769804751227819,1.0,0.7230195248772181,-1.571847508142536,3.368469211525415
401761662,2025,14,Coastal Carolina,James Madison,10.0,59.0,-49.0,69.0,24.0,54.5,-24.0,0,0.0,1.0,1000.0,-2200.0,-24.49776079573575,56.43525876646291,0.08435053513548588,1.0,0.9156494648645142,-0.4977607957357506,1.9352587664629084
401752785,2025,14,Florida,Florida State,40.0,21.0,19.0,61.0,1.0,49.0,-1.0,1,1.0,1.0,-115.0,-105.0,-0.7250274935965108,52.25882484640891,0.5010148633835285,1.0,0.4989851366164715,0.27497250640348925,3.2588248464089133
401752946,2025,14,Washington State,Oregon State,32.0,8.0,24.0,40.0,-14.0,42.5,14.0,1,1.0,0.0,-600.0,425.0,12.518038865947904,43.77852508824838,0.7861166835830808,1.0,0.21388331641691916,-1.4819611340520957,1.2785250882483794
401752923,2025,14,Michigan State,Maryland,38.0,28.0,10.0,66.0,-4.0,49.5,4.0,1,1.0,1.0,-185.0,160.0,8.16629602268101,48.52190611959757,0.6821160653730615,1.0,0.31788393462693854,4.16629602268101,-0.9780938804024331
401762520,2025,14,South Florida,Rice,52.0,3.0,49.0,55.0,-28.0,57.5,28.0,1,1.0,0.0,-5000.0,1300.0,27.778632628982116,61.406633369619236,0.9637568719292287,1.0,0.03624312807077135,-0.22136737101788384,3.906633369619236
401754613,2025,14,Virginia,Virginia Tech,27.0,7.0,20.0,34.0,-8.0,52.5,8.0,1,1.0,0.0,-340.0,270.0,9.179086162284689,55.5983392825142,0.7561542194778719,1.0,0.24384578052212813,1.1790861622846887,3.0983392825142033
401754612,2025,14,NC State,North Carolina,42.0,19.0,23.0,61.0,-7.0,49.0,7.0,1,1.0,1.0,-275.0,225.0,8.992029262699994,50.77041696248777,0.7514375163693209,1.0,0.24856248363067912,1.9920292626999938,1.7704169624877721
401752922,2025,14,Illinois,Northwestern,20.0,13.0,7.0,33.0,-7.0,44.0,7.0,1,0.5,0.0,-270.0,220.0,12.36872025155661,46.38012736816344,0.7973102342606682,1.0,0.20268976573933184,5.36872025155661,2.3801273681634427
401752784,2025,14,Auburn,Alabama,20.0,27.0,-7.0,47.0,7.0,48.0,-7.0,0,0.5,0.0,185.0,-225.0,-6.858371083079656,50.801175648564204,0.29708646545679385,1.0,0.7029135345432062,0.14162891692034396,2.801175648564204
401752919,2025,14,USC,UCLA,29.0,10.0,19.0,39.0,-21.0,59.0,21.0,1,0.0,0.0,-1800.0,850.0,23.19605874401719,61.33573072453106,0.9387981523078821,1.0,0.061201847692117894,2.19605874401719,2.335730724531061
401762518,2025,14,Tulane,Charlotte,27.0,0.0,27.0,27.0,-31.0,52.5,31.0,1,0.0,0.0,,,34.609470888058304,55.898792933503906,0.981894697923067,1.0,0.01810530207693295,3.609470888058304,3.3987929335039055
401754609,2025,14,California,SMU,38.0,35.0,3.0,73.0,13.5,53.5,-13.5,1,1.0,1.0,390.0,-550.0,-14.176966126376094,56.86348266801252,0.1685849712339206,1.0,0.8314150287660794,-0.6769661263760938,3.363482668012523
401760425,2025,14,Nevada,UNLV,17.0,42.0,-25.0,59.0,7.5,53.0,-7.5,0,0.0,1.0,240.0,-290.0,-9.03005130767871,55.42320808340749,0.2581290763537606,1.0,0.7418709236462394,-1.5300513076787094,2.423208083407488
401760423,2025,14,San José State,Fresno State,14.0,41.0,-27.0,55.0,3.5,46.0,-3.5,0,0.0,1.0,150.0,-175.0,-6.387093024939681,51.03040546697176,0.32776873377849736,1.0,0.6722312662215026,-2.8870930249396807,5.030405466971757
401754614,2025,14,Stanford,Notre Dame,20.0,49.0,-29.0,69.0,32.5,50.5,-32.5,0,1.0,1.0,,,-26.49380114305568,54.74380246753657,0.0623215831047927,1.0,0.9376784168952073,6.006198856944319,4.243802467536568
401760424,2025,14,Hawai'i,Wyoming,27.0,7.0,20.0,34.0,-8.5,45.0,8.5,1,1.0,0.0,-350.0,275.0,10.331825914674162,47.40503933861278,0.7511959672791961,1.0,0.24880403272080387,1.8318259146741624,2.405039338612781
401777352,2025,15,James Madison,Troy,31.0,14.0,17.0,45.0,-24.5,47.5,24.5,1,0.0,0.0,-2800.0,1100.0,27.183641151006647,50.22032693664828,0.9590562478884366,1.0,0.040943752111563425,2.683641151006647,2.720326936648277
401777325,2025,15,Jacksonville State,Kennesaw State,15.0,19.0,-4.0,34.0,3.0,62.5,-3.0,0,0.0,0.0,120.0,-140.0,-5.912976267865937,65.64101473930391,0.39717882859670117,1.0,0.6028211714032988,-2.912976267865937,3.1410147393039125
401777326,2025,15,Boise State,UNLV,38.0,21.0,17.0,59.0,-6.0,60.0,6.0,1,1.0,0.0,-180.0,155.0,9.627043695327481,62.664077098523535,0.7413042124293368,1.0,0.25869578757066325,3.6270436953274814,2.664077098523535
401777324,2025,15,Tulane,North Texas,34.0,21.0,13.0,55.0,1.0,66.5,-1.0,1,1.0,0.0,115.0,-135.0,1.271514025679359,69.06371103123847,0.5251372185761816,1.0,0.47486278142381844,2.271514025679359,2.563711031238469
401777327,2025,15,Texas Tech,BYU,34.0,7.0,27.0,41.0,-12.5,49.0,12.5,1,1.0,0.0,-525.0,375.0,15.236357660822996,49.22724837943461,0.854134963509545,1.0,0.145865036490455,2.7363576608229963,0.22724837943461296
401777329,2025,15,Western Michigan,Miami (OH),23.0,13.0,10.0,36.0,-2.0,44.0,2.0,1,1.0,0.0,-130.0,110.0,0.44632114477836105,42.74891068054814,0.47489214753715414,1.0,0.5251078524628459,-1.553678855221639,-1.2510893194518573
401777351,2025,15,Alabama,Georgia,7.0,28.0,-21.0,35.0,1.5,48.5,-1.5,0,0.0,0.0,115.0,-135.0,0.5884344698509048,49.94433217192475,0.5166095820687737,1.0,0.4833904179312263,2.0884344698509048,1.4443321719247493
401777328,2025,15,Virginia,Duke,20.0,27.0,-7.0,47.0,-3.5,58.5,3.5,0,0.0,0.0,-175.0,150.0,5.660025907254983,57.728077816759395,0.6406129919760409,1.0,0.35938700802395906,2.1600259072549832,-0.7719221832406049
401777353,2025,15,Ohio State,Indiana,10.0,13.0,-3.0,23.0,-3.5,46.0,3.5,0,0.0,0.0,-195.0,165.0,6.07698162135627,45.58762422460338,0.6642901155636294,1.0,0.3357098844363706,2.5769816213562704,-0.41237577539661885
401762521,2025,16,Navy,Army,17.0,16.0,1.0,33.0,-6.0,38.0,6.0,1,0.0,0.0,-200.0,170.0,7.185157417195232,37.682689192956346,0.6826113625087202,1.0,0.31738863749127977,1.1851574171952324,-0.3173108070436541
401778302,2025,1,Washington,Boise State,38.0,10.0,28.0,48.0,-9.5,55.5,9.5,1,1.0,0.0,-320.0,260.0,10.630612815530515,56.027114252707385,0.7384498577101724,0.6,0.26155014228982765,1.1306128155305153,0.5271142527073849
401778303,2025,1,Jacksonville State,Troy,17.0,13.0,4.0,30.0,-3.0,47.5,3.0,1,1.0,0.0,160.0,-185.0,1.6569935442921544,49.109948324235766,0.5212319873726694,0.6,0.4787680126273306,-1.3430064557078456,1.6099483242357664
401778304,2025,1,South Florida,Old Dominion,10.0,24.0,-14.0,34.0,-3.0,54.0,3.0,0,0.0,0.0,-230.0,190.0,2.8886902590346812,55.48431496214014,0.5794155880929502,0.6,0.42058441190704976,-0.11130974096531876,1.4843149621401395
401778306,2025,1,Western Michigan,Kennesaw State,41.0,6.0,35.0,47.0,-3.0,47.0,3.0,1,1.0,0.5,-185.0,160.0,2.563765094146937,46.727980440171955,0.5438109515540785,0.6,0.45618904844592145,-0.436234905853063,-0.2720195598280455
401778307,2025,1,NC State,Memphis,31.0,7.0,24.0,38.0,-6.0,56.5,6.0,1,1.0,0.0,-225.0,185.0,8.10267719401471,57.35631439177162,0.684102676091753,0.6,0.315897323908247,2.10267719401471,0.8563143917716189
401779840,2025,1,Oklahoma,Alabama,24.0,34.0,-10.0,58.0,-1.5,42.0,1.5,0,0.0,1.0,,,0.7837474426827857,45.653713043506556,0.5067044301472325,0.6,0.49329556985276746,-0.7162525573172143,3.6537130435065563
401779841,2025,1,Texas A&M,Miami,3.0,10.0,-7.0,13.0,-3.0,48.5,3.0,0,0.0,0.0,,,5.644093666197442,50.37958836243632,0.6382093739250533,0.6,0.3617906260749467,2.644093666197442,1.8795883624363228
401779842,2025,1,Ole Miss,Tulane,41.0,10.0,31.0,51.0,-17.5,57.5,17.5,1,1.0,0.0,,,16.073884974677522,61.20982966277237,0.8403446551317297,0.6,0.15965534486827027,-1.4261150253224777,3.7098296627723713
401779843,2025,1,Oregon,James Madison,51.0,34.0,17.0,85.0,-22.5,47.5,22.5,1,0.0,1.0,,,20.93301321531997,49.14718207924875,0.9025355654260259,0.6,0.09746443457397413,-1.5669867846800294,1.6471820792487506
401778308,2025,1,Utah State,Washington State,21.0,34.0,-13.0,55.0,-1.0,50.0,1.0,0,0.0,1.0,-180.0,155.0,-0.3528902314803055,51.399447958117484,0.46863726147546214,0.6,0.5313627385245379,-1.3528902314803055,1.3994479581174843
401778309,2025,1,Louisville,Toledo,27.0,22.0,5.0,49.0,-8.5,44.5,8.5,1,0.0,1.0,-320.0,260.0,8.679853114463969,44.89460908744837,0.665564242402523,0.6,0.334435757597477,0.17985311446396857,0.394609087448373
401778310,2025,1,Southern Miss,Western Kentucky,16.0,27.0,-11.0,43.0,-3.0,59.0,3.0,0,0.0,0.0,160.0,-185.0,1.8416590434577338,61.16809707323647,0.5151629624227277,0.6,0.48483703757727226,-1.1583409565422662,2.168097073236467
401778311,2025,1,Ohio,UNLV,17.0,10.0,7.0,27.0,6.0,64.5,-6.0,1,1.0,0.0,170.0,-200.0,-4.878875004774309,65.85314482503654,0.3859965195072275,0.6,0.6140034804927725,1.1211249952256912,1.3531448250365372
401778312,2025,1,Hawai'i,California,35.0,31.0,4.0,66.0,-1.5,54.5,1.5,1,1.0,1.0,125.0,-145.0,1.7424000840366327,56.63334076251657,0.5576612963762965,0.6,0.44233870362370353,0.2424000840366327,2.1333407625165677
401778313,2025,1,Northwestern,Central Michigan,34.0,7.0,27.0,41.0,-12.0,43.0,12.0,1,1.0,0.0,-480.0,350.0,9.160490562123266,44.13562320363123,0.7112112764008549,0.6,0.2887887235991451,-2.8395094378767336,1.1356232036312335
401778314,2025,1,Minnesota,New Mexico,20.0,17.0,3.0,37.0,-2.0,44.5,2.0,1,1.0,0.0,-145.0,125.0,3.275814087643522,44.27747689646555,0.5953081825407314,0.6,0.40469181745926863,1.2758140876435222,-0.22252310353444926
401778315,2025,1,UTSA,Florida International,57.0,20.0,37.0,77.0,-7.0,62.5,7.0,1,1.0,1.0,-320.0,260.0,5.118267189637778,64.11994049360547,0.6208199160528365,0.6,0.3791800839471635,-1.8817328103622222,1.619940493605469
401778316,2025,1,East Carolina,Pittsburgh,23.0,17.0,6.0,40.0,6.0,59.0,-6.0,1,1.0,0.0,185.0,-225.0,-5.774874149042534,60.08400498194033,0.37339031339573797,0.6,0.6266096866042621,0.22512585095746562,1.084004981940332
401778317,2025,1,Clemson,Penn State,10.0,22.0,-12.0,32.0,-2.5,47.5,2.5,0,0.0,0.0,-160.0,135.0,3.0070735992800914,47.77804350557618,0.542462742213267,0.6,0.45753725778673304,0.5070735992800914,0.2780435055761785
401778318,2025,1,Army,UConn,41.0,16.0,25.0,57.0,-5.5,41.5,5.5,1,1.0,1.0,-250.0,210.0,7.175568180819838,43.31951546458215,0.6125172798146107,0.6,0.3874827201853893,1.6755681808198384,1.8195154645821532
401778319,2025,1,BYU,Georgia Tech,25.0,21.0,4.0,46.0,-3.5,55.0,3.5,1,1.0,0.0,-160.0,135.0,3.923843286133062,55.928572034840506,0.5885219789846976,0.6,0.4114780210153024,0.4238432861330619,0.9285720348405064
401778320,2025,1,Fresno State,Miami (OH),18.0,3.0,15.0,21.0,-5.0,41.0,5.0,1,1.0,0.0,-165.0,140.0,6.012765456309265,41.836736559834996,0.6259459088356757,0.6,0.3740540911643243,1.012765456309265,0.8367365598349963
401778321,2025,1,San Diego State,North Texas,47.0,49.0,-2.0,96.0,3.0,54.5,-3.0,0,1.0,1.0,135.0,-160.0,-1.2861268283627518,55.2406561734174,0.44670821833542834,0.6,0.5532917816645717,1.7138731716372482,0.7406561734173991
401778322,2025,1,Missouri,Virginia,7.0,13.0,-6.0,20.0,-4.0,43.5,4.0,0,0.0,0.0,-260.0,215.0,2.9793556102526475,44.80890264536035,0.5716494035667825,0.6,0.4283505964332175,-1.0206443897473525,1.308902645360348
401778323,2025,1,Houston,LSU,38.0,35.0,3.0,73.0,-1.0,44.0,1.0,1,1.0,1.0,-145.0,125.0,-0.5448867031342219,44.91007370798638,0.46117634217358405,0.6,0.538823657826416,-1.544886703134222,0.9100737079863777
401778324,2025,1,App State,Georgia Southern,10.0,29.0,-19.0,39.0,10.0,58.0,-10.0,0,0.0,0.0,110.0,-130.0,-12.153878049980488,59.55103281065235,0.24239634172206914,0.6,0.7576036582779309,-2.153878049980488,1.5510328106523517
401778325,2025,1,Louisiana Tech,Coastal Carolina,23.0,14.0,9.0,37.0,-10.0,51.0,10.0,1,0.0,0.0,-280.0,230.0,7.75643859510005,52.690909166863854,0.7032067651912025,0.6,0.2967932348087975,-2.2435614048999497,1.6909091668638538
401778326,2025,1,Illinois,Tennessee,30.0,28.0,2.0,58.0,2.5,62.0,-2.5,1,1.0,0.0,180.0,-220.0,0.6817344264327612,62.8139183591329,0.4895658192993957,0.6,0.5104341807006043,3.181734426432761,0.8139183591328987
401778327,2025,1,TCU,USC,30.0,27.0,3.0,57.0,4.5,56.5,-4.5,1,1.0,1.0,190.0,-230.0,-1.5860835178761046,57.59645591125879,0.45386248204312973,0.6,0.5461375179568703,2.9139164821238954,1.0964559112587935
401778328,2025,1,Vanderbilt,Iowa,27.0,34.0,-7.0,61.0,-3.0,47.0,3.0,0,0.0,1.0,-220.0,180.0,3.2497833192968484,46.35021324843041,0.5691714816859361,0.6,0.4308285183140639,0.24978331929684838,-0.649786751569593
401778329,2025,1,Duke,Arizona State,42.0,39.0,3.0,81.0,-2.0,49.5,2.0,1,1.0,1.0,-120.0,100.0,2.370125352551155,50.47907582091656,0.5370896163575599,0.6,0.4629103836424401,0.3701253525511552,0.9790758209165631
401778330,2025,1,Texas,Michigan,41.0,27.0,14.0,68.0,-7.0,50.0,7.0,1,1.0,1.0,-210.0,175.0,4.557913505687967,51.251645009159695,0.5976303055270372,0.6,0.4023696944729628,-2.442086494312033,1.2516450091596951
401778331,2025,1,Utah,Nebraska,44.0,22.0,22.0,66.0,-14.0,51.0,14.0,1,1.0,1.0,-625.0,430.0,11.582345848813013,51.13136189514256,0.7810920295658683,0.6,0.21890797043413168,-2.417654151186987,0.13136189514256102
401769070,2025,1,Ohio State,Miami,14.0,24.0,-10.0,38.0,-8.0,40.0,8.0,0,0.0,0.0,,,7.974282082218746,40.8725449872007,0.7066291471707256,0.6,0.29337085282927444,-0.025717917781253874,0.8725449872006976
401769071,2025,1,Texas Tech,Oregon,0.0,23.0,-23.0,23.0,-1.0,51.0,1.0,0,0.0,0.0,,,3.353742738480905,52.34983241357094,0.5782364205847387,0.6,0.4217635794152613,2.353742738480905,1.3498324135709368
401769072,2025,1,Indiana,Alabama,38.0,3.0,35.0,41.0,-7.5,46.5,7.5,1,1.0,0.0,,,6.181566103396254,47.47316313736733,0.6374235764295405,0.6,0.3625764235704595,-1.3184338966037457,0.9731631373673295
401769073,2025,1,Georgia,Ole Miss,34.0,39.0,-5.0,73.0,-6.0,54.0,6.0,0,0.0,1.0,,,7.883683086165256,54.79406278716267,0.6928013474288423,0.6,0.30719865257115775,1.8836830861652558,0.7940627871626731
401778332,2025,1,Texas State,Rice,41.0,10.0,31.0,51.0,-19.5,55.5,19.5,1,1.0,0.0,-400.0,300.0,18.117824634764684,56.492979974340486,0.873160515963572,0.6,0.12683948403642797,-1.382175365235316,0.9929799743404857
401778333,2025,1,Cincinnati,Navy,13.0,35.0,-22.0,48.0,4.0,57.5,-4.0,0,0.0,0.0,155.0,-180.0,-6.30316616069871,58.66740568106939,0.3797252074130515,0.6,0.6202747925869485,-2.3031661606987104,1.1674056810693898
401778334,2025,1,Mississippi State,Wake Forest,29.0,43.0,-14.0,72.0,-2.5,52.5,2.5,0,0.0,1.0,-150.0,130.0,2.0783708311040403,53.20739448902427,0.534425463224282,0.6,0.46557453677571803,-0.4216291688959597,0.7073944890242672
401831583,2025,1,SMU,Arizona,24.0,19.0,5.0,43.0,-2.5,55.0,2.5,1,1.0,0.0,125.0,-145.0,0.34485026115539297,54.157295970257,0.5120695164042208,0.6,0.4879304835957792,-2.155149738844607,-0.8427040297429969
401769075,2025,1,Ole Miss,Miami,27.0,31.0,-4.0,58.0,3.0,53.0,-3.0,0,0.0,1.0,130.0,-150.0,-3.0185413976705187,54.23965446017225,0.43564441550300637,0.6,0.5643555844969936,-0.018541397670518656,1.2396544601722468
401769074,2025,1,Indiana,Oregon,56.0,22.0,34.0,78.0,-3.0,50.0,3.0,1,1.0,1.0,,,4.737206658906631,50.51211755110573,0.5956699657312935,0.6,0.4043300342687065,1.737206658906631,0.5121175511057316
401769076,2025,1,Indiana,Miami,27.0,21.0,6.0,48.0,-7.0,47.0,7.0,1,0.0,1.0,,,6.668755571443341,49.48819726277235,0.6740092749414089,0.6,0.32599072505859106,-0.33124442855665936,2.4881972627723528
