game_id,season,week,home_team,away_team,home_points,away_points,point_diff,total_points,spread,over_under,vegas_home_margin,home_win,covered_spread,went_over,home_moneyline,away_moneyline,pred_spread,pred_total,pred_home_win_p,prior_shrink,spread_edge,totals_edge,training_cutoff
401110723,2019,1,Florida,Miami,24.0,20.0,4.0,44.0,-7.0,46.5,7.0,1,0,0,,,10.899749540075081,46.08129370428768,0.6877104730096513,0.6,3.8997495400750815,-0.4187062957123189,2018
401114164,2019,1,Hawai'i,Arizona,45.0,38.0,7.0,83.0,10.5,71.0,-10.5,1,1,1,,,-8.02051174473303,71.24377874715647,0.36139095860754517,0.6,2.47948825526697,0.24377874715646897,2018
401117854,2019,1,Cincinnati,UCLA,24.0,14.0,10.0,38.0,-2.5,55.5,2.5,1,1,0,,,2.5021617331663744,55.882294682691004,0.6656860592229998,0.6,0.0021617331663743578,0.3822946826910041,2018
401114236,2019,1,Tulane,Florida International,42.0,14.0,28.0,56.0,-3.0,58.5,3.0,1,1,0,,,1.2087359575099077,58.70019927497101,0.5442187601112399,0.6,-1.7912640424900923,0.20019927497101264,2018
401111653,2019,1,Clemson,Georgia Tech,52.0,14.0,38.0,66.0,-36.5,60.5,36.5,1,1,1,,,38.47890238253688,59.50610736382027,0.9853825549156496,0.6,1.9789023825368801,-0.99389263617973,2018
401110731,2019,1,Texas A&M,Texas State,41.0,7.0,34.0,48.0,-33.0,57.5,33.0,1,1,0,,,37.34933357444319,60.50441132473238,0.9720626660279186,0.6,4.349333574443193,3.0044113247323807,2018
401114153,2019,1,Arizona State,Kent State,30.0,7.0,23.0,37.0,-24.5,61.5,24.5,1,0,0,,,22.11561018181212,63.159818850140255,0.8464271779597611,0.6,-2.3843898181878806,1.6598188501402547,2018
401114223,2019,1,BYU,Utah,12.0,30.0,-18.0,42.0,5.5,48.5,-5.5,0,0,0,,,-6.591851758974753,42.78592372800059,0.3618332978360811,0.6,-1.0918517589747534,-5.71407627199941,2018
401114238,2019,1,Army,Rice,14.0,7.0,7.0,21.0,-23.5,46.0,23.5,1,0,0,,,23.024793372965515,46.95915049617454,0.8789146622585139,0.6,-0.4752066270344848,0.9591504961745372,2018
401112212,2019,1,Michigan State,Tulsa,28.0,7.0,21.0,35.0,-23.5,47.5,23.5,1,0,0,,,22.965263031327023,49.192048111865,0.9468937110759744,0.6,-0.534736968672977,1.6920481118649988,2018
401112264,2019,1,Rutgers,Massachusetts,48.0,21.0,27.0,69.0,-17.0,54.0,17.0,1,1,1,,,22.82456815869379,50.96091377012465,0.8621011240571494,0.6,5.82456815869379,-3.039086229875352,2018
401117856,2019,1,South Florida,Wisconsin,0.0,49.0,-49.0,49.0,10.5,58.0,-10.5,0,0,0,,,-11.51616146111616,60.01241990498101,0.2655311284702465,0.6,-1.0161614611161607,2.0124199049810088,2018
401112430,2019,1,Wake Forest,Utah State,38.0,35.0,3.0,73.0,-4.5,61.5,4.5,1,0,1,,,6.71622098608133,58.89892501294705,0.5829664436072686,0.6,2.2162209860813302,-2.6010749870529466,2018
401112262,2019,1,Nevada,Purdue,34.0,31.0,3.0,65.0,11.0,58.5,-11.0,1,1,1,,,-12.119432552341731,60.49800998650103,0.3842563601385116,0.6,-1.1194325523417312,1.9980099865010317,2018
401114184,2019,1,Colorado,Colorado State,52.0,31.0,21.0,83.0,-13.0,55.5,13.0,1,1,1,,,15.707444605184381,54.230466944994,0.7693955820912012,0.6,2.7074446051843815,-1.2695330550060007,2018
401112122,2019,1,Oregon State,Oklahoma State,36.0,52.0,-16.0,88.0,13.5,73.0,-13.5,0,0,1,,,-9.728711891058463,74.95301080522835,0.2464632194579231,0.6,3.771288108941537,1.9530108052283452,2018
401112238,2019,1,Nebraska,South Alabama,35.0,21.0,14.0,56.0,-35.5,65.5,35.5,1,0,0,,,35.36226738245131,65.20033249486269,0.9437145936146396,0.6,-0.13773261754869282,-0.29966750513730744,2018
401112251,2019,1,Ohio State,Florida Atlantic,45.0,21.0,24.0,66.0,-28.0,66.0,28.0,1,0,0,,,28.61523849201559,70.94247192461117,0.9410392064603738,0.6,0.6152384920155889,4.942471924611169,2018
401110727,2019,1,Louisiana,Mississippi State,28.0,38.0,-10.0,66.0,18.5,60.5,-18.5,0,1,1,,,-13.073549041525958,62.307124904923846,0.16463766678330383,0.6,5.426450958474042,1.807124904923846,2018
401112157,2019,1,Ball State,Indiana,24.0,34.0,-10.0,58.0,18.0,61.5,-18.0,0,1,0,,,-19.796886214417025,65.72900471809596,0.09873980907412504,0.6,-1.7968862144170252,4.229004718095965,2018
401112145,2019,1,Illinois,Akron,42.0,3.0,39.0,45.0,-18.0,60.0,18.0,1,1,0,,,15.289942032831712,61.34107920805459,0.7525945495635884,0.6,-2.7100579671682876,1.3410792080545875,2018
401110726,2019,1,Memphis,Ole Miss,15.0,10.0,5.0,25.0,-3.5,65.0,3.5,1,1,0,,,5.0241352169376725,62.858155395532286,0.5874729338810908,0.6,1.5241352169376725,-2.141844604467714,2018
401110724,2019,1,Kentucky,Toledo,38.0,24.0,14.0,62.0,-10.0,60.5,10.0,1,1,1,,,12.328588828027026,53.17165507569305,0.8177827278848411,0.6,2.3285888280270264,-7.328344924306947,2018
401112432,2019,1,NC State,East Carolina,34.0,6.0,28.0,40.0,-17.5,51.5,17.5,1,1,0,,,15.658234046044015,46.587706434682254,0.7852057835545868,0.6,-1.841765953955985,-4.912293565317746,2018
401112431,2019,1,Florida State,Boise State,31.0,36.0,-5.0,67.0,-6.5,54.5,6.5,0,0,1,,,5.5963789930511725,57.18838213935623,0.5801449470027105,0.6,-0.9036210069488275,2.6883821393562286,2018
401119256,2019,1,Coastal Carolina,Eastern Michigan,23.0,30.0,-7.0,53.0,5.0,55.5,-5.0,0,0,0,,,-10.089466255519106,55.888617871114455,0.23250956831523062,0.6,-5.089466255519106,0.3886178711144552,2018
401110720,2019,1,Alabama,Duke,42.0,3.0,39.0,45.0,-34.5,57.0,34.5,1,1,0,,,32.7727556772895,56.91257708328989,0.8934325685996996,0.6,-1.7272443227104972,-0.0874229167101106,2018
401110729,2019,1,North Carolina,South Carolina,24.0,20.0,4.0,44.0,12.0,62.5,-12.0,1,1,0,,,-11.833218722167299,62.33639781948169,0.21589352963275504,0.6,0.16678127783270114,-0.16360218051831055,2018
401110730,2019,1,Tennessee,Georgia State,30.0,38.0,-8.0,68.0,-24.5,58.5,24.5,0,0,1,,,28.391058180722098,51.94057182666403,0.9345859631034021,0.6,3.891058180722098,-6.5594281733359665,2018
401112435,2019,1,Boston College,Virginia Tech,35.0,28.0,7.0,63.0,4.5,57.5,-4.5,1,1,1,,,-7.0054253687603385,54.67740914076278,0.4318189437325931,0.6,-2.5054253687603385,-2.8225908592372235,2018
401112245,2019,1,Stanford,Northwestern,17.0,7.0,10.0,24.0,-6.5,46.5,6.5,1,1,0,,,7.563558149159389,51.983123727458576,0.7001832186588469,0.6,1.0635581491593893,5.483123727458576,2018
401112434,2019,1,Liberty,Syracuse,0.0,24.0,-24.0,24.0,19.5,69.5,-19.5,0,0,0,,,-18.261694665801606,71.63729478448654,0.20096351370238702,0.6,1.2383053341983938,2.137294784486542,2018
401117858,2019,1,Arkansas State,SMU,30.0,37.0,-7.0,67.0,-1.5,57.5,1.5,0,0,1,,,-4.391811935128593,57.31946218170775,0.3728944503332785,0.6,-5.891811935128593,-0.18053781829225102,2018
401110732,2019,1,Vanderbilt,Georgia,6.0,30.0,-24.0,36.0,23.5,56.5,-23.5,0,0,0,,,-20.31529630173235,61.87208492168018,0.08647189534901306,0.6,3.1847036982676507,5.372084921680177,2018
401112222,2019,1,Michigan,Middle Tennessee,40.0,21.0,19.0,61.0,-36.0,56.0,36.0,1,0,1,,,37.50636189856172,56.46919658407887,0.9509209313707883,0.6,1.506361898561721,0.46919658407887255,2018
401112433,2019,1,Pittsburgh,Virginia,14.0,30.0,-16.0,44.0,2.5,46.0,-2.5,0,0,0,,,-4.407442791986724,44.344179896130925,0.4665493637658944,0.6,-1.9074427919867238,-1.6558201038690754,2018
401110725,2019,1,LSU,Georgia Southern,55.0,3.0,52.0,58.0,-27.0,51.5,27.0,1,1,1,,,27.18625587600128,51.932423951934446,0.9590207901415649,0.6,0.18625587600127957,0.43242395193444594,2018
401110722,2019,1,Auburn,Oregon,27.0,21.0,6.0,48.0,-3.5,55.5,3.5,1,1,0,,,3.52295046321699,53.85345046785039,0.7044709204404205,0.6,0.022950463216989903,-1.6465495321496135,2018
401112191,2019,1,Iowa,Miami (OH),38.0,14.0,24.0,52.0,-25.0,47.5,25.0,1,0,1,,,27.315019695112966,49.245907729447026,0.9453012717818792,0.6,2.315019695112966,1.7459077294470262,2018
401110728,2019,1,Wyoming,Missouri,37.0,31.0,6.0,68.0,17.0,53.5,-17.0,1,1,1,,,-18.04888467387574,56.195344867624165,0.16383354068514783,0.6,-1.0488846738757402,2.695344867624165,2018
401112135,2019,1,Texas,Louisiana Tech,45.0,14.0,31.0,59.0,-19.0,55.0,19.0,1,1,1,,,22.856299546690874,56.388412074494106,0.9256037431250008,0.6,3.856299546690874,1.3884120744941058,2018
401114228,2019,1,Washington State,New Mexico State,58.0,7.0,51.0,65.0,-33.0,65.5,33.0,1,1,0,,,30.226648184451538,62.480127960816155,0.8896714661912077,0.6,-2.7733518155484624,-3.019872039183845,2018
401114218,2019,1,USC,Fresno State,31.0,23.0,8.0,54.0,-14.0,50.0,14.0,1,0,1,,,17.33751376721516,49.10306563111228,0.7404521310465874,0.6,3.3375137672151602,-0.8969343688877203,2018
401112114,2019,1,Oklahoma,Houston,49.0,31.0,18.0,80.0,-21.5,79.5,21.5,1,0,1,,,18.857725555935957,81.591681146763,0.829137259387172,0.6,-2.642274444064043,2.091681146762994,2018
401112436,2019,1,Louisville,Notre Dame,17.0,35.0,-18.0,52.0,19.5,54.5,-19.5,0,1,0,,,-18.2597401341771,55.97154739248047,0.1738037088501578,0.6,1.2402598658228996,1.471547392480467,2018
401112447,2019,2,Rice,Wake Forest,21.0,41.0,-20.0,62.0,20.0,59.0,-20.0,0,0,1,,,-24.98854441509655,58.44777216462403,0.12693851682638346,0.75,-4.988544415096548,-0.5522278353759731,2018
401114251,2019,2,Boise State,Marshall,14.0,7.0,7.0,21.0,-13.5,58.0,13.5,1,0,0,,,12.882183503957807,55.21443644089009,0.6845979580882242,0.75,-0.6178164960421935,-2.78556355910991,2018
401112445,2019,2,Pittsburgh,Ohio,20.0,10.0,10.0,30.0,-4.0,54.5,4.0,1,1,0,,,4.843367512942425,53.68651794394022,0.588201769318581,0.75,0.8433675129424252,-0.8134820560597831,2018
401112192,2019,2,Iowa,Rutgers,30.0,0.0,30.0,30.0,-17.5,48.0,17.5,1,1,0,,,18.016272035151584,51.020669446601964,0.8850985468300353,0.75,0.5162720351515837,3.020669446601964,2018
401112252,2019,2,Ohio State,Cincinnati,42.0,0.0,42.0,42.0,-15.0,52.5,15.0,1,1,0,,,20.766519810392175,51.249211490016116,0.8533271425107095,0.75,5.766519810392175,-1.2507885099838845,2018
401112446,2019,2,Virginia Tech,Old Dominion,31.0,17.0,14.0,48.0,-28.5,58.0,28.5,1,0,0,,,30.76284514226913,57.15778456938009,0.9561491013084079,0.75,2.2628451422691285,-0.842215430619909,2018
401112223,2019,2,Michigan,Army,24.0,21.0,3.0,45.0,-22.0,47.5,22.0,1,0,0,,,25.396813464021307,48.35711847816083,0.9365774501611859,0.75,3.3968134640213066,0.8571184781608281,2018
401112202,2019,2,Maryland,Syracuse,63.0,20.0,43.0,83.0,-1.0,59.0,1.0,1,1,1,,,-4.851742196539825,61.76900035016581,0.4124676573530676,0.75,-5.851742196539825,2.769000350165811,2018
401110781,2019,2,Missouri,West Virginia,38.0,7.0,31.0,45.0,-13.5,63.0,13.5,1,1,0,,,10.309246328825758,63.21690610190828,0.6778715007260279,0.75,-3.1907536711742424,0.21690610190827897,2018
401110785,2019,2,Purdue,Vanderbilt,42.0,24.0,18.0,66.0,-7.0,55.5,7.0,1,1,1,,,1.3744973213139495,50.730433199115495,0.5081805768071714,0.75,-5.6255026786860505,-4.769566800884505,2018
401112107,2019,2,Kansas State,Bowling Green,52.0,0.0,52.0,52.0,-25.0,57.5,25.0,1,1,0,,,25.73298566348556,55.38068470775929,0.900457210924781,0.75,0.7329856634855609,-2.1193152922407066,2018
401114254,2019,2,Akron,UAB,20.0,31.0,-11.0,51.0,7.5,46.5,-7.5,0,0,1,,,-3.134815670734244,44.90782892568798,0.30167150069993287,0.75,4.365184329265756,-1.59217107431202,2018
401114224,2019,2,Utah,Northern Illinois,35.0,17.0,18.0,52.0,-22.5,45.0,22.5,1,0,1,,,22.236168742453714,44.57448499910029,0.9001579528293321,0.75,-0.2638312575462862,-0.42551500089970773,2018
401112441,2019,2,Georgia Tech,South Florida,14.0,10.0,4.0,24.0,-5.0,58.5,5.0,1,0,0,,,7.4979821701185045,59.31880898623317,0.5475763073162023,0.75,2.4979821701185045,0.8188089862331722,2018
401110780,2019,2,Mississippi State,Southern Miss,38.0,15.0,23.0,53.0,-16.5,50.0,16.5,1,1,1,,,16.91830203293983,45.99643887617832,0.9135748730818389,0.75,0.41830203293983104,-4.003561123821683,2018
401112268,2019,2,Wisconsin,Central Michigan,61.0,0.0,61.0,61.0,-35.0,54.0,35.0,1,1,1,,,30.44593215919305,52.00142952693026,0.973022678333447,0.75,-4.554067840806951,-1.9985704730697407,2018
401112146,2019,2,UConn,Illinois,23.0,31.0,-8.0,54.0,21.0,59.5,-21.0,0,1,0,,,-20.268788807118426,63.224906865685824,0.11027601021886874,0.75,0.7312111928815739,3.724906865685824,2018
401110784,2019,2,Clemson,Texas A&M,24.0,10.0,14.0,34.0,-16.0,62.0,16.0,1,0,0,,,18.91839422093376,65.12974545558724,0.8460857354372472,0.75,2.9183942209337594,3.1297454555872406,2018
401114247,2019,2,App State,Charlotte,56.0,41.0,15.0,97.0,-23.5,54.5,23.5,1,0,1,,,28.740774475658753,55.76125904631568,0.9028378847839396,0.75,5.240774475658753,1.2612590463156792,2018
401112239,2019,2,Colorado,Nebraska,34.0,31.0,3.0,65.0,4.5,63.5,-4.5,1,1,1,,,-2.060157534960976,63.87096832792489,0.5643721839946173,0.75,2.439842465039024,0.3709683279248921,2018
401110773,2019,2,Alabama,New Mexico State,62.0,10.0,52.0,72.0,-55.5,64.5,55.5,1,0,1,,,50.31037629026834,66.62483395059193,0.9783246446225374,0.75,-5.189623709731663,2.1248339505919347,2018
401112074,2019,2,Baylor,UTSA,63.0,14.0,49.0,77.0,-25.0,58.5,25.0,1,1,1,,,29.03660805456495,60.4089827615641,0.8542062024890421,0.75,4.036608054564951,1.908982761564097,2018
401114214,2019,2,UCLA,San Diego State,14.0,23.0,-9.0,37.0,-7.5,45.0,7.5,0,0,0,,,6.44614871630707,44.240156953204654,0.6925045912567895,0.75,-1.0538512836929304,-0.7598430467953463,2018
401112440,2019,2,Florida State,UL Monroe,45.0,44.0,1.0,89.0,-22.5,65.5,22.5,1,0,1,,,21.592987251808793,67.83519523606684,0.9115084836545586,0.75,-0.9070127481912067,2.3351952360668378,2018
401114248,2019,2,Florida International,Western Kentucky,14.0,20.0,-6.0,34.0,-7.5,57.0,7.5,0,0,0,,,11.078220506740381,60.95989853680577,0.5703485780153028,0.75,3.578220506740381,3.959898536805767,2018
401114249,2019,2,Florida Atlantic,UCF,14.0,48.0,-34.0,62.0,14.0,69.0,-14.0,0,0,0,,,-14.798165434896305,73.17991433830588,0.14612186465036592,0.75,-0.7981654348963048,4.179914338305878,2018
401112097,2019,2,Kansas,Coastal Carolina,7.0,12.0,-5.0,19.0,-7.0,53.5,7.0,0,0,0,,,3.9313092178588294,52.02096868563957,0.6756601139312342,0.75,-3.0686907821411706,-1.4790313143604266,2018
401117500,2019,2,Texas State,Wyoming,14.0,23.0,-9.0,37.0,7.5,47.5,-7.5,0,0,0,,,-6.215186257799051,47.87101692808859,0.24880024673521334,0.75,1.2848137422009493,0.37101692808859354,2018
401114253,2019,2,SMU,North Texas,49.0,27.0,22.0,76.0,-3.5,73.0,3.5,1,1,1,,,-2.3058210572489077,70.71717298823411,0.5221269030267451,0.75,-5.805821057248908,-2.282827011765889,2018
401110783,2019,2,Tennessee,BYU,26.0,29.0,-3.0,55.0,-3.5,52.0,3.5,0,0,1,,,0.8393133686022267,48.496714262507126,0.6269616484578991,0.75,-2.6606866313977733,-3.503285737492874,2018
401114347,2019,2,Louisiana,Liberty,35.0,14.0,21.0,49.0,-14.0,65.5,14.0,1,1,0,,,15.366076613987037,62.87358389906103,0.7724050207102912,0.75,1.3660766139870368,-2.626416100938968,2018
401112213,2019,2,Michigan State,Western Michigan,51.0,17.0,34.0,68.0,-14.5,46.5,14.5,1,1,1,,,13.012442226458933,46.00670535721136,0.8057710786697165,0.75,-1.4875577735410666,-0.49329464278864066,2018
401110777,2019,2,Kentucky,Eastern Michigan,38.0,17.0,21.0,55.0,-15.5,52.5,15.5,1,1,1,,,14.866978524447727,50.27336790008589,0.9139471312522962,0.75,-0.6330214755522725,-2.226632099914113,2018
401110778,2019,2,Texas,LSU,38.0,45.0,-7.0,83.0,6.5,57.5,-6.5,0,0,1,,,-6.647374345019352,50.21040400937024,0.29118840700551296,0.75,-0.14737434501935187,-7.289595990629763,2018
401114193,2019,2,Oregon,Nevada,77.0,6.0,71.0,83.0,-25.0,62.0,25.0,1,1,1,,,25.289264842323398,67.2481857672,0.8640234120152591,0.75,0.2892648423233979,5.248185767199999,2018
401112258,2019,2,Penn State,Buffalo,45.0,13.0,32.0,58.0,-31.0,57.0,31.0,1,1,1,,,33.237399698574336,57.30904971582871,0.9552377906811416,0.75,2.237399698574336,0.30904971582871354,2018
401110774,2019,2,Auburn,Tulane,24.0,6.0,18.0,30.0,-16.5,51.5,16.5,1,1,0,,,12.237330337052963,53.907016308889524,0.7668156620182572,0.75,-4.262669662947037,2.4070163088895242,2018
401110779,2019,2,Ole Miss,Arkansas,31.0,17.0,14.0,48.0,-5.5,50.5,5.5,1,1,0,,,5.476596638908856,54.80236722458251,0.4434652349683753,0.75,-0.023403361091143715,4.302367224582511,2018
401112140,2019,2,Texas Tech,UTEP,38.0,3.0,35.0,41.0,-35.0,64.0,35.0,1,0,0,,,34.54158609668139,66.80411485158909,0.9540081026362329,0.75,-0.45841390331860765,2.804114851589091,2018
401112443,2019,2,North Carolina,Miami,28.0,25.0,3.0,53.0,5.0,46.5,-5.0,1,1,1,,,-5.31687536307796,47.76800067890418,0.3122320713653919,0.75,-0.31687536307796016,1.2680006789041798,2018
401117501,2019,2,San José State,Tulsa,16.0,34.0,-18.0,50.0,6.5,53.5,-6.5,0,0,0,,,-9.229964111136592,57.53308515573254,0.4858662287222744,0.75,-2.729964111136592,4.033085155732543,2018
401117502,2019,2,UNLV,Arkansas State,17.0,43.0,-26.0,60.0,-1.0,64.5,1.0,0,0,0,,,5.078954617114591,61.85667888603905,0.5417784293191305,0.75,4.078954617114591,-2.643321113960951,2018
401112230,2019,2,Fresno State,Minnesota,35.0,38.0,-3.0,73.0,3.0,46.0,-3.0,0,0,1,,,-6.496395039691075,45.03825032443987,0.45294203736413086,0.75,-3.496395039691075,-0.961749675560128,2018
401114175,2019,2,Washington,California,19.0,20.0,-1.0,39.0,-13.5,43.5,13.5,0,0,0,,,7.622545068878469,41.19522947355267,0.7208229488765081,0.75,-5.877454931121531,-2.304770526447328,2018
401114207,2019,2,USC,Stanford,45.0,20.0,25.0,65.0,-3.0,43.5,3.0,1,1,1,,,-1.7706407686537737,47.12696935689325,0.4470233314124076,0.75,-4.770640768653774,3.626969356893248,2018
401114200,2019,2,Hawai'i,Oregon State,31.0,28.0,3.0,59.0,-7.0,78.0,7.0,1,0,0,,,11.766578836087955,79.52185421241512,0.7829400352213137,0.75,4.766578836087955,1.5218542124151213,2018
401112448,2019,3,Wake Forest,North Carolina,24.0,18.0,6.0,42.0,-3.0,65.0,3.0,1,1,0,,,-1.2796480587118033,69.05125923778787,0.5109953658695912,0.9,-4.279648058711803,4.051259237787875,2018
401112098,2019,3,Boston College,Kansas,24.0,48.0,-24.0,72.0,-20.5,51.0,20.5,0,0,1,,,20.752825613504324,49.757408144409716,0.915297447485779,0.9,0.2528256135043243,-1.242591855590284,2018
401114230,2019,3,Houston,Washington State,24.0,31.0,-7.0,55.0,9.0,73.5,-9.0,0,1,0,,,-2.9183557418348878,76.64844384504613,0.3553242029776862,0.9,6.081644258165112,3.148443845046131,2018
401112159,2019,3,Indiana,Ohio State,10.0,51.0,-41.0,61.0,17.5,60.0,-17.5,0,0,1,,,-21.83022363198695,59.0509944332714,0.1900086483169018,0.9,-4.33022363198695,-0.9490055667286015,2018
401112259,2019,3,Penn State,Pittsburgh,17.0,10.0,7.0,27.0,-17.0,53.0,17.0,1,0,0,,,17.065084562873338,54.670381790784106,0.812707907857934,0.9,0.06508456287333786,1.6703817907841056,2018
401112203,2019,3,Temple,Maryland,20.0,17.0,3.0,37.0,5.0,66.5,-5.0,1,1,0,,,-7.828298780617402,69.28779421582223,0.2954278057759295,0.9,-2.828298780617402,2.787794215822231,2018
401112144,2019,3,West Virginia,NC State,44.0,27.0,17.0,71.0,7.0,46.0,-7.0,1,1,1,,,-6.225911298421488,47.59096477756375,0.30589332213019904,0.9,0.7740887015785116,1.590964777563748,2018
401117863,2019,3,Cincinnati,Miami (OH),35.0,13.0,22.0,48.0,-17.0,49.5,17.0,1,1,0,,,10.270548344919778,47.385861086617105,0.7512473271088277,0.9,-6.729451655080222,-2.114138913382895,2018
401110788,2019,3,Georgia,Arkansas State,55.0,0.0,55.0,55.0,-33.0,58.5,33.0,1,1,0,,,39.83650377235361,58.61697676846825,0.9496687682853083,0.9,6.836503772353609,0.11697676846824834,2018
401110792,2019,3,Mississippi State,Kansas State,24.0,31.0,-7.0,55.0,-7.0,50.5,7.0,0,0,1,,,5.84238751762661,47.4370351864403,0.7483323193578839,0.9,-1.1576124823733904,-3.0629648135597023,2018
401112147,2019,3,Illinois,Eastern Michigan,31.0,34.0,-3.0,65.0,-7.5,57.0,7.5,0,0,1,,,8.40201638372529,57.959116575887485,0.5567581997980217,0.9,0.9020163837252895,0.9591165758874851,2018
401114185,2019,3,Colorado,Air Force,23.0,30.0,-7.0,53.0,-3.0,58.5,3.0,0,0,0,,,0.7811505225511914,54.69486233921937,0.5521592496864585,0.9,-2.2188494774488086,-3.8051376607806304,2018
401114257,2019,3,Ball State,Florida Atlantic,31.0,41.0,-10.0,72.0,2.5,64.0,-2.5,0,0,1,,,-4.375075850162299,62.74162307462327,0.44073436929108034,0.9,-1.8750758501622986,-1.25837692537673,2018
401114336,2019,3,Notre Dame,New Mexico,66.0,14.0,52.0,80.0,-35.0,64.0,35.0,1,1,1,,,34.63084833239149,61.017548452435996,0.99,0.9,-0.3691516676085129,-2.982451547564004,2018
401119263,2019,3,Central Michigan,Akron,45.0,24.0,21.0,69.0,-2.5,45.5,2.5,1,1,1,,,0.3462445250094106,40.15490874674187,0.44209980201730575,0.9,-2.1537554749905894,-5.345091253258133,2018
401110794,2019,3,South Carolina,Alabama,23.0,47.0,-24.0,70.0,26.5,59.5,-26.5,0,1,1,,,-22.713359612887377,66.17706576302038,0.156170398066849,0.9,3.786640387112623,6.67706576302038,2018
401114261,2019,3,UTSA,Army,13.0,31.0,-18.0,44.0,17.0,44.5,-17.0,0,0,0,,,-9.90438671609095,44.479372881115786,0.310005450140377,0.9,7.095613283909049,-0.020627118884213758,2018
401117865,2019,3,South Alabama,Memphis,6.0,42.0,-36.0,48.0,20.5,55.0,-20.5,0,0,0,,,-27.989245861205852,55.491380123657606,0.07203368284430753,0.9,-7.489245861205852,0.4913801236576063,2018
401117864,2019,3,Navy,East Carolina,42.0,10.0,32.0,52.0,-7.5,53.5,7.5,1,1,0,,,5.713235487494661,53.855380770945786,0.7030049251373015,0.9,-1.7867645125053393,0.3553807709457857,2018
401114219,2019,3,BYU,USC,30.0,27.0,3.0,57.0,4.5,57.5,-4.5,1,1,0,,,-3.1521393107481357,56.43960535958453,0.2268042045863775,0.9,1.3478606892518643,-1.060394640415467,2018
401112231,2019,3,Minnesota,Georgia Southern,35.0,32.0,3.0,67.0,-16.5,45.0,16.5,1,0,1,,,21.90317368812273,45.506491968945966,0.9413819239277756,0.9,5.403173688122731,0.5064919689459657,2018
401112246,2019,3,Northwestern,UNLV,30.0,14.0,16.0,44.0,-18.5,52.0,18.5,1,0,0,,,17.10362445147149,48.14068387359642,0.8621315767666974,0.9,-1.3963755485285105,-3.859316126403577,2018
401112124,2019,3,Tulsa,Oklahoma State,21.0,40.0,-19.0,61.0,14.0,64.0,-14.0,0,0,0,,,-20.468121907078377,65.4108170696596,0.1929810240524975,0.9,-6.468121907078377,1.4108170696596005,2018
401114208,2019,3,UCF,Stanford,45.0,27.0,18.0,72.0,-10.0,58.5,10.0,1,1,1,,,5.6204868560929,61.791803473423144,0.7339856009821751,0.9,-4.3795131439071,3.291803473423144,2018
401112086,2019,3,Iowa State,Iowa,17.0,18.0,-1.0,35.0,1.5,42.5,-1.5,0,1,0,,,-8.027507402350038,41.96282809828167,0.25140465302750387,0.9,-6.527507402350038,-0.537171901718331,2018
401112214,2019,3,Michigan State,Arizona State,7.0,10.0,-3.0,17.0,-15.5,42.0,15.5,0,0,0,,,17.845107111090005,42.739180073849,0.8632695139912179,0.9,2.3451071110900052,0.7391800738489991,2018
401110786,2019,3,Arkansas,Colorado State,55.0,34.0,21.0,89.0,-10.0,64.0,10.0,1,1,1,,,6.476519871751127,62.894435641027734,0.6760824384086358,0.9,-3.523480128248873,-1.1055643589722663,2018
401112453,2019,3,Western Kentucky,Louisville,21.0,38.0,-17.0,59.0,10.5,48.5,-10.5,0,0,1,,,-15.384207536149436,44.20222973780304,0.3798481077901022,0.9,-4.884207536149436,-4.297770262196963,2018
401114176,2019,3,California,North Texas,23.0,17.0,6.0,40.0,-14.0,50.0,14.0,1,0,0,,,17.380055941171324,48.49010530958703,0.927752286538658,0.9,3.3800559411713245,-1.5098946904129704,2018
401114258,2019,3,Bowling Green,Louisiana Tech,7.0,35.0,-28.0,42.0,13.0,59.0,-13.0,0,0,0,,,-16.98615159821127,57.26940295060217,0.07669313864233786,0.9,-3.9861515982112685,-1.7305970493978293,2018
401114255,2019,3,Charlotte,Massachusetts,52.0,17.0,35.0,69.0,-21.0,66.5,21.0,1,1,1,,,28.6202794317208,57.467671640933816,0.9449644045397719,0.9,7.6202794317208,-9.032328359066184,2018
401114348,2019,3,Liberty,Buffalo,35.0,17.0,18.0,52.0,5.5,55.0,-5.5,1,1,0,,,-9.98721034663776,56.079776018175345,0.3067137717488482,0.9,-4.4872103466377595,1.0797760181753446,2018
401114260,2019,3,Troy,Southern Miss,42.0,47.0,-5.0,89.0,-3.0,49.0,3.0,0,0,1,,,-2.2714304389432725,44.90388036846818,0.3181574254437818,0.9,-5.2714304389432725,-4.0961196315318205,2018
401114259,2019,3,Marshall,Ohio,33.0,31.0,2.0,64.0,-4.5,48.0,4.5,1,0,1,,,6.643046457936746,44.975170409334716,0.6457061156680532,0.9,2.1430464579367463,-3.0248295906652842,2018
401117867,2019,3,SMU,Texas State,47.0,17.0,30.0,64.0,-17.5,62.5,17.5,1,1,1,,,17.58041358163384,65.15428100838696,0.9582839604365646,0.9,0.0804135816338416,2.6542810083869597,2018
401112450,2019,3,Middle Tennessee,Duke,18.0,41.0,-23.0,59.0,6.5,50.5,-6.5,0,0,1,,,-9.070041405470022,50.32298460983368,0.500080578556603,0.9,-2.570041405470022,-0.17701539016631784,2018
401110789,2019,3,Kentucky,Florida,21.0,29.0,-8.0,50.0,9.5,46.0,-9.5,0,1,1,,,-11.29153090393619,43.18820449895956,0.37039362752025345,0.9,-1.7915309039361897,-2.811795501040443,2018
401119264,2019,3,Western Michigan,Georgia State,57.0,10.0,47.0,67.0,-9.0,69.5,9.0,1,1,0,,,11.0601715487698,61.929071657476825,0.7544436681952638,0.9,2.0601715487698,-7.570928342523175,2018
401110787,2019,3,Auburn,Kent State,55.0,16.0,39.0,71.0,-35.5,54.0,35.5,1,1,1,,,33.84091452094483,51.68306437534989,0.9848882134944097,0.9,-1.6590854790551717,-2.3169356246501067,2018
401114234,2019,3,Washington,Hawai'i,52.0,20.0,32.0,72.0,-21.5,59.0,21.5,1,1,1,,,17.410534723869404,60.71252777044046,0.9216228377121884,0.9,-4.089465276130596,1.7125277704404596,2018
401112449,2019,3,Syracuse,Clemson,6.0,41.0,-35.0,47.0,28.0,64.0,-28.0,0,0,0,,,-30.478430463746598,65.61632303889428,0.06096938714036297,0.9,-2.478430463746598,1.6163230388942793,2018
401112451,2019,3,Virginia,Florida State,31.0,24.0,7.0,55.0,-7.0,54.0,7.0,1,0,1,,,5.723260067760126,55.62705959472522,0.42202604492217427,0.9,-1.2767399322398738,1.6270595947252176,2018
401112130,2019,3,Purdue,TCU,13.0,34.0,-21.0,47.0,3.0,53.0,-3.0,0,0,0,,,-3.289195080038809,46.07116806373988,0.4395185140542426,0.9,-0.2891950800388088,-6.928831936260117,2018
401114339,2019,3,New Mexico State,San Diego State,10.0,31.0,-21.0,41.0,16.5,51.0,-16.5,0,0,0,,,-22.331343969340466,48.17067782917041,0.06591972690356335,0.9,-5.831343969340466,-2.8293221708295917,2018
401112116,2019,3,UCLA,Oklahoma,14.0,48.0,-34.0,62.0,23.5,71.5,-23.5,0,0,0,,,-20.001870290378104,74.86529308815975,0.1966751622670391,0.9,3.498129709621896,3.3652930881597456,2018
401112240,2019,3,Nebraska,Northern Illinois,44.0,8.0,36.0,52.0,-14.0,53.5,14.0,1,1,0,,,12.823252430260988,54.182883730702095,0.7829935336281318,0.9,-1.1767475697390122,0.6828837307020947,2018
401112136,2019,3,Rice,Texas,13.0,48.0,-35.0,61.0,32.5,56.0,-32.5,0,0,1,,,-38.46254257785274,63.25461600048599,0.0643128123096542,0.9,-5.962542577852737,7.2546160004859885,2018
401112141,2019,3,Arizona,Texas Tech,28.0,14.0,14.0,42.0,2.0,74.5,-2.0,1,1,0,,,-5.5218147415649526,74.89532894260829,0.3400012742301395,0.9,-3.5218147415649526,0.39532894260828755,2018
401117869,2019,4,Tulane,Houston,38.0,31.0,7.0,69.0,-4.0,57.5,4.0,1,1,1,,,-0.3520336156678727,53.949190935533494,0.5602230753374937,1.0,-4.352033615667873,-3.550809064466506,2018
401114262,2019,4,Louisiana Tech,Florida International,43.0,31.0,12.0,74.0,-7.0,51.5,7.0,1,1,1,,,1.9147657003121,50.23508190946724,0.5533986578008698,1.0,-5.0852342996879,-1.2649180905327597,2018
401117506,2019,4,Boise State,Air Force,30.0,19.0,11.0,49.0,-7.5,53.5,7.5,1,1,0,,,-1.488592933958568,44.818687312570596,0.45019102497776753,1.0,-8.988592933958568,-8.681312687429404,2018
401114220,2019,4,USC,Utah,30.0,23.0,7.0,53.0,3.5,53.5,-3.5,1,1,0,,,1.19441267823147,54.87729177688032,0.7060641107738158,1.0,4.69441267823147,1.3772917768803197,2018
401112265,2019,4,Rutgers,Boston College,16.0,30.0,-14.0,46.0,7.5,57.5,-7.5,0,0,0,,,-9.955649420359757,56.069521260766265,0.4585837697261397,1.0,-2.455649420359757,-1.4304787392337346,2018
401110801,2019,4,Ole Miss,California,20.0,28.0,-8.0,48.0,-3.0,42.5,3.0,0,0,1,,,3.9923512978928173,42.45030241332221,0.5625868300583562,1.0,0.9923512978928173,-0.04969758667778734,2018
401112087,2019,4,Iowa State,UL Monroe,72.0,20.0,52.0,92.0,-17.5,51.5,17.5,1,1,1,,,20.926783038235065,52.27497206655722,0.9763883739480901,1.0,3.4267830382350652,0.7749720665572184,2018
401110799,2019,4,Florida,Tennessee,34.0,3.0,31.0,37.0,-13.5,49.0,13.5,1,1,0,,,10.604675936864515,47.70991472793031,0.7285539336904525,1.0,-2.895324063135485,-1.290085272069689,2018
401110805,2019,4,Vanderbilt,LSU,38.0,66.0,-28.0,104.0,24.0,62.0,-24.0,0,0,1,,,-27.730539998747698,66.49812377870327,0.09361641804154117,1.0,-3.730539998747698,4.498123778703274,2018
401112462,2019,4,Syracuse,Western Michigan,52.0,33.0,19.0,85.0,-3.5,67.0,3.5,1,1,1,,,3.3270514313044277,62.08493814206285,0.45829203786808725,1.0,-0.1729485686955723,-4.915061857937147,2018
401112160,2019,4,Indiana,UConn,38.0,3.0,35.0,41.0,-27.0,56.5,27.0,1,1,0,,,24.776210884609668,52.24890980372893,0.9787319997198191,1.0,-2.223789115390332,-4.251090196271072,2018
401112215,2019,4,Northwestern,Michigan State,10.0,31.0,-21.0,41.0,7.5,35.0,-7.5,0,0,1,,,-10.71580545710811,32.64523875063456,0.23961395806537866,1.0,-3.215805457108109,-2.3547612493654384,2018
401112224,2019,4,Wisconsin,Michigan,35.0,14.0,21.0,49.0,-3.0,45.0,3.0,1,1,1,,,-5.103872405234942,42.62694092310536,0.4511737148926226,1.0,-8.103872405234942,-2.3730590768946414,2018
401110797,2019,4,Alabama,Southern Miss,49.0,7.0,42.0,56.0,-38.0,63.5,38.0,1,1,0,,,37.12027137545704,68.21738689423803,0.9117966698343003,1.0,-0.8797286245429632,4.717386894238032,2018
401114355,2019,4,Massachusetts,Coastal Carolina,28.0,62.0,-34.0,90.0,17.0,62.5,-17.0,0,0,1,,,-17.625403237535956,58.34021551261466,0.13174866967004115,1.0,-0.6254032375359557,-4.159784487385338,2018
401119268,2019,4,Ohio,Louisiana,25.0,45.0,-20.0,70.0,-3.0,67.5,3.0,0,0,1,,,1.572247119479697,68.20807339557048,0.5540820498004837,1.0,-1.427752880520303,0.7080733955704801,2018
401119269,2019,4,Akron,Troy,7.0,35.0,-28.0,42.0,19.0,57.5,-19.0,0,0,0,,,-25.97079385697063,58.3226338804001,0.16638322588339008,1.0,-6.97079385697063,0.8226338804000974,2018
401112461,2019,4,Pittsburgh,UCF,35.0,34.0,1.0,69.0,10.0,61.0,-10.0,1,1,1,,,-7.1992677685941935,63.45282015017764,0.44236024915424255,1.0,2.8007322314058065,2.4528201501776365,2018
401112457,2019,4,Florida State,Louisville,35.0,24.0,11.0,59.0,-6.5,61.0,6.5,1,1,0,,,0.8124099608268214,55.15841480262185,0.5489974390767784,1.0,-5.687590039173179,-5.841585197378151,2018
401114265,2019,4,UAB,South Alabama,35.0,3.0,32.0,38.0,-12.0,48.5,12.0,1,1,0,,,9.983393487277421,47.21412421922982,0.7703637513698738,1.0,-2.0166065127225785,-1.2858757807701835,2018
401112459,2019,4,North Carolina,App State,31.0,34.0,-3.0,65.0,-2.5,58.0,2.5,0,0,1,,,7.7762207664395495,60.82071818396814,0.441796144884813,1.0,5.2762207664395495,2.8207181839681397,2018
401117870,2019,4,Buffalo,Temple,38.0,22.0,16.0,60.0,14.0,50.5,-14.0,1,1,1,,,-20.982513503389693,50.13394766645304,0.13620487156241082,1.0,-6.9825135033896935,-0.36605233354696054,2018
401112253,2019,4,Ohio State,Miami (OH),76.0,5.0,71.0,81.0,-38.5,57.0,38.5,1,1,1,,,38.951498748049126,61.3450758194963,0.9667533783154705,1.0,0.4514987480491257,4.3450758194963015,2018
401110804,2019,4,Texas A&M,Auburn,20.0,28.0,-8.0,48.0,-4.0,48.0,4.0,0,0,0,,,3.6912382398205033,43.31798774568531,0.4436980368429151,1.0,-0.30876176017949675,-4.682012254314692,2018
401114235,2019,4,BYU,Washington,19.0,45.0,-26.0,64.0,6.5,51.0,-6.5,0,0,1,,,-7.4684024241138545,45.070373486223964,0.18080935071087587,1.0,-0.9684024241138545,-5.929626513776036,2018
401112131,2019,4,TCU,SMU,38.0,41.0,-3.0,79.0,-7.5,54.5,7.5,0,0,1,,,1.1106989348111451,58.552017044034265,0.514242246638271,1.0,-6.389301065188855,4.052017044034265,2018
401117509,2019,4,Tulsa,Wyoming,24.0,21.0,3.0,45.0,-5.0,46.0,5.0,1,0,0,,,2.928717797269852,44.946867779721934,0.637493001345162,1.0,-2.071282202730148,-1.0531322202780657,2018
401119266,2019,4,Kent State,Bowling Green,62.0,20.0,42.0,82.0,-12.0,62.0,12.0,1,1,1,,,7.781919929785027,60.867723602331665,0.6093944615677165,1.0,-4.218080070214973,-1.1322763976683348,2018
401110802,2019,4,Mississippi State,Kentucky,28.0,13.0,15.0,41.0,-6.0,48.0,6.0,1,1,0,,,0.9085357206881284,45.11299685651506,0.7287817192765407,1.0,-5.091464279311872,-2.8870031434849395,2018
401112458,2019,4,Miami,Central Michigan,17.0,12.0,5.0,29.0,-30.5,48.5,30.5,1,0,0,,,25.760774237499348,51.87125483062771,0.9683172920395282,1.0,-4.739225762500652,3.371254830627713,2018
401110803,2019,4,Missouri,South Carolina,34.0,14.0,20.0,48.0,-9.5,61.0,9.5,1,1,0,,,1.229905439642625,56.39061049673424,0.47801949036732005,1.0,-8.270094560357375,-4.60938950326576,2018
401112099,2019,4,Kansas,West Virginia,24.0,29.0,-5.0,53.0,4.5,49.0,-4.5,0,0,1,,,-3.2952254783402766,45.13419575447141,0.3999337074903705,1.0,1.2047745216597234,-3.8658042455285866,2018
401114340,2019,4,New Mexico,New Mexico State,55.0,52.0,3.0,107.0,-4.0,68.5,4.0,1,0,1,,,1.2446902855636734,62.085523204449736,0.558302510059873,1.0,-2.7553097144363266,-6.414476795550264,2018
401112460,2019,4,NC State,Ball State,34.0,23.0,11.0,57.0,-19.0,58.5,19.0,1,0,0,,,15.92314312494447,56.713811355231805,0.898669326804699,1.0,-3.0768568750555296,-1.7861886447681954,2018
401112075,2019,4,Rice,Baylor,13.0,21.0,-8.0,34.0,27.0,58.0,-27.0,0,1,0,,,-24.796307047283545,63.25278870876174,0.11348961455233045,1.0,2.2036929527164553,5.2527887087617415,2018
401121942,2019,4,Texas State,Georgia State,37.0,34.0,3.0,71.0,-3.0,62.5,3.0,1,0,1,,,2.7806995805262718,65.78574281235456,0.35212214929397473,1.0,-0.21930041947372825,3.285742812354556,2018
401112463,2019,4,Virginia,Old Dominion,28.0,17.0,11.0,45.0,-27.0,47.5,27.0,1,0,0,,,36.2018294487722,42.33292462260317,0.99,1.0,9.201829448772202,-5.167075377396827,2018
401114195,2019,4,Stanford,Oregon,6.0,21.0,-15.0,27.0,12.5,55.5,-12.5,0,0,0,,,-8.497296870946212,57.869485061543934,0.28982787267842114,1.0,4.0027031290537884,2.3694850615439336,2018
401112125,2019,4,Texas,Oklahoma State,36.0,30.0,6.0,66.0,-7.0,72.5,7.0,1,0,0,,,5.613230804118254,71.12575777296678,0.6415172732373083,1.0,-1.3867691958817456,-1.3742422270332213,2018
401112456,2019,4,Clemson,Charlotte,52.0,10.0,42.0,62.0,-41.5,61.5,41.5,1,1,1,,,45.15956182363606,63.106859835994086,0.9696399442570233,1.0,3.6595618236360608,1.6068598359940864,2018
401114264,2019,4,North Texas,UTSA,45.0,3.0,42.0,48.0,-17.5,57.0,17.5,1,1,0,,,19.254637609475648,52.158557781281154,0.8492249066761438,1.0,1.7546376094756475,-4.841442218718846,2018
401110798,2019,4,Arkansas,San José State,24.0,31.0,-7.0,55.0,-20.0,61.5,20.0,0,0,0,,,16.748784058380323,67.25162170427522,0.9014503292270817,1.0,-3.2512159416196766,5.751621704275223,2018
401110800,2019,4,Georgia,Notre Dame,23.0,17.0,6.0,40.0,-16.0,58.5,16.0,1,0,0,,,14.636576929485315,56.848852310977776,0.7682618186232761,1.0,-1.3634230705146848,-1.651147689022224,2018
401112148,2019,4,Illinois,Nebraska,38.0,42.0,-4.0,80.0,13.0,62.5,-13.0,0,1,1,,,-15.009077613884184,62.636131345198436,0.26739364966026025,1.0,-2.009077613884184,0.13613134519843584,2018
401114266,2019,4,UTEP,Nevada,21.0,37.0,-16.0,58.0,13.5,51.5,-13.5,0,0,1,,,-22.732589853315005,44.925853559317765,0.20778416923164078,1.0,-9.232589853315005,-6.5741464406822345,2018
401114155,2019,4,Arizona State,Colorado,31.0,34.0,-3.0,65.0,-8.0,48.5,8.0,0,0,1,,,-0.9281175545149338,52.17418045500518,0.39138886113111127,1.0,-8.928117554514934,3.674180455005178,2018
401117507,2019,4,Colorado State,Toledo,35.0,41.0,-6.0,76.0,6.5,67.0,-6.5,0,1,1,,,-7.155811605476151,61.13175659201886,0.47547244287952933,1.0,-0.6558116054761509,-5.86824340798114,2018
401117508,2019,4,San Diego State,Utah State,17.0,23.0,-6.0,40.0,4.0,53.0,-4.0,0,0,0,,,-5.950174967408623,46.49534361695976,0.4618157627657982,1.0,-1.950174967408623,-6.504656383040242,2018
401114215,2019,4,Washington State,UCLA,63.0,67.0,-4.0,130.0,-18.5,60.0,18.5,0,0,1,,,19.466856196902278,56.739348846963814,0.9481279218078187,1.0,0.9668561969022775,-3.2606511530361857,2018
401117871,2019,5,Memphis,Navy,35.0,23.0,12.0,58.0,-10.5,54.0,10.5,1,1,1,,,7.444722043515745,47.713454091938175,0.6067567274814287,1.0,-3.0552779564842547,-6.286545908061825,2018
401112465,2019,5,Virginia Tech,Duke,10.0,45.0,-35.0,55.0,-2.5,51.5,2.5,0,0,1,,,4.922351340591412,54.75788992222731,0.6191473303299231,1.0,2.422351340591412,3.2578899222273066,2018
401117512,2019,5,Air Force,San José State,41.0,24.0,17.0,65.0,-19.5,58.0,19.5,1,0,1,,,28.603674251208837,55.61251676471572,0.878147644493799,1.0,9.103674251208837,-2.3874832352842787,2018
401112204,2019,5,Maryland,Penn State,0.0,59.0,-59.0,59.0,6.5,61.0,-6.5,0,0,0,,,-7.733576703257821,60.99674941737177,0.35158766141335707,1.0,-1.233576703257821,-0.0032505826282331896,2018
401114156,2019,5,California,Arizona State,17.0,24.0,-7.0,41.0,-4.0,43.0,4.0,0,0,0,,,7.085811851269741,38.678115787279,0.6591333034761824,1.0,3.0858118512697406,-4.321884212721002,2018
401112100,2019,5,TCU,Kansas,51.0,14.0,37.0,65.0,-15.0,48.0,15.0,1,1,1,,,11.779108102915027,49.165612779419,0.7507169806834677,1.0,-3.2208918970849734,1.1656127794189999,2018
401119271,2019,5,Western Michigan,Central Michigan,31.0,15.0,16.0,46.0,-16.5,60.5,16.5,1,0,0,,,15.24334910077258,56.948781106946214,0.8631102541969374,1.0,-1.2566508992274201,-3.551218893053786,2018
401112225,2019,5,Michigan,Rutgers,52.0,0.0,52.0,52.0,-27.5,48.5,27.5,1,1,1,,,27.76200819621376,46.35209856727587,0.9670063406974545,1.0,0.2620081962137597,-2.147901432724133,2018
401110807,2019,5,Arkansas,Texas A&M,27.0,31.0,-4.0,58.0,23.0,60.0,-23.0,0,1,0,,,-26.601099828817965,61.44155443074912,0.07671890126331662,1.0,-3.601099828817965,1.4415544307491217,2018
401110811,2019,5,Vanderbilt,Northern Illinois,24.0,18.0,6.0,42.0,-7.0,51.5,7.0,1,0,0,,,7.3500213957505585,54.945940658560424,0.7328922872312562,1.0,0.35002139575055846,3.445940658560424,2018
401117213,2019,5,Toledo,BYU,28.0,21.0,7.0,49.0,2.5,63.0,-2.5,1,1,0,,,-7.440127473399802,59.71479206208036,0.5814690975801711,1.0,-4.940127473399802,-3.285207937919637,2018
401119270,2019,5,Miami (OH),Buffalo,34.0,20.0,14.0,54.0,2.5,47.0,-2.5,1,1,1,,,0.8675337559720058,48.75876183262826,0.39069918458617636,1.0,3.3675337559720058,1.7587618326282595,2018
401112247,2019,5,Wisconsin,Northwestern,24.0,15.0,9.0,39.0,-23.5,46.0,23.5,1,0,0,,,13.328012240570871,46.39742978553613,0.792432653023868,1.0,-10.171987759429129,0.39742978553613284,2018
401112117,2019,5,Oklahoma,Texas Tech,55.0,16.0,39.0,71.0,-27.0,68.5,27.0,1,1,1,,,20.832171813786648,74.25342262523831,0.7637292602295632,1.0,-6.167828186213352,5.753422625238315,2018
401112193,2019,5,Iowa,Middle Tennessee,48.0,3.0,45.0,51.0,-23.5,51.0,23.5,1,1,0,,,29.09548535964313,53.010369469363624,0.99,1.0,5.595485359643131,2.0103694693636243,2018
401112467,2019,5,North Carolina,Clemson,20.0,21.0,-1.0,41.0,27.5,60.5,-27.5,0,1,0,,,-29.418306321898243,62.365334941763926,0.07207615315896641,1.0,-1.9183063218982426,1.8653349417639262,2018
401114221,2019,5,Washington,USC,28.0,14.0,14.0,42.0,-11.0,60.5,11.0,1,1,0,,,5.058433918944056,62.62633585489775,0.46666406752930434,1.0,-5.941566081055944,2.1263358548977465,2018
401112076,2019,5,Baylor,Iowa State,23.0,21.0,2.0,44.0,2.5,55.5,-2.5,1,1,0,,,6.719212915055017,54.30154295212536,0.5637298265006084,1.0,9.219212915055017,-1.1984570478746406,2018
401112232,2019,5,Purdue,Minnesota,31.0,38.0,-7.0,69.0,-1.0,56.0,1.0,0,0,1,,,-7.2577559160507565,57.72216027554249,0.2317200427394491,1.0,-8.257755916050757,1.7221602755424925,2018
401112472,2019,5,Notre Dame,Virginia,35.0,20.0,15.0,55.0,-10.5,46.5,10.5,1,1,1,,,7.647087535340508,44.12350156793931,0.7782180570172532,1.0,-2.852912464659492,-2.376498432060693,2018
401112161,2019,5,Michigan State,Indiana,40.0,31.0,9.0,71.0,-14.0,43.0,14.0,1,0,1,,,19.525664745053085,45.567457165096926,0.8295177875421785,1.0,5.525664745053085,2.5674571650969256,2018
401112469,2019,5,Temple,Georgia Tech,24.0,2.0,22.0,26.0,-9.5,47.5,9.5,1,1,0,,,10.07840554047963,46.48445929050348,0.5246721557551686,1.0,0.5784055404796309,-1.0155407094965199,2018
401121943,2019,5,App State,Coastal Carolina,56.0,37.0,19.0,93.0,-16.0,59.0,16.0,1,1,1,,,20.84660039590934,54.09036524458669,0.8403607188277717,1.0,4.846600395909341,-4.9096347554133075,2018
401110806,2019,5,Alabama,Ole Miss,59.0,31.0,28.0,90.0,-38.0,63.0,38.0,1,0,1,,,42.440590531035184,68.39295638971397,0.9583924978350751,1.0,4.440590531035184,5.392956389713973,2018
401114267,2019,5,Charlotte,Florida Atlantic,27.0,45.0,-18.0,72.0,1.0,63.0,-1.0,0,0,1,,,2.426356464831109,66.16876589174332,0.46979586992453937,1.0,3.426356464831109,3.1687658917433197,2018
401114356,2019,5,Massachusetts,Akron,37.0,29.0,8.0,66.0,9.5,60.5,-9.5,1,1,1,,,-20.937223586005757,60.05048040943478,0.441579667661763,1.0,-11.437223586005757,-0.44951959056521673,2018
401112466,2019,5,Boston College,Wake Forest,24.0,27.0,-3.0,51.0,4.5,69.5,-4.5,0,1,0,,,-8.369372647152252,63.631005560793334,0.4472065187462503,1.0,-3.869372647152252,-5.868994439206666,2018
401117873,2019,5,South Florida,SMU,21.0,48.0,-27.0,69.0,7.5,62.0,-7.5,0,0,1,,,-16.951633773722122,64.79459989796491,0.16819004088197578,1.0,-9.451633773722122,2.7945998979649147,2018
401114269,2019,5,Marshall,Cincinnati,14.0,52.0,-38.0,66.0,4.0,47.0,-4.0,0,0,1,,,-6.419809849558661,49.199762396792586,0.2864846575734581,1.0,-2.4198098495586606,2.199762396792586,2018
401121944,2019,5,Troy,Arkansas State,43.0,50.0,-7.0,93.0,-7.0,59.0,7.0,0,0,1,,,11.869278701247655,59.258048030229865,0.715071747996129,1.0,4.869278701247655,0.25804803022986533,2018
401121945,2019,5,Georgia Southern,Louisiana,24.0,37.0,-13.0,61.0,3.5,55.5,-3.5,0,0,1,,,-6.819057173433855,49.61112880767281,0.28253277680771055,1.0,-3.3190571734338548,-5.888871192327187,2018
401114350,2019,5,Liberty,New Mexico,17.0,10.0,7.0,27.0,-7.5,72.0,7.5,1,0,0,,,9.283032110630842,69.02618101819725,0.7924389058772487,1.0,1.7830321106308418,-2.9738189818027507,2018
401114271,2019,5,Old Dominion,East Carolina,21.0,24.0,-3.0,45.0,-3.0,47.0,3.0,0,0,0,,,-0.8074378614564441,47.78257802787296,0.4098053418578672,1.0,-3.807437861456444,0.7825780278729582,2018
401110808,2019,5,Auburn,Mississippi State,56.0,23.0,33.0,79.0,-7.5,47.0,7.5,1,1,1,,,16.504917246187368,44.45707568314882,0.8137274008335111,1.0,9.004917246187368,-2.5429243168511775,2018
401114273,2019,5,Western Kentucky,UAB,20.0,13.0,7.0,33.0,3.5,47.5,-3.5,1,1,0,,,-5.574552051732773,48.16619582219723,0.38321608716685573,1.0,-2.0745520517327734,0.6661958221972313,2018
401121946,2019,5,UL Monroe,South Alabama,30.0,17.0,13.0,47.0,-14.5,58.5,14.5,1,0,0,,,15.063437658516667,56.01643016232811,0.7502620042263974,1.0,0.5634376585166674,-2.4835698376718867,2018
401114272,2019,5,Southern Miss,UTEP,31.0,13.0,18.0,44.0,-26.5,49.0,26.5,1,0,0,,,28.300961877560265,48.49296726473856,0.9482906484402117,1.0,1.8009618775602654,-0.5070327352614399,2018
401114268,2019,5,Rice,Louisiana Tech,20.0,23.0,-3.0,43.0,9.0,49.0,-9.0,0,1,0,,,-7.870508032300414,50.55167204773778,0.23382763769569237,1.0,1.129491967699586,1.5516720477377817,2018
401114202,2019,5,Oregon State,Stanford,28.0,31.0,-3.0,59.0,3.5,55.5,-3.5,0,1,1,,,-8.31179077839554,57.035679530877424,0.2780963825220187,1.0,-4.81179077839554,1.5356795308774238,2018
401117872,2019,5,UCF,UConn,56.0,21.0,35.0,77.0,-42.0,65.0,42.0,1,0,1,,,41.41092063805308,64.22307057889752,0.99,1.0,-0.5890793619469221,-0.77692942110248,2018
401112108,2019,5,Oklahoma State,Kansas State,26.0,13.0,13.0,39.0,-4.0,60.0,4.0,1,1,0,,,-0.9718452362005454,59.54516849532928,0.4289891350306897,1.0,-4.971845236200545,-0.45483150467072164,2018
401112468,2019,5,Florida State,NC State,31.0,13.0,18.0,44.0,-7.0,62.5,7.0,1,1,0,,,15.896315675098991,67.51865297897847,0.7644799305449673,1.0,8.896315675098991,5.018652978978466,2018
401110810,2019,5,South Carolina,Kentucky,24.0,7.0,17.0,31.0,-3.5,55.0,3.5,1,1,0,,,3.67885423611814,52.56391317474314,0.5063136943838765,1.0,0.17885423611814,-2.436086825256858,2018
401112241,2019,5,Nebraska,Ohio State,7.0,48.0,-41.0,55.0,17.0,65.5,-17.0,0,0,0,,,-12.29403310477198,61.81292713616817,0.19490795718537662,1.0,4.70596689522802,-3.6870728638318297,2018
401117513,2019,5,Utah State,Colorado State,34.0,24.0,10.0,58.0,-23.0,69.0,23.0,1,0,0,,,23.928824903467635,60.666414685929745,0.8795536111036659,1.0,0.9288249034676355,-8.333585314070255,2018
401117514,2019,5,Wyoming,UNLV,53.0,17.0,36.0,70.0,-8.0,45.0,8.0,1,1,1,,,7.856175733796218,35.56731049993702,0.6370392220292213,1.0,-0.14382426620378208,-9.432689500062978,2018
401114341,2019,5,New Mexico State,Fresno State,17.0,30.0,-13.0,47.0,21.0,63.0,-21.0,0,1,0,,,-19.673109901596963,64.93348236261221,0.16770518277934593,1.0,1.3268900984030374,1.9334823626122102,2018
401114270,2019,5,North Texas,Houston,25.0,46.0,-21.0,71.0,-8.0,59.5,8.0,0,0,1,,,0.4168192955401464,59.6004579343281,0.48521648150947083,1.0,-7.583180704459854,0.10045793432809802,2018
401114226,2019,5,Utah,Washington State,38.0,13.0,25.0,51.0,-5.5,57.0,5.5,1,1,0,,,8.764153706626308,57.86011964409986,0.6373712480792669,1.0,3.264153706626308,0.8601196440998606,2018
401114166,2019,5,Arizona,UCLA,20.0,17.0,3.0,37.0,-3.5,68.5,3.5,1,0,0,,,3.463527607969076,66.43042555512584,0.61283182089313,1.0,-0.036472392030924006,-2.0695744448741635,2018
401117515,2019,5,Nevada,Hawai'i,3.0,54.0,-51.0,57.0,-2.0,63.5,2.0,0,0,0,,,-0.32639909049456595,67.30773611350104,0.40504434607376927,1.0,-2.326399090494566,3.8077361135010364,2018
401121948,2019,6,South Alabama,Georgia Southern,17.0,20.0,-3.0,37.0,9.5,45.0,-9.5,0,1,0,,,-11.653394139888384,49.3782943929404,0.12413954679469874,1.0,-2.153394139888384,4.378294392940397,2018
401117874,2019,6,East Carolina,Temple,17.0,27.0,-10.0,44.0,12.0,46.5,-12.0,0,1,0,,,-12.859574494873366,45.89585967994821,0.23218691817825657,1.0,-0.8595744948733657,-0.6041403200517905,2018
401117875,2019,6,Cincinnati,UCF,27.0,24.0,3.0,51.0,3.5,63.5,-3.5,1,1,0,,,-7.782174215334222,60.4830386156774,0.3517707056807593,1.0,-4.282174215334222,-3.016961384322599,2018
401117519,2019,6,San José State,New Mexico,32.0,21.0,11.0,53.0,-7.0,70.0,7.0,1,1,0,,,8.961252749298726,73.650843790859,0.7200393378017541,1.0,1.9612527492987262,3.6508437908589997,2018
401110813,2019,6,LSU,Utah State,42.0,6.0,36.0,48.0,-27.5,73.5,27.5,1,1,0,,,33.322451809814034,73.7538137093299,0.9559038282829871,1.0,5.822451809814034,0.2538137093299042,2018
401114328,2019,6,Army,Tulane,33.0,42.0,-9.0,75.0,2.0,43.0,-2.0,0,0,1,,,3.3677422649179904,43.811090845820075,0.797701074090659,1.0,5.3677422649179904,0.8110908458200754,2018
401112101,2019,6,Kansas,Oklahoma,20.0,45.0,-25.0,65.0,32.5,67.5,-32.5,0,1,0,,,-27.95861120031772,78.60929857089334,0.07713852333166127,1.0,4.541388799682281,11.109298570893344,2018
401112126,2019,6,Texas Tech,Oklahoma State,45.0,35.0,10.0,80.0,9.5,63.0,-9.5,1,1,1,,,-2.229503944385838,63.176931912011106,0.4611697563256608,1.0,7.270496055614162,0.17693191201110636,2018
401117876,2019,6,UConn,South Florida,22.0,48.0,-26.0,70.0,11.0,48.5,-11.0,0,0,1,,,-10.365978110051664,55.439045773047845,0.2712546272304102,1.0,0.6340218899483361,6.9390457730478445,2018
401112205,2019,6,Rutgers,Maryland,7.0,48.0,-41.0,55.0,14.0,55.5,-14.0,0,0,0,,,-11.444102916320244,54.13916902666939,0.2504989976896616,1.0,2.5558970836797563,-1.3608309733306072,2018
401112269,2019,6,Wisconsin,Kent State,48.0,0.0,48.0,48.0,-35.0,58.0,35.0,1,1,0,,,33.39919923661309,57.7652153977415,0.9528582946995157,1.0,-1.600800763386907,-0.23478460225850029,2018
401112260,2019,6,Penn State,Purdue,35.0,7.0,28.0,42.0,-28.5,55.5,28.5,1,0,0,,,30.52878663941569,61.43369525320565,0.9818631265421073,1.0,2.0287866394156886,5.933695253205649,2018
401112194,2019,6,Michigan,Iowa,10.0,3.0,7.0,13.0,-4.0,48.5,4.0,1,1,0,,,0.46703846958010864,46.03036536707652,0.41884385081672604,1.0,-3.5329615304198914,-2.46963463292348,2018
401112473,2019,6,Louisville,Boston College,41.0,39.0,2.0,80.0,-4.0,61.0,4.0,1,0,1,,,3.1191037756547706,63.44909199112727,0.6036041612742288,1.0,-0.8808962243452294,2.4490919911272684,2018
401112088,2019,6,Iowa State,TCU,49.0,24.0,25.0,73.0,-3.0,45.0,3.0,1,1,1,,,-0.16959412411088381,41.786524324066235,0.487428818293132,1.0,-3.169594124110884,-3.213475675933765,2018
401119273,2019,6,Central Michigan,Eastern Michigan,42.0,16.0,26.0,58.0,4.0,54.0,-4.0,1,1,1,,,-9.727293262339547,54.85632140626691,0.19760260209443792,1.0,-5.727293262339547,0.8563214062669076,2018
401110812,2019,6,Florida,Auburn,24.0,13.0,11.0,37.0,2.5,48.5,-2.5,1,1,0,,,2.5995480082240814,42.256673735460446,0.6959408080480953,1.0,5.099548008224081,-6.243326264539554,2018
401112137,2019,6,West Virginia,Texas,31.0,42.0,-11.0,73.0,10.5,62.0,-10.5,0,0,1,,,-14.944602519581599,56.418799950292765,0.22210645157032094,1.0,-4.444602519581599,-5.581200049707235,2018
401121949,2019,6,Georgia State,Arkansas State,52.0,38.0,14.0,90.0,6.5,69.5,-6.5,1,1,1,,,-11.911302840683488,72.32493133119594,0.18024331688778472,1.0,-5.411302840683488,2.824931331195941,2018
401114275,2019,6,Middle Tennessee,Marshall,24.0,13.0,11.0,37.0,4.5,54.5,-4.5,1,1,0,,,-8.843126321425217,55.72748969084154,0.36847684830562616,1.0,-4.343126321425217,1.2274896908415371,2018
401112149,2019,6,Minnesota,Illinois,40.0,17.0,23.0,57.0,-14.0,57.5,14.0,1,1,0,,,17.25986286882422,56.70718234212112,0.8158870965065474,1.0,3.2598628688242215,-0.7928176578788779,2018
401117516,2019,6,Navy,Air Force,34.0,25.0,9.0,59.0,3.0,46.5,-3.0,1,1,1,,,1.194078046906661,48.018135292373756,0.8032825080177637,1.0,4.194078046906661,1.5181352923737563,2018
401119272,2019,6,Northern Illinois,Ball State,20.0,27.0,-7.0,47.0,-3.5,54.5,3.5,0,0,0,,,8.133521324783661,55.9595964097392,0.6248330402930042,1.0,4.633521324783661,1.4595964097391985,2018
401119275,2019,6,Toledo,Western Michigan,31.0,24.0,7.0,55.0,-1.5,73.5,1.5,1,1,0,,,1.5349130160150377,61.034051731841686,0.44028097014117623,1.0,0.03491301601503771,-12.465948268158314,2018
401119274,2019,6,Buffalo,Ohio,20.0,21.0,-1.0,41.0,3.5,51.5,-3.5,0,1,0,,,-4.924868184115931,49.82873300515269,0.3111416444281229,1.0,-1.4248681841159314,-1.6712669948473078,2018
401114337,2019,6,Notre Dame,Bowling Green,52.0,0.0,52.0,52.0,-45.5,63.5,45.5,1,1,0,,,48.168657340179465,63.1841683656977,0.99,1.0,2.6686573401794647,-0.3158316343022989,2018
401112476,2019,6,Miami,Virginia Tech,35.0,42.0,-7.0,77.0,-14.0,46.0,14.0,0,0,1,,,10.751265921544798,42.57261768461104,0.7466124398380252,1.0,-3.248734078455202,-3.427382315388961,2018
401117877,2019,6,UL Monroe,Memphis,33.0,52.0,-19.0,85.0,15.5,63.5,-15.5,0,0,1,,,-26.208575438128218,61.64880854551127,0.07738265987042248,1.0,-10.708575438128218,-1.8511914544887276,2018
401112475,2019,6,Georgia Tech,North Carolina,22.0,38.0,-16.0,60.0,10.0,47.0,-10.0,0,0,1,,,-10.140572531946352,48.79499436546212,0.29742573151710666,1.0,-0.14057253194635244,1.7949943654621165,2018
401112242,2019,6,Nebraska,Northwestern,13.0,10.0,3.0,23.0,-7.5,48.5,7.5,1,0,0,,,3.24981059813197,48.61654741691739,0.623646274372931,1.0,-4.25018940186803,0.1165474169173919,2018
401110815,2019,6,Missouri,Troy,42.0,10.0,32.0,52.0,-24.5,65.5,24.5,1,1,0,,,15.375404271378535,65.66067261316876,0.8561606151080613,1.0,-9.124595728621465,0.16067261316875658,2018
401114167,2019,6,Colorado,Arizona,30.0,35.0,-5.0,65.0,-2.5,63.0,2.5,0,0,1,,,3.8949272763872997,67.43724126553268,0.614708606689956,1.0,1.3949272763872997,4.437241265532677,2018
401114276,2019,6,Old Dominion,Western Kentucky,3.0,20.0,-17.0,23.0,3.0,42.5,-3.0,0,0,0,,,-9.678689647077118,42.36414817818706,0.14658402730780545,1.0,-6.6786896470771175,-0.13585182181294186,2018
401114277,2019,6,UAB,Rice,35.0,20.0,15.0,55.0,-10.0,43.5,10.0,1,1,1,,,11.463532154387025,40.14395922166803,0.7602633718185405,1.0,1.4635321543870248,-3.3560407783319732,2018
401114274,2019,6,Florida International,Massachusetts,44.0,0.0,44.0,44.0,-28.0,69.5,28.0,1,1,0,,,30.211058382529124,69.75656712676411,0.9258178785079381,1.0,2.2110583825291243,0.25656712676411075,2018
401110816,2019,6,Tennessee,Georgia,14.0,43.0,-29.0,57.0,24.5,50.5,-24.5,0,0,1,,,-28.98686918630635,57.00540971142925,0.10230381023672375,1.0,-4.48686918630635,6.505409711429252,2018
401112216,2019,6,Ohio State,Michigan State,34.0,10.0,24.0,44.0,-20.0,50.5,20.0,1,1,0,,,11.107699901035112,46.69997904889037,0.7282014111125864,1.0,-8.892300098964888,-3.80002095110963,2018
401117878,2019,6,SMU,Tulsa,43.0,37.0,6.0,80.0,-12.0,64.0,12.0,1,0,1,,,6.338240901559873,63.14768932186381,0.8593450342052682,1.0,-5.661759098440127,-0.8523106781361918,2018
401110814,2019,6,Ole Miss,Vanderbilt,31.0,6.0,25.0,37.0,-7.0,64.5,7.0,1,1,0,,,2.2142114947639744,65.60097270472158,0.6159031666864972,1.0,-4.785788505236026,1.1009727047215847,2018
401114177,2019,6,Oregon,California,17.0,7.0,10.0,24.0,-21.5,46.5,21.5,1,0,0,,,15.443464688323619,46.01342393851105,0.7485879869045471,1.0,-6.056535311676381,-0.4865760614889467,2018
401114342,2019,6,New Mexico State,Liberty,13.0,20.0,-7.0,33.0,4.0,63.0,-4.0,0,0,0,,,-1.178094772664581,56.27533544812785,0.3872663310155133,1.0,2.821905227335419,-6.724664551872152,2018
401114278,2019,6,UTEP,UTSA,16.0,26.0,-10.0,42.0,-1.5,46.5,1.5,0,0,0,,,-0.1762176998278986,49.35604779312006,0.4347084248455993,1.0,-1.6762176998278986,2.8560477931200623,2018
401112474,2019,6,Duke,Pittsburgh,30.0,33.0,-3.0,63.0,-3.5,47.5,3.5,0,0,1,,,-0.14973859854589033,43.11711591500075,0.4191983784744659,1.0,-3.6497385985458903,-4.382884084999247,2018
401114203,2019,6,UCLA,Oregon State,31.0,48.0,-17.0,79.0,-4.5,64.0,4.5,0,0,1,,,3.922257414212171,59.605875987631144,0.48013242113262294,1.0,-0.5777425857878291,-4.394124012368856,2018
401117518,2019,6,Colorado State,San Diego State,10.0,24.0,-14.0,34.0,6.5,48.0,-6.5,0,0,0,,,-14.49792582340953,46.01783837471732,0.1913765673150784,1.0,-7.997925823409529,-1.9821616252826786,2018
401117517,2019,6,UNLV,Boise State,13.0,38.0,-25.0,51.0,24.0,57.5,-24.0,0,0,0,,,-26.185960367811315,61.956969362995096,0.1125688123693954,1.0,-2.1859603678113153,4.456969362995096,2018
401114209,2019,6,Stanford,Washington,23.0,13.0,10.0,36.0,12.5,51.5,-12.5,1,1,0,,,-8.11115680946481,54.54186072309412,0.35684615538756814,1.0,4.388843190535191,3.0418607230941177,2018
401121950,2019,7,Louisiana,App State,7.0,17.0,-10.0,24.0,-2.5,70.0,2.5,0,0,0,,,-1.4806016379508562,70.39896949916447,0.3319204684111411,1.0,-3.980601637950856,0.39896949916446545,2018
401112477,2019,7,NC State,Syracuse,16.0,10.0,6.0,26.0,-4.0,56.0,4.0,1,1,0,,,1.6768081862327389,52.828478275272225,0.35975395834808815,1.0,-2.323191813767261,-3.171521724727775,2018
401121951,2019,7,Texas State,UL Monroe,14.0,24.0,-10.0,38.0,3.5,61.0,-3.5,0,0,0,,,-5.521015455497819,67.70058171452703,0.3118595979630368,1.0,-2.0210154554978192,6.700581714527033,2018
401117522,2019,7,New Mexico,Colorado State,21.0,35.0,-14.0,56.0,5.0,65.5,-5.0,0,0,0,,,-10.98513126817003,64.45641841060929,0.37169239863716474,1.0,-5.985131268170029,-1.0435815893907119,2018
401112478,2019,7,Miami,Virginia,17.0,9.0,8.0,26.0,-2.5,44.0,2.5,1,1,0,,,-0.49146800779456923,41.69486247486584,0.5282951393675759,1.0,-2.9914680077945692,-2.305137525134157,2018
401114186,2019,7,Oregon,Colorado,45.0,3.0,42.0,48.0,-23.0,62.0,23.0,1,1,0,,,21.68285665384123,59.77162443430093,0.9383912143829182,1.0,-1.317143346158769,-2.228375565699068,2018
401110817,2019,7,Georgia,South Carolina,17.0,20.0,-3.0,37.0,-21.0,52.0,21.0,0,0,0,,,22.501289036096093,53.294976561508456,0.9376767501937419,1.0,1.501289036096093,1.2949765615084559,2018
401117881,2019,7,Temple,Memphis,30.0,28.0,2.0,58.0,4.0,50.5,-4.0,1,1,1,,,-3.6331800289655023,49.530866931605814,0.39734435307643645,1.0,0.3668199710344977,-0.9691330683941857,2018
401112206,2019,7,Purdue,Maryland,40.0,14.0,26.0,54.0,4.0,53.0,-4.0,1,1,1,,,-7.008474307602073,53.88132718447187,0.4644945249764064,1.0,-3.0084743076020732,0.8813271844718713,2018
401110821,2019,7,Tennessee,Mississippi State,20.0,10.0,10.0,30.0,5.0,53.0,-5.0,1,1,0,,,1.6130444233987333,52.35190487767527,0.5114577549630863,1.0,6.613044423398733,-0.6480951223247331,2018
401112162,2019,7,Indiana,Rutgers,35.0,0.0,35.0,35.0,-27.5,50.0,27.5,1,1,0,,,24.71358119681258,53.74982621521985,0.9508559504170224,1.0,-2.78641880318742,3.749826215219848,2018
401119278,2019,7,Western Michigan,Miami (OH),38.0,16.0,22.0,54.0,-12.5,57.0,12.5,1,1,0,,,12.084562158396635,56.04157349689784,0.7164300435701878,1.0,-0.4154378416033655,-0.9584265031021602,2018
401112150,2019,7,Illinois,Michigan,25.0,42.0,-17.0,67.0,24.0,49.0,-24.0,0,1,1,,,-28.550703740836944,54.36320364513792,0.11476020507064554,1.0,-4.550703740836944,5.363203645137922,2018
401112118,2019,7,Texas,Oklahoma,27.0,34.0,-7.0,61.0,11.0,77.5,-11.0,0,1,0,,,-5.5240944304073665,76.79080189418833,0.5374024285328766,1.0,5.4759055695926335,-0.7091981058116659,2018
401119280,2019,7,Bowling Green,Toledo,20.0,7.0,13.0,27.0,27.0,65.0,-27.0,1,1,0,,,-31.794720044057478,68.68063167759502,0.09033291405855684,1.0,-4.7947200440574775,3.6806316775950165,2018
401112480,2019,7,Duke,Georgia Tech,41.0,23.0,18.0,64.0,-18.0,47.5,18.0,1,0,1,,,22.145317840490414,45.24757835232698,0.9078388759512623,1.0,4.145317840490414,-2.2524216476730174,2018
401119276,2019,7,Eastern Michigan,Ball State,23.0,29.0,-6.0,52.0,-2.0,57.0,2.0,0,0,0,,,2.015265272793611,55.740086508089156,0.5814455969082315,1.0,0.015265272793611118,-1.2599134919108437,2018
401114283,2019,7,Marshall,Old Dominion,31.0,17.0,14.0,48.0,-16.0,46.0,16.0,1,0,1,,,25.53474992871576,46.26211944736312,0.9284838258895303,1.0,9.534749928715762,0.2621194473631192,2018
401114343,2019,7,Central Michigan,New Mexico State,42.0,28.0,14.0,70.0,-10.5,57.0,10.5,1,1,1,,,15.809824298909884,58.6305624479796,0.7758730232722622,1.0,5.309824298909884,1.6305624479795995,2018
401112217,2019,7,Wisconsin,Michigan State,38.0,0.0,38.0,38.0,-8.0,40.5,8.0,1,1,0,,,-1.6002578478198046,36.00173810948253,0.4945894399465559,1.0,-9.600257847819805,-4.498261890517469,2018
401117879,2019,7,Houston,Cincinnati,23.0,38.0,-15.0,61.0,9.5,51.0,-9.5,0,0,1,,,-7.216094716404239,51.51785233254638,0.38196632414980525,1.0,2.283905283595761,0.5178523325463829,2018
401119279,2019,7,Ohio,Northern Illinois,36.0,39.0,-3.0,75.0,-5.0,51.5,5.0,0,0,1,,,4.435680841961133,59.327969744191876,0.5351151799696244,1.0,-0.5643191580388667,7.827969744191876,2018
401119277,2019,7,Akron,Kent State,3.0,26.0,-23.0,29.0,14.0,57.5,-14.0,0,0,0,,,-13.483566381013397,55.02260208641521,0.34288284437975436,1.0,0.5164336189866034,-2.477397913584788,2018
401114157,2019,7,Arizona State,Washington State,38.0,34.0,4.0,72.0,2.5,61.0,-2.5,1,1,1,,,-1.8143403746457705,55.93129451578543,0.589213476829071,1.0,0.6856596253542295,-5.0687054842145685,2018
401110822,2019,7,Texas A&M,Alabama,28.0,47.0,-19.0,75.0,17.0,61.5,-17.0,0,0,1,,,-14.249443216976086,63.84907726337543,0.10855879665513549,1.0,2.7505567830239137,2.3490772633754275,2018
401117214,2019,7,South Florida,BYU,27.0,23.0,4.0,50.0,4.5,49.5,-4.5,1,1,1,,,-9.240063097703052,47.701850651471716,0.47662646759046434,1.0,-4.740063097703052,-1.798149348528284,2018
401112479,2019,7,Clemson,Florida State,45.0,14.0,31.0,59.0,-26.5,61.0,26.5,1,1,0,,,22.257388515881775,66.24676395294628,0.8892102500954031,1.0,-4.242611484118225,5.2467639529462815,2018
401117880,2019,7,Tulane,UConn,49.0,7.0,42.0,56.0,-34.0,57.5,34.0,1,1,0,,,35.20739093862313,56.29218625966509,0.99,1.0,1.2073909386231279,-1.2078137403349132,2018
401117524,2019,7,Nevada,San José State,41.0,38.0,3.0,79.0,-3.0,61.0,3.0,1,0,1,,,-2.6723261781570926,60.199606770043175,0.3113375475580639,1.0,-5.672326178157093,-0.8003932299568248,2018
401112078,2019,7,Baylor,Texas Tech,33.0,30.0,3.0,63.0,-10.5,59.0,10.5,1,0,1,,,11.703785919603945,59.437913129004194,0.8093470659284305,1.0,1.2037859196039449,0.437913129004194,2018
401110823,2019,7,Vanderbilt,UNLV,10.0,34.0,-24.0,44.0,-15.5,57.5,15.5,0,0,0,,,18.869802021609217,58.97931620129477,0.9542934635519353,1.0,3.3698020216092175,1.4793162012947718,2018
401114280,2019,7,Florida Atlantic,Middle Tennessee,28.0,13.0,15.0,41.0,-13.0,63.5,13.0,1,1,0,,,13.638090725726311,63.84534948880373,0.8033861016671568,1.0,0.6380907257263111,0.34534948880372696,2018
401112089,2019,7,West Virginia,Iowa State,14.0,38.0,-24.0,52.0,9.5,55.0,-9.5,0,0,0,,,-12.558478419728003,56.53035140069518,0.2599098979737274,1.0,-3.0584784197280026,1.5303514006951815,2018
401121952,2019,7,Coastal Carolina,Georgia State,21.0,31.0,-10.0,52.0,-3.5,64.5,3.5,0,0,0,,,-1.332125951578317,60.4692421923213,0.5636660545981116,1.0,-4.832125951578317,-4.030757807678697,2018
401114284,2019,7,UTSA,UAB,14.0,33.0,-19.0,47.0,12.5,46.5,-12.5,0,0,1,,,-8.021084699457013,44.18230424576386,0.23482923104697828,1.0,4.478915300542987,-2.3176957542361407,2018
401110820,2019,7,Missouri,Ole Miss,38.0,27.0,11.0,65.0,-12.5,56.5,12.5,1,0,1,,,7.111611197649439,52.32339133376392,0.5700452549242242,1.0,-5.388388802350561,-4.176608666236078,2018
401117520,2019,7,Air Force,Fresno State,43.0,24.0,19.0,67.0,-3.0,50.5,3.0,1,1,1,,,11.476817589173098,49.226627956833454,0.5287368309945788,1.0,8.476817589173098,-1.273372043166546,2018
401114279,2019,7,Florida International,Charlotte,48.0,23.0,25.0,71.0,-6.0,57.5,6.0,1,1,1,,,-2.1147405158661368,53.04292156500045,0.5102057211920483,1.0,-8.114740515866137,-4.457078434999552,2018
401114285,2019,7,Western Kentucky,Army,17.0,8.0,9.0,25.0,5.5,43.5,-5.5,1,1,0,,,-5.816422720529786,39.25528045565804,0.5167810788356302,1.0,-0.31642272052978626,-4.244719544341962,2018
401114281,2019,7,Louisiana Tech,Massachusetts,69.0,21.0,48.0,90.0,-31.5,63.5,31.5,1,1,1,,,35.28237539764304,62.97856473239359,0.9819312843793677,1.0,3.7823753976430368,-0.5214352676064067,2018
401114282,2019,7,Southern Miss,North Texas,45.0,27.0,18.0,72.0,-3.0,59.5,3.0,1,1,1,,,7.260343269422874,62.086860344556776,0.6154448855083281,1.0,4.260343269422874,2.5868603445567757,2018
401117882,2019,7,Tulsa,Navy,17.0,45.0,-28.0,62.0,-1.0,52.5,1.0,0,0,1,,,6.351552169318382,52.09263789485352,0.6545159441179421,1.0,5.351552169318382,-0.40736210514648263,2018
401112481,2019,7,Wake Forest,Louisville,59.0,62.0,-3.0,121.0,-7.0,65.0,7.0,0,0,1,,,-4.194868221677032,62.324942609194736,0.5171494580988211,1.0,-11.194868221677032,-2.6750573908052644,2018
401112195,2019,7,Iowa,Penn State,12.0,17.0,-5.0,29.0,3.5,43.5,-3.5,0,0,0,,,-4.241181097634626,38.59948610819254,0.41489411584723773,1.0,-0.7411810976346258,-4.9005138918074636,2018
401110818,2019,7,Kentucky,Arkansas,24.0,20.0,4.0,44.0,-4.0,52.0,4.0,1,0,0,,,10.634160181060322,56.062054033136995,0.8366048910118746,1.0,6.634160181060322,4.062054033136995,2018
401114222,2019,7,Notre Dame,USC,30.0,27.0,3.0,57.0,-10.5,59.5,10.5,1,0,0,,,18.494191040428248,58.60179961528075,0.9178787659977192,1.0,7.994191040428248,-0.898200384719253,2018
401112233,2019,7,Minnesota,Nebraska,34.0,7.0,27.0,41.0,-7.5,47.5,7.5,1,1,0,,,5.80750200643621,41.120386351838256,0.681097763808046,1.0,-1.6924979935637898,-6.379613648161744,2018
401110819,2019,7,LSU,Florida,42.0,28.0,14.0,70.0,-14.0,55.0,14.0,1,0,1,,,13.695098496321434,46.930191714245915,0.7631471954842872,1.0,-0.3049015036785665,-8.069808285754085,2018
401114204,2019,7,Oregon State,Utah,7.0,52.0,-45.0,59.0,14.5,59.5,-14.5,0,0,0,,,-18.759334773103905,60.838641416896266,0.1997425934081167,1.0,-4.259334773103905,1.338641416896266,2018
401117521,2019,7,Boise State,Hawai'i,59.0,37.0,22.0,96.0,-12.5,60.0,12.5,1,1,1,,,10.753404834950704,55.35984278539974,0.7315877304163969,1.0,-1.7465951650492961,-4.640157214600258,2018
401117523,2019,7,San Diego State,Wyoming,26.0,22.0,4.0,48.0,-3.5,38.0,3.5,1,1,1,,,3.1225747627740543,32.30200339546277,0.6322543427229133,1.0,-0.3774252372259457,-5.697996604537231,2018
401114168,2019,7,Arizona,Washington,27.0,51.0,-24.0,78.0,6.0,62.5,-6.0,0,0,1,,,-7.642303222665419,59.547943590919886,0.39032036949583526,1.0,-1.6423032226654186,-2.9520564090801145,2018
401121953,2019,8,Troy,South Alabama,37.0,13.0,24.0,50.0,-17.5,55.0,17.5,1,1,0,,,15.840001173987078,50.30169280741885,0.9253017129373633,1.0,-1.659998826012922,-4.698307192581147,2018
401121954,2019,8,Arkansas State,Louisiana,20.0,37.0,-17.0,57.0,6.0,69.0,-6.0,0,0,0,,,-1.999362329212718,61.572681440709694,0.5014603495364507,1.0,4.000637670787282,-7.427318559290306,2018
401114210,2019,8,Stanford,UCLA,16.0,34.0,-18.0,50.0,-4.5,49.0,4.5,0,0,1,,,10.581233880342461,50.2225943498472,0.68600567899315,1.0,6.081233880342461,1.2225943498471992,2018
401114288,2019,8,Florida Atlantic,Marshall,31.0,36.0,-5.0,67.0,-4.0,58.5,4.0,0,0,1,,,-2.076557100134476,60.83308158013031,0.5262531823201826,1.0,-6.076557100134476,2.3330815801303117,2018
401112483,2019,8,Syracuse,Pittsburgh,20.0,27.0,-7.0,47.0,3.5,53.5,-3.5,0,0,0,,,-2.8349601671464066,57.30322284529682,0.35592542176160674,1.0,0.6650398328535934,3.8032228452968226,2018
401112248,2019,8,Northwestern,Ohio State,3.0,52.0,-49.0,55.0,27.0,50.0,-27.0,0,0,1,,,-18.155425222455335,48.23623851257787,0.048339264301502816,1.0,8.844574777544665,-1.76376148742213,2018
401117528,2019,8,Fresno State,UNLV,56.0,27.0,29.0,83.0,-15.5,52.0,15.5,1,1,1,,,11.948726426781443,45.20382020016943,0.9270709914660846,1.0,-3.551273573218557,-6.796179799830568,2018
401119283,2019,8,Ohio,Kent State,45.0,38.0,7.0,83.0,-8.0,63.0,8.0,1,0,1,,,9.827846605662497,63.35230160935678,0.7088630063356773,1.0,1.8278466056624971,0.352301609356779,2018
401112485,2019,8,Louisville,Clemson,10.0,45.0,-35.0,55.0,24.5,62.5,-24.5,0,0,0,,,-22.254973995684743,67.24408343847232,0.18901351666513624,1.0,2.245026004315257,4.744083438472316,2018
401117886,2019,8,UConn,Houston,17.0,24.0,-7.0,41.0,22.0,56.5,-22.0,0,1,0,,,-28.92373078475836,57.024075951337174,0.07950122579859907,1.0,-6.923730784758359,0.5240759513371742,2018
401112090,2019,8,Texas Tech,Iowa State,24.0,34.0,-10.0,58.0,8.5,57.0,-8.5,0,0,1,,,-9.724505693820205,56.75816483459279,0.21587711273855736,1.0,-1.2245056938202055,-0.24183516540720973,2018
401110829,2019,8,South Carolina,Florida,27.0,38.0,-11.0,65.0,3.5,45.0,-3.5,0,0,1,,,-7.079273364034929,46.340472617186286,0.2115633460165694,1.0,-3.579273364034929,1.3404726171862862,2018
401112488,2019,8,Miami,Georgia Tech,21.0,28.0,-7.0,49.0,-18.5,46.0,18.5,0,0,1,,,21.893394309910228,45.1045912996908,0.9225618769714274,1.0,3.393394309910228,-0.8954087003091971,2018
401112484,2019,8,Boston College,NC State,45.0,24.0,21.0,69.0,4.0,54.5,-4.0,1,1,1,,,4.697743247994074,52.3745929587516,0.6372799234644482,1.0,8.697743247994074,-2.125407041248401,2018
401112196,2019,8,Iowa,Purdue,26.0,20.0,6.0,46.0,-18.0,47.5,18.0,1,0,0,,,19.023688674138775,49.64020720004906,0.9285204044233095,1.0,1.023688674138775,2.140207200049062,2018
401110825,2019,8,Arkansas,Auburn,10.0,51.0,-41.0,61.0,19.5,55.5,-19.5,0,0,1,,,-22.600253541494855,55.626554276792554,0.08417099296417449,1.0,-3.1002535414948547,0.12655427679255382,2018
401112119,2019,8,Oklahoma,West Virginia,52.0,14.0,38.0,66.0,-32.0,63.5,32.0,1,1,1,,,29.614278516225497,72.05201767293902,0.9646752446568798,1.0,-2.3857214837745033,8.552017672939016,2018
401112151,2019,8,Illinois,Wisconsin,24.0,23.0,1.0,47.0,30.0,52.0,-30.0,1,1,0,,,-31.399086882556176,57.691265155456264,0.06925586157909244,1.0,-1.3990868825561762,5.691265155456264,2018
401119285,2019,8,Ball State,Toledo,52.0,14.0,38.0,66.0,-3.0,58.0,3.0,1,1,1,,,7.154004817164499,59.319421251767935,0.48110702470743805,1.0,4.154004817164499,1.3194212517679347,2018
401119282,2019,8,Bowling Green,Central Michigan,20.0,38.0,-18.0,58.0,11.0,54.5,-11.0,0,0,1,,,-13.0540365329572,51.76232814700458,0.13314322314369723,1.0,-2.0540365329572,-2.737671852995419,2018
401119284,2019,8,Miami (OH),Northern Illinois,27.0,24.0,3.0,51.0,2.5,48.5,-2.5,1,1,1,,,-6.07455063628835,44.462082868174136,0.3155547841199708,1.0,-3.5745506362883503,-4.037917131825864,2018
401112109,2019,8,Kansas State,TCU,24.0,17.0,7.0,41.0,4.0,44.0,-4.0,1,1,0,,,-2.908141842129266,49.54394236276407,0.5140388680723863,1.0,1.091858157870734,5.543942362764071,2018
401114178,2019,8,California,Oregon State,17.0,21.0,-4.0,38.0,-10.5,51.5,10.5,0,0,0,,,10.69200918352114,47.53723631875049,0.8352932087601553,1.0,0.19200918352114016,-3.9627636812495126,2018
401117526,2019,8,Wyoming,New Mexico,23.0,10.0,13.0,33.0,-17.5,48.5,17.5,1,0,0,,,15.255596377071727,45.063905665044615,0.8247492177152573,1.0,-2.2444036229282727,-3.436094334955385,2018
401121956,2019,8,Georgia Southern,Coastal Carolina,30.0,27.0,3.0,57.0,-7.0,42.5,7.0,1,0,1,,,11.365740908417726,34.560538090515976,0.644434298932224,1.0,4.365740908417726,-7.939461909484024,2018
401112234,2019,8,Rutgers,Minnesota,7.0,42.0,-35.0,49.0,29.0,47.0,-29.0,0,0,1,,,-27.84604067325762,40.877730964515386,0.09655445555479007,1.0,1.153959326742381,-6.122269035484614,2018
401117887,2019,8,SMU,Temple,45.0,21.0,24.0,66.0,-9.5,60.0,9.5,1,1,1,,,6.991748955019105,63.11376263957426,0.7419418253378508,1.0,-2.508251044980895,3.1137626395742615,2018
401114289,2019,8,Louisiana Tech,Southern Miss,45.0,30.0,15.0,75.0,2.5,58.5,-2.5,1,1,1,,,1.15317627234346,55.14965044062881,0.6428597962869949,1.0,3.65317627234346,-3.350349559371189,2018
401112163,2019,8,Maryland,Indiana,28.0,34.0,-6.0,62.0,6.5,59.5,-6.5,0,1,1,,,-6.146430838083157,55.11550017375981,0.5190007333556365,1.0,0.35356916191684284,-4.384499826240187,2018
401117885,2019,8,Cincinnati,Tulsa,24.0,13.0,11.0,37.0,-16.0,47.0,16.0,1,0,0,,,13.87524191647984,44.78666701946651,0.8806914536300234,1.0,-2.1247580835201596,-2.2133329805334867,2018
401121955,2019,8,App State,UL Monroe,52.0,7.0,45.0,59.0,-15.5,66.0,15.5,1,1,0,,,10.967680050770909,65.0055726735783,0.8861002758113199,1.0,-4.532319949229091,-0.9944273264217003,2018
401119281,2019,8,Akron,Buffalo,0.0,21.0,-21.0,21.0,17.5,47.5,-17.5,0,0,0,,,-14.251367477159237,45.50221930503379,0.23365115676587417,1.0,3.2486325228407633,-1.9977806949662096,2018
401110828,2019,8,Mississippi State,LSU,13.0,36.0,-23.0,49.0,19.0,62.5,-19.0,0,0,0,,,-26.14849948531523,55.38901125965678,0.07678880054995804,1.0,-7.148499485315231,-7.110988740343217,2018
401117883,2019,8,Navy,South Florida,35.0,3.0,32.0,38.0,-15.5,51.5,15.5,1,1,0,,,25.052975449888457,50.05830665397694,0.9572417006575057,1.0,9.552975449888457,-1.441693346023058,2018
401112486,2019,8,Virginia,Duke,48.0,14.0,34.0,62.0,-3.5,45.0,3.5,1,1,1,,,6.957056595723921,50.608747400745045,0.5588280568617874,1.0,3.4570565957239214,5.608747400745045,2018
401114196,2019,8,Washington,Oregon,31.0,35.0,-4.0,66.0,3.0,48.5,-3.0,0,0,1,,,3.772363551961047,52.366203562676105,0.7193564748266577,1.0,6.772363551961047,3.8662035626761053,2018
401112489,2019,8,Virginia Tech,North Carolina,43.0,41.0,2.0,84.0,4.5,57.0,-4.5,1,1,1,,,1.3680781990163497,58.27463572711753,0.6248403242353738,1.0,5.86807819901635,1.274635727117527,2018
401114290,2019,8,North Texas,Middle Tennessee,33.0,30.0,3.0,63.0,-7.5,59.5,7.5,1,0,1,,,6.9180833395433865,57.48699120780949,0.6870196005309377,1.0,-0.5819166604566135,-2.0130087921905115,2018
401114291,2019,8,UAB,Old Dominion,38.0,14.0,24.0,52.0,-16.5,42.0,16.5,1,1,1,,,21.157716399159582,43.603790592389565,0.9365649755928942,1.0,4.6577163991595825,1.603790592389565,2018
401114286,2019,8,Western Kentucky,Charlotte,30.0,14.0,16.0,44.0,-10.0,48.0,10.0,1,1,0,,,10.760900115151218,45.95696974986381,0.7492419185199307,1.0,0.7609001151512178,-2.0430302501361908,2018
401112079,2019,8,Oklahoma State,Baylor,27.0,45.0,-18.0,72.0,-6.0,68.5,6.0,0,0,1,,,6.375440445803995,68.9098899634043,0.4893214682497098,1.0,0.3754404458039948,0.4098899634042965,2018
401110830,2019,8,Vanderbilt,Missouri,21.0,14.0,7.0,35.0,21.0,56.5,-21.0,1,1,0,,,-12.336509239559069,58.94386548866499,0.17806057205390366,1.0,8.663490760440931,2.44386548866499,2018
401114158,2019,8,Utah,Arizona State,21.0,3.0,18.0,24.0,-15.0,46.5,15.0,1,1,0,,,22.840470199770323,45.1136219184659,0.8243997016036408,1.0,7.840470199770323,-1.3863780815340974,2018
401114292,2019,8,UTSA,Rice,31.0,27.0,4.0,58.0,5.5,42.5,-5.5,1,1,1,,,-6.607042195237749,38.76077272519527,0.5546191143959328,1.0,-1.1070421952377494,-3.7392272748047333,2018
401110826,2019,8,Georgia,Kentucky,21.0,0.0,21.0,21.0,-24.0,45.5,24.0,1,0,0,,,22.890322563827958,49.692034814065,0.9449915564469211,1.0,-1.109677436172042,4.1920348140650034,2018
401112102,2019,8,Texas,Kansas,50.0,48.0,2.0,98.0,-21.0,63.0,21.0,1,0,1,,,26.973813261819036,58.61802553109561,0.9804412513773832,1.0,5.973813261819036,-4.381974468904389,2018
401119286,2019,8,Eastern Michigan,Western Michigan,34.0,27.0,7.0,61.0,9.5,61.0,-9.5,1,1,0,,,-11.716231701049473,51.49786048019403,0.41205546138550586,1.0,-2.216231701049473,-9.502139519805972,2018
401117529,2019,8,San José State,San Diego State,17.0,27.0,-10.0,44.0,7.5,45.5,-7.5,0,0,0,,,-5.354792527161484,48.11825828717613,0.32173736865418645,1.0,2.145207472838516,2.6182582871761326,2018
401114187,2019,8,Washington State,Colorado,41.0,10.0,31.0,51.0,-13.5,68.5,13.5,1,1,0,,,12.14280507017012,66.88892434644163,0.914534280064562,1.0,-1.3571949298298804,-1.6110756535583732,2018
401114287,2019,8,Florida International,UTEP,32.0,17.0,15.0,49.0,-24.5,51.5,24.5,1,0,0,,,25.1366923677665,49.57720355643772,0.917416492295789,1.0,0.6366923677665,-1.9227964435622766,2018
401117884,2019,8,UCF,East Carolina,41.0,28.0,13.0,69.0,-34.5,64.5,34.5,1,0,1,,,33.83697164892938,62.309794863143686,0.9674341554603028,1.0,-0.6630283510706221,-2.1902051368563136,2018
401114329,2019,8,Georgia State,Army,28.0,21.0,7.0,49.0,4.0,54.0,-4.0,1,1,0,,,-2.400794341144997,56.83861890797665,0.3971461404761482,1.0,1.599205658855003,2.8386189079766524,2018
401117888,2019,8,Memphis,Tulane,47.0,17.0,30.0,64.0,-2.0,61.0,2.0,1,1,1,,,5.7046640263418285,59.7055356184375,0.6370529348462348,1.0,3.7046640263418285,-1.2944643815624985,2018
401112487,2019,8,Wake Forest,Florida State,22.0,20.0,2.0,42.0,3.0,68.5,-3.0,1,1,0,,,-0.2054813430782314,66.63111559730054,0.5458953583952034,1.0,2.7945186569217686,-1.8688844026994644,2018
401112226,2019,8,Penn State,Michigan,28.0,21.0,7.0,49.0,-7.5,47.5,7.5,1,0,1,,,6.592332977955652,46.198790457348665,0.6196740605031836,1.0,-0.9076670220443477,-1.3012095426513355,2018
401110827,2019,8,Ole Miss,Texas A&M,17.0,24.0,-7.0,41.0,6.0,55.5,-6.0,0,0,0,,,1.4102887343144994,55.565479251553676,0.3149506761256307,1.0,7.410288734314499,0.06547925155367551,2018
401110824,2019,8,Alabama,Tennessee,35.0,13.0,22.0,48.0,-35.0,62.0,35.0,1,0,0,,,29.37477815527037,62.44193356387634,0.9367291693092661,1.0,-5.62522184472963,0.44193356387634,2018
401114169,2019,8,USC,Arizona,41.0,14.0,27.0,55.0,-10.0,69.0,10.0,1,1,0,,,12.972355218384958,76.05939026840089,0.9043137550579545,1.0,2.9723552183849584,7.05939026840089,2018
401117527,2019,8,Utah State,Nevada,36.0,10.0,26.0,46.0,-21.5,58.5,21.5,1,1,0,,,21.368534282349355,62.633496896116846,0.9151504702616562,1.0,-0.13146571765064508,4.133496896116846,2018
401117215,2019,8,BYU,Boise State,28.0,25.0,3.0,53.0,7.0,44.5,-7.0,1,1,1,,,-4.824653143875079,41.40264261855751,0.30390128266341826,1.0,2.1753468561249214,-3.0973573814424924,2018
401117525,2019,8,Hawai'i,Air Force,26.0,56.0,-30.0,82.0,4.0,66.0,-4.0,0,0,1,,,-5.398298166815353,69.73862568544608,0.6375132492540198,1.0,-1.3982981668153531,3.738625685446081,2018
401117889,2019,9,Houston,SMU,31.0,34.0,-3.0,65.0,12.5,65.0,-12.5,0,1,0,,,-10.169517813465935,61.31587218001024,0.39457526222116074,1.0,2.3304821865340646,-3.6841278199897616,2018
401114188,2019,9,Colorado,USC,31.0,35.0,-4.0,66.0,10.5,64.5,-10.5,0,1,1,,,-10.768789613906183,65.40939400899808,0.17783281376182808,1.0,-0.2687896139061827,0.9093940089980777,2018
401119288,2019,9,Western Michigan,Bowling Green,49.0,10.0,39.0,59.0,-27.0,65.5,27.0,1,1,0,,,32.37870891313915,63.86836854362507,0.9648909435028664,1.0,5.37870891313915,-1.631631456374933,2018
401112197,2019,9,Northwestern,Iowa,0.0,20.0,-20.0,20.0,8.0,36.5,-8.0,0,0,0,,,-6.125133135064775,32.74228099840157,0.15097978063190845,1.0,1.8748668649352247,-3.7577190015984314,2018
401112254,2019,9,Ohio State,Wisconsin,38.0,7.0,31.0,45.0,-14.5,48.0,14.5,1,1,0,,,10.30556686183246,49.348823929461496,0.755519343666733,1.0,-4.19443313816754,1.3488239294614957,2018
401112266,2019,9,Rutgers,Liberty,44.0,34.0,10.0,78.0,7.5,44.0,-7.5,1,1,1,,,-7.770535604627547,43.08876073444614,0.43937600565573487,1.0,-0.2705356046275469,-0.9112392655538599,2018
401112152,2019,9,Purdue,Illinois,6.0,24.0,-18.0,30.0,-9.5,54.5,9.5,0,0,0,,,12.74077064679872,48.04717521168401,0.7772800934538616,1.0,3.2407706467987207,-6.4528247883159935,2018
401110835,2019,9,Texas A&M,Mississippi State,49.0,30.0,19.0,79.0,-11.0,50.0,11.0,1,1,1,,,8.430886497442023,52.63172498632388,0.7175384586700745,1.0,-2.569113502557977,2.6317249863238814,2018
401112494,2019,9,Pittsburgh,Miami,12.0,16.0,-4.0,28.0,-4.5,43.0,4.5,0,0,0,,,8.143464840654854,45.7116743227901,0.6081093450364141,1.0,3.643464840654854,2.7116743227901026,2018
401112110,2019,9,Kansas State,Oklahoma,48.0,41.0,7.0,89.0,23.5,59.0,-23.5,1,1,1,,,-26.573132443615904,67.07615517054585,0.1832953584832922,1.0,-3.073132443615904,8.076155170545846,2018
401121957,2019,9,South Alabama,App State,3.0,30.0,-27.0,33.0,27.5,50.5,-27.5,0,1,0,,,-31.557096924596674,49.954960468658484,0.04434217392693607,1.0,-4.057096924596674,-0.5450395313415157,2018
401114330,2019,9,Army,San José State,29.0,34.0,-5.0,63.0,-9.5,54.5,9.5,0,0,1,,,16.268750710239615,58.05567276583286,0.8407404671681847,1.0,6.768750710239615,3.5556727658328597,2018
401114298,2019,9,Rice,Southern Miss,6.0,20.0,-14.0,26.0,10.0,51.5,-10.0,0,0,0,,,-18.405862989866,51.401835798633535,0.12507938564807597,1.0,-8.405862989866002,-0.09816420136646542,2018
401117533,2019,9,Wyoming,Nevada,31.0,3.0,28.0,34.0,-13.5,44.0,13.5,1,1,0,,,11.116489592026946,41.4110945877859,0.8400224763228898,1.0,-2.383510407973054,-2.5889054122141033,2018
401119292,2019,9,Ball State,Ohio,21.0,34.0,-13.0,55.0,-2.5,59.5,2.5,0,0,0,,,5.080379208660028,59.72202649296587,0.5573314152739051,1.0,2.5803792086600277,0.22202649296586685,2018
401114297,2019,9,Marshall,Western Kentucky,26.0,23.0,3.0,49.0,-4.0,44.5,4.0,1,0,1,,,2.606943614545631,44.701765195959766,0.5689721741460555,1.0,-1.393056385454369,0.20176519595976572,2018
401114344,2019,9,Georgia Southern,New Mexico State,41.0,7.0,34.0,48.0,-13.5,53.5,13.5,1,1,0,,,16.630703408216057,52.306065727335785,0.9754817920426853,1.0,3.130703408216057,-1.1939342726642153,2018
401114293,2019,9,Charlotte,North Texas,39.0,38.0,1.0,77.0,4.0,64.5,-4.0,1,1,1,,,-3.4254696320361835,65.80579111310136,0.6352213713792858,1.0,0.5745303679638165,1.305791113101364,2018
401112492,2019,9,Florida State,Syracuse,35.0,17.0,18.0,52.0,-11.0,60.0,11.0,1,1,0,,,15.991149825036123,60.461126011862,0.8335550278165537,1.0,4.991149825036123,0.46112601186199953,2018
401112493,2019,9,Louisville,Virginia,28.0,21.0,7.0,49.0,3.5,51.5,-3.5,1,1,0,,,-4.673285510454723,51.050926725162206,0.39319498882466275,1.0,-1.1732855104547228,-0.4490732748377937,2018
401114294,2019,9,Middle Tennessee,Florida International,50.0,17.0,33.0,67.0,1.0,57.0,-1.0,1,1,1,,,-10.28908557623492,60.66626665391015,0.25606596129735243,1.0,-9.28908557623492,3.6662666539101494,2018
401112207,2019,9,Minnesota,Maryland,52.0,10.0,42.0,62.0,-14.5,59.5,14.5,1,1,1,,,20.320088043144544,59.12024787601124,0.7746371046954792,1.0,5.820088043144544,-0.3797521239887587,2018
401112132,2019,9,TCU,Texas,37.0,27.0,10.0,64.0,-1.0,57.0,1.0,1,1,1,,,5.581271979575974,54.84202107287872,0.5558499058309414,1.0,4.581271979575974,-2.1579789271212775,2018
401119287,2019,9,Northern Illinois,Akron,49.0,0.0,49.0,49.0,-22.0,42.0,22.0,1,1,1,,,22.014933712171022,39.16046367243358,0.8813696248155359,1.0,0.014933712171021796,-2.839536327566421,2018
401112164,2019,9,Nebraska,Indiana,31.0,38.0,-7.0,69.0,-2.5,55.0,2.5,0,0,1,,,-1.6674165481585677,58.802782790166134,0.4345972447960853,1.0,-4.167416548158568,3.802782790166134,2018
401114357,2019,9,Massachusetts,UConn,35.0,56.0,-21.0,91.0,9.5,62.0,-9.5,0,0,1,,,-14.396933360893868,59.331855172499395,0.5377220041964472,1.0,-4.896933360893868,-2.6681448275006048,2018
401119289,2019,9,Buffalo,Central Michigan,43.0,20.0,23.0,63.0,-2.5,45.5,2.5,1,1,1,,,2.7476954783726084,52.11924415925409,0.5174156939140948,1.0,0.2476954783726084,6.619244159254087,2018
401112091,2019,9,Iowa State,Oklahoma State,27.0,34.0,-7.0,61.0,-11.0,65.0,11.0,0,0,0,,,21.811442427543128,63.91675469464401,0.9322800998793008,1.0,10.811442427543128,-1.0832453053559874,2018
401117890,2019,9,Navy,Tulane,41.0,38.0,3.0,79.0,-4.5,58.0,4.5,1,0,1,,,6.3124080273586465,58.146116115253115,0.6405151033920515,1.0,1.8124080273586465,0.14611611525311474,2018
401114170,2019,9,Stanford,Arizona,41.0,31.0,10.0,72.0,-3.0,54.0,3.0,1,1,1,,,6.640640478628496,60.46268479002285,0.7783555472572765,1.0,3.6406404786284963,6.462684790022848,2018
401114295,2019,9,Old Dominion,Florida Atlantic,3.0,41.0,-38.0,44.0,14.0,51.0,-14.0,0,0,0,,,-20.13262250623678,53.01801252467251,0.13406809375121836,1.0,-6.132622506236778,2.018012524672507,2018
401119290,2019,9,Toledo,Eastern Michigan,37.0,34.0,3.0,71.0,-2.5,52.0,2.5,1,1,1,,,5.759848545512614,50.870366187532824,0.5231406970638508,1.0,3.2598485455126136,-1.1296338124671763,2018
401119291,2019,9,Kent State,Miami (OH),16.0,23.0,-7.0,39.0,-2.5,54.0,2.5,0,0,0,,,-2.9532439551361964,57.27083050173582,0.3799988013197858,1.0,-5.453243955136196,3.270830501735823,2018
401110833,2019,9,LSU,Auburn,23.0,20.0,3.0,43.0,-11.5,58.5,11.5,1,0,0,,,18.33624849113359,55.55102822128282,0.8472768628510657,1.0,6.836248491133588,-2.94897177871718,2018
401112218,2019,9,Michigan State,Penn State,7.0,28.0,-21.0,35.0,5.5,42.0,-5.5,0,0,0,,,-5.823563499100199,48.72554874244413,0.3725307033334119,1.0,-0.32356349910019944,6.725548742444133,2018
401117892,2019,9,East Carolina,South Florida,20.0,45.0,-25.0,65.0,1.0,51.0,-1.0,0,0,1,,,-1.7224839999100847,52.84666870157719,0.5609264085593675,1.0,-0.7224839999100847,1.8466687015771868,2018
401117532,2019,9,New Mexico,Hawai'i,31.0,45.0,-14.0,76.0,10.0,71.0,-10.0,0,0,1,,,-15.142525005369174,69.68418413117803,0.3804801514131329,1.0,-5.1425250053691745,-1.3158158688219714,2018
401112491,2019,9,North Carolina,Duke,20.0,17.0,3.0,37.0,-3.0,53.5,3.0,1,0,0,,,2.4846453036510763,60.617497868102106,0.5737829814528691,1.0,-0.5153546963489237,7.117497868102106,2018
401110834,2019,9,Tennessee,South Carolina,41.0,21.0,20.0,62.0,4.0,46.0,-4.0,1,1,1,,,-2.3340653831664375,54.40455339554244,0.612950495329959,1.0,1.6659346168335625,8.404553395542443,2018
401110831,2019,9,Alabama,Arkansas,48.0,7.0,41.0,55.0,-32.0,55.5,32.0,1,1,0,,,34.26614445121082,60.07570349983722,0.9873590190965668,1.0,2.2661444512108204,4.575703499837218,2018
401117893,2019,9,Tulsa,Memphis,41.0,42.0,-1.0,83.0,10.0,59.0,-10.0,0,1,1,,,-10.416324335826305,60.8463956145177,0.16072574063483605,1.0,-0.4163243358263049,1.8463956145176965,2018
401117891,2019,9,Temple,UCF,21.0,63.0,-42.0,84.0,11.5,61.5,-11.5,0,0,1,,,-14.822163379676415,60.8874385893008,0.14834401951246204,1.0,-3.3221633796764145,-0.6125614106992003,2018
401121959,2019,9,Georgia State,Troy,52.0,33.0,19.0,85.0,-1.0,67.5,1.0,1,1,1,,,1.4919941767127405,76.81401040735706,0.4557785089155175,1.0,0.4919941767127405,9.31401040735706,2018
401121958,2019,9,Arkansas State,Texas State,38.0,14.0,24.0,52.0,-10.5,60.5,10.5,1,1,0,,,9.17304228802524,55.438220915099116,0.7702467279536677,1.0,-1.3269577119747602,-5.061779084900884,2018
401112103,2019,9,Kansas,Texas Tech,37.0,34.0,3.0,71.0,6.5,65.5,-6.5,1,1,1,,,-5.954223188302759,70.60223359511555,0.42655435678371684,1.0,0.545776811697241,5.10223359511555,2018
401112227,2019,9,Michigan,Notre Dame,45.0,14.0,31.0,59.0,-1.0,46.5,1.0,1,1,1,,,-0.4990415107396773,41.78416535541285,0.5456447183868809,1.0,-1.4990415107396773,-4.715834644587147,2018
401114159,2019,9,UCLA,Arizona State,42.0,32.0,10.0,74.0,3.0,56.5,-3.0,1,1,1,,,-3.3731823431413166,54.09665087075163,0.3839716005306324,1.0,-0.3731823431413166,-2.403349129248369,2018
401112490,2019,9,Clemson,Boston College,59.0,7.0,52.0,66.0,-35.0,59.0,35.0,1,1,1,,,29.50386202134997,70.13002141505243,0.9452443683523908,1.0,-5.4961379786500295,11.130021415052425,2018
401117531,2019,9,Fresno State,Colorado State,31.0,41.0,-10.0,72.0,-13.5,56.5,13.5,0,0,1,,,10.016427097596212,51.439005344024984,0.8496641602753716,1.0,-3.483572902403788,-5.060994655975016,2018
401110832,2019,9,Kentucky,Missouri,29.0,7.0,22.0,36.0,9.5,43.5,-9.5,1,1,0,,,-1.8749484426374394,43.037695733450064,0.4281233092158593,1.0,7.625051557362561,-0.4623042665499355,2018
401114296,2019,9,UTEP,Louisiana Tech,21.0,42.0,-21.0,63.0,18.5,50.0,-18.5,0,0,1,,,-17.02573416655667,49.257082695547936,0.09818795393171373,1.0,1.4742658334433294,-0.7429173044520638,2018
401114179,2019,9,Utah,California,35.0,0.0,35.0,35.0,-21.0,36.5,21.0,1,1,0,,,23.132810242517834,36.35649483230202,0.9396014120403202,1.0,2.1328102425178344,-0.14350516769798105,2018
401117530,2019,9,Air Force,Utah State,31.0,7.0,24.0,38.0,-3.5,60.0,3.5,1,1,0,,,11.173191256112062,60.87686421393256,0.745223871257162,1.0,7.673191256112062,0.8768642139325635,2018
401117534,2019,9,UNLV,San Diego State,17.0,20.0,-3.0,37.0,11.5,44.5,-11.5,0,1,0,,,-14.782839872756108,47.708276693594655,0.29718772331195864,1.0,-3.2828398727561083,3.208276693594655,2018
401114197,2019,9,Oregon,Washington State,37.0,35.0,2.0,72.0,-14.5,67.5,14.5,1,0,1,,,19.12799478083655,68.2023230287935,0.9094670189228261,1.0,4.6279947808365485,0.7023230287935007,2018
401112080,2019,10,Baylor,West Virginia,17.0,14.0,3.0,31.0,-18.0,56.5,18.0,1,0,0,,,18.879887312614542,57.7524749097798,0.8861375427160298,1.0,0.8798873126145423,1.2524749097797994,2018
401121960,2019,10,App State,Georgia Southern,21.0,24.0,-3.0,45.0,-13.5,41.5,13.5,0,0,1,,,14.488651804855623,47.435849725323465,0.8828014522174947,1.0,0.988651804855623,5.9358497253234646,2018
401117894,2019,10,UConn,Navy,10.0,56.0,-46.0,66.0,26.5,54.5,-26.5,0,0,1,,,-29.63010275022541,60.70255454413115,0.03872307321945606,1.0,-3.1301027502254115,6.2025545441311465,2018
401112500,2019,10,Wake Forest,NC State,44.0,10.0,34.0,54.0,-8.0,61.0,8.0,1,1,0,,,4.3616583677343606,55.725056100607446,0.7045686775916241,1.0,-3.6383416322656394,-5.274943899392554,2018
401119294,2019,10,Eastern Michigan,Buffalo,14.0,43.0,-29.0,57.0,1.5,50.0,-1.5,0,0,1,,,-2.057635256311583,50.11484773143776,0.5814115602387369,1.0,-0.557635256311583,0.11484773143776295,2018
401114300,2019,10,Florida International,Old Dominion,24.0,17.0,7.0,41.0,-17.5,47.0,17.5,1,0,0,,,19.00317520900813,45.20582465329314,0.9465435160983013,1.0,1.5031752090081305,-1.794175346706858,2018
401117895,2019,10,UCF,Houston,44.0,29.0,15.0,73.0,-21.5,73.0,21.5,1,0,0,,,18.34168557708223,76.37408566953484,0.9199188066150608,1.0,-3.158314422917769,3.3740856695348356,2018
401112208,2019,10,Maryland,Michigan,7.0,38.0,-31.0,45.0,21.5,57.5,-21.5,0,0,0,,,-12.917552381044022,65.12699076291335,0.2594067466951269,1.0,8.582447618955978,7.626990762913351,2018
401114352,2019,10,Massachusetts,Liberty,21.0,63.0,-42.0,84.0,24.0,71.5,-24.0,0,0,1,,,-27.5185907526132,73.473723186589,0.18077461350294852,1.0,-3.5185907526132,1.9737231865889981,2018
401112495,2019,10,Syracuse,Boston College,27.0,58.0,-31.0,85.0,-3.0,59.0,3.0,0,0,1,,,-2.6177915995087924,60.220137049045384,0.4339466018916974,1.0,-5.617791599508792,1.220137049045384,2018
401112243,2019,10,Purdue,Nebraska,31.0,27.0,4.0,58.0,4.0,58.0,-4.0,1,1,0,,,-2.169917513309205,61.39213845204042,0.4103256280020532,1.0,1.8300824866907952,3.3921384520404203,2018
401119295,2019,10,Central Michigan,Northern Illinois,48.0,10.0,38.0,58.0,1.5,49.0,-1.5,1,1,1,,,1.5805394011682958,51.779136856749616,0.5104830557122383,1.0,3.080539401168296,2.7791368567496164,2018
401110841,2019,10,Texas A&M,UTSA,45.0,14.0,31.0,59.0,-37.5,55.0,37.5,1,0,1,,,44.35896312617765,51.31553026625985,0.9850041756228083,1.0,6.858963126177649,-3.6844697337401513,2018
401119293,2019,10,Bowling Green,Akron,35.0,6.0,29.0,41.0,-4.0,49.5,4.0,1,1,0,,,-3.851947559044932,49.482824770073364,0.39133066435739494,1.0,-7.851947559044932,-0.017175229926635893,2018
401112501,2019,10,Notre Dame,Virginia Tech,21.0,20.0,1.0,41.0,-17.5,59.0,17.5,1,0,0,,,19.981154961323895,53.50997130247626,0.9498147884947581,1.0,2.4811549613238952,-5.490028697523741,2018
401121962,2019,10,Coastal Carolina,Troy,36.0,35.0,1.0,71.0,2.0,60.0,-2.0,1,1,1,,,-1.50128834552146,68.48605649514668,0.4969091690607157,1.0,0.49871165447853993,8.486056495146684,2018
401114299,2019,10,Charlotte,Middle Tennessee,34.0,20.0,14.0,54.0,3.5,65.0,-3.5,1,1,0,,,-1.513042594685027,63.627660367324204,0.5065626670817358,1.0,1.986957405314973,-1.3723396326757964,2018
401114302,2019,10,Rice,Marshall,7.0,20.0,-13.0,27.0,11.5,48.5,-11.5,0,0,0,,,-10.412509472899432,51.69354922703484,0.11991066290950314,1.0,1.0874905271005684,3.1935492270348433,2018
401121961,2019,10,UL Monroe,Arkansas State,41.0,48.0,-7.0,89.0,1.0,69.5,-1.0,0,0,1,,,4.536676100489611,78.54494276852066,0.5340150716288832,1.0,5.536676100489611,9.044942768520656,2018
401114303,2019,10,North Texas,UTEP,52.0,26.0,26.0,78.0,-22.5,58.5,22.5,1,1,1,,,20.322009189390172,59.30404959699759,0.9003450751771236,1.0,-2.1779908106098276,0.8040495969975865,2018
401114331,2019,10,Air Force,Army,17.0,13.0,4.0,30.0,-17.0,45.0,17.0,1,0,0,,,24.047714573415867,47.17244265848439,0.8386172344745798,1.0,7.047714573415867,2.1724426584843926,2018
401112104,2019,10,Kansas,Kansas State,10.0,38.0,-28.0,48.0,5.0,55.0,-5.0,0,0,0,,,-9.24103448588189,54.11335909593328,0.27842825235709856,1.0,-4.24103448588189,-0.8866409040667165,2018
401117538,2019,10,Colorado State,UNLV,37.0,17.0,20.0,54.0,-7.5,64.0,7.5,1,1,0,,,8.793826732689922,62.87590215681685,0.7140509335307725,1.0,1.2938267326899222,-1.1240978431831508,2018
401112153,2019,10,Illinois,Rutgers,38.0,10.0,28.0,48.0,-18.5,48.0,18.5,1,1,0,,,14.402235675981931,51.00952223924301,0.8495855803219956,1.0,-4.097764324018069,3.0095222392430117,2018
401110838,2019,10,Florida,Georgia,17.0,24.0,-7.0,41.0,6.5,47.5,-6.5,0,0,0,,,-6.782403888428819,53.963956577826146,0.34087007161804944,1.0,-0.2824038884288189,6.463956577826146,2018
401112127,2019,10,Oklahoma State,TCU,34.0,27.0,7.0,61.0,-1.5,58.5,1.5,1,1,1,,,-4.377918803462502,62.25761143766933,0.3139987166882644,1.0,-5.877918803462502,3.7576114376693326,2018
401112497,2019,10,Florida State,Miami,10.0,27.0,-17.0,37.0,-3.0,49.5,3.0,0,0,0,,,2.133006794237537,50.41143560287907,0.6064442061921073,1.0,-0.866993205762463,0.9114356028790667,2018
401112498,2019,10,Georgia Tech,Pittsburgh,10.0,20.0,-10.0,30.0,9.5,44.0,-9.5,0,0,0,,,-12.371556887504113,46.949218358268475,0.2918679530565396,1.0,-2.871556887504113,2.9492183582684746,2018
401117898,2019,10,Tulane,Tulsa,38.0,26.0,12.0,64.0,-10.0,59.5,10.0,1,1,1,,,14.3062360696402,61.24207785315431,0.8937944793481487,1.0,4.3062360696402,1.7420778531543135,2018
401114227,2019,10,Washington,Utah,28.0,33.0,-5.0,61.0,3.0,48.0,-3.0,0,0,1,,,-3.208240746347118,39.61463758253835,0.5558568340535529,1.0,-0.20824074634711787,-8.38536241746165,2018
401110836,2019,10,Arkansas,Mississippi State,24.0,54.0,-30.0,78.0,7.0,59.0,-7.0,0,0,1,,,-10.063429603187473,60.02883861242219,0.15534092423075185,1.0,-3.0634296031874726,1.0288386124221915,2018
401114301,2019,10,Western Kentucky,Florida Atlantic,24.0,35.0,-11.0,59.0,1.0,51.0,-1.0,0,0,1,,,-4.744275633207111,53.389219276329925,0.5533410058644369,1.0,-3.7442756332071108,2.389219276329925,2018
401114171,2019,10,Arizona,Oregon State,38.0,56.0,-18.0,94.0,-4.5,71.5,4.5,0,0,1,,,4.5906182330319565,75.51168287514939,0.7759801995562736,1.0,0.09061823303195649,4.01168287514939,2018
401121963,2019,10,Louisiana,Texas State,31.0,3.0,28.0,34.0,-23.0,55.5,23.0,1,1,0,,,23.983922300442963,63.83418707183254,0.9543289186716909,1.0,0.9839223004429627,8.334187071832538,2018
401117896,2019,10,East Carolina,Cincinnati,43.0,46.0,-3.0,89.0,24.5,48.5,-24.5,0,1,1,,,-21.46968398744295,49.115597852132645,0.21041365260755063,1.0,3.0303160125570514,0.6155978521326446,2018
401110837,2019,10,Auburn,Ole Miss,20.0,14.0,6.0,34.0,-17.5,53.5,17.5,1,0,0,,,26.530502422046382,56.317111400997106,0.9820163262691541,1.0,9.030502422046382,2.8171114009971063,2018
401110840,2019,10,Tennessee,UAB,30.0,7.0,23.0,37.0,-13.5,49.5,13.5,1,1,0,,,17.706062476378747,49.62630836716081,0.7737255301268107,1.0,4.206062476378747,0.12630836716081006,2018
401112165,2019,10,Indiana,Northwestern,34.0,3.0,31.0,37.0,-8.0,43.5,8.0,1,1,0,,,7.655479743244063,39.700567086952454,0.8043826770218752,1.0,-0.34452025675593667,-3.7994329130475464,2018
401110839,2019,10,South Carolina,Vanderbilt,24.0,7.0,17.0,31.0,-15.0,51.5,15.0,1,1,0,,,18.736962690649737,52.47777782867773,0.908853686248704,1.0,3.7369626906497366,0.9777778286777306,2018
401117897,2019,10,Memphis,SMU,54.0,48.0,6.0,102.0,-6.5,71.5,6.5,1,0,1,,,8.725222417431526,73.10187617866387,0.7553441447513055,1.0,2.2252224174315263,1.601876178663872,2018
401112499,2019,10,North Carolina,Virginia,31.0,38.0,-7.0,69.0,-1.0,48.0,1.0,0,0,1,,,2.944712232532044,54.871492659126524,0.6400249644279001,1.0,1.9447122325320438,6.871492659126524,2018
401114198,2019,10,USC,Oregon,24.0,56.0,-32.0,80.0,3.5,60.0,-3.5,0,0,1,,,0.592622382902535,54.88194427153701,0.602595972069119,1.0,4.092622382902535,-5.118055728462991,2018
401114189,2019,10,UCLA,Colorado,31.0,14.0,17.0,45.0,-6.5,64.5,6.5,1,1,0,,,8.585786538071481,64.07572765067987,0.8105313146377056,1.0,2.0857865380714813,-0.4242723493201339,2018
401117216,2019,10,Utah State,BYU,14.0,42.0,-28.0,56.0,-3.0,51.0,3.0,0,0,1,,,0.07839488400236228,51.13075175958747,0.4952144712879629,1.0,-2.9216051159976377,0.13075175958746854,2018
401117536,2019,10,Nevada,New Mexico,21.0,10.0,11.0,31.0,-3.5,58.0,3.5,1,1,0,,,-4.129735645561568,53.823237997569976,0.4612678138616155,1.0,-7.629735645561568,-4.176762002430024,2018
401117535,2019,10,San José State,Boise State,42.0,52.0,-10.0,94.0,16.5,61.0,-16.5,0,1,1,,,-18.443891642676217,68.46532246589568,0.24849885860640802,1.0,-1.943891642676217,7.465322465895682,2018
401117537,2019,10,Hawai'i,Fresno State,38.0,41.0,-3.0,79.0,-2.0,66.5,2.0,0,0,1,,,9.120531936194876,65.82514125569682,0.650197451977993,1.0,7.120531936194876,-0.6748587443031795,2018
401119297,2019,11,Toledo,Kent State,35.0,33.0,2.0,68.0,-4.0,63.5,4.0,1,0,1,,,6.2745136625740185,63.29671502207725,0.5520001613654402,1.0,2.2745136625740185,-0.20328497792274902,2018
401119296,2019,11,Western Michigan,Ball State,35.0,31.0,4.0,66.0,-6.5,65.0,6.5,1,0,1,,,8.217895000343583,62.43203499780143,0.6305256330960277,1.0,1.7178950003435833,-2.5679650021985694,2018
401119298,2019,11,Ohio,Miami (OH),21.0,24.0,-3.0,45.0,-7.0,57.5,7.0,0,0,0,,,13.712632389971144,55.39900890897847,0.7607193171254613,1.0,6.712632389971144,-2.100991091021527,2018
401121964,2019,11,Coastal Carolina,Louisiana,7.0,48.0,-41.0,55.0,14.0,58.0,-14.0,0,0,0,,,-17.089024443233324,55.490744914014826,0.2392106582785758,1.0,-3.089024443233324,-2.509255085985174,2018
401117899,2019,11,South Florida,Temple,7.0,17.0,-10.0,24.0,-1.0,49.5,1.0,0,0,0,,,5.238504979858259,53.960774846190546,0.5820574826265223,1.0,4.238504979858259,4.460774846190546,2018
401117900,2019,11,Tulsa,UCF,34.0,31.0,3.0,65.0,16.5,68.0,-16.5,1,1,0,,,-21.768503467267887,67.97258033152994,0.11540607327523969,1.0,-5.268503467267887,-0.027419668470059833,2018
401114205,2019,11,Oregon State,Washington,7.0,19.0,-12.0,26.0,10.5,64.0,-10.5,0,0,0,,,-14.303720894085615,68.5896157375774,0.20935406318737892,1.0,-3.8037208940856146,4.589615737577404,2018
401110844,2019,11,Florida,Vanderbilt,56.0,0.0,56.0,56.0,-27.0,49.0,27.0,1,1,1,,,26.286742704825734,53.458027648266636,0.9806302296053018,1.0,-0.713257295174266,4.458027648266636,2018
401112081,2019,11,TCU,Baylor,23.0,29.0,-6.0,52.0,2.0,48.0,-2.0,0,0,1,,,-0.4472623615436495,49.33430781873715,0.5549806961598416,1.0,1.5527376384563505,1.3343078187371518,2018
401112235,2019,11,Minnesota,Penn State,31.0,26.0,5.0,57.0,6.5,48.5,-6.5,1,1,1,,,-3.1785974445148195,45.61828279805964,0.6583667255557248,1.0,3.3214025554851805,-2.8817172019403614,2018
401112502,2019,11,Boston College,Florida State,31.0,38.0,-7.0,69.0,-1.0,64.5,1.0,0,0,1,,,4.929023470604758,67.53004146095454,0.7211141589706561,1.0,3.9290234706047578,3.0300414609545356,2018
401110843,2019,11,Arkansas,Western Kentucky,19.0,45.0,-26.0,64.0,-1.0,51.0,1.0,0,0,1,,,0.2463816651096511,56.684575390921914,0.4714230468842162,1.0,-0.7536183348903489,5.684575390921914,2018
401112142,2019,11,West Virginia,Texas Tech,17.0,38.0,-21.0,55.0,2.5,56.0,-2.5,0,0,0,,,-6.069427057537391,61.64116404638629,0.5422312663673303,1.0,-3.569427057537391,5.641164046386287,2018
401114332,2019,11,Army,Massachusetts,63.0,7.0,56.0,70.0,-34.5,60.0,34.5,1,1,1,,,35.40612018255702,59.46728819456591,0.9482882514738852,1.0,0.906120182557018,-0.53271180543409,2018
401112209,2019,11,Ohio State,Maryland,73.0,14.0,59.0,87.0,-42.5,66.0,42.5,1,1,1,,,38.32096394742808,74.84346729450668,0.877893640757433,1.0,-4.179036052571917,8.84346729450668,2018
401117902,2019,11,SMU,East Carolina,59.0,51.0,8.0,110.0,-22.0,74.0,22.0,1,0,1,,,21.53952073844491,71.1117665000322,0.99,1.0,-0.4604792615550899,-2.8882334999677965,2018
401112249,2019,11,Northwestern,Purdue,22.0,24.0,-2.0,46.0,-1.0,39.0,1.0,0,0,1,,,-5.411428360504641,39.5661204904446,0.3217481376370366,1.0,-6.411428360504641,0.5661204904445967,2018
401112504,2019,11,Virginia,Georgia Tech,33.0,28.0,5.0,61.0,-16.0,45.5,16.0,1,0,1,,,22.52077730282137,47.716962533576265,0.8154750052335007,1.0,6.520777302821369,2.2169625335762646,2018
401114307,2019,11,Old Dominion,UTSA,23.0,24.0,-1.0,47.0,-3.0,42.0,3.0,0,0,1,,,-0.46180491467861806,44.18238623545541,0.46755149993436185,1.0,-3.461804914678618,2.182386235455411,2018
401121967,2019,11,Texas State,South Alabama,30.0,28.0,2.0,58.0,-7.0,41.5,7.0,1,0,1,,,1.9093132961589596,42.65909370163802,0.4678316654952367,1.0,-5.09068670384104,1.159093701638021,2018
401114190,2019,11,Colorado,Stanford,16.0,13.0,3.0,29.0,4.0,56.5,-4.0,1,1,0,,,-5.893500154623835,56.472341332555004,0.4972160656600645,1.0,-1.893500154623835,-0.0276586674449959,2018
401114304,2019,11,UTEP,Charlotte,21.0,28.0,-7.0,49.0,12.5,55.0,-12.5,0,1,0,,,-13.94117161987576,49.065630245458614,0.23076250243858543,1.0,-1.4411716198757603,-5.934369754541386,2018
401121965,2019,11,Troy,Georgia Southern,49.0,28.0,21.0,77.0,2.5,56.0,-2.5,1,1,1,,,-1.7802043875484728,57.04493918322059,0.6323072935861982,1.0,0.7197956124515272,1.0449391832205919,2018
401114308,2019,11,Southern Miss,UAB,37.0,2.0,35.0,39.0,-7.5,49.5,7.5,1,1,0,,,9.474925097961822,47.33380729367816,0.7248448541651872,1.0,1.9749250979618225,-2.166192706321837,2018
401112154,2019,11,Michigan State,Illinois,34.0,37.0,-3.0,71.0,-16.0,47.0,16.0,0,0,1,,,16.973961935188417,46.63879772209935,0.820055147474841,1.0,0.9739619351884166,-0.3612022779006523,2018
401112111,2019,11,Texas,Kansas State,27.0,24.0,3.0,51.0,-7.0,57.5,7.0,1,0,0,,,8.318406835423659,59.04885184318382,0.8376558595797341,1.0,1.3184068354236587,1.5488518431838187,2018
401112505,2019,11,Miami,Louisville,52.0,27.0,25.0,79.0,-6.5,49.0,6.5,1,1,1,,,1.8644506796737605,42.88998658545732,0.7191944794753846,1.0,-4.6355493203262395,-6.110013414542678,2018
401117901,2019,11,Cincinnati,UConn,48.0,3.0,45.0,51.0,-34.0,53.0,34.0,1,1,0,,,33.484902849082246,52.99112509602755,0.99,1.0,-0.5150971509177538,-0.008874903972447612,2018
401112506,2019,11,Virginia Tech,Wake Forest,36.0,17.0,19.0,53.0,2.5,60.5,-2.5,1,1,0,,,-6.338104082540871,55.797269360386146,0.34964209674217767,1.0,-3.8381040825408714,-4.702730639613854,2018
401110842,2019,11,Alabama,LSU,41.0,46.0,-5.0,87.0,-6.0,65.5,6.0,0,0,1,,,2.7581844862544047,64.51118294270123,0.6445274709621781,1.0,-3.2418155137455953,-0.9888170572987747,2018
401114160,2019,11,Arizona State,USC,26.0,31.0,-5.0,57.0,4.0,54.5,-4.0,0,0,1,,,-9.284370527479219,60.29317664604556,0.34919713853247,1.0,-5.2843705274792185,5.793176646045559,2018
401114306,2019,11,Louisiana Tech,North Texas,52.0,17.0,35.0,69.0,-5.5,71.5,5.5,1,1,0,,,8.011837088651841,72.10839969312862,0.8267560987909672,1.0,2.5118370886518413,0.608399693128618,2018
401110847,2019,11,Ole Miss,New Mexico State,41.0,3.0,38.0,44.0,-28.5,64.5,28.5,1,1,0,,,31.24022356577611,70.47690583417922,0.9842412384857722,1.0,2.740223565776109,5.97690583417922,2018
401112198,2019,11,Wisconsin,Iowa,24.0,22.0,2.0,46.0,-7.5,37.5,7.5,1,0,1,,,0.723922191274573,35.12551993852514,0.4851427486458964,1.0,-6.776077808725427,-2.3744800614748627,2018
401121966,2019,11,UL Monroe,Georgia State,45.0,31.0,14.0,76.0,2.5,76.0,-2.5,1,1,0,,,-6.233091280513944,72.28939815240122,0.19093452239489633,1.0,-3.7330912805139436,-3.710601847598781,2018
401114305,2019,11,Florida Atlantic,Florida International,37.0,7.0,30.0,44.0,-11.5,59.0,11.5,1,1,0,,,6.29664807273436,63.81258596478432,0.5512248639291988,1.0,-5.20335192726564,4.8125859647843185,2018
401117540,2019,11,Fresno State,Utah State,35.0,37.0,-2.0,72.0,-5.5,59.0,5.5,0,0,1,,,6.031430535694657,58.575575616569246,0.7025372000802711,1.0,0.5314305356946569,-0.42442438343075395,2018
401110848,2019,11,South Carolina,App State,15.0,20.0,-5.0,35.0,-6.5,51.0,6.5,0,0,0,,,8.32735128455411,48.813900320570106,0.6239294638956635,1.0,1.8273512845541102,-2.186099679429894,2018
401114180,2019,11,California,Washington State,33.0,20.0,13.0,53.0,8.5,52.0,-8.5,1,1,1,,,-11.135003676100794,49.145213482568096,0.6623198622379025,1.0,-2.6350036761007942,-2.8547865174319043,2018
401110845,2019,11,Georgia,Missouri,27.0,0.0,27.0,27.0,-18.5,48.0,18.5,1,1,0,,,22.351740094443976,51.36370989898218,0.9544961740901943,1.0,3.8517400944439757,3.3637098989821794,2018
401110846,2019,11,Kentucky,Tennessee,13.0,17.0,-4.0,30.0,-1.5,42.0,1.5,0,0,0,,,-0.08161260854357089,41.93641285112583,0.5204902609544834,1.0,-1.5816126085435709,-0.06358714887416994,2018
401114353,2019,11,BYU,Liberty,31.0,24.0,7.0,55.0,-17.0,62.5,17.0,1,0,0,,,18.28472839189155,61.18969506166413,0.8787744400081575,1.0,1.2847283918915515,-1.310304938335868,2018
401112503,2019,11,NC State,Clemson,10.0,55.0,-45.0,65.0,35.0,54.5,-35.0,0,0,1,,,-35.689697739658456,61.14277446634243,0.056617899912786415,1.0,-0.689697739658456,6.642774466342431,2018
401111654,2019,11,Duke,Notre Dame,7.0,38.0,-31.0,45.0,7.0,49.5,-7.0,0,0,0,,,-13.134733990124115,46.14295740134085,0.12509187528550392,1.0,-6.134733990124115,-3.357042598659149,2018
401112092,2019,11,Oklahoma,Iowa State,42.0,41.0,1.0,83.0,-14.5,70.0,14.5,1,0,1,,,15.293327989389715,81.93883628787275,0.813124114829179,1.0,0.7933279893897147,11.938836287872746,2018
401117541,2019,11,Boise State,Wyoming,20.0,17.0,3.0,37.0,-16.5,48.0,16.5,1,0,0,,,14.641566881235784,39.55839960837522,0.8007412411790036,1.0,-1.858433118764216,-8.441600391624782,2018
401117542,2019,11,San Diego State,Nevada,13.0,17.0,-4.0,30.0,-17.0,39.5,17.0,0,0,0,,,18.531259103574627,39.98772649716843,0.8918613229938459,1.0,1.5312591035746266,0.4877264971684312,2018
401117543,2019,11,Hawai'i,San José State,42.0,40.0,2.0,82.0,-7.5,78.5,7.5,1,0,1,,,13.003161337598762,76.18268163378723,0.7737463723681381,1.0,5.503161337598762,-2.317318366212774,2018
401119299,2019,12,Akron,Eastern Michigan,14.0,42.0,-28.0,56.0,17.0,45.0,-17.0,0,0,1,,,-19.607957880962598,41.85801437784917,0.18918358933996618,1.0,-2.607957880962598,-3.141985622150827,2018
401119300,2019,12,Ohio,Western Michigan,34.0,37.0,-3.0,71.0,-1.5,63.5,1.5,0,0,1,,,-4.195619504093844,62.2854514832853,0.5164501472929812,1.0,-5.695619504093844,-1.2145485167147,2018
401119302,2019,12,Toledo,Northern Illinois,28.0,31.0,-3.0,59.0,-2.0,55.5,2.0,0,0,1,,,-1.7227481127655868,55.42563248133808,0.5517314659617324,1.0,-3.722748112765587,-0.07436751866192282,2018
401119301,2019,12,Miami (OH),Bowling Green,44.0,3.0,41.0,47.0,-17.0,47.5,17.0,1,1,0,,,16.92017324880255,46.82188311937673,0.7756770716577852,1.0,-0.07982675119745153,-0.6781168806232714,2018
401119303,2019,12,Kent State,Buffalo,30.0,27.0,3.0,57.0,6.0,55.0,-6.0,1,1,1,,,-4.613591293881661,59.01557149150325,0.5129922393873448,1.0,1.3864087061183392,4.015571491503252,2018
401112507,2019,12,Pittsburgh,North Carolina,34.0,27.0,7.0,61.0,-4.0,49.0,4.0,1,1,1,,,2.0187073072171082,48.89298048032647,0.6407827185525404,1.0,-1.9812926927828918,-0.10701951967352841,2018
401114309,2019,12,Marshall,Louisiana Tech,31.0,10.0,21.0,41.0,-6.5,54.0,6.5,1,1,0,,,12.288032352276572,50.97185300456471,0.5462664522620729,1.0,5.788032352276572,-3.028146995435293,2018
401117547,2019,12,San Diego State,Fresno State,17.0,7.0,10.0,24.0,-2.0,43.5,2.0,1,1,0,,,4.420512702027933,42.74786421908861,0.6731234763396097,1.0,2.420512702027933,-0.752135780911388,2018
401112219,2019,12,Michigan,Michigan State,44.0,10.0,34.0,54.0,-13.5,43.0,13.5,1,1,1,,,12.692335580538437,39.075587500912626,0.8495728631300473,1.0,-0.8076644194615632,-3.9244124990873743,2018
401112250,2019,12,Northwestern,Massachusetts,45.0,6.0,39.0,51.0,-39.5,57.5,39.5,1,0,0,,,40.680334358855234,55.61477636566064,0.9423419805958535,1.0,1.1803343588552337,-1.8852236343393614,2018
401110851,2019,12,Mississippi State,Alabama,7.0,38.0,-31.0,45.0,19.0,61.0,-19.0,0,0,0,,,-15.620824592965018,64.47900623374765,0.24681918251057333,1.0,3.3791754070349818,3.479006233747654,2018
401112105,2019,12,Oklahoma State,Kansas,31.0,13.0,18.0,44.0,-17.5,69.5,17.5,1,1,0,,,14.508859130635626,68.08568172968725,0.83265833617772,1.0,-2.991140869364374,-1.414318270312748,2018
401112244,2019,12,Nebraska,Wisconsin,21.0,37.0,-16.0,58.0,14.0,50.0,-14.0,0,0,1,,,-12.818203582503532,55.893939237413136,0.2682768280415064,1.0,1.181796417496468,5.893939237413136,2018
401112166,2019,12,Penn State,Indiana,34.0,27.0,7.0,61.0,-15.0,55.0,15.0,1,0,1,,,14.680589450490032,52.90782939613724,0.953384240368393,1.0,-0.3194105495099677,-2.092170603862762,2018
401110852,2019,12,Missouri,Florida,6.0,23.0,-17.0,29.0,6.5,51.0,-6.5,0,0,0,,,-5.383095464024897,43.93712255402213,0.3173901627998884,1.0,1.1169045359751033,-7.062877445977868,2018
401112133,2019,12,Texas Tech,TCU,31.0,33.0,-2.0,64.0,3.5,53.5,-3.5,0,1,1,,,-6.694122465038069,53.216286002952195,0.35632653940077685,1.0,-3.1941224650380686,-0.28371399704780487,2018
401117905,2019,12,Temple,Tulane,29.0,21.0,8.0,50.0,6.5,52.5,-6.5,1,1,0,,,-9.595728800576442,47.489295479167744,0.6673917623426214,1.0,-3.095728800576442,-5.010704520832256,2018
401114312,2019,12,UAB,UTEP,37.0,10.0,27.0,47.0,-14.5,42.5,14.5,1,1,1,,,12.45553176735727,45.22339406104848,0.8993346329573139,1.0,-2.04446823264273,2.723394061048481,2018
401114338,2019,12,Notre Dame,Navy,52.0,20.0,32.0,72.0,-7.5,55.5,7.5,1,1,1,,,7.471225618185321,49.54654562768948,0.7204223424395779,1.0,-0.02877438181467884,-5.953454372310517,2018
401121969,2019,12,Arkansas State,Coastal Carolina,28.0,27.0,1.0,55.0,-14.0,60.0,14.0,1,0,0,,,19.769486927359473,61.67356466413241,0.8991876517273594,1.0,5.769486927359473,1.6735646641324067,2018
401121972,2019,12,Texas State,Troy,27.0,63.0,-36.0,90.0,7.0,63.5,-7.0,0,0,1,,,-13.69210886220699,61.216708601235354,0.16593553043611947,1.0,-6.6921088622069895,-2.2832913987646464,2018
401121970,2019,12,Georgia Southern,UL Monroe,51.0,29.0,22.0,80.0,-6.5,57.5,6.5,1,1,1,,,5.199061522144297,53.88028219800117,0.7675510008402793,1.0,-1.300938477855703,-3.6197178019988314,2018
401112112,2019,12,Kansas State,West Virginia,20.0,24.0,-4.0,44.0,-14.0,46.0,14.0,0,0,0,,,14.868491211661413,46.757118680045075,0.8780543495695377,1.0,0.8684912116614125,0.7571186800450747,2018
401112093,2019,12,Iowa State,Texas,23.0,21.0,2.0,44.0,-7.0,65.0,7.0,1,0,0,,,7.110175656559757,67.38554562824858,0.6053307442444358,1.0,0.1101756565597567,2.385545628248579,2018
401110849,2019,12,Auburn,Georgia,14.0,21.0,-7.0,35.0,3.0,42.5,-3.0,0,0,0,,,-2.233145694710802,45.43316914382005,0.5579671305418623,1.0,0.7668543052891978,2.9331691438200522,2018
401117904,2019,12,Houston,Memphis,27.0,45.0,-18.0,72.0,9.5,71.5,-9.5,0,0,1,,,-6.1241483079630745,73.19120341864281,0.3496105854902114,1.0,3.3758516920369255,1.6912034186428144,2018
401119304,2019,12,Ball State,Central Michigan,44.0,45.0,-1.0,89.0,-1.0,60.0,1.0,0,0,1,,,2.39709759969993,64.4256319372476,0.5824438067883139,1.0,1.3970975996999302,4.425631937247601,2018
401112255,2019,12,Rutgers,Ohio State,21.0,56.0,-35.0,77.0,52.0,63.0,-52.0,0,1,1,,,-47.41758971437429,62.34249380643413,0.06107107760115061,1.0,4.582410285625713,-0.6575061935658724,2018
401112508,2019,12,Clemson,Wake Forest,52.0,3.0,49.0,55.0,-34.5,59.5,34.5,1,1,0,,,40.69146628960557,61.458763349339065,0.9575754813320567,1.0,6.191466289605572,1.9587633493390655,2018
401110854,2019,12,Vanderbilt,Kentucky,14.0,38.0,-24.0,52.0,9.5,43.0,-9.5,0,0,1,,,-7.788519967551011,44.51750909473401,0.2508594277164059,1.0,1.7114800324489892,1.5175090947340095,2018
401112511,2019,12,Georgia Tech,Virginia Tech,0.0,45.0,-45.0,45.0,6.0,51.0,-6.0,0,0,0,,,-11.249007803428638,53.19882842758903,0.11859921333489773,1.0,-5.249007803428638,2.198828427589028,2018
401112199,2019,12,Iowa,Minnesota,23.0,19.0,4.0,42.0,-3.0,44.5,3.0,1,1,0,,,1.576023116177366,43.55813678057356,0.5382173750657692,1.0,-1.423976883822634,-0.9418632194264376,2018
401117548,2019,12,UNLV,Hawai'i,7.0,21.0,-14.0,28.0,6.5,72.5,-6.5,0,0,0,,,-6.591679857991047,71.96094769821755,0.4517631046948266,1.0,-0.09167985799104716,-0.5390523017824478,2018
401117546,2019,12,Utah State,Wyoming,26.0,21.0,5.0,47.0,-4.5,51.5,4.5,1,1,0,,,4.916973563201815,53.3359495785873,0.5975380428276205,1.0,0.41697356320181456,1.8359495785872966,2018
401112509,2019,12,Duke,Syracuse,6.0,49.0,-43.0,55.0,-9.0,49.0,9.0,0,0,1,,,10.721315215852902,48.081235711539954,0.7391766116230347,1.0,1.7213152158529024,-0.9187642884600464,2018
401114310,2019,12,Middle Tennessee,Rice,28.0,31.0,-3.0,59.0,-13.0,46.5,13.0,0,0,1,,,14.637262792112304,45.46425127030688,0.8486780280419967,1.0,1.6372627921123044,-1.0357487296931183,2018
401114231,2019,12,Washington State,Stanford,49.0,22.0,27.0,71.0,-10.5,65.5,10.5,1,1,1,,,9.82492315488124,68.60828352267859,0.6348946850783099,1.0,-0.6750768451187596,3.1082835226785903,2018
401121971,2019,12,South Alabama,Louisiana,27.0,37.0,-10.0,64.0,27.5,53.0,-27.5,0,1,1,,,-29.489775744678443,56.43443486864455,0.09520945031030521,1.0,-1.9897757446784432,3.4344348686445514,2018
401114311,2019,12,UTSA,Southern Miss,17.0,36.0,-19.0,53.0,17.0,55.5,-17.0,0,0,0,,,-12.71323570490662,52.702311954415336,0.1761748356913144,1.0,4.286764295093381,-2.797688045584664,2018
401117903,2019,12,South Florida,Cincinnati,17.0,20.0,-3.0,37.0,13.0,47.0,-13.0,0,1,0,,,-13.638063010442941,47.40934626515814,0.253380039692365,1.0,-0.6380630104429414,0.4093462651581419,2018
401117544,2019,12,Colorado State,Air Force,21.0,38.0,-17.0,59.0,10.5,62.0,-10.5,0,0,0,,,-14.956447706948602,63.13776672529119,0.26089347505194105,1.0,-4.456447706948602,1.1377667252911934,2018
401110850,2019,12,Ole Miss,LSU,37.0,58.0,-21.0,95.0,21.0,66.0,-21.0,0,0,1,,,-31.15345967264789,65.89564968757848,0.05596370530431308,1.0,-10.153459672647891,-0.10435031242151638,2018
401112512,2019,12,NC State,Louisville,20.0,34.0,-14.0,54.0,4.5,51.5,-4.5,0,0,1,,,-14.523566646093915,54.300249166741466,0.3451495889448004,1.0,-10.023566646093915,2.800249166741466,2018
401112082,2019,12,Baylor,Oklahoma,31.0,34.0,-3.0,65.0,10.5,69.0,-10.5,0,1,0,,,-8.280388261654846,74.12519877612333,0.35128313058978544,1.0,2.2196117383451544,5.125198776123327,2018
401114161,2019,12,Oregon State,Arizona State,35.0,34.0,1.0,69.0,1.0,56.0,-1.0,1,1,1,,,-0.46081324226212683,59.309709991161505,0.4851358606390791,1.0,0.5391867577378732,3.3097099911615047,2018
401121968,2019,12,Georgia State,App State,27.0,56.0,-29.0,83.0,15.0,61.0,-15.0,0,0,1,,,-20.515430612425874,57.10469665711302,0.22205704033105184,1.0,-5.515430612425874,-3.895303342886983,2018
401110853,2019,12,Texas A&M,South Carolina,30.0,6.0,24.0,36.0,-10.5,47.0,10.5,1,1,0,,,8.547078711459342,47.81297484358991,0.7770911965751043,1.0,-1.952921288540658,0.8129748435899131,2018
401114216,2019,12,Utah,UCLA,49.0,3.0,46.0,52.0,-21.0,52.0,21.0,1,1,0,,,23.878066248649432,55.8315541811032,0.8185162432274984,1.0,2.878066248649432,3.8315541811032006,2018
401117545,2019,12,Boise State,New Mexico,42.0,9.0,33.0,51.0,-26.0,57.5,26.0,1,1,0,,,24.112714434980518,52.59945022865375,0.9621237634193265,1.0,-1.8872855650194822,-4.900549771346249,2018
401114172,2019,12,Oregon,Arizona,34.0,6.0,28.0,40.0,-27.0,68.5,27.0,1,1,0,,,32.98012082182872,70.34976205950694,0.9867917825467992,1.0,5.98012082182872,1.8497620595069435,2018
401114181,2019,12,California,USC,17.0,41.0,-24.0,58.0,4.0,48.0,-4.0,0,0,1,,,-7.1061267437889235,47.96035172946366,0.4273170421038016,1.0,-3.1061267437889235,-0.03964827053633968,2018
401119306,2019,13,Bowling Green,Ohio,24.0,66.0,-42.0,90.0,20.5,55.5,-20.5,0,0,1,,,-22.023253171312366,59.98524632430667,0.17709137401058528,1.0,-1.5232531713123656,4.485246324306672,2018
401119305,2019,13,Northern Illinois,Eastern Michigan,17.0,45.0,-28.0,62.0,-3.5,58.0,3.5,0,0,1,,,-0.2735292637581601,52.547652096863544,0.511278646710445,1.0,-3.77352926375816,-5.452347903136456,2018
401119307,2019,13,Miami (OH),Akron,20.0,17.0,3.0,37.0,-28.0,45.0,28.0,1,0,0,,,24.33242895232011,45.10307487128163,0.9254619659036311,1.0,-3.667571047679889,0.10307487128162762,2018
401119308,2019,13,Buffalo,Toledo,49.0,30.0,19.0,79.0,-10.0,54.0,10.0,1,1,1,,,3.6922710450084555,46.28841773805783,0.5636026633512117,1.0,-6.3077289549915445,-7.711582261942169,2018
401112513,2019,13,Georgia Tech,NC State,28.0,26.0,2.0,54.0,2.5,46.5,-2.5,1,1,1,,,0.5116665304842538,49.82998629716214,0.6539326496003858,1.0,3.011666530484254,3.3299862971621366,2018
401117550,2019,13,Wyoming,Colorado State,17.0,7.0,10.0,24.0,-4.5,51.0,4.5,1,1,0,,,1.9777558046559873,47.700840467598375,0.6627665850995836,1.0,-2.5222441953440127,-3.2991595324016245,2018
401112256,2019,13,Ohio State,Penn State,28.0,17.0,11.0,45.0,-20.0,58.0,20.0,1,0,0,,,18.539116836778714,58.01393450945377,0.8669109322011304,1.0,-1.4608831632212862,0.01393450945376884,2018
401119309,2019,13,Kent State,Ball State,41.0,38.0,3.0,79.0,3.0,67.5,-3.0,1,1,1,,,1.9450231576797314,78.0535572224254,0.6031966656871273,1.0,4.945023157679731,10.553557222425397,2018
401112236,2019,13,Northwestern,Minnesota,22.0,38.0,-16.0,60.0,16.0,40.5,-16.0,0,0,1,,,-18.937805157850573,37.768534081709745,0.0914622679116838,1.0,-2.9378051578505726,-2.7314659182902545,2018
401112128,2019,13,West Virginia,Oklahoma State,13.0,20.0,-7.0,33.0,6.5,56.0,-6.5,0,0,0,,,-2.7485419511808753,51.23741787166045,0.34822863272790994,1.0,3.7514580488191247,-4.762582128339552,2018
401112155,2019,13,Iowa,Illinois,19.0,10.0,9.0,29.0,-15.5,48.5,15.5,1,0,0,,,23.26075791020015,44.64363523738181,0.9520397333971828,1.0,7.760757910200152,-3.856364762618192,2018
401112094,2019,13,Iowa State,Kansas,41.0,31.0,10.0,72.0,-26.5,58.5,26.5,1,0,1,,,25.795278936132114,58.96492096750937,0.9772751575722785,1.0,-0.7047210638678862,0.4649209675093715,2018
401112220,2019,13,Rutgers,Michigan State,0.0,27.0,-27.0,27.0,21.5,43.5,-21.5,0,0,0,,,-18.231374468692525,41.72084777070285,0.21522557342724663,1.0,3.2686255313074746,-1.7791522292971464,2018
401117908,2019,13,UConn,East Carolina,24.0,31.0,-7.0,55.0,15.5,64.0,-15.5,0,1,0,,,-18.19759817563042,63.7087719725851,0.23855159432551082,1.0,-2.6975981756304215,-0.2912280274149026,2018
401112520,2019,13,Virginia,Liberty,55.0,27.0,28.0,82.0,-16.5,58.0,16.5,1,1,1,,,18.917781660550723,52.856071472369166,0.9131000518001466,1.0,2.417781660550723,-5.143928527630834,2018
401114358,2019,13,Massachusetts,BYU,24.0,56.0,-32.0,80.0,41.5,69.0,-41.5,0,1,1,,,-50.562279475663715,71.02260082911828,0.0659116971632463,1.0,-9.062279475663715,2.022600829118275,2018
401117906,2019,13,Tulane,UCF,31.0,34.0,-3.0,65.0,7.0,72.5,-7.0,0,1,0,,,-1.9258083516836795,75.94557904237833,0.22099764695221885,1.0,5.0741916483163205,3.445579042378327,2018
401121976,2019,13,Georgia State,South Alabama,28.0,15.0,13.0,43.0,-9.0,57.0,9.0,1,1,0,,,11.180547788585764,60.40776471779318,0.7485219841043784,1.0,2.1805477885857645,3.407764717793178,2018
401183793,2019,13,New Mexico,Air Force,22.0,44.0,-22.0,66.0,24.0,57.0,-24.0,0,1,1,,,-22.051243379967747,65.03421962618299,0.20491798264717082,1.0,1.9487566200322526,8.034219626182988,2018
401112514,2019,13,Notre Dame,Boston College,40.0,7.0,33.0,47.0,-20.5,65.5,20.5,1,1,0,,,19.181228582351014,64.43993723440467,0.9528964515416571,1.0,-1.3187714176489855,-1.0600627655953332,2018
401121973,2019,13,App State,Texas State,35.0,13.0,22.0,48.0,-28.0,50.0,28.0,1,0,0,,,26.14495892643205,55.57747504269078,0.9852878592625874,1.0,-1.85504107356795,5.577475042690779,2018
401121974,2019,13,Arkansas State,Georgia Southern,38.0,33.0,5.0,71.0,-1.5,52.5,1.5,1,1,1,,,-3.709431158395807,52.946020061788964,0.4166791060496633,1.0,-5.209431158395807,0.44602006178896403,2018
401112083,2019,13,Baylor,Texas,24.0,10.0,14.0,34.0,-4.0,58.0,4.0,1,1,0,,,4.509490424358167,62.11433972975852,0.4760356690113469,1.0,0.5094904243581668,4.11433972975852,2018
401110857,2019,13,Georgia,Texas A&M,19.0,13.0,6.0,32.0,-12.0,43.5,12.0,1,0,0,,,9.509285547074242,43.05867973268499,0.5845261666341488,1.0,-2.490714452925758,-0.44132026731500673,2018
401112210,2019,13,Maryland,Nebraska,7.0,54.0,-47.0,61.0,6.5,63.5,-6.5,0,0,0,,,-1.4551755132904773,69.52607762743979,0.514658885431374,1.0,5.044824486709523,6.02607762743979,2018
401114217,2019,13,USC,UCLA,52.0,35.0,17.0,87.0,-13.5,66.0,13.5,1,1,1,,,15.216973938147358,63.99058888505894,0.9711806087710837,1.0,1.7169739381473583,-2.0094111149410594,2018
401112519,2019,13,Virginia Tech,Pittsburgh,28.0,0.0,28.0,28.0,-3.5,43.5,3.5,1,1,0,,,4.921624617643931,52.18970998903656,0.7328094495004609,1.0,1.421624617643931,8.689709989036558,2018
401114313,2019,13,Charlotte,Marshall,24.0,13.0,11.0,37.0,6.5,56.5,-6.5,1,1,0,,,-6.993387503014812,54.44134618687101,0.3733150846301322,1.0,-0.49338750301481227,-2.0586538131289913,2018
401114317,2019,13,Rice,North Texas,20.0,14.0,6.0,34.0,6.5,55.0,-6.5,1,1,0,,,-12.959303419639188,56.52273814956978,0.20766216966670004,1.0,-6.459303419639188,1.5227381495697827,2018
401117911,2019,13,Navy,SMU,35.0,28.0,7.0,63.0,-3.5,69.0,3.5,1,1,0,,,13.525980089665728,70.34276146918005,0.7924499977404632,1.0,10.025980089665728,1.3427614691800471,2018
401114315,2019,13,UAB,Louisiana Tech,20.0,14.0,6.0,34.0,-6.5,44.0,6.5,1,0,0,,,3.91995728268345,41.98730175944662,0.4513173803685897,1.0,-2.58004271731655,-2.0126982405533766,2018
401114318,2019,13,Southern Miss,Western Kentucky,10.0,28.0,-18.0,38.0,-3.5,51.0,3.5,0,0,0,,,7.619311345245894,50.58663427205401,0.689116980799801,1.0,4.119311345245894,-0.4133657279459868,2018
401112167,2019,13,Indiana,Michigan,14.0,39.0,-25.0,53.0,9.5,53.5,-9.5,0,0,0,,,-9.670482370818828,54.86936709818518,0.1093506413097809,1.0,-0.1704823708188279,1.3693670981851795,2018
401112516,2019,13,Louisville,Syracuse,56.0,34.0,22.0,90.0,-7.5,64.0,7.5,1,1,1,,,9.255247316059931,73.10147465551614,0.6853710371154927,1.0,1.755247316059931,9.101474655516142,2018
401117909,2019,13,South Florida,Memphis,10.0,49.0,-39.0,59.0,14.5,60.5,-14.5,0,0,0,,,-10.85900378883553,59.5084885330834,0.2506553727391171,1.0,3.6409962111644703,-0.9915114669165987,2018
401112263,2019,13,Wisconsin,Purdue,45.0,24.0,21.0,69.0,-24.5,48.5,24.5,1,0,1,,,25.865100377613047,51.1750559747857,0.9709377399295305,1.0,1.3651003776130466,2.6750559747856997,2018
401117553,2019,13,UNLV,San José State,38.0,35.0,3.0,73.0,7.0,65.5,-7.0,1,1,1,,,-3.5578799593016472,62.89224478953197,0.4698153306428077,1.0,3.4421200406983528,-2.607755210468028,2018
401114319,2019,13,New Mexico State,UTEP,44.0,35.0,9.0,79.0,-7.0,55.5,7.0,1,1,1,,,5.013350445944965,57.047556715701596,0.6835480574780781,1.0,-1.9866495540550346,1.547556715701596,2018
401114182,2019,13,Stanford,California,20.0,24.0,-4.0,44.0,-1.0,41.0,1.0,0,0,1,,,5.040890806946942,38.03559113596835,0.780964221014744,1.0,4.040890806946942,-2.964408864031647,2018
401114316,2019,13,Middle Tennessee,Old Dominion,38.0,17.0,21.0,55.0,-13.5,47.0,13.5,1,1,1,,,19.2885682198501,46.01600602296395,0.9393207084685069,1.0,5.788568219850099,-0.9839939770360502,2018
401121975,2019,13,UL Monroe,Coastal Carolina,45.0,42.0,3.0,87.0,-6.0,63.5,6.0,1,0,1,,,14.266387144109334,68.54372987993312,0.8340549487407761,1.0,8.266387144109334,5.0437298799331245,2018
401121977,2019,13,Louisiana,Troy,53.0,3.0,50.0,56.0,-12.5,74.0,12.5,1,1,0,,,7.360674104492389,78.90980708110824,0.6547096349718401,1.0,-5.139325895507611,4.909807081108241,2018
401114314,2019,13,UTSA,Florida Atlantic,26.0,40.0,-14.0,66.0,21.5,57.5,-21.5,0,1,1,,,-14.853616552266342,58.728401053190986,0.23301086346463426,1.0,6.646383447733658,1.2284010531909857,2018
401117907,2019,13,Cincinnati,Temple,15.0,13.0,2.0,28.0,-9.0,44.5,9.0,1,0,0,,,12.708563811537992,42.39026128148734,0.9208514663355226,1.0,3.708563811537992,-2.1097387185126593,2018
401110859,2019,13,LSU,Arkansas,56.0,20.0,36.0,76.0,-41.5,69.0,41.5,1,0,1,,,43.9394587589289,72.99216817731113,0.99,1.0,2.4394587589289003,3.992168177311129,2018
401112517,2019,13,Florida International,Miami,30.0,24.0,6.0,54.0,21.0,50.5,-21.0,1,1,1,,,-19.914083170840108,58.4790206695922,0.3160940907797175,1.0,1.085916829159892,7.979020669592202,2018
401112113,2019,13,Texas Tech,Kansas State,27.0,30.0,-3.0,57.0,-1.0,57.0,1.0,0,0,0,,,1.045356535517009,59.24602003743233,0.40052456405146375,1.0,0.04535653551700891,2.2460200374323307,2018
401110861,2019,13,Missouri,Tennessee,20.0,24.0,-4.0,44.0,-2.5,47.5,2.5,0,0,0,,,1.5528783328155717,49.742711761471696,0.5098728560853711,1.0,-0.9471216671844283,2.2427117614716963,2018
401112515,2019,13,Wake Forest,Duke,39.0,27.0,12.0,66.0,-6.5,50.0,6.5,1,1,1,,,4.3903024775864115,51.64604676422306,0.6959434238960938,1.0,-2.1096975224135885,1.6460467642230583,2018
401114162,2019,13,Arizona State,Oregon,31.0,28.0,3.0,59.0,13.5,54.5,-13.5,1,1,1,,,-14.768689309019187,52.18978853619131,0.1485694633712763,1.0,-1.2686893090191873,-2.3102114638086917,2018
401117910,2019,13,Tulsa,Houston,14.0,24.0,-10.0,38.0,-6.0,57.5,6.0,0,0,0,,,-1.507807198122177,61.90784066014172,0.3310573049546984,1.0,-7.507807198122177,4.407840660141723,2018
401112120,2019,13,Oklahoma,TCU,28.0,24.0,4.0,52.0,-18.0,65.0,18.0,1,0,0,,,16.92002102523751,65.89190994088837,0.863287058038356,1.0,-1.07997897476249,0.8919099408883682,2018
401114206,2019,13,Washington State,Oregon State,54.0,53.0,1.0,107.0,-10.5,77.5,10.5,1,0,1,,,9.578318485612042,70.3633183076569,0.7795324416202349,1.0,-0.9216815143879575,-7.136681692343103,2018
401114191,2019,13,Colorado,Washington,20.0,14.0,6.0,34.0,14.0,53.0,-14.0,1,1,0,,,-10.645367277235536,50.44199212428936,0.28672036866363626,1.0,3.354632722764464,-2.5580078757106435,2018
401114173,2019,13,Arizona,Utah,7.0,35.0,-28.0,42.0,23.5,57.5,-23.5,0,0,0,,,-18.334878452173772,53.945902222730844,0.23995004805838122,1.0,5.165121547826228,-3.554097777269156,2018
401117549,2019,13,Utah State,Boise State,21.0,56.0,-35.0,77.0,4.0,54.0,-4.0,0,0,1,,,-9.373150284489338,54.33112974603364,0.28362559159579986,1.0,-5.373150284489338,0.3311297460336391,2018
401117551,2019,13,Fresno State,Nevada,28.0,35.0,-7.0,63.0,-12.5,51.5,12.5,0,0,1,,,12.985638662041312,53.66704788723609,0.9321764255126821,1.0,0.48563866204131223,2.1670478872360874,2018
401117552,2019,13,Hawai'i,San Diego State,14.0,11.0,3.0,25.0,-1.0,46.5,1.0,1,1,0,,,0.6388629348449677,46.054447188618155,0.5995632457106779,1.0,-0.3611370651550323,-0.44555281138184455,2018
401119310,2019,14,Akron,Ohio,3.0,52.0,-49.0,55.0,27.5,53.0,-27.5,0,0,1,,,-28.632223237179446,55.07981622050395,0.2349474173925869,1.0,-1.1322232371794456,2.0798162205039503,2018
401119311,2019,14,Northern Illinois,Western Michigan,17.0,14.0,3.0,31.0,10.0,51.5,-10.0,1,1,0,,,-15.348375061450241,42.51842463800717,0.28672241831637135,1.0,-5.348375061450241,-8.981575361992832,2018
401110863,2019,14,Mississippi State,Ole Miss,21.0,20.0,1.0,41.0,1.5,59.0,-1.5,1,1,0,,,8.452133558126242,56.029115931223274,0.7819834261608198,1.0,9.952133558126242,-2.9708840687767264,2018
401119312,2019,14,Buffalo,Bowling Green,49.0,7.0,42.0,56.0,-28.0,53.5,28.0,1,1,1,,,32.70526264710992,55.014106393306776,0.9758882132718281,1.0,4.705262647109919,1.5141063933067755,2018
401119313,2019,14,Eastern Michigan,Kent State,26.0,34.0,-8.0,60.0,-3.5,68.5,3.5,0,0,0,,,8.879071842504064,65.24403425925286,0.7487812553968298,1.0,5.3790718425040644,-3.2559657407471434,2018
401112521,2019,14,Virginia,Virginia Tech,39.0,30.0,9.0,69.0,1.5,48.5,-1.5,1,1,1,,,-2.6126056799737616,45.603670666584506,0.604334193905169,1.0,-1.1126056799737616,-2.896329333415494,2018
401119314,2019,14,Ball State,Miami (OH),41.0,27.0,14.0,68.0,-3.0,55.5,3.0,1,1,1,,,-1.828139375339422,52.56269731012917,0.4846067879749276,1.0,-4.828139375339422,-2.937302689870833,2018
401112138,2019,14,Texas,Texas Tech,49.0,24.0,25.0,73.0,-8.0,65.5,8.0,1,1,1,,,9.783799332348046,63.56161988424099,0.8893382915940933,1.0,1.783799332348046,-1.93838011575901,2018
401119315,2019,14,Central Michigan,Toledo,49.0,7.0,42.0,56.0,-14.5,65.0,14.5,1,1,0,,,22.81846610417646,61.213585332326915,0.8304399140293854,1.0,8.318466104176458,-3.7864146676730854,2018
401110864,2019,14,Arkansas,Missouri,14.0,24.0,-10.0,38.0,15.0,53.0,-15.0,0,1,0,,,-20.245294442579834,55.583689538152875,0.22580437705935769,1.0,-5.245294442579834,2.583689538152875,2018
401112200,2019,14,Nebraska,Iowa,24.0,27.0,-3.0,51.0,4.0,46.0,-4.0,0,1,1,,,-9.32377033723018,50.07069600472494,0.30796128197089173,1.0,-5.3237703372301795,4.070696004724937,2018
401117913,2019,14,Memphis,Cincinnati,34.0,24.0,10.0,58.0,-13.5,59.5,13.5,1,0,0,,,15.44290229827368,59.68778044605428,0.7152806998546073,1.0,1.9429022982736797,0.18778044605428335,2018
401117554,2019,14,Colorado State,Boise State,24.0,31.0,-7.0,55.0,13.5,57.5,-13.5,0,1,0,,,-11.204702317006243,60.00769430987004,0.20257542755977254,1.0,2.2952976829937572,2.5076943098700397,2018
401114232,2019,14,Washington,Washington State,31.0,13.0,18.0,44.0,-7.0,65.0,7.0,1,1,0,,,9.854758693645492,63.53208422249714,0.8290138394869446,1.0,2.8547586936454916,-1.46791577750286,2018
401112134,2019,14,TCU,West Virginia,17.0,20.0,-3.0,37.0,-13.5,43.0,13.5,0,0,0,,,15.68939528650564,48.7497224675471,0.8087958489064593,1.0,2.18939528650564,5.749722467547102,2018
401121979,2019,14,South Alabama,Arkansas State,34.0,30.0,4.0,64.0,10.5,53.0,-10.5,1,1,1,,,-13.47602642419716,49.555964355349744,0.16665990096591612,1.0,-2.97602642419716,-3.4440356446502562,2018
401121978,2019,14,Troy,App State,13.0,48.0,-35.0,61.0,11.0,64.0,-11.0,0,0,0,,,-5.981571078622053,62.65302037511542,0.29630067368343566,1.0,5.018428921377947,-1.3469796248845824,2018
401117912,2019,14,UCF,South Florida,34.0,7.0,27.0,41.0,-24.0,61.5,24.0,1,1,0,,,27.47195071976007,65.73623352370717,0.9436331604132655,1.0,3.47195071976007,4.23623352370717,2018
401112156,2019,14,Illinois,Northwestern,10.0,29.0,-19.0,39.0,-6.0,39.5,6.0,0,0,0,,,-1.3723062847562204,42.2594218289342,0.48236032861280387,1.0,-7.37230628475622,2.759421828934201,2018
401117915,2019,14,East Carolina,Tulsa,24.0,49.0,-25.0,73.0,7.0,64.0,-7.0,0,0,1,,,-2.5211294498362014,66.71756132611618,0.6811172725880272,1.0,4.478870550163799,2.717561326116183,2018
401110867,2019,14,Georgia Tech,Georgia,7.0,52.0,-45.0,59.0,28.5,46.0,-28.5,0,0,1,,,-31.397823891284776,59.10429470809886,0.05341156259908898,1.0,-2.8978238912847765,13.104294708098863,2018
401121980,2019,14,Coastal Carolina,Texas State,24.0,21.0,3.0,45.0,-7.0,52.0,7.0,1,0,0,,,7.199852284000262,58.48186647731997,0.7985304337225445,1.0,0.19985228400026234,6.481866477319969,2018
401110870,2019,14,South Carolina,Clemson,3.0,38.0,-35.0,41.0,27.5,50.5,-27.5,0,0,0,,,-19.06678437683897,56.0352784516129,0.19070520545773753,1.0,8.43321562316103,5.535278451612903,2018
401112168,2019,14,Purdue,Indiana,41.0,44.0,-3.0,85.0,7.0,56.5,-7.0,0,1,1,,,-16.644838412975243,49.24129194693255,0.25864250633826524,1.0,-9.644838412975243,-7.258708053067451,2018
401110868,2019,14,Kentucky,Louisville,45.0,13.0,32.0,58.0,-3.5,51.5,3.5,1,1,1,,,-0.05361616090896648,49.126100712402426,0.7217555474007117,1.0,-3.5536161609089665,-2.373899287597574,2018
401112228,2019,14,Michigan,Ohio State,27.0,56.0,-29.0,83.0,9.0,53.0,-9.0,0,0,1,,,-0.3843855670756966,51.009577924385155,0.5558344337001382,1.0,8.615614432924303,-1.9904220756148447,2018
401114321,2019,14,Marshall,Florida International,30.0,27.0,3.0,57.0,-10.0,50.0,10.0,1,0,1,,,3.2919022593753855,52.67648773116383,0.6053574349851074,1.0,-6.7080977406246145,2.6764877311638315,2018
401112525,2019,14,Syracuse,Wake Forest,39.0,30.0,9.0,69.0,6.5,68.0,-6.5,1,1,1,,,-9.5546821663062,68.59629382713405,0.3232612901720586,1.0,-3.0546821663062005,0.5962938271340477,2018
401117556,2019,14,Air Force,Wyoming,20.0,6.0,14.0,26.0,-13.0,41.5,13.0,1,1,0,,,17.02310194252981,46.58066651743898,0.7675749367276014,1.0,4.023101942529809,5.080666517438978,2018
401114346,2019,14,Liberty,New Mexico State,49.0,28.0,21.0,77.0,-14.5,68.0,14.5,1,1,1,,,20.981711097401323,72.44427330193179,0.96425950101794,1.0,6.481711097401323,4.444273301931787,2018
401114324,2019,14,Western Kentucky,Middle Tennessee,31.0,26.0,5.0,57.0,-10.0,46.5,10.0,1,0,1,,,9.77667328838296,46.27783953483147,0.7487201617638077,1.0,-0.2233267116170392,-0.22216046516852828,2018
401114320,2019,14,Old Dominion,Charlotte,22.0,38.0,-16.0,60.0,10.5,51.0,-10.5,0,0,1,,,-17.823667427799954,49.19556957491222,0.12515366980146206,1.0,-7.323667427799954,-1.80443042508778,2018
401114326,2019,14,UTEP,Rice,16.0,30.0,-14.0,46.0,6.5,43.5,-6.5,0,0,1,,,-7.091982025993385,50.7209731820971,0.2812832273789967,1.0,-0.591982025993385,7.220973182097097,2018
401117558,2019,14,Nevada,UNLV,30.0,33.0,-3.0,63.0,-7.0,51.5,7.0,0,0,1,,,8.546099295688867,51.5326831350055,0.7490849189947171,1.0,1.546099295688867,0.0326831350054988,2018
401112522,2019,14,Pittsburgh,Boston College,19.0,26.0,-7.0,45.0,-8.5,51.5,8.5,0,0,0,,,4.360453539516946,50.90739153528178,0.6883114348008333,1.0,-4.139546460483054,-0.5926084647182179,2018
401114322,2019,14,Florida Atlantic,Southern Miss,34.0,17.0,17.0,51.0,-9.5,58.0,9.5,1,1,0,,,6.733404273656531,57.16651495968902,0.6791166742693928,1.0,-2.7665957263434686,-0.8334850403109826,2018
401114323,2019,14,Louisiana Tech,UTSA,41.0,27.0,14.0,68.0,-21.0,56.5,21.0,1,0,1,,,25.91145290705116,57.14133146697546,0.9722788404311585,1.0,4.91145290705116,0.6413314669754584,2018
401112523,2019,14,Duke,Miami,27.0,17.0,10.0,44.0,9.5,44.0,-9.5,1,1,0,,,-10.344572796421806,48.623566119465096,0.2791205263392656,1.0,-0.8445727964218062,4.623566119465096,2018
401117914,2019,14,Temple,UConn,49.0,17.0,32.0,66.0,-27.0,48.0,27.0,1,1,1,,,27.366146609364865,50.14911121390557,0.9539284307797031,1.0,0.3661466093648649,2.14911121390557,2018
401112084,2019,14,Kansas,Baylor,6.0,61.0,-55.0,67.0,14.0,48.0,-14.0,0,0,1,,,-15.766873667880885,47.10586207144781,0.15183512029328367,1.0,-1.7668736678808852,-0.8941379285521904,2018
401112261,2019,14,Penn State,Rutgers,27.0,6.0,21.0,33.0,-39.0,51.0,39.0,1,0,0,,,39.377357163444074,52.66854453071978,0.9855997223022255,1.0,0.3773571634440742,1.6685445307197782,2018
401112221,2019,14,Michigan State,Maryland,19.0,16.0,3.0,35.0,-21.5,47.5,21.5,1,0,0,,,23.480485594930112,44.08808793976925,0.8499911351785274,1.0,1.9804855949301121,-3.4119120602307476,2018
401110865,2019,14,Auburn,Alabama,48.0,45.0,3.0,93.0,3.5,51.0,-3.5,1,1,1,,,-0.9657932185263496,52.9031044632047,0.3814369439898957,1.0,2.5342067814736504,1.9031044632046985,2018
401112237,2019,14,Minnesota,Wisconsin,17.0,38.0,-21.0,55.0,3.0,44.5,-3.0,0,0,1,,,-0.04417548797691451,43.46750426437906,0.6546918723309837,1.0,2.9558245120230855,-1.032495735620941,2018
401114212,2019,14,Stanford,Notre Dame,24.0,45.0,-21.0,69.0,17.0,45.5,-17.0,0,0,1,,,-12.199598057554573,46.294034227869695,0.24428009673075757,1.0,4.800401942445427,0.7940342278696946,2018
401117917,2019,14,SMU,Tulane,37.0,20.0,17.0,57.0,-3.0,72.0,3.0,1,1,0,,,4.462968696444813,77.53160468467257,0.6942267387375695,1.0,1.462968696444813,5.531604684672573,2018
401114199,2019,14,Oregon,Oregon State,24.0,10.0,14.0,34.0,-20.5,65.5,20.5,1,0,0,,,22.134810722738223,59.74545008875448,0.942779169906054,1.0,1.634810722738223,-5.754549911245519,2018
401117555,2019,14,New Mexico,Utah State,25.0,38.0,-13.0,63.0,11.0,63.0,-11.0,0,0,0,,,-12.647078513488074,62.33638096441402,0.38895964498897484,1.0,-1.6470785134880739,-0.663619035585981,2018
401110871,2019,14,Tennessee,Vanderbilt,28.0,10.0,18.0,38.0,-23.0,48.0,23.0,1,0,0,,,25.267529848782846,45.37319573927637,0.9744591891826848,1.0,2.2675298487828464,-2.626804260723631,2018
401114325,2019,14,North Texas,UAB,21.0,26.0,-5.0,47.0,3.5,49.5,-3.5,0,0,0,,,-1.2874652855873725,50.31345851663667,0.5165892773323068,1.0,2.2125347144126275,0.8134585166366719,2018
401121981,2019,14,Georgia Southern,Georgia State,38.0,10.0,28.0,48.0,-6.5,56.5,6.5,1,1,0,,,8.765377217999644,50.98225166955899,0.7026135095458944,1.0,2.265377217999644,-5.517748330441009,2018
401112095,2019,14,Kansas State,Iowa State,27.0,17.0,10.0,44.0,5.0,45.0,-5.0,1,1,0,,,-6.426353531539288,45.06450010015591,0.5750976123873521,1.0,-1.426353531539288,0.0645001001559109,2018
401117916,2019,14,Houston,Navy,41.0,56.0,-15.0,97.0,9.5,56.5,-9.5,0,0,1,,,-8.640662418350498,56.25770288867363,0.6062153242714146,1.0,0.8593375816495019,-0.24229711132637277,2018
401112524,2019,14,NC State,North Carolina,10.0,41.0,-31.0,51.0,11.0,57.5,-11.0,0,0,0,,,-12.83196067574315,58.29293459192586,0.36839892406212993,1.0,-1.8319606757431508,0.7929345919258566,2018
401110869,2019,14,LSU,Texas A&M,50.0,7.0,43.0,57.0,-17.5,63.5,17.5,1,1,0,,,24.205985624131877,62.23356306339847,0.8336600382409206,1.0,6.705985624131877,-1.2664369366015293,2018
401110866,2019,14,Florida,Florida State,40.0,17.0,23.0,57.0,-17.0,55.5,17.0,1,1,1,,,13.814893049022865,62.092636220083044,0.7959469950426377,1.0,-3.1851069509771346,6.592636220083044,2018
401121982,2019,14,Louisiana,UL Monroe,31.0,30.0,1.0,61.0,-20.0,71.0,20.0,1,0,0,,,16.259930480447746,71.48793513326727,0.9520521016853953,1.0,-3.7400695195522538,0.4879351332672712,2018
401114192,2019,14,Utah,Colorado,45.0,15.0,30.0,60.0,-27.5,49.5,27.5,1,1,1,,,26.953944312416603,52.881516055108264,0.8741832695233354,1.0,-0.5460556875833973,3.381516055108264,2018
401112121,2019,14,Oklahoma State,Oklahoma,16.0,34.0,-18.0,50.0,14.0,68.0,-14.0,0,0,0,,,-9.085152567770315,78.65572694479755,0.3079757512086019,1.0,4.914847432229685,10.65572694479755,2018
401117218,2019,14,San Diego State,BYU,13.0,3.0,10.0,16.0,4.5,39.0,-4.5,1,1,0,,,-4.133937012997026,43.952266583910735,0.4621478576494297,1.0,0.3660629870029739,4.952266583910735,2018
401114163,2019,14,Arizona State,Arizona,24.0,14.0,10.0,38.0,-13.5,60.5,13.5,1,0,0,,,18.350696551142022,64.38760164780564,0.8566662054983354,1.0,4.850696551142022,3.8876016478056385,2018
401114183,2019,14,UCLA,California,18.0,28.0,-10.0,46.0,-1.0,51.0,1.0,0,0,0,,,-6.557451071435327,50.85706125334125,0.451291289597875,1.0,-7.557451071435327,-0.14293874665874995,2018
401117557,2019,14,San José State,Fresno State,17.0,16.0,1.0,33.0,-2.5,60.5,2.5,1,0,0,,,3.8458309537554927,67.2670942741308,0.5440455329680761,1.0,1.3458309537554927,6.767094274130798,2018
401114334,2019,14,Hawai'i,Army,52.0,31.0,21.0,83.0,-2.0,55.0,2.0,1,1,1,,,6.2368635426135866,59.98576344663238,0.5811627641815744,1.0,4.2368635426135866,4.985763446632383,2018
401132973,2019,15,Oregon,Utah,37.0,15.0,22.0,52.0,6.5,45.5,-6.5,1,1,1,,,-3.4108565339493735,36.66451716337923,0.6040598997553281,1.0,3.0891434660506265,-8.83548283662077,2018
401132984,2019,15,App State,Louisiana,45.0,38.0,7.0,83.0,-5.0,58.0,5.0,1,1,1,,,13.056381726399433,53.6768992537571,0.8204441900226154,1.0,8.056381726399433,-4.3231007462429005,2018
401132974,2019,15,Oklahoma,Baylor,30.0,23.0,7.0,53.0,-9.5,66.5,9.5,1,0,0,,,13.271031803794541,64.75277050508168,0.7012646838466398,1.0,3.771031803794541,-1.7472294949183151,2018
401132982,2019,15,Central Michigan,Miami (OH),21.0,26.0,-5.0,47.0,-6.5,56.5,6.5,0,0,0,,,4.764770809076295,50.59025142490466,0.6047147626261523,1.0,-1.7352291909237048,-5.9097485750953425,2018
401132980,2019,15,Florida Atlantic,UAB,49.0,6.0,43.0,55.0,-8.0,49.5,8.0,1,1,1,,,13.746030324091812,48.98455732965958,0.7749485967649378,1.0,5.746030324091812,-0.5154426703404198,2018
401132976,2019,15,Memphis,Cincinnati,29.0,24.0,5.0,53.0,-9.0,59.0,9.0,1,0,0,,,15.584200966587265,58.344260109936506,0.8447390326483448,1.0,6.5842009665872645,-0.6557398900634936,2018
401132979,2019,15,Boise State,Hawai'i,31.0,10.0,21.0,41.0,-14.0,64.5,14.0,1,1,0,,,11.250283788730393,60.748694360558396,0.9129824553294633,1.0,-2.7497162112696074,-3.751305639441604,2018
401132981,2019,15,LSU,Georgia,37.0,10.0,27.0,47.0,-7.0,57.0,7.0,1,1,0,,,9.39779865432808,57.4871311206271,0.7032305840304749,1.0,2.3977986543280796,0.4871311206270974,2018
401132975,2019,15,Clemson,Virginia,62.0,17.0,45.0,79.0,-29.0,57.0,29.0,1,1,1,,,28.930682001815907,57.38170748952614,0.9793379801709645,1.0,-0.06931799818409345,0.38170748952614275,2018
401132983,2019,15,Wisconsin,Ohio State,21.0,34.0,-13.0,55.0,16.5,57.5,-16.5,0,1,0,,,-13.407760504155759,57.29216599314592,0.22075803655374088,1.0,3.0922394958442414,-0.20783400685407827,2018
401114335,2019,15,Navy,Army,31.0,7.0,24.0,38.0,-11.5,41.5,11.5,1,1,0,,,14.13580602423064,44.285558256465634,0.7047149183522143,1.0,2.6358060242306394,2.7855582564656345,2018
401135260,2019,1,Charlotte,Buffalo,9.0,31.0,-22.0,40.0,7.0,51.5,-7.0,0,0,0,,,-6.2315673079769764,49.0530247213453,0.4012366194372572,0.6,0.7684326920230236,-2.4469752786546977,2018
401135261,2019,1,Kent State,Utah State,51.0,41.0,10.0,92.0,7.0,71.5,-7.0,1,1,1,,,-5.862567986272869,67.75294592251718,0.3631424497248563,0.6,1.137432013727131,-3.747054077482815,2018
401135263,2019,1,San Diego State,Central Michigan,48.0,11.0,37.0,59.0,-3.5,40.5,3.5,1,1,1,,,-2.2435323673693253,41.226890819073894,0.47055977062511734,0.6,-5.743532367369325,0.7268908190738941,2018
401147693,2019,1,Georgia Southern,Liberty,16.0,23.0,-7.0,39.0,-5.0,58.5,5.0,0,0,0,,,4.113073134839601,55.510303155483165,0.5224207514833275,0.6,-0.8869268651603992,-2.9896968445168355,2018
401135264,2019,1,Florida Atlantic,SMU,52.0,28.0,24.0,80.0,7.0,63.5,-7.0,1,1,1,,,-2.0615427741494248,62.45644049557214,0.4609896526729005,0.6,4.938457225850575,-1.0435595044278614,2018
401135265,2019,1,Arkansas State,Florida International,34.0,26.0,8.0,60.0,1.0,59.5,-1.0,1,1,1,,,-1.3378115310086822,57.728342449943646,0.42936507753751985,0.6,-0.3378115310086822,-1.7716575500563536,2018
401135266,2019,1,Washington,Boise State,38.0,7.0,31.0,45.0,-3.5,48.0,3.5,1,1,0,,,0.7093166110034463,51.57835327627389,0.617282531155233,0.6,-2.7906833889965537,3.578353276273887,2018
401135267,2019,1,UAB,App State,17.0,31.0,-14.0,48.0,17.0,47.5,-17.0,0,1,1,,,-16.51678920161896,43.26193329162077,0.1452694853390781,0.6,0.483210798381041,-4.238066708379229,2018
401135268,2019,1,Marshall,UCF,25.0,48.0,-23.0,73.0,15.5,59.5,-15.5,0,0,1,,,-12.203089700517443,58.10269000335503,0.206599168363941,0.6,3.2969102994825565,-1.397309996644971,2018
401135269,2019,1,BYU,Hawai'i,34.0,38.0,-4.0,72.0,-2.5,65.0,2.5,0,0,1,,,5.154563647056001,62.43149944323327,0.5574383804313854,0.6,2.6545636470560012,-2.568500556766729,2018
401135270,2019,1,Miami,Louisiana Tech,0.0,14.0,-14.0,14.0,-6.5,49.5,6.5,0,0,0,,,7.875222502073583,48.09388776558209,0.6004466578538508,0.6,1.3752225020735827,-1.406112234417911,2018
401135271,2019,1,Eastern Michigan,Pittsburgh,30.0,34.0,-4.0,64.0,12.0,51.0,-12.0,0,1,1,,,-10.095319799295588,51.511353602410914,0.3104005077834163,0.6,1.9046802007044121,0.5113536024109138,2018
401135272,2019,1,Temple,North Carolina,13.0,55.0,-42.0,68.0,6.0,56.5,-6.0,0,0,1,,,-10.36547738174314,55.995674426609895,0.34689834535127456,0.6,-4.3654773817431405,-0.5043255733901049,2018
401135273,2019,1,Wake Forest,Michigan State,21.0,27.0,-6.0,48.0,3.5,51.5,-3.5,0,0,0,,,-5.5050796772414365,49.86674380700225,0.35228692826579,0.6,-2.0050796772414365,-1.6332561929977487,2018
401135274,2019,1,Texas A&M,Oklahoma State,24.0,21.0,3.0,45.0,-4.5,55.0,4.5,1,0,0,,,4.973207505168659,51.91557897817163,0.6027124481590197,0.6,0.4732075051686593,-3.084421021828369,2018
401136253,2019,1,Iowa,USC,49.0,24.0,25.0,73.0,-1.5,54.5,1.5,1,1,1,,,6.055034312635988,53.04327313924262,0.6288401319270792,0.6,4.555034312635988,-1.456726860757378,2018
401135275,2019,1,Washington State,Air Force,21.0,31.0,-10.0,52.0,2.5,71.5,-2.5,0,0,0,,,-4.767463047267569,67.55823551215425,0.4282909120267737,0.6,-2.2674630472675688,-3.941764487845745,2018
401135276,2019,1,Iowa State,Notre Dame,9.0,33.0,-24.0,42.0,3.5,54.5,-3.5,0,0,0,,,-3.1171838406263355,55.622610664167205,0.35886580748080976,0.6,0.38281615937366453,1.1226106641672047,2018
401135277,2019,1,Penn State,Memphis,53.0,39.0,14.0,92.0,-6.5,59.5,6.5,1,1,1,,,8.140589472988058,56.28365974268466,0.6308387369691666,0.6,1.640589472988058,-3.2163402573153377,2018
401135278,2019,1,LSU,Oklahoma,63.0,28.0,35.0,91.0,-12.5,75.5,12.5,1,1,1,,,9.155479511587686,77.02238727968547,0.7247489204900659,0.6,-3.3445204884123143,1.522387279685475,2018
401135279,2019,1,Ohio State,Clemson,23.0,29.0,-6.0,52.0,2.5,62.5,-2.5,0,0,0,,,1.3565606541354516,62.158923274350485,0.4908042722273499,0.6,3.8565606541354516,-0.34107672564951486,2018
401135280,2019,1,Western Michigan,Western Kentucky,20.0,23.0,-3.0,43.0,3.0,56.0,-3.0,0,0,0,,,0.6305431169546534,62.20478045720815,0.49747393465799794,0.6,3.6305431169546534,6.204780457208152,2018
401135281,2019,1,Louisville,Mississippi State,38.0,28.0,10.0,66.0,4.5,64.5,-4.5,1,1,1,,,-3.1684684561493093,67.31765422546752,0.43095317629349594,0.6,1.3315315438506907,2.817654225467521,2018
401136254,2019,1,Illinois,California,20.0,35.0,-15.0,55.0,6.0,47.5,-6.0,0,0,1,,,-9.508154130151706,46.92501081185943,0.43022222500280305,0.6,-3.5081541301517056,-0.5749891881405702,2018
401135282,2019,1,Virginia,Florida,28.0,36.0,-8.0,64.0,15.5,55.0,-15.5,0,1,1,,,-13.830981123839114,55.442404836606684,0.2391213558504853,0.6,1.6690188761608855,0.44240483660668417,2018
401135283,2019,1,Kentucky,Virginia Tech,37.0,30.0,7.0,67.0,2.5,46.5,-2.5,1,1,1,,,-0.10668679447066154,42.13599106271967,0.5156517391065354,0.6,2.3933132055293385,-4.364008937280332,2018
401136255,2019,1,Arizona State,Florida State,20.0,14.0,6.0,34.0,-3.0,51.5,3.0,1,1,0,,,0.26133742906630664,53.58160003387411,0.525099009599132,0.6,-2.7386625709336934,2.0816000338741105,2018
401135284,2019,1,Kansas State,Navy,17.0,20.0,-3.0,37.0,2.0,53.0,-2.0,0,0,0,,,-2.4213315439621206,50.01601739846633,0.47995739409431204,0.6,-0.4213315439621206,-2.9839826015336683,2018
401147695,2019,1,Georgia State,Wyoming,17.0,38.0,-21.0,55.0,7.5,49.0,-7.5,0,0,1,,,-7.091708179432096,49.51785331132196,0.2969080702630621,0.6,0.4082918205679036,0.5178533113219572,2018
401135285,2019,1,Texas,Utah,38.0,10.0,28.0,48.0,7.0,55.5,-7.0,1,1,0,,,-6.182981218728445,48.211223849400255,0.43394755104787586,0.6,0.817018781271555,-7.288776150599745,2018
401135287,2019,1,Auburn,Minnesota,24.0,31.0,-7.0,55.0,-7.0,53.5,7.0,0,0,1,,,5.688625184607673,53.647123039234764,0.5768890450686979,0.6,-1.3113748153923268,0.14712303923476355,2018
401135286,2019,1,Alabama,Michigan,35.0,16.0,19.0,51.0,-7.5,60.0,7.5,1,1,0,,,4.916481501512495,57.03108129146154,0.596348464859261,0.6,-2.5835184984875053,-2.9689187085384603,2018
401135288,2019,1,Wisconsin,Oregon,27.0,28.0,-1.0,55.0,-3.0,52.5,3.0,0,0,1,,,3.035172987616108,53.98973182580704,0.5915984710589033,0.6,0.03517298761610821,1.4897318258070413,2018
401135289,2019,1,Baylor,Georgia,14.0,26.0,-12.0,40.0,3.5,43.5,-3.5,0,0,0,,,-2.63953712693114,47.65001563909334,0.3342847700625406,0.6,0.8604628730688599,4.15001563909334,2018
401135290,2019,1,Cincinnati,Boston College,38.0,6.0,32.0,44.0,-7.5,53.5,7.5,1,1,0,,,3.7341398489296407,51.469269060105916,0.5425433028522122,0.6,-3.7658601510703593,-2.0307309398940845,2018
401135291,2019,1,Tennessee,Indiana,23.0,22.0,1.0,45.0,-3.5,56.0,3.5,1,0,0,,,2.750216176949853,55.90078039174589,0.5560990194693693,0.6,-0.749783823050147,-0.09921960825410991,2018
401135292,2019,1,Nevada,Ohio,21.0,30.0,-9.0,51.0,10.0,62.5,-10.0,0,1,0,,,-6.209129115167654,57.531945845136484,0.32187352531245716,0.6,3.790870884832346,-4.968054154863516,2018
401135293,2019,1,Tulane,Southern Miss,30.0,13.0,17.0,43.0,-7.0,57.5,7.0,1,1,0,,,6.369215310528322,55.4796192706256,0.5791469635470718,0.6,-0.6307846894716782,-2.020380729374402,2018
401135294,2019,1,Miami (OH),Louisiana,17.0,27.0,-10.0,44.0,15.0,55.5,-15.0,0,1,0,,,-10.905574013805687,53.878234522699785,0.2170717111464039,0.6,4.094425986194313,-1.6217654773002153,2018
401135295,2019,1,LSU,Clemson,42.0,25.0,17.0,67.0,-4.5,66.5,4.5,1,1,1,,,4.011895231657335,67.03738877196791,0.6159944895350618,0.6,-0.4881047683426649,0.5373887719679118,2018
401207101,2020,1,Southern Miss,South Alabama,21.0,32.0,-11.0,53.0,-12.5,54.5,12.5,0,0,0,,,12.791688813153542,55.9260830647836,0.7482175499727616,0.6,0.29168881315354156,1.4260830647835974,2019
401235700,2020,1,Army,Middle Tennessee,42.0,0.0,42.0,42.0,-3.5,54.0,3.5,1,1,0,,,2.9593409243305455,49.058481847001126,0.5986770843106856,0.6,-0.5406590756694545,-4.941518152998874,2019
401212484,2020,1,Texas State,SMU,24.0,31.0,-7.0,55.0,24.5,70.5,-24.5,0,1,0,,,-26.066957111793702,71.09350853742569,0.13022657583520664,0.6,-1.5669571117937018,0.5935085374256914,2019
401212553,2020,1,Memphis,Arkansas State,37.0,24.0,13.0,61.0,-18.5,72.0,18.5,1,0,0,,,18.713025842935437,70.24875354846073,0.9034913285227593,0.6,0.21302584293543703,-1.7512464515392736,2019
401234576,2020,1,Navy,BYU,3.0,55.0,-52.0,58.0,1.0,48.5,-1.0,0,0,1,,,-5.6101707238375,47.040222959886634,0.41450577255509125,0.6,-4.6101707238375,-1.4597770401133658,2019
401234559,2020,2,Miami,UAB,31.0,14.0,17.0,45.0,-15.5,55.0,15.5,1,1,0,,,14.374160115138418,60.96516661687373,0.8468464637709227,0.75,-1.1258398848615823,5.965166616873731,2019
401234565,2020,2,North Carolina,Syracuse,31.0,6.0,25.0,37.0,-24.0,66.5,24.0,1,1,0,,,21.51437661512424,67.706714511525,0.9037517460498493,0.75,-2.4856233848757583,1.206714511525007,2019
401236221,2020,2,Iowa State,Louisiana,14.0,31.0,-17.0,45.0,-13.5,56.0,13.5,0,0,0,,,13.56452789339501,53.305230751847105,0.8437472384102616,0.75,0.06452789339500953,-2.6947692481528946,2019
401236081,2020,2,App State,Charlotte,35.0,20.0,15.0,55.0,-16.5,59.5,16.5,1,0,0,,,13.899649130525288,58.89098518277175,0.8810924458461536,0.75,-2.6003508694747115,-0.6090148172282497,2019
401236053,2020,2,Kansas State,Arkansas State,31.0,35.0,-4.0,66.0,-14.5,54.5,14.5,0,0,1,,,17.167104381264743,55.16353693901054,0.893804036571773,0.75,2.6671043812647426,0.663536939010541,2019
401240113,2020,2,Army,UL Monroe,37.0,7.0,30.0,44.0,-24.5,53.5,24.5,1,1,0,,,27.40962830674083,50.6020481687688,0.9643625868360692,0.75,2.9096283067408315,-2.8979518312311967,2019
401234574,2020,2,Notre Dame,Duke,27.0,13.0,14.0,40.0,-21.5,51.0,21.5,1,0,0,,,18.2447327648217,51.407858151677914,0.89111812885926,0.75,-3.2552672351783016,0.40785815167791384,2019
401207113,2020,2,Texas State,UTSA,48.0,51.0,-3.0,99.0,-6.0,56.5,6.0,0,0,1,,,6.779907378378578,56.91960806329149,0.5589334336133415,0.75,0.7799073783785779,0.41960806329149136,2019
401234563,2020,2,Florida State,Georgia Tech,13.0,16.0,-3.0,29.0,-12.5,50.5,12.5,0,0,0,,,10.000919201928742,50.28024206769209,0.7016397569675307,0.75,-2.499080798071258,-0.21975793230790686,2019
401234562,2020,2,Wake Forest,Clemson,13.0,37.0,-24.0,50.0,34.5,58.5,-34.5,0,1,0,,,-36.106065065113526,62.7776742162159,0.0302464802919696,0.75,-1.6060650651135262,4.2776742162159,2019
401239973,2020,2,South Alabama,Tulane,24.0,27.0,-3.0,51.0,11.5,51.5,-11.5,0,1,0,,,-11.442922908559307,48.239680670429436,0.3966760761985981,0.75,0.05707709144069284,-3.2603193295705637,2019
401234564,2020,2,Louisville,Western Kentucky,35.0,21.0,14.0,56.0,-13.0,55.0,13.0,1,1,1,,,13.084213002014637,55.206880910960464,0.6149909745713446,0.75,0.08421300201463744,0.20688091096046435,2019
401236222,2020,2,Texas,UTEP,59.0,3.0,56.0,62.0,-45.0,55.0,45.0,1,1,1,,,49.909952749518695,58.44177807668868,0.9811189888276014,0.75,4.909952749518695,3.441778076688678,2019
401236658,2020,2,Kansas,Coastal Carolina,23.0,38.0,-15.0,61.0,-6.0,55.5,6.0,0,0,1,,,0.443123139035837,51.22978597890052,0.4843080104366638,0.75,-5.556876860964163,-4.270214021099477,2019
401234567,2020,3,Duke,Boston College,6.0,26.0,-20.0,32.0,-3.5,50.5,3.5,0,0,0,,,2.8539495566799973,50.23814938246813,0.5404655615727965,0.9,-0.6460504433200027,-0.26185061753187,2019
401212522,2020,3,Tulane,Navy,24.0,27.0,-3.0,51.0,-5.5,45.0,5.5,0,0,1,,,9.594200158439564,41.90353992910756,0.6943862363241666,0.9,4.094200158439564,-3.096460070892441,2019
401236041,2020,3,Oklahoma State,Tulsa,16.0,7.0,9.0,23.0,-24.0,66.5,24.0,1,0,0,,,19.99288151829741,62.64376968398589,0.8470205195339202,0.9,-4.007118481702591,-3.8562303160141127,2019
401215301,2020,3,Georgia State,Louisiana,31.0,34.0,-3.0,65.0,17.0,57.5,-17.0,0,1,1,,,-21.972210980392816,60.38170453585681,0.10333275736377907,0.9,-4.972210980392816,2.8817045358568123,2019
401234571,2020,3,Pittsburgh,Syracuse,21.0,10.0,11.0,31.0,-21.0,47.0,21.0,1,0,0,,,18.91413107462455,44.39196491165262,0.7804536789065439,0.9,-2.0858689253754505,-2.6080350883473784,2019
401207124,2020,3,Western Kentucky,Liberty,24.0,30.0,-6.0,54.0,-14.5,51.5,14.5,0,0,1,,,10.779987162872443,51.69727008397217,0.7329028376026326,0.9,-3.720012837127557,0.19727008397217105,2019
401241282,2020,3,Notre Dame,South Florida,52.0,0.0,52.0,52.0,-22.5,49.0,22.5,1,1,1,,,23.043112302186366,46.86856620058223,0.9366310577222119,0.9,0.5431123021863655,-2.1314337994177706,2019
401236939,2020,3,Marshall,App State,17.0,7.0,10.0,24.0,6.0,60.5,-6.0,1,1,0,,,-6.59687519811046,62.406391596514574,0.25675262211913075,0.9,-0.5968751981104603,1.906391596514574,2019
401234568,2020,3,Georgia Tech,UCF,21.0,49.0,-28.0,70.0,9.5,63.0,-9.5,0,0,1,,,-9.256183646912474,57.7962380019421,0.4295734297320109,0.9,0.24381635308752614,-5.2037619980578995,2019
401240640,2020,3,Middle Tennessee,Troy,14.0,47.0,-33.0,61.0,2.0,66.0,-2.0,0,0,0,,,-5.931274681632475,65.00176981502078,0.3866684165181133,0.9,-3.931274681632475,-0.9982301849792208,2019
401207120,2020,3,North Texas,SMU,35.0,65.0,-30.0,100.0,14.5,71.5,-14.5,0,0,1,,,-19.882010433977513,66.72382415810519,0.2839729212362146,0.9,-5.382010433977513,-4.776175841894812,2019
401215302,2020,3,UL Monroe,Texas State,17.0,38.0,-21.0,55.0,3.0,58.0,-3.0,0,0,0,,,-10.503431080750186,57.26174066965238,0.20570635092514344,0.9,-7.503431080750186,-0.738259330347617,2019
401234569,2020,3,Louisville,Miami,34.0,47.0,-13.0,81.0,2.5,65.5,-2.5,0,0,1,,,-2.6105150685641956,62.30375251094078,0.5215229651866689,0.9,-0.11051506856419557,-3.1962474890592176,2019
401207106,2020,3,Southern Miss,Louisiana Tech,30.0,31.0,-1.0,61.0,-7.0,58.5,7.0,0,0,1,,,6.239045194681038,58.067411916486805,0.5901127081906542,0.9,-0.7609548053189616,-0.43258808351319544,2019
401234570,2020,3,NC State,Wake Forest,45.0,42.0,3.0,87.0,2.0,53.5,-2.0,1,1,1,,,-4.3696714962107865,55.4229499195093,0.5719469465434958,0.9,-2.3696714962107865,1.9229499195092998,2019
401207132,2020,4,South Alabama,UAB,10.0,42.0,-32.0,52.0,7.5,47.5,-7.5,0,0,1,,,-4.702059302915135,49.532887067796565,0.4025062489866963,1.0,2.797940697084865,2.0328870677965654,2019
401207134,2020,4,UTSA,Middle Tennessee,37.0,35.0,2.0,72.0,-6.0,58.5,6.0,1,0,1,,,3.4305885651148094,58.971935358649745,0.6751885120624392,1.0,-2.5694114348851906,0.4719353586497448,2019
401235996,2020,4,Oklahoma,Kansas State,35.0,38.0,-3.0,73.0,-27.5,61.5,27.5,0,0,1,,,25.135910359447653,67.01706564257485,0.8234644727356814,1.0,-2.364089640552347,5.517065642574849,2019
401237034,2020,4,Auburn,Kentucky,29.0,13.0,16.0,42.0,-6.5,46.5,6.5,1,1,0,,,5.705985946549802,44.77933456173308,0.8059522162874972,1.0,-0.7940140534501978,-1.72066543826692,2019
401215303,2020,4,Louisiana,Georgia Southern,20.0,18.0,2.0,38.0,-11.5,49.0,11.5,1,0,0,,,15.82075540492678,50.01894522651931,0.7726108046872607,1.0,4.32075540492678,1.0189452265193069,2019
401234595,2020,4,Pittsburgh,Louisville,23.0,20.0,3.0,43.0,-2.5,53.5,2.5,1,1,0,,,2.8791413811752937,57.61030406694918,0.5838536351328582,1.0,0.3791413811752937,4.110304066949183,2019
401236952,2020,4,Ole Miss,Florida,35.0,51.0,-16.0,86.0,14.0,59.5,-14.0,0,0,1,,,-10.612058244387129,58.00380776781366,0.3372909399677844,1.0,3.3879417556128715,-1.4961922321863383,2019
401234594,2020,4,Syracuse,Georgia Tech,37.0,20.0,17.0,57.0,7.5,52.0,-7.5,1,1,1,,,-17.240712291379808,49.04270970836856,0.3218854649791504,1.0,-9.740712291379808,-2.9572902916314376,2019
401212536,2020,4,East Carolina,UCF,28.0,51.0,-23.0,79.0,28.0,77.5,-28.0,0,1,1,,,-31.419239677995673,75.1529491887991,0.15454529470746062,1.0,-3.419239677995673,-2.3470508112009014,2019
401207126,2020,4,Liberty,Florida International,36.0,34.0,2.0,70.0,-9.5,60.5,9.5,1,0,1,,,10.300674256775538,70.33311058351993,0.5922020811335484,1.0,0.8006742567755385,9.833110583519925,2019
401235994,2020,4,TCU,Iowa State,34.0,37.0,-3.0,71.0,3.5,43.5,-3.5,0,1,1,,,-8.982905049904069,43.008479042791485,0.47393627875453964,1.0,-5.482905049904069,-0.49152095720851463,2019
401240996,2020,4,Cincinnati,Army,24.0,10.0,14.0,34.0,-12.5,44.5,12.5,1,1,0,,,13.420317430249144,40.598182966146695,0.680137183414174,1.0,0.9203174302491437,-3.9018170338533054,2019
401235995,2020,4,Texas Tech,Texas,56.0,63.0,-7.0,119.0,17.5,71.0,-17.5,0,1,1,,,-14.232533876349683,68.29232246974924,0.07592891933370668,1.0,3.2674661236503173,-2.7076775302507627,2019
401240194,2020,4,UL Monroe,UTEP,6.0,31.0,-25.0,37.0,-9.5,50.0,9.5,0,0,0,,,6.852565311610075,49.28057619332636,0.6865475351352798,1.0,-2.647434688389925,-0.7194238066736389,2019
401235997,2020,4,Oklahoma State,West Virginia,27.0,13.0,14.0,40.0,-6.5,50.0,6.5,1,1,0,,,4.385697187330733,47.226937175853045,0.41776833700713234,1.0,-2.1143028126692673,-2.7730628241469546,2019
401237035,2020,4,LSU,Mississippi State,34.0,44.0,-10.0,78.0,-14.5,57.0,14.5,0,0,1,,,11.977326285045741,58.98303888194873,0.8202192615386408,1.0,-2.5226737149542586,1.9830388819487297,2019
401234638,2020,4,Virginia,Duke,38.0,20.0,18.0,58.0,-4.0,45.5,4.0,1,1,1,,,3.1330960875064426,46.14614623593542,0.6762385002376676,1.0,-0.8669039124935574,0.6461462359354186,2019
401237033,2020,4,Arkansas,Georgia,10.0,37.0,-27.0,47.0,28.0,53.0,-28.0,0,1,0,,,-32.93846286205319,53.871470166002986,0.08759694845761727,1.0,-4.938462862053193,0.871470166002986,2019
401241303,2020,4,Boston College,Texas State,24.0,21.0,3.0,45.0,-21.5,57.5,21.5,1,0,0,,,24.124562887389825,51.34439959188547,0.9088112189325317,1.0,2.624562887389825,-6.15560040811453,2019
401234734,2020,4,Southern Miss,Tulane,24.0,66.0,-42.0,90.0,3.5,54.5,-3.5,0,0,1,,,-9.713973222675957,56.35169232042255,0.3712729129669045,1.0,-6.213973222675957,1.8516923204225506,2019
401236951,2020,4,Missouri,Alabama,19.0,38.0,-19.0,57.0,28.5,55.5,-28.5,0,1,1,,,-27.083952267656027,63.87748128605654,0.042548586781476036,1.0,1.4160477323439729,8.377481286056543,2019
401234593,2020,4,Miami,Florida State,52.0,10.0,42.0,62.0,-12.0,53.5,12.0,1,1,1,,,15.200916468998242,53.21007100311938,0.8724832340518407,1.0,3.2009164689982423,-0.2899289968806187,2019
401235993,2020,4,Baylor,Kansas,47.0,14.0,33.0,61.0,-17.0,61.0,17.0,1,1,0,,,16.19770695461183,62.05144687879847,0.8967108769729422,1.0,-0.8022930453881685,1.0514468787984725,2019
401237036,2020,4,South Carolina,Tennessee,27.0,31.0,-4.0,58.0,4.0,45.0,-4.0,0,0,1,,,-3.277395488321175,46.18995880925518,0.6203452743939408,1.0,0.7226045116788251,1.189958809255181,2019
401237037,2020,4,Texas A&M,Vanderbilt,17.0,12.0,5.0,29.0,-31.5,46.0,31.5,1,0,0,,,34.508270057292044,43.309554954295045,0.9777648786937543,1.0,3.0082700572920444,-2.690445045704955,2019
401234566,2020,4,Virginia Tech,NC State,45.0,24.0,21.0,69.0,-6.0,56.5,6.0,1,1,1,,,4.4896749753654035,52.88887477520295,0.6695707636280233,1.0,-1.5103250246345965,-3.61112522479705,2019
401236223,2020,4,BYU,Troy,48.0,7.0,41.0,55.0,-14.5,58.5,14.5,1,1,0,,,13.023823988772774,60.60996514123424,0.8508998838695093,1.0,-1.476176011227226,2.109965141234241,2019
401246275,2020,5,BYU,Louisiana Tech,45.0,14.0,31.0,59.0,-24.0,61.0,24.0,1,1,0,,,21.309695642224597,63.49829993337614,0.8984597484565646,1.0,-2.6903043577754033,2.4982999333761384,2019
401212547,2020,5,Georgia State,East Carolina,49.0,29.0,20.0,78.0,1.5,70.0,-1.5,1,1,1,,,-5.6444760518023696,65.16088954184463,0.5003023205944122,1.0,-4.1444760518023696,-4.839110458155375,2019
401234600,2020,5,Pittsburgh,NC State,29.0,30.0,-1.0,59.0,-14.0,46.0,14.0,0,0,1,,,12.094400634924689,48.2136591258181,0.7781319710359264,1.0,-1.905599365075311,2.213659125818097,2019
401237096,2020,5,Florida,South Carolina,38.0,24.0,14.0,62.0,-14.5,56.5,14.5,1,0,1,,,15.837488532863576,58.27525450285295,0.8967617113995219,1.0,1.337488532863576,1.7752545028529525,2019
401215304,2020,5,Coastal Carolina,Arkansas State,52.0,23.0,29.0,75.0,3.5,64.5,-3.5,1,1,1,,,-3.303049202479468,53.87815560627759,0.5656652516867989,1.0,0.19695079752053202,-10.621844393722412,2019
401236002,2020,5,Texas,TCU,31.0,33.0,-2.0,64.0,-10.5,61.5,10.5,0,0,1,,,15.627953347149624,63.23126094655111,0.9110489253414177,1.0,5.127953347149624,1.7312609465511102,2019
401237099,2020,5,Tennessee,Missouri,35.0,12.0,23.0,47.0,-10.0,49.0,10.0,1,1,0,,,14.381322933074044,45.25256764078231,0.8171127419791133,1.0,4.381322933074044,-3.74743235921769,2019
401235998,2020,5,West Virginia,Baylor,27.0,21.0,6.0,48.0,1.5,54.0,-1.5,1,1,0,,,0.25706053864315215,51.89679641112559,0.39710768765952,1.0,1.7570605386431521,-2.1032035888744076,2019
401207141,2020,5,UAB,UTSA,21.0,13.0,8.0,34.0,-21.5,55.0,21.5,1,0,0,,,17.83652156546788,58.6679671768834,0.782483362837118,1.0,-3.66347843453212,3.6679671768834012,2019
401212476,2020,5,Cincinnati,South Florida,28.0,7.0,21.0,35.0,-22.5,45.5,22.5,1,0,0,,,21.491946822941422,44.35277317059933,0.9841879868056977,1.0,-1.0080531770585779,-1.1472268294006724,2019
401236001,2020,5,Kansas State,Texas Tech,31.0,21.0,10.0,52.0,-1.0,62.5,1.0,1,1,0,,,2.344030441458118,67.12967329318849,0.7203195276955737,1.0,1.3440304414581181,4.629673293188489,2019
401236000,2020,5,Kansas,Oklahoma State,7.0,47.0,-40.0,54.0,21.5,53.0,-21.5,0,0,1,,,-28.34891661506959,54.77765954873477,0.03203385835420895,1.0,-6.848916615069591,1.7776595487347677,2019
401237093,2020,5,Alabama,Texas A&M,52.0,24.0,28.0,76.0,-18.0,53.5,18.0,1,1,1,,,12.711348697831546,47.807051870565004,0.7261742254791975,1.0,-5.288651302168454,-5.6929481294349955,2019
401234597,2020,5,Boston College,North Carolina,22.0,26.0,-4.0,48.0,14.5,52.5,-14.5,0,1,0,,,-16.341854942134987,46.0402137126727,0.19200841891838563,1.0,-1.8418549421349866,-6.459786287327297,2019
401212486,2020,5,SMU,Memphis,30.0,27.0,3.0,57.0,-2.0,74.5,2.0,1,1,0,,,7.4053864267136165,69.17883971061681,0.531905363494801,1.0,5.4053864267136165,-5.321160289383187,2019
401237097,2020,5,Kentucky,Ole Miss,41.0,42.0,-1.0,83.0,-7.0,63.0,7.0,0,0,1,,,-3.9656088826029947,59.837851659972245,0.31138164905232396,1.0,-10.965608882602995,-3.1621483400277555,2019
401234599,2020,5,Duke,Virginia Tech,31.0,38.0,-7.0,69.0,11.0,54.0,-11.0,0,1,1,,,-20.28565166673333,53.206038945505874,0.034072609372195924,1.0,-9.28565166673333,-0.793961054494126,2019
401207136,2020,5,Florida Atlantic,Charlotte,21.0,17.0,4.0,38.0,-5.0,62.5,5.0,1,0,0,,,5.342870365834598,60.88985609845033,0.6409417383537421,1.0,0.34287036583459773,-1.6101439015496695,2019
401207138,2020,5,Middle Tennessee,Western Kentucky,17.0,20.0,-3.0,37.0,7.0,52.5,-7.0,0,1,0,,,-4.138149353675419,51.4915216891792,0.3196252548740329,1.0,2.861850646324581,-1.0084783108207986,2019
401212557,2020,5,Air Force,Navy,40.0,7.0,33.0,47.0,6.5,47.0,-6.5,1,1,0,,,-2.395549356465832,48.0426437295779,0.6218588331079262,1.0,4.104450643534168,1.0426437295778967,2019
401215305,2020,5,UL Monroe,Georgia Southern,30.0,35.0,-5.0,65.0,19.5,50.5,-19.5,0,1,1,,,-14.378343418036026,56.7624338952508,0.17514511098348226,1.0,5.121656581963974,6.262433895250801,2019
401212531,2020,5,UCF,Tulsa,26.0,34.0,-8.0,60.0,-20.5,70.0,20.5,0,0,0,,,23.199154489927484,65.50562704524236,0.9208134924071631,1.0,2.6991544899274835,-4.494372954757637,2019
401237094,2020,5,Mississippi State,Arkansas,14.0,21.0,-7.0,35.0,-16.5,68.5,16.5,0,0,0,,,9.664197239738867,66.57828754957261,0.7605578436834755,1.0,-6.835802760261133,-1.9217124504273926,2019
401235999,2020,5,Iowa State,Oklahoma,37.0,30.0,7.0,67.0,7.5,62.5,-7.5,1,1,1,,,-4.837752077103189,63.16594192696191,0.3389414145365336,1.0,2.6622479228968112,0.6659419269619065,2019
401237095,2020,5,Georgia,Auburn,27.0,6.0,21.0,33.0,-7.5,44.5,7.5,1,1,0,,,4.6014502786093825,38.676071205129126,0.6062199192935342,1.0,-2.8985497213906175,-5.823928794870874,2019
401237098,2020,5,Vanderbilt,LSU,7.0,41.0,-34.0,48.0,21.0,50.0,-21.0,0,0,0,,,-16.407014106223706,54.73544144508645,0.05335836857767829,1.0,4.592985893776294,4.735441445086451,2019
401207139,2020,5,North Texas,Southern Miss,31.0,41.0,-10.0,72.0,-1.5,74.0,1.5,0,0,0,,,-0.5714173179625153,72.3379397326702,0.4928765618693255,1.0,-2.0714173179625153,-1.6620602673298066,2019
401234598,2020,5,Clemson,Virginia,41.0,23.0,18.0,64.0,-28.0,55.0,28.0,1,0,1,,,30.745811162307504,52.47987627860003,0.9012799910083579,1.0,2.745811162307504,-2.520123721399969,2019
401212523,2020,6,Houston,Tulane,49.0,31.0,18.0,80.0,-6.5,58.0,6.5,1,1,1,,,12.694498514544646,61.96771068726465,0.716829088969079,1.0,6.194498514544646,3.967710687264649,2019
401234601,2020,6,Georgia Tech,Louisville,46.0,27.0,19.0,73.0,4.5,63.0,-4.5,1,1,1,,,0.4263603075510485,64.611514225438,0.5432460419003013,1.0,4.9263603075510485,1.6115142254380004,2019
401234607,2020,6,North Carolina,Virginia Tech,56.0,45.0,11.0,101.0,-3.5,58.5,3.5,1,1,1,,,-0.8443130396671972,60.21010703413988,0.6306766065620484,1.0,-4.344313039667197,1.710107034139881,2019
401237106,2020,6,Vanderbilt,South Carolina,7.0,41.0,-34.0,48.0,14.0,40.5,-14.0,0,0,1,,,-17.39138503785458,37.57449990839572,0.11601589829877684,1.0,-3.3913850378545796,-2.9255000916042775,2019
401234608,2020,6,Virginia,NC State,21.0,38.0,-17.0,59.0,-7.0,58.5,7.0,0,0,1,,,6.03185500773805,59.09213454580179,0.6984203590434024,1.0,-0.9681449922619496,0.592134545801791,2019
401236005,2020,6,Oklahoma,Texas,53.0,45.0,8.0,98.0,-3.0,74.5,3.0,1,1,1,,,1.9669778176494346,75.71305621930402,0.34671049091925943,1.0,-1.0330221823505654,1.213056219304022,2019
401237105,2020,6,LSU,Missouri,41.0,45.0,-4.0,86.0,14.0,53.0,-14.0,0,1,1,,,-19.773627463554075,59.03967682079425,0.8529215039469493,1.0,-5.7736274635540745,6.039676820794249,2019
401237102,2020,6,Texas A&M,Florida,41.0,38.0,3.0,79.0,6.0,59.5,-6.0,1,1,1,,,-8.053192497154736,51.114051548842156,0.4989497091071941,1.0,-2.053192497154736,-8.385948451157844,2019
401207215,2020,6,Liberty,UL Monroe,40.0,7.0,33.0,47.0,-17.0,63.5,17.0,1,1,0,,,18.404111618993188,59.20555811745954,0.8360840444255602,1.0,1.4041116189931877,-4.294441882540461,2019
401234605,2020,6,Syracuse,Duke,24.0,38.0,-14.0,62.0,2.5,52.5,-2.5,0,0,1,,,-10.1262264079752,59.94506674693683,0.4527827064270423,1.0,-7.626226407975199,7.445066746936831,2019
401215308,2020,6,Troy,Texas State,37.0,17.0,20.0,54.0,-7.0,59.5,7.0,1,1,0,,,4.255862516181772,61.959382763420706,0.5611218898797037,1.0,-2.7441374838182284,2.459382763420706,2019
401236003,2020,6,Iowa State,Texas Tech,31.0,15.0,16.0,46.0,-10.0,63.5,10.0,1,1,0,,,18.349387788431414,68.8205160308867,0.9023823070606977,1.0,8.349387788431414,5.320516030886694,2019
401237103,2020,6,Georgia,Tennessee,44.0,21.0,23.0,65.0,-12.0,43.0,12.0,1,1,1,,,18.252372741843843,41.982556216259184,0.9074515562094414,1.0,6.252372741843843,-1.0174437837408163,2019
401240997,2020,6,BYU,UTSA,27.0,20.0,7.0,47.0,-34.0,63.0,34.0,1,0,0,,,28.0928631347126,66.05677304958837,0.944809538425686,1.0,-5.907136865287399,3.0567730495883723,2019
401236004,2020,6,TCU,Kansas State,14.0,21.0,-7.0,35.0,-11.0,49.5,11.0,0,0,0,,,13.067680466896267,48.028419730799044,0.8762852211972948,1.0,2.0676804668962667,-1.471580269200956,2019
401237101,2020,6,Auburn,Arkansas,30.0,28.0,2.0,58.0,-13.5,46.0,13.5,1,0,1,,,14.566220953764159,43.86439911483093,0.838731507255259,1.0,1.0662209537641587,-2.135600885169069,2019
401234603,2020,6,Boston College,Pittsburgh,31.0,30.0,1.0,61.0,6.5,42.5,-6.5,1,1,1,,,-9.327072496515918,41.290307990390154,0.4560034738027219,1.0,-2.8270724965159175,-1.2096920096098458,2019
401207143,2020,6,Florida International,Middle Tennessee,28.0,31.0,-3.0,59.0,-6.5,57.0,6.5,0,0,1,,,7.354542455204704,66.33411625166005,0.640648349463443,1.0,0.8545424552047036,9.334116251660049,2019
401212515,2020,6,Navy,Temple,31.0,29.0,2.0,60.0,4.0,51.0,-4.0,1,1,1,,,-7.334921940016741,54.873921619606335,0.20310624547016742,1.0,-3.3349219400167414,3.8739216196063353,2019
401212477,2020,6,South Florida,East Carolina,24.0,44.0,-20.0,68.0,-5.5,58.0,5.5,0,0,1,,,-0.15526872603914654,55.212026556593166,0.457158192478067,1.0,-5.6552687260391465,-2.787973443406834,2019
401237104,2020,6,Kentucky,Mississippi State,24.0,2.0,22.0,26.0,-3.5,57.5,3.5,1,1,0,,,8.548633340121182,56.73661986569303,0.6034981457078825,1.0,5.048633340121182,-0.7633801343069706,2019
401207146,2020,6,Western Kentucky,Marshall,14.0,38.0,-24.0,52.0,6.5,43.0,-6.5,0,0,1,,,-5.226660987083282,45.867750134848166,0.48569974139989464,1.0,1.2733390129167184,2.8677501348481655,2019
401234606,2020,6,Notre Dame,Florida State,42.0,26.0,16.0,68.0,-20.5,53.5,20.5,1,0,1,,,18.155425752042817,53.988489194232514,0.8592702220120241,1.0,-2.3445742479571834,0.488489194232514,2019
401207145,2020,6,Louisiana Tech,UTEP,21.0,17.0,4.0,38.0,-14.5,55.5,14.5,1,0,0,,,19.646642504310353,49.202563423312846,0.8674935622493112,1.0,5.146642504310353,-6.297436576687154,2019
401234604,2020,6,Clemson,Miami,42.0,17.0,25.0,59.0,-14.5,60.5,14.5,1,1,0,,,15.512157022652076,56.28027970155642,0.8107466139045835,1.0,1.012157022652076,-4.219720298443583,2019
401237100,2020,6,Ole Miss,Alabama,48.0,63.0,-15.0,111.0,24.0,74.0,-24.0,0,1,1,,,-29.085565009058147,74.77665871485033,0.16834189786920856,1.0,-5.085565009058147,0.7766587148503277,2019
401207142,2020,6,North Texas,Charlotte,21.0,49.0,-28.0,70.0,3.0,66.0,-3.0,0,0,1,,,-3.5562577769380885,52.32554882107105,0.5620036309400132,1.0,-0.5562577769380885,-13.674451178928948,2019
401215311,2020,7,Louisiana,Coastal Carolina,27.0,30.0,-3.0,57.0,-9.5,58.5,9.5,0,0,0,,,4.466774382604755,57.7505932269423,0.7729347185767939,1.0,-5.033225617395245,-0.7494067730577001,2019
401215310,2020,7,Arkansas State,Georgia State,59.0,52.0,7.0,111.0,-3.5,72.5,3.5,1,1,1,,,3.3215904925863695,66.50420616307504,0.7611219641712659,1.0,-0.17840950741363049,-5.99579383692496,2019
401212487,2020,7,Tulane,SMU,34.0,37.0,-3.0,71.0,6.5,65.0,-6.5,0,1,1,,,-7.883559071203486,61.107515233805394,0.5237766665451186,1.0,-1.3835590712034858,-3.892484766194606,2019
401212551,2020,7,Houston,BYU,26.0,43.0,-17.0,69.0,3.0,62.5,-3.0,0,0,1,,,-1.7485394408286645,64.7878438816226,0.3560366077223249,1.0,1.2514605591713355,2.2878438816226065,2019
401212548,2020,7,East Carolina,Navy,23.0,27.0,-4.0,50.0,3.5,55.5,-3.5,0,0,0,,,-5.7370431697072615,52.37603402453766,0.5875672731129241,1.0,-2.2370431697072615,-3.1239659754623403,2019
401237111,2020,7,Tennessee,Kentucky,7.0,34.0,-27.0,41.0,-6.5,45.5,6.5,0,0,0,,,12.616035549757738,43.253779018049805,0.7955575992451687,1.0,6.116035549757738,-2.246220981950195,2019
401234615,2020,7,Syracuse,Liberty,21.0,38.0,-17.0,59.0,3.0,54.5,-3.0,0,0,1,,,3.454908478725968,52.366073571472306,0.7726836388936821,1.0,6.454908478725968,-2.133926428527694,2019
401215313,2020,7,South Alabama,Texas State,30.0,20.0,10.0,50.0,-5.0,57.5,5.0,1,1,0,,,0.9865185117296713,59.19896838450715,0.20299789133579643,1.0,-4.013481488270329,1.6989683845071468,2019
401234610,2020,7,Georgia Tech,Clemson,7.0,73.0,-66.0,80.0,26.5,64.5,-26.5,0,0,1,,,-23.64825352710981,73.60740378651604,0.18300621036220524,1.0,2.8517464728901913,9.107403786516045,2019
401234614,2020,7,Miami,Pittsburgh,31.0,19.0,12.0,50.0,-11.5,47.0,11.5,1,1,1,,,8.166360280797257,40.691922569891396,0.8107267302243693,1.0,-3.3336397192027434,-6.308077430108604,2019
401237109,2020,7,South Carolina,Auburn,30.0,22.0,8.0,52.0,2.5,53.5,-2.5,1,1,0,,,-6.492316547095744,55.154343081412335,0.47666637367852605,1.0,-3.9923165470957436,1.6543430814123354,2019
401236007,2020,7,West Virginia,Kansas,38.0,17.0,21.0,55.0,-21.0,49.5,21.0,1,0,1,,,23.153053055913556,49.22421157842809,0.9123046091142619,1.0,2.1530530559135563,-0.2757884215719102,2019
401212478,2020,7,Temple,South Florida,39.0,37.0,2.0,76.0,-14.0,52.5,14.0,1,0,1,,,10.532722927636367,51.205085424021036,0.8485147440750316,1.0,-3.4672770723636326,-1.2949145759789644,2019
401207153,2020,7,UAB,Western Kentucky,37.0,14.0,23.0,51.0,-11.5,44.0,11.5,1,1,1,,,14.843686693775993,44.57223266610125,0.7539210454499482,1.0,3.343686693775993,0.5722326661012502,2019
401240115,2020,7,UTSA,Army,16.0,28.0,-12.0,44.0,8.5,46.5,-8.5,0,0,0,,,-5.241125179407801,52.695204424840846,0.4031767049496005,1.0,3.258874820592199,6.1952044248408455,2019
401234613,2020,7,Notre Dame,Louisville,12.0,7.0,5.0,19.0,-15.5,62.0,15.5,1,0,0,,,16.923104179752343,60.14965001127581,0.9526705491049103,1.0,1.4231041797523432,-1.85034998872419,2019
401212537,2020,7,Memphis,UCF,50.0,49.0,1.0,99.0,3.0,77.0,-3.0,1,1,1,,,-5.133268220093097,76.83893266063492,0.5865660763532533,1.0,-2.133268220093097,-0.16106733936507567,2019
401234611,2020,7,NC State,Duke,31.0,20.0,11.0,51.0,-3.5,59.5,3.5,1,1,0,,,1.0611826619938296,61.658212677360254,0.6541828242801921,1.0,-2.4388173380061704,2.158212677360254,2019
401237108,2020,7,Arkansas,Ole Miss,33.0,21.0,12.0,54.0,-1.0,77.5,1.0,1,1,0,,,-0.00908302768332847,76.26871206136119,0.35649050813529387,1.0,-1.0090830276833285,-1.2312879386388147,2019
401234616,2020,7,Wake Forest,Virginia,40.0,23.0,17.0,63.0,-2.5,57.0,2.5,1,1,1,,,4.199988762844726,57.28946433293708,0.49277743316901984,1.0,1.6999887628447263,0.2894643329370794,2019
401237112,2020,7,Mississippi State,Texas A&M,14.0,28.0,-14.0,42.0,4.5,55.5,-4.5,0,0,0,,,-2.4695802304893917,54.98764586603455,0.44359155600486705,1.0,2.0304197695106083,-0.5123541339654523,2019
401250215,2020,7,Georgia Southern,Massachusetts,41.0,0.0,41.0,41.0,-31.0,61.5,31.0,1,1,0,,,35.89875839780321,62.204945662609674,0.9813478628792895,1.0,4.898758397803213,0.7049456626096742,2019
401207150,2020,7,Middle Tennessee,North Texas,35.0,52.0,-17.0,87.0,-3.5,72.0,3.5,0,0,1,,,7.9023426031437936,73.26967666094762,0.6591336634307938,1.0,4.4023426031437936,1.2696766609476242,2019
401207149,2020,7,Louisiana Tech,Marshall,17.0,35.0,-18.0,52.0,12.0,48.0,-12.0,0,0,1,,,-16.964926863471167,46.2243637913864,0.2332353740260123,1.0,-4.964926863471167,-1.775636208613598,2019
401234612,2020,7,Florida State,North Carolina,31.0,28.0,3.0,59.0,13.5,64.5,-13.5,1,1,0,,,-18.63579555664564,60.50770411213372,0.11913546102753614,1.0,-5.13579555664564,-3.992295887866277,2019
401234609,2020,7,Virginia Tech,Boston College,40.0,14.0,26.0,54.0,-13.0,61.5,13.0,1,1,0,,,16.374628529020598,55.92026894813959,0.8823985186484843,1.0,3.3746285290205975,-5.5797310518604135,2019
401237107,2020,7,Alabama,Georgia,41.0,24.0,17.0,65.0,-6.0,57.0,6.0,1,1,1,,,3.6449748133092936,56.737695694054686,0.5307290625308074,1.0,-2.3550251866907064,-0.26230430594531384,2019
401240642,2020,8,App State,Arkansas State,45.0,17.0,28.0,62.0,-13.5,69.5,13.5,1,1,0,,,17.74252434801037,76.3886871669775,0.8543204540262411,1.0,4.24252434801037,6.888687166977505,2019
401212479,2020,8,South Florida,Tulsa,13.0,42.0,-29.0,55.0,12.0,51.5,-12.0,0,0,1,,,-12.004726735793026,42.647238884072706,0.30300454433225976,1.0,-0.004726735793026293,-8.852761115927294,2019
401238036,2020,8,UAB,Louisiana,20.0,24.0,-4.0,44.0,2.5,50.5,-2.5,0,0,0,,,-2.345685016561128,47.4926277089737,0.6881587256891466,1.0,0.15431498343887196,-3.0073722910263,2019
401247297,2020,8,Wisconsin,Illinois,45.0,7.0,38.0,52.0,-20.5,51.5,20.5,1,1,1,,,19.598090340707294,49.41088751699119,0.8736164166600889,1.0,-0.9019096592927056,-2.0891124830088117,2019
401236010,2020,8,Kansas State,Kansas,55.0,14.0,41.0,69.0,-19.0,46.0,19.0,1,1,1,,,16.667504879775063,50.62065215777825,0.9345345319164966,1.0,-2.3324951202249373,4.6206521577782524,2019
401237115,2020,8,Ole Miss,Auburn,28.0,35.0,-7.0,63.0,3.5,73.5,-3.5,0,0,0,,,-12.823477859226289,74.95216304634711,0.24561310159998945,1.0,-9.323477859226289,1.4521630463471098,2019
401215316,2020,8,Coastal Carolina,Georgia Southern,28.0,14.0,14.0,42.0,-1.0,49.0,1.0,1,1,0,,,-2.2330503821846928,53.063788427329705,0.6440894483948759,1.0,-3.2330503821846928,4.063788427329705,2019
401247293,2020,8,Ohio State,Nebraska,52.0,17.0,35.0,69.0,-27.5,69.5,27.5,1,1,0,,,27.617782499619008,73.06621380663532,0.9478949175211356,1.0,0.11778249961900755,3.566213806635318,2019
401207154,2020,8,Charlotte,UTEP,38.0,28.0,10.0,66.0,-17.5,50.0,17.5,1,0,1,,,21.459760424183035,51.92547399453417,0.9088058019011831,1.0,3.9597604241830346,1.9254739945341726,2019
401234619,2020,8,Louisville,Florida State,48.0,16.0,32.0,64.0,-5.5,62.5,5.5,1,1,1,,,11.61232267968328,62.789903489754444,0.6443532390870949,1.0,6.112322679683279,0.2899034897544439,2019
401234618,2020,8,Clemson,Syracuse,47.0,21.0,26.0,68.0,-47.5,63.0,47.5,1,0,1,,,44.63428197560327,65.01093775041994,0.9850430661591034,1.0,-2.8657180243967275,2.0109377504199415,2019
401236011,2020,8,TCU,Oklahoma,14.0,33.0,-19.0,47.0,6.5,58.5,-6.5,0,0,0,,,-9.04217876399538,57.78685132660034,0.40956522327417066,1.0,-2.5421787639953806,-0.7131486733996582,2019
401234621,2020,8,North Carolina,NC State,48.0,21.0,27.0,69.0,-15.0,61.5,15.0,1,1,1,,,18.406054003183282,54.22638664456721,0.8517995947707918,1.0,3.406054003183282,-7.2736133554327935,2019
401212516,2020,8,Memphis,Temple,41.0,29.0,12.0,70.0,-14.0,70.0,14.0,1,0,0,,,19.13235187858718,71.49560173690922,0.8925758282698263,1.0,5.13235187858718,1.4956017369092223,2019
401247299,2020,8,Michigan State,Rutgers,27.0,38.0,-11.0,65.0,-9.5,44.5,9.5,0,0,1,,,6.6056284068989335,43.09368172750149,0.7004231163839485,1.0,-2.8943715931010665,-1.4063182724985097,2019
401207160,2020,8,Liberty,Southern Miss,56.0,35.0,21.0,91.0,-14.0,59.5,14.0,1,1,1,,,19.70326526372025,58.4477225014067,0.8425436660596028,1.0,5.703265263720251,-1.0522774985932983,2019
401212524,2020,8,UCF,Tulane,51.0,34.0,17.0,85.0,-21.0,71.0,21.0,1,0,1,,,19.31054583937144,71.63059725132248,0.9365658510375019,1.0,-1.6894541606285607,0.6305972513224845,2019
401207156,2020,8,Marshall,Florida Atlantic,20.0,9.0,11.0,29.0,-19.0,51.0,19.0,1,0,0,,,14.694480056140446,52.62924390693173,0.5135071510492242,1.0,-4.305519943859554,1.6292439069317268,2019
401237114,2020,8,Tennessee,Alabama,17.0,48.0,-31.0,65.0,21.5,66.5,-21.5,0,0,0,,,-24.09957602732144,69.70135068351385,0.10534923129955936,1.0,-2.59957602732144,3.2013506835138514,2019
401236008,2020,8,Texas,Baylor,27.0,16.0,11.0,43.0,-11.0,61.5,11.0,1,0,0,,,13.51783743048457,61.67061921841562,0.8266871577536763,1.0,2.5178374304845708,0.17061921841561656,2019
401236009,2020,8,Oklahoma State,Iowa State,24.0,21.0,3.0,45.0,-2.5,53.0,2.5,1,1,0,,,1.4805167045891223,49.176215890582455,0.7693631170856858,1.0,-1.0194832954108777,-3.823784109417545,2019
401247296,2020,8,Purdue,Iowa,24.0,20.0,4.0,44.0,3.5,52.0,-3.5,1,1,0,,,-7.074753243723781,47.900874839051085,0.26944859459390114,1.0,-3.574753243723781,-4.099125160948915,2019
401234623,2020,8,Wake Forest,Virginia Tech,23.0,16.0,7.0,39.0,10.5,68.5,-10.5,1,1,0,,,-19.450202469728623,62.042446768810336,0.20169419475061817,1.0,-8.950202469728623,-6.457553231189664,2019
401207158,2020,8,Rice,Middle Tennessee,34.0,40.0,-6.0,74.0,-3.5,48.0,3.5,0,0,1,,,0.8286234698717267,43.363262902482724,0.46507109136637625,1.0,-2.6713765301282733,-4.636737097517276,2019
401212552,2020,8,Navy,Houston,21.0,37.0,-16.0,58.0,15.5,56.0,-15.5,0,0,1,,,-26.542006013043768,59.59923876251404,0.1541735573218781,1.0,-11.042006013043768,3.599238762514041,2019
401247295,2020,8,Indiana,Penn State,36.0,35.0,1.0,71.0,6.5,61.5,-6.5,1,1,1,,,-15.804373955989595,67.29591225454197,0.05191187568460613,1.0,-9.304373955989595,5.795912254541975,2019
401234622,2020,8,Pittsburgh,Notre Dame,3.0,45.0,-42.0,48.0,10.0,43.5,-10.0,0,0,1,,,-15.824108011454449,42.45823693037089,0.07772766084267457,1.0,-5.824108011454449,-1.0417630696291127,2019
401215317,2020,8,Troy,Georgia State,34.0,36.0,-2.0,70.0,-2.5,68.5,2.5,0,0,1,,,0.7629343701838935,62.9899955840783,0.5971352425763417,1.0,-1.7370656298161065,-5.510004415921699,2019
401234617,2020,8,Boston College,Georgia Tech,48.0,27.0,21.0,75.0,-3.5,57.5,3.5,1,1,1,,,0.01390053923411827,56.11389018584305,0.6269155548690425,1.0,-3.4860994607658817,-1.3861098141569528,2019
401237122,2020,8,Missouri,Kentucky,20.0,10.0,10.0,30.0,3.0,47.0,-3.0,1,1,0,,,-8.823825814149199,47.693462438982465,0.2711660705783336,1.0,-5.823825814149199,0.6934624389824648,2019
401236012,2020,8,Texas Tech,West Virginia,34.0,27.0,7.0,61.0,2.5,54.0,-2.5,1,1,1,,,-4.4328271373182115,48.176654518177386,0.4468988042724179,1.0,-1.9328271373182115,-5.823345481822614,2019
401237118,2020,8,LSU,South Carolina,52.0,24.0,28.0,76.0,-4.5,54.5,4.5,1,1,1,,,0.144216354425577,58.27207293135208,0.6027126995443549,1.0,-4.355783645574423,3.7720729313520778,2019
401248998,2020,8,Nevada,Wyoming,37.0,34.0,3.0,71.0,3.0,54.0,-3.0,1,1,1,,,-7.990052915633814,54.2211065058992,0.39680378819490236,1.0,-4.990052915633814,0.22110650589920056,2019
401250784,2020,8,South Alabama,UL Monroe,38.0,14.0,24.0,52.0,-14.5,57.0,14.5,1,1,0,,,8.306790627879948,50.049862743675426,0.6368327993224479,1.0,-6.193209372120052,-6.950137256324574,2019
401248997,2020,8,Boise State,Utah State,42.0,13.0,29.0,55.0,-17.0,51.5,17.0,1,1,1,,,11.955105443710398,53.18341479978648,0.9189125280673103,1.0,-5.044894556289602,1.6834147997864832,2019
401247294,2020,8,Minnesota,Michigan,24.0,49.0,-25.0,73.0,3.0,53.5,-3.0,0,0,1,,,-5.5768174545555045,52.52456495067411,0.3406038925809604,1.0,-2.5768174545555045,-0.9754350493258883,2019
401248994,2020,8,Fresno State,Hawai'i,19.0,34.0,-15.0,53.0,-3.0,64.5,3.0,0,0,0,,,2.6913604566650315,66.69628261210005,0.5849290393797445,1.0,-0.30863954333496846,2.196282612100049,2019
401247298,2020,8,Northwestern,Maryland,43.0,3.0,40.0,46.0,-13.0,52.5,13.0,1,1,0,,,16.941247893039044,50.533509797167376,0.8035362546753209,1.0,3.941247893039044,-1.9664902028326239,2019
401234620,2020,8,Miami,Virginia,19.0,14.0,5.0,33.0,-13.5,54.0,13.5,1,0,0,,,8.040123624829986,51.3141501823149,0.8267568977759243,1.0,-5.459876375170014,-2.685849817685103,2019
401207157,2020,8,UTSA,Louisiana Tech,27.0,26.0,1.0,53.0,2.5,54.0,-2.5,1,1,0,,,-2.1928770005432345,57.03504262789483,0.4133465518632358,1.0,0.30712299945676547,3.035042627894832,2019
401212488,2020,8,SMU,Cincinnati,13.0,42.0,-29.0,55.0,-1.0,57.0,1.0,0,0,0,,,1.0426013322498142,53.30483420594151,0.4667938642753505,1.0,0.04260133224981422,-3.6951657940584894,2019
401240998,2020,8,BYU,Texas State,52.0,14.0,38.0,66.0,-30.0,61.5,30.0,1,1,1,,,25.95579817186484,62.00905734144238,0.99,1.0,-4.0442018281351615,0.5090573414423787,2019
401248993,2020,8,San José State,Air Force,17.0,6.0,11.0,23.0,7.5,64.0,-7.5,1,1,0,,,-0.6494102356137539,68.16137056989841,0.40749695017667936,1.0,6.850589764386246,4.161370569898409,2019
401248996,2020,8,San Diego State,UNLV,34.0,6.0,28.0,40.0,-14.0,50.5,14.0,1,1,0,,,10.660112749176449,50.351512709943506,0.7797782940738561,1.0,-3.3398872508235513,-0.14848729005649375,2019
401215321,2020,9,Georgia Southern,South Alabama,24.0,17.0,7.0,41.0,-3.5,52.0,3.5,1,1,0,,,6.448077565206824,53.763132631242506,0.881528597690699,1.0,2.948077565206824,1.763132631242506,2019
401249000,2020,9,Fresno State,Colorado State,38.0,17.0,21.0,55.0,2.5,58.0,-2.5,1,1,0,,,-6.033713868325934,59.656614659597004,0.3671372610380337,1.0,-3.5337138683259344,1.656614659597004,2019
401247302,2020,9,Maryland,Minnesota,45.0,44.0,1.0,89.0,18.5,60.5,-18.5,1,1,1,,,-20.84661292729778,54.4198904068543,0.2681604730958719,1.0,-2.3466129272977803,-6.0801095931457,2019
401212533,2020,9,Tulsa,East Carolina,34.0,30.0,4.0,64.0,-17.0,59.5,17.0,1,0,1,,,16.19646470962961,60.42845573111614,0.8056178183819553,1.0,-0.803535290370391,0.9284557311161379,2019
401249001,2020,9,Wyoming,Hawai'i,31.0,7.0,24.0,38.0,3.0,60.0,-3.0,1,1,0,,,1.9012256535932348,66.80959247733037,0.7082699978181298,1.0,4.901225653593235,6.809592477330369,2019
401212543,2020,9,Cincinnati,Memphis,49.0,10.0,39.0,59.0,-6.5,57.5,6.5,1,1,1,,,8.14911134560608,55.89963610909552,0.8259060958474637,1.0,1.6491113456060802,-1.6003638909044824,2019
401215318,2020,9,Georgia State,Coastal Carolina,0.0,51.0,-51.0,51.0,3.5,60.5,-3.5,0,0,0,,,-5.142068319277639,63.10635779308426,0.4799042344705964,1.0,-1.642068319277639,2.606357793084257,2019
401212517,2020,9,Tulane,Temple,38.0,3.0,35.0,41.0,-7.0,58.5,7.0,1,1,0,,,3.289284918278426,58.0442574132941,0.6453902908332593,1.0,-3.710715081721574,-0.4557425867059024,2019
401234629,2020,9,Syracuse,Wake Forest,14.0,38.0,-24.0,52.0,14.0,59.5,-14.0,0,0,0,,,-8.945710182812583,56.972906126396616,0.2352782034100615,1.0,5.054289817187417,-2.527093873603384,2019
401236014,2020,9,Kansas,Iowa State,22.0,52.0,-30.0,74.0,27.5,49.5,-27.5,0,0,1,,,-32.64705323750627,48.10857720107507,0.06092376294853408,1.0,-5.14705323750627,-1.3914227989249284,2019
401234624,2020,9,Clemson,Boston College,34.0,28.0,6.0,62.0,-26.5,56.0,26.5,1,0,1,,,25.475140446273045,57.41073191071737,0.988908395605147,1.0,-1.0248595537269551,1.4107319107173666,2019
401237117,2020,9,Kentucky,Georgia,3.0,14.0,-11.0,17.0,17.0,42.0,-17.0,0,1,0,,,-18.26344917986205,44.81868507818497,0.22096154656884853,1.0,-1.2634491798620502,2.81868507818497,2019
401247301,2020,9,Illinois,Purdue,24.0,31.0,-7.0,55.0,9.5,55.5,-9.5,0,1,0,,,-17.158363405749988,58.490407305695484,0.21574185774768445,1.0,-7.658363405749988,2.9904073056954843,2019
401207162,2020,9,Florida Atlantic,UTSA,24.0,3.0,21.0,27.0,-5.0,47.0,5.0,1,1,0,,,3.0356736091560963,48.177867283662856,0.7049745194103811,1.0,-1.9643263908439037,1.1778672836628559,2019
401247305,2020,9,Michigan,Michigan State,24.0,27.0,-3.0,51.0,-21.5,51.5,21.5,0,0,0,,,19.564556273461214,47.9185255457292,0.9316044794013884,1.0,-1.9354437265387858,-3.581474454270797,2019
401236015,2020,9,West Virginia,Kansas State,37.0,10.0,27.0,47.0,-5.0,46.0,5.0,1,1,1,,,9.767297652701622,42.625595729632636,0.6694902729219712,1.0,4.767297652701622,-3.3744042703673642,2019
401212538,2020,9,Houston,UCF,21.0,44.0,-23.0,65.0,3.0,81.5,-3.0,0,0,0,,,3.737704861348398,80.48976706411878,0.6164656021478744,1.0,6.737704861348398,-1.0102329358812199,2019
401215320,2020,9,Arkansas State,Troy,10.0,38.0,-28.0,48.0,-3.5,69.5,3.5,0,0,0,,,5.340908609384497,66.59313892677746,0.605140967795407,1.0,1.8409086093844973,-2.9068610732225437,2019
401207166,2020,9,Southern Miss,Rice,6.0,30.0,-24.0,36.0,1.0,59.0,-1.0,0,0,0,,,-2.64891680965543,60.52507771963248,0.5844712183716034,1.0,-1.64891680965543,1.5250777196324776,2019
401247303,2020,9,Iowa,Northwestern,20.0,21.0,-1.0,41.0,1.0,42.5,-1.0,0,0,0,,,-3.8066126681755237,38.15304209328515,0.478843362507832,1.0,-2.8066126681755237,-4.346957906714849,2019
401247300,2020,9,Rutgers,Indiana,21.0,37.0,-16.0,58.0,11.5,54.0,-11.5,0,0,1,,,-14.057267320471258,53.623170920746574,0.2647841174055176,1.0,-2.557267320471258,-0.3768290792534259,2019
401237121,2020,9,Auburn,LSU,48.0,11.0,37.0,59.0,-1.0,63.5,1.0,1,1,0,,,5.067743826235336,74.34980692148956,0.5423517714064587,1.0,4.067743826235336,10.84980692148956,2019
401207163,2020,9,Louisiana Tech,UAB,37.0,34.0,3.0,71.0,13.0,47.5,-13.0,1,1,1,,,-17.64061850364478,47.29570716420953,0.3812150664884122,1.0,-4.640618503644781,-0.20429283579046853,2019
401236013,2020,9,Baylor,TCU,23.0,33.0,-10.0,56.0,2.5,47.5,-2.5,0,0,1,,,-0.3884421449913047,43.83058516559633,0.5885586226585441,1.0,2.1115578550086953,-3.6694148344036677,2019
401234626,2020,9,Georgia Tech,Notre Dame,13.0,31.0,-18.0,44.0,20.5,58.5,-20.5,0,1,0,,,-22.43748962953516,67.64984543259406,0.11514921641486062,1.0,-1.9374896295351611,9.149845432594063,2019
401236017,2020,9,Oklahoma State,Texas,34.0,41.0,-7.0,75.0,-3.5,58.5,3.5,0,0,1,,,10.052289905624296,57.382547808092696,0.6141460182300513,1.0,6.552289905624296,-1.1174521919073044,2019
401237123,2020,9,Vanderbilt,Ole Miss,21.0,54.0,-33.0,75.0,17.0,63.5,-17.0,0,0,1,,,-17.5136093853867,66.13159551535517,0.11169193046933792,1.0,-0.513609385386701,2.6315955153551727,2019
401234627,2020,9,Louisville,Virginia Tech,35.0,42.0,-7.0,77.0,5.0,67.5,-5.0,0,0,1,,,-3.4913327523436766,67.64133354033108,0.4964093037569845,1.0,1.5086672476563234,0.14133354033107537,2019
401215319,2020,9,UL Monroe,App State,13.0,31.0,-18.0,44.0,28.5,56.5,-28.5,0,1,0,,,-22.27408732347017,62.30496745197133,0.04213966865860419,1.0,6.2259126765298305,5.804967451971329,2019
401248999,2020,9,Air Force,Boise State,30.0,49.0,-19.0,79.0,13.5,49.0,-13.5,0,0,1,,,-18.383692585611108,49.11056654080705,0.22075426528754366,1.0,-4.883692585611108,0.11056654080704931,2019
401249003,2020,9,New Mexico,San José State,21.0,38.0,-17.0,59.0,-13.5,55.5,13.5,0,0,1,,,12.844999797625567,56.95759265508589,0.23979314663326823,1.0,-0.655000202374433,1.4575926550858895,2019
401234625,2020,9,Duke,Charlotte,53.0,19.0,34.0,72.0,-10.5,55.0,10.5,1,1,1,,,8.441143456742594,56.697216497464105,0.6553032168522017,1.0,-2.0588565432574057,1.6972164974641046,2019
401237119,2020,9,Alabama,Mississippi State,41.0,0.0,41.0,41.0,-29.5,63.5,29.5,1,1,0,,,26.155369286424712,64.94681875576248,0.9095124216611485,1.0,-3.344630713575288,1.4468187557624788,2019
401212489,2020,9,SMU,Navy,51.0,37.0,14.0,88.0,-13.0,58.5,13.0,1,1,1,,,13.591292133272592,60.28352703340954,0.8579129161002439,1.0,0.5912921332725922,1.7835270334095412,2019
401237120,2020,9,Texas A&M,Arkansas,42.0,31.0,11.0,73.0,-14.5,54.5,14.5,1,0,1,,,14.185030868506928,58.18697189770269,0.9188006552352754,1.0,-0.31496913149307204,3.6869718977026906,2019
401237116,2020,9,Florida,Missouri,41.0,17.0,24.0,58.0,-13.5,63.5,13.5,1,1,0,,,19.39518187932017,63.147714365341585,0.7976405948475267,1.0,5.89518187932017,-0.3522856346584149,2019
401247306,2020,9,Penn State,Ohio State,25.0,38.0,-13.0,63.0,10.0,63.0,-10.0,0,0,0,,,-6.953332948680862,68.92371469603727,0.40639350602002616,1.0,3.0466670513191376,5.9237146960372655,2019
401215322,2020,9,Texas State,Louisiana,34.0,44.0,-10.0,78.0,16.5,57.0,-16.5,0,1,1,,,-15.335046844573718,58.30059472757238,0.18224932823167372,1.0,1.1649531554262822,1.3005947275723813,2019
401236016,2020,9,Texas Tech,Oklahoma,28.0,62.0,-34.0,90.0,16.0,66.5,-16.0,0,0,1,,,-13.278392923740945,71.03405954336945,0.30841495251562395,1.0,2.7216070762590547,4.534059543369452,2019
401234628,2020,9,Virginia,North Carolina,44.0,41.0,3.0,85.0,7.5,61.0,-7.5,1,1,1,,,-6.106768109195666,60.868041332978336,0.1773544170741233,1.0,1.3932318908043344,-0.1319586670216637,2019
401249004,2020,9,Utah State,San Diego State,7.0,38.0,-31.0,45.0,9.0,40.5,-9.0,0,0,1,,,-12.534282160863677,38.58775203713999,0.15807687202972695,1.0,-3.534282160863677,-1.9122479628600075,2019
401239887,2020,9,BYU,Western Kentucky,41.0,10.0,31.0,51.0,-31.0,52.5,31.0,1,0,0,,,28.762648299081725,51.28008960413204,0.9343555968132398,1.0,-2.237351700918275,-1.219910395867963,2019
401249002,2020,9,UNLV,Nevada,19.0,37.0,-18.0,56.0,13.5,59.5,-13.5,0,0,0,,,-8.733030331457373,59.689892949381324,0.5262918973775235,1.0,4.766969668542627,0.18989294938132417,2019
401249856,2020,10,Kent State,Eastern Michigan,27.0,23.0,4.0,50.0,-4.5,65.5,4.5,1,0,0,,,2.8500558101860847,63.35483416910516,0.6670411573177618,1.0,-1.6499441898139153,-2.1451658308948396,2019
401249857,2020,10,Akron,Western Michigan,13.0,58.0,-45.0,71.0,20.5,52.0,-20.5,0,0,1,,,-19.935906792636338,52.3014536965061,0.23321086526377616,1.0,0.564093207363662,0.3014536965061012,2019
401249860,2020,10,Central Michigan,Ohio,30.0,27.0,3.0,57.0,2.5,54.0,-2.5,1,1,1,,,-0.05338072132057681,54.41147011874378,0.6840892947237174,1.0,2.446619278679423,0.4114701187437788,2019
401249889,2020,10,Miami (OH),Ball State,38.0,31.0,7.0,69.0,1.0,56.5,-1.0,1,1,1,,,2.0589178333028944,54.71928122767083,0.6666363493062868,1.0,3.0589178333028944,-1.7807187723291733,2019
401249859,2020,10,Northern Illinois,Buffalo,30.0,49.0,-19.0,79.0,14.5,53.5,-14.5,0,0,1,,,-13.854056428669558,49.71093569624979,0.3036058438198219,1.0,0.6459435713304416,-3.7890643037502088,2019
401249858,2020,10,Toledo,Bowling Green,38.0,3.0,35.0,41.0,-24.0,63.5,24.0,1,1,0,,,20.41332604536887,62.08911384817187,0.8357437894645541,1.0,-3.586673954631131,-1.4108861518281302,2019
401249009,2020,10,Nevada,Utah State,34.0,9.0,25.0,43.0,-17.0,58.5,17.0,1,1,0,,,16.441793617555565,67.1776258651957,0.8647798411337604,1.0,-0.5582063824444354,8.677625865195694,2019
401249010,2020,10,Colorado State,Wyoming,34.0,24.0,10.0,58.0,3.5,53.0,-3.5,1,1,1,,,-3.593422950769525,54.87915575536971,0.46235160867063735,1.0,-0.09342295076952478,1.879155755369709,2019
401234630,2020,10,NC State,Miami,41.0,44.0,-3.0,85.0,10.5,58.5,-10.5,0,1,1,,,-16.008729280550483,58.84983259156561,0.15664761297701307,1.0,-5.508729280550483,0.3498325915656082,2019
401249008,2020,10,San Diego State,San José State,17.0,28.0,-11.0,45.0,-10.5,50.5,10.5,0,0,0,,,8.84043184326569,55.78162960720909,0.8636596133944143,1.0,-1.6595681567343092,5.281629607209091,2019
401249005,2020,10,Boise State,BYU,17.0,51.0,-34.0,68.0,4.5,62.5,-4.5,0,0,1,,,-8.465600731730051,61.37703353235606,0.29223162992721385,1.0,-3.965600731730051,-1.1229664676439413,2019
401253924,2020,10,Louisiana,Arkansas State,27.0,20.0,7.0,47.0,-14.5,68.5,14.5,1,0,0,,,12.056608557819791,71.78892098134811,0.9320602312716872,1.0,-2.443391442180209,3.288920981348113,2019
401212480,2020,10,Memphis,South Florida,34.0,33.0,1.0,67.0,-17.5,67.5,17.5,1,0,0,,,14.972278910778954,72.93465567211011,0.8610212412075933,1.0,-2.527721089221046,5.434655672110111,2019
401234636,2020,10,Virginia Tech,Liberty,35.0,38.0,-3.0,73.0,-17.0,67.5,17.0,0,0,1,,,16.32186194920876,64.16400557111294,0.8529623824622151,1.0,-0.6781380507912402,-3.335994428887062,2019
401215327,2020,10,Georgia State,UL Monroe,52.0,34.0,18.0,86.0,-18.5,59.0,18.5,1,0,1,,,21.942241979422086,55.40018437676642,0.8698373023641643,1.0,3.4422419794220858,-3.5998156232335816,2019
401236022,2020,10,Texas,West Virginia,17.0,13.0,4.0,30.0,-6.5,55.0,6.5,1,0,0,,,8.892727197976903,53.05312145123575,0.8358234737442947,1.0,2.392727197976903,-1.9468785487642535,2019
401212490,2020,10,Temple,SMU,23.0,47.0,-24.0,70.0,17.5,63.5,-17.5,0,0,1,,,-16.907337545996345,59.2824413028126,0.4829639888665776,1.0,0.5926624540036549,-4.2175586971874,2019
401247313,2020,10,Iowa,Michigan State,49.0,7.0,42.0,56.0,-5.5,46.0,5.5,1,1,1,,,9.148375555601037,44.529025003636434,0.6784090805155285,1.0,3.648375555601037,-1.4709749963635659,2019
401249400,2020,10,USC,Arizona State,28.0,27.0,1.0,55.0,-11.5,57.5,11.5,1,0,0,,,10.508834328610773,62.09471548391025,0.7868268781625097,1.0,-0.9911656713892274,4.5947154839102495,2019
401234633,2020,10,Duke,North Carolina,24.0,56.0,-32.0,80.0,11.5,63.5,-11.5,0,0,1,,,-15.957536531787824,63.578446644784755,0.1875971360086092,1.0,-4.457536531787824,0.07844664478475494,2019
401247307,2020,10,Northwestern,Nebraska,21.0,13.0,8.0,34.0,-4.0,54.0,4.0,1,1,0,,,9.588865645375973,51.31569569194553,0.7472281412050803,1.0,5.588865645375973,-2.6843043080544717,2019
401247309,2020,10,Indiana,Michigan,38.0,21.0,17.0,59.0,4.0,55.0,-4.0,1,1,1,,,-3.409305109384034,54.60166617121289,0.242513918968069,1.0,0.5906948906159659,-0.3983338287871092,2019
401212525,2020,10,East Carolina,Tulane,21.0,38.0,-17.0,59.0,3.5,63.5,-3.5,0,0,0,,,2.452665496189794,64.73300451574383,0.5756776361701604,1.0,5.952665496189794,1.2330045157438292,2019
401215326,2020,10,Georgia Southern,Troy,20.0,13.0,7.0,33.0,3.0,52.0,-3.0,1,1,0,,,-2.196217193683852,56.35472483294437,0.6928793317783755,1.0,0.8037828063161481,4.35472483294437,2019
401234631,2020,10,Syracuse,Boston College,13.0,16.0,-3.0,29.0,14.5,54.0,-14.5,0,1,0,,,-13.067614323657065,56.36549751007768,0.3357097921112767,1.0,1.4323856763429355,2.365497510077681,2019
401251931,2020,10,Marshall,Massachusetts,51.0,10.0,41.0,61.0,-44.5,55.5,44.5,1,0,1,,,46.6945419745818,58.483621914697586,0.9547255583869406,1.0,2.194541974581803,2.9836219146975864,2019
401215324,2020,10,Texas State,App State,17.0,38.0,-21.0,55.0,21.5,58.5,-21.5,0,1,0,,,-15.765816879751073,53.7268836123273,0.23353726967917432,1.0,5.734183120248927,-4.773116387672701,2019
401236019,2020,10,Oklahoma,Kansas,62.0,9.0,53.0,71.0,-38.5,63.0,38.5,1,1,1,,,36.421295614495655,66.22055907883104,0.980556713689519,1.0,-2.078704385504345,3.2205590788310445,2019
401249006,2020,10,UNLV,Fresno State,27.0,40.0,-13.0,67.0,11.5,57.5,-11.5,0,0,1,,,-8.748495082596,54.91282270366544,0.5381821471098656,1.0,2.7515049174040005,-2.587177296334559,2019
401247312,2020,10,Penn State,Maryland,19.0,35.0,-16.0,54.0,-27.5,63.0,27.5,0,0,0,,,30.726325745031914,59.31560604134609,0.9731537205518901,1.0,3.2263257450319145,-3.6843939586539065,2019
401247308,2020,10,Illinois,Minnesota,14.0,41.0,-27.0,55.0,7.5,65.0,-7.5,0,0,0,,,-6.927555173818252,65.88898934694397,0.2956088176257515,1.0,0.5724448261817479,0.8889893469439727,2019
401236021,2020,10,TCU,Texas Tech,34.0,18.0,16.0,52.0,-9.5,60.0,9.5,1,1,0,,,4.152897873658137,61.23818418209812,0.8549949681422863,1.0,-5.347102126341863,1.2381841820981165,2019
401212544,2020,10,Cincinnati,Houston,38.0,10.0,28.0,48.0,-12.5,51.5,12.5,1,1,0,,,13.21737205489731,51.239838285498244,0.9112695143368106,1.0,0.7173720548973108,-0.2601617145017556,2019
401237125,2020,10,Georgia,Florida,28.0,44.0,-16.0,72.0,-3.0,54.5,3.0,0,0,1,,,1.072590935170133,52.115565764041335,0.6029918088152857,1.0,-1.927409064829867,-2.3844342359586648,2019
401237126,2020,10,Mississippi State,Vanderbilt,24.0,17.0,7.0,41.0,-18.0,45.0,18.0,1,0,0,,,18.537949592241272,48.52315802316167,0.9372144652061314,1.0,0.5379495922412723,3.5231580231616704,2019
401236020,2020,10,Kansas State,Oklahoma State,18.0,20.0,-2.0,38.0,14.0,48.5,-14.0,0,1,0,,,-16.563662397814078,44.467583105881225,0.4081793180251393,1.0,-2.5636623978140776,-4.032416894118775,2019
401234634,2020,10,Florida State,Pittsburgh,17.0,41.0,-24.0,58.0,1.5,52.5,-1.5,0,0,1,,,-2.8610005495137614,54.459286654081126,0.396662077990927,1.0,-1.3610005495137614,1.9592866540811258,2019
401207169,2020,10,Florida Atlantic,Western Kentucky,10.0,6.0,4.0,16.0,-7.0,38.0,7.0,1,0,0,,,3.827421725476468,39.903778658805756,0.7188893078269094,1.0,-3.172578274523532,1.9037786588057557,2019
401237127,2020,10,South Carolina,Texas A&M,3.0,48.0,-45.0,51.0,9.5,58.0,-9.5,0,0,0,,,-9.08874464753772,53.366803241637065,0.472697407200863,1.0,0.4112553524622804,-4.633196758362935,2019
401236018,2020,10,Iowa State,Baylor,38.0,31.0,7.0,69.0,-14.0,47.0,14.0,1,0,1,,,18.492348240750754,48.158260878417195,0.8232269657602715,1.0,4.492348240750754,1.1582608784171953,2019
401249402,2020,10,Colorado,UCLA,48.0,42.0,6.0,90.0,6.5,56.5,-6.5,1,1,1,,,-6.6516093247846175,60.422089229689625,0.4126609544166826,1.0,-0.15160932478461753,3.9220892296896253,2019
401249399,2020,10,Oregon,Stanford,35.0,14.0,21.0,49.0,-11.5,49.0,11.5,1,1,0,,,7.0919042803373475,48.078969344491085,0.8198056304330239,1.0,-4.4080957196626525,-0.9210306555089147,2019
401234632,2020,10,Notre Dame,Clemson,47.0,40.0,7.0,87.0,5.0,50.5,-5.0,1,1,1,,,-1.313722875600405,53.15379838525695,0.3908070886279034,1.0,3.686277124399595,2.6537983852569482,2019
401237124,2020,10,Arkansas,Tennessee,24.0,13.0,11.0,37.0,2.0,55.0,-2.0,1,1,0,,,2.112680812429824,55.27822901378142,0.6361984874999747,1.0,4.112680812429824,0.27822901378142006,2019
401247310,2020,10,Ohio State,Rutgers,49.0,27.0,22.0,76.0,-37.5,62.5,37.5,1,0,1,,,35.406773621705945,61.70113767026458,0.9338838731122183,1.0,-2.0932263782940552,-0.7988623297354209,2019
401215325,2020,10,Coastal Carolina,South Alabama,23.0,6.0,17.0,29.0,-17.0,57.5,17.0,1,0,0,,,20.208693398006655,64.3702548537617,0.8958130432283429,1.0,3.2086933980066554,6.870254853761693,2019
401249397,2020,10,Oregon State,Washington State,28.0,38.0,-10.0,66.0,-3.0,63.5,3.0,0,0,1,,,1.6582475611593914,60.474061195740624,0.390750104287675,1.0,-1.3417524388406086,-3.0259388042593756,2019
401249007,2020,10,Hawai'i,New Mexico,39.0,33.0,6.0,72.0,-14.0,65.5,14.0,1,0,1,,,15.938992688660305,66.35996004900646,0.8282726814220313,1.0,1.9389926886603046,0.8599600490064603,2019
401249861,2020,11,Ohio,Akron,24.0,10.0,14.0,34.0,-27.5,59.0,27.5,1,0,0,,,23.650556486443943,59.75499106746317,0.8506638925867163,1.0,-3.849443513556057,0.7549910674631732,2019
401249862,2020,11,Bowling Green,Kent State,24.0,62.0,-38.0,86.0,20.5,55.0,-20.5,0,0,1,,,-13.935686443738359,62.36053656486593,0.23556125769160008,1.0,6.5643135562616415,7.3605365648659316,2019
401249890,2020,11,Buffalo,Miami (OH),42.0,10.0,32.0,52.0,-7.5,56.5,7.5,1,1,0,,,9.361744935661687,52.22693905309796,0.81608578648575,1.0,1.8617449356616866,-4.273060946902042,2019
401249865,2020,11,Ball State,Eastern Michigan,38.0,31.0,7.0,69.0,-8.5,61.5,8.5,1,0,1,,,2.552879398075821,62.69495790689134,0.7338855256672997,1.0,-5.947120601924179,1.1949579068913394,2019
401249866,2020,11,Western Michigan,Toledo,41.0,38.0,3.0,79.0,-1.5,58.5,1.5,1,1,1,,,-3.675797896551595,61.64808783442619,0.6014074283637139,1.0,-5.175797896551595,3.1480878344261924,2019
401249864,2020,11,Northern Illinois,Central Michigan,10.0,40.0,-30.0,50.0,6.0,57.5,-6.0,0,0,0,,,-9.006172186013455,60.25646269390552,0.2350068394289641,1.0,-3.0061721860134547,2.756462693905519,2019
401249012,2020,11,Boise State,Colorado State,52.0,21.0,31.0,73.0,-14.0,62.5,14.0,1,1,1,,,5.122125061861604,64.90663278324706,0.8451718468646641,1.0,-8.877874938138396,2.406632783247062,2019
401207174,2020,11,Florida International,Florida Atlantic,19.0,38.0,-19.0,57.0,9.5,41.5,-9.5,0,0,1,,,-8.280869998950646,41.39171950623849,0.31321246961138893,1.0,1.2191300010493542,-0.10828049376151228,2019
401247317,2020,11,Minnesota,Iowa,7.0,35.0,-28.0,42.0,3.0,58.0,-3.0,0,0,0,,,-7.273486276741869,59.536734948939575,0.42595896534387384,1.0,-4.273486276741869,1.536734948939575,2019
401212545,2020,11,Cincinnati,East Carolina,55.0,17.0,38.0,72.0,-27.5,56.5,27.5,1,1,1,,,30.028491437973194,58.27737796855511,0.9658582147718835,1.0,2.5284914379731944,1.7773779685551077,2019
401234641,2020,11,Virginia Tech,Miami,24.0,25.0,-1.0,49.0,-2.0,68.0,2.0,0,0,0,,,6.787326755212639,70.09848364645781,0.7926799706587466,1.0,4.787326755212639,2.098483646457808,2019
401236024,2020,11,West Virginia,TCU,24.0,6.0,18.0,30.0,-3.0,44.5,3.0,1,1,0,,,8.456959108192276,38.75370008638448,0.8234017216936708,1.0,5.456959108192276,-5.746299913615523,2019
401237132,2020,11,Kentucky,Vanderbilt,38.0,35.0,3.0,73.0,-17.5,41.5,17.5,1,0,1,,,15.182492439372929,41.827036591630886,0.8902825760617346,1.0,-2.317507560627071,0.32703659163088616,2019
401207176,2020,11,Marshall,Middle Tennessee,42.0,14.0,28.0,56.0,-23.5,55.5,23.5,1,1,1,,,27.266610290135983,56.52342125274184,0.9536605345510999,1.0,3.766610290135983,1.0234212527418407,2019
401247320,2020,11,Nebraska,Penn State,30.0,23.0,7.0,53.0,2.5,57.5,-2.5,1,1,0,,,-10.147675693224635,58.315188011031,0.24169052204611097,1.0,-7.647675693224635,0.8151880110309975,2019
401247316,2020,11,Michigan State,Indiana,0.0,24.0,-24.0,24.0,7.5,52.5,-7.5,0,0,0,,,-9.302802475588889,50.14230815362632,0.21065145002137653,1.0,-1.802802475588889,-2.357691846373683,2019
401234642,2020,11,North Carolina,Wake Forest,59.0,53.0,6.0,112.0,-12.5,70.5,12.5,1,0,1,,,17.358524283339868,68.13964086357751,0.8540710837738088,1.0,4.858524283339868,-2.3603591364224883,2019
401207200,2020,11,Tulane,Army,38.0,12.0,26.0,50.0,-3.0,46.5,3.0,1,1,1,,,1.7181241177120432,50.272696054384994,0.6959292877360592,1.0,-1.2818758822879568,3.772696054384994,2019
401247314,2020,11,Rutgers,Illinois,20.0,23.0,-3.0,43.0,-5.5,51.5,5.5,0,0,0,,,3.5179518890632027,50.444656516751365,0.5206866934334459,1.0,-1.9820481109367973,-1.0553434832486346,2019
401215332,2020,11,Louisiana,South Alabama,38.0,10.0,28.0,48.0,-14.0,53.5,14.0,1,1,0,,,10.895230224500644,55.18954410315414,0.8760258984647655,1.0,-3.1047697754993564,1.689544103154141,2019
401249013,2020,11,Utah State,Fresno State,16.0,35.0,-19.0,51.0,11.0,51.5,-11.0,0,0,0,,,-8.987349946418759,54.6711920598172,0.14949487286293722,1.0,2.0126500535812415,3.1711920598172014,2019
401215328,2020,11,App State,Georgia State,17.0,13.0,4.0,30.0,-17.5,63.0,17.5,1,0,0,,,18.577989894680623,60.07592809545143,0.952953025507747,1.0,1.0779898946806235,-2.924071904548569,2019
401207179,2020,11,UTSA,UTEP,52.0,21.0,31.0,73.0,-6.0,45.5,6.0,1,1,1,,,12.651569019308692,49.47527228842616,0.8031384388791367,1.0,6.651569019308692,3.9752722884261615,2019
401249406,2020,11,Stanford,Colorado,32.0,35.0,-3.0,67.0,-9.5,55.5,9.5,0,0,1,,,11.562226453555839,58.79620537515084,0.8055002069428054,1.0,2.062226453555839,3.2962053751508407,2019
401249403,2020,11,Arizona,USC,30.0,34.0,-4.0,64.0,15.0,67.5,-15.0,0,1,0,,,-18.18096588311685,68.27965304377054,0.21052917877112642,1.0,-3.1809658831168512,0.7796530437705371,2019
401234637,2020,11,Boston College,Notre Dame,31.0,45.0,-14.0,76.0,13.0,51.5,-13.0,0,0,1,,,-18.976069480700925,51.769056278556874,0.02994976315065315,1.0,-5.976069480700925,0.2690562785568744,2019
401215331,2020,11,Georgia Southern,Texas State,40.0,38.0,2.0,78.0,-11.5,49.5,11.5,1,0,1,,,14.268761340155713,49.21197269764095,0.9104673065970217,1.0,2.768761340155713,-0.2880273023590476,2019
401257934,2020,11,Virginia,Louisville,31.0,17.0,14.0,48.0,-6.0,63.5,6.0,1,1,0,,,7.91841025198779,62.902645489982376,0.44375643605142534,1.0,1.9184102519877904,-0.5973545100176239,2019
401207178,2020,11,Western Kentucky,Southern Miss,10.0,7.0,3.0,17.0,-7.5,45.0,7.5,1,0,0,,,6.117700201750639,42.62869025890179,0.6053816720129187,1.0,-1.3822997982493606,-2.3713097410982087,2019
401212481,2020,11,Houston,South Florida,56.0,21.0,35.0,77.0,-14.5,58.5,14.5,1,1,1,,,12.901089475414528,62.86104487499734,0.8742938607140648,1.0,-1.598910524585472,4.36104487499734,2019
401249014,2020,11,San Diego State,Hawai'i,34.0,10.0,24.0,44.0,-10.0,51.0,10.0,1,1,0,,,9.751631086379632,52.49552884289546,0.8534467570938827,1.0,-0.24836891362036795,1.4955288428954603,2019
401236023,2020,11,Texas Tech,Baylor,24.0,23.0,1.0,47.0,-1.0,54.5,1.0,1,0,0,,,1.228627951311876,58.393637476371495,0.22864539905760822,1.0,0.22862795131187608,3.893637476371495,2019
401247315,2020,11,Purdue,Northwestern,20.0,27.0,-7.0,47.0,3.5,48.0,-3.5,0,0,0,,,-4.7321620264631505,47.26701194338067,0.3341285142752881,1.0,-1.2321620264631505,-0.7329880566193268,2019
401249015,2020,11,New Mexico,Nevada,20.0,27.0,-7.0,47.0,17.5,62.5,-17.5,0,1,0,,,-18.914167489986422,66.74328956058163,0.24057785558291866,1.0,-1.414167489986422,4.24328956058163,2019
401237129,2020,11,Florida,Arkansas,63.0,35.0,28.0,98.0,-17.0,62.0,17.0,1,1,1,,,15.26157753163606,64.24822032750377,0.8507318603626544,1.0,-1.7384224683639395,2.2482203275037733,2019
401212491,2020,11,Tulsa,SMU,28.0,24.0,4.0,52.0,2.0,64.5,-2.0,1,1,0,,,1.1851446118945708,62.44651037278922,0.7358586206901666,1.0,3.1851446118945708,-2.05348962721078,2019
401249405,2020,11,Washington State,Oregon,29.0,43.0,-14.0,72.0,10.5,57.5,-10.5,0,0,1,,,-1.2188297641019687,60.033500958189926,0.31337940584166485,1.0,9.281170235898031,2.5335009581899257,2019
401237133,2020,11,Ole Miss,South Carolina,59.0,42.0,17.0,101.0,-12.5,72.5,12.5,1,1,1,,,14.26399009920536,73.88272539722705,0.808087858930969,1.0,1.76399009920536,1.3827253972270483,2019
401247319,2020,11,Michigan,Wisconsin,11.0,49.0,-38.0,60.0,7.0,51.5,-7.0,0,0,1,,,-8.463324398600133,51.603654805648546,0.49310704368501157,1.0,-1.4633243986001325,0.10365480564854579,2019
401212518,2020,11,UCF,Temple,38.0,13.0,25.0,51.0,-28.5,72.5,28.5,1,0,0,,,33.266741961413345,69.72933225955796,0.9639968999625992,1.0,4.766741961413345,-2.770667740442036,2019
401234639,2020,11,NC State,Florida State,38.0,22.0,16.0,60.0,-11.5,61.5,11.5,1,1,0,,,10.632323723690776,61.51157222954965,0.7254982490675845,1.0,-0.8676762763092238,0.011572229549649649,2019
401249016,2020,11,San José State,UNLV,34.0,17.0,17.0,51.0,-17.0,61.5,17.0,1,0,0,,,14.927943359969575,58.51492247920157,0.8550859470831982,1.0,-2.072056640030425,-2.985077520798427,2019
401249404,2020,11,Washington,Oregon State,27.0,21.0,6.0,48.0,-13.5,51.0,13.5,1,0,0,,,8.803164257923804,58.29694533130504,0.7810328491979199,1.0,-4.696835742076196,7.296945331305039,2019
401261454,2020,11,UCLA,California,34.0,10.0,24.0,44.0,3.5,57.5,-3.5,1,1,0,,,-4.6999796740945845,53.35088452147828,0.549558491951141,1.0,-1.1999796740945845,-4.149115478521722,2019
401249868,2020,12,Bowling Green,Buffalo,17.0,42.0,-25.0,59.0,31.5,58.5,-31.5,0,1,1,,,-29.976348632703854,56.11120302410508,0.0642563249757716,1.0,1.5236513672961465,-2.3887969758949197,2019
401249867,2020,12,Kent State,Akron,69.0,35.0,34.0,104.0,-26.0,60.0,26.0,1,1,1,,,27.49155506966985,55.3164516954408,0.9230786612366755,1.0,1.4915550696698503,-4.683548304559203,2019
401249870,2020,12,Ball State,Northern Illinois,31.0,25.0,6.0,56.0,-14.5,59.5,14.5,1,0,0,,,7.807391505644894,58.40776239100933,0.8753925807654761,1.0,-6.692608494355106,-1.092237608990672,2019
401249871,2020,12,Eastern Michigan,Toledo,28.0,45.0,-17.0,73.0,6.5,62.0,-6.5,0,0,1,,,-9.756573135711836,58.70005671890088,0.5037803061490944,1.0,-3.256573135711836,-3.299943281099118,2019
401249872,2020,12,Central Michigan,Western Michigan,44.0,52.0,-8.0,96.0,1.0,59.5,-1.0,0,0,1,,,0.9302906362093135,59.005519380499905,0.625438985798262,1.0,1.9302906362093135,-0.49448061950009503,2019
401212526,2020,12,Tulsa,Tulane,30.0,24.0,6.0,54.0,-5.0,56.0,5.0,1,1,0,,,7.250304408530458,55.79459459997613,0.607916321730616,1.0,2.250304408530458,-0.20540540002387075,2019
401234643,2020,12,Louisville,Syracuse,30.0,0.0,30.0,30.0,-19.5,55.5,19.5,1,1,0,,,20.184146569473345,55.005209582443456,0.8748965123040808,1.0,0.6841465694733451,-0.49479041755654407,2019
401247325,2020,12,Minnesota,Purdue,34.0,31.0,3.0,65.0,2.5,61.5,-2.5,1,1,1,,,-1.7966514207821969,62.128602516901545,0.62327879193926,1.0,0.7033485792178031,0.6286025169015446,2019
401261674,2020,12,Florida Atlantic,Massachusetts,24.0,2.0,22.0,26.0,-34.0,50.5,34.0,1,0,0,,,32.45211731021127,49.509042149210686,0.9713988805084983,1.0,-1.5478826897887288,-0.9909578507893144,2019
401249018,2020,12,Air Force,New Mexico,28.0,0.0,28.0,28.0,-8.0,55.5,8.0,1,1,0,,,4.677197173215008,58.08846895995497,0.733888649935038,1.0,-3.322802826784992,2.588468959954973,2019
401235975,2020,12,Army,Georgia Southern,28.0,27.0,1.0,55.0,-3.5,38.5,3.5,1,0,1,,,5.6360718166993395,36.85457147999917,0.6828688826276352,1.0,2.1360718166993395,-1.6454285200008272,2019
401215334,2020,12,Texas State,Arkansas State,47.0,45.0,2.0,92.0,4.5,69.0,-4.5,1,1,1,,,0.18128254331928062,73.63129402848577,0.704813221176097,1.0,4.681282543319281,4.631294028485769,2019
401237136,2020,12,Arkansas,LSU,24.0,27.0,-3.0,51.0,1.5,65.0,-1.5,0,0,0,,,7.637765811458465,68.88808935405994,0.31575562494899123,1.0,9.137765811458465,3.888089354059943,2019
401237138,2020,12,Vanderbilt,Florida,17.0,38.0,-21.0,55.0,31.5,68.5,-31.5,0,1,0,,,-26.191619197457815,65.3625581671465,0.07076151346732007,1.0,5.308380802542185,-3.137441832853497,2019
401215333,2020,12,Coastal Carolina,App State,34.0,23.0,11.0,57.0,-3.0,48.5,3.0,1,1,1,,,-1.7823403630284265,51.202641439129316,0.5485908433324708,1.0,-4.7823403630284265,2.702641439129316,2019
401212519,2020,12,Temple,East Carolina,3.0,28.0,-25.0,31.0,7.0,53.0,-7.0,0,0,0,,,-7.727564496325066,60.76924142353458,0.5345010836492037,1.0,-0.7275644963250656,7.769241423534581,2019
401247326,2020,12,Ohio State,Indiana,42.0,35.0,7.0,77.0,-21.0,67.5,21.0,1,0,1,,,22.83343825462685,67.60080232510123,0.8607807893256909,1.0,1.8334382546268486,0.10080232510122755,2019
401247321,2020,12,Nebraska,Illinois,23.0,41.0,-18.0,64.0,-16.5,61.5,16.5,0,0,1,,,15.959217781763645,63.1382552167215,0.9166100353605262,1.0,-0.5407822182363553,1.6382552167214968,2019
401207184,2020,12,North Texas,Rice,27.0,17.0,10.0,44.0,-2.5,65.5,2.5,1,1,0,,,-2.890828853397789,66.04363527038913,0.38227337984311716,1.0,-5.390828853397789,0.5436352703891316,2019
401207181,2020,12,Western Kentucky,Florida International,38.0,21.0,17.0,59.0,-7.0,42.0,7.0,1,1,1,,,5.718379962500187,43.048384176949334,0.6468674520227616,1.0,-1.2816200374998132,1.0483841769493338,2019
401207185,2020,12,Southern Miss,UTSA,20.0,23.0,-3.0,43.0,9.0,51.5,-9.0,0,1,0,,,-2.5118465329468904,57.71439302554893,0.5773232621640674,1.0,6.48815346705311,6.2143930255489295,2019
401249415,2020,12,Oregon,UCLA,38.0,35.0,3.0,73.0,-17.5,61.5,17.5,1,0,1,,,17.140924741502577,52.14044414566714,0.9416192596023765,1.0,-0.3590752584974233,-9.35955585433286,2019
401215335,2020,12,South Alabama,Georgia State,14.0,31.0,-17.0,45.0,3.5,58.5,-3.5,0,0,0,,,-4.566662948080603,63.90762237668816,0.5923502229879216,1.0,-1.0666629480806034,5.40762237668816,2019
401212540,2020,12,UCF,Cincinnati,33.0,36.0,-3.0,69.0,4.5,65.5,-4.5,0,1,1,,,-1.9408989076669658,62.05635201589623,0.4356030166391283,1.0,2.559101092333034,-3.4436479841037695,2019
401247323,2020,12,Northwestern,Wisconsin,17.0,7.0,10.0,24.0,7.5,44.5,-7.5,1,1,0,,,-8.068059592176674,44.48074775882333,0.3101286046074937,1.0,-0.5680595921766738,-0.019252241176673124,2019
401249019,2020,12,Nevada,San Diego State,26.0,21.0,5.0,47.0,1.5,46.5,-1.5,1,1,1,,,-0.7127316068653402,47.469385150270696,0.48723139267798765,1.0,0.7872683931346598,0.9693851502706963,2019
401240641,2020,12,Troy,Middle Tennessee,17.0,20.0,-3.0,37.0,-11.0,60.5,11.0,0,0,0,,,14.629140496091505,60.695059978336026,0.8994571071341458,1.0,3.6291404960915052,0.19505997833602606,2019
401247327,2020,12,Penn State,Iowa,21.0,41.0,-20.0,62.0,-1.0,45.5,1.0,0,0,1,,,8.326453507319641,45.393803010721705,0.6720438737454807,1.0,7.326453507319641,-0.10619698927829546,2019
401249411,2020,12,Oregon State,California,31.0,27.0,4.0,58.0,1.0,46.5,-1.0,1,1,1,,,1.3803245635710786,48.049840493214866,0.5971238060710716,1.0,2.3803245635710786,1.549840493214866,2019
401236025,2020,12,Iowa State,Kansas State,45.0,0.0,45.0,45.0,-13.5,48.0,13.5,1,1,0,,,16.711075987246158,46.66089269757759,0.8332997482218553,1.0,3.211075987246158,-1.3391073024224127,2019
401237135,2020,12,Alabama,Kentucky,63.0,3.0,60.0,66.0,-31.5,57.5,31.5,1,1,1,,,31.420016591802963,57.533586381167964,0.9474682413044087,1.0,-0.07998340819703742,0.03358638116796442,2019
401234648,2020,12,Pittsburgh,Virginia Tech,47.0,14.0,33.0,61.0,6.5,53.0,-6.5,1,1,1,,,-13.145436087075353,50.18198329822832,0.41890578537065387,1.0,-6.645436087075353,-2.8180167017716826,2019
401237137,2020,12,Auburn,Tennessee,30.0,17.0,13.0,47.0,-10.5,50.5,10.5,1,1,0,,,9.114312104070946,51.46090481424639,0.9198236087634937,1.0,-1.3856878959290544,0.9609048142463905,2019
401234647,2020,12,NC State,Liberty,15.0,14.0,1.0,29.0,-4.0,66.5,4.0,1,0,0,,,2.8138172338701417,63.29553168692601,0.6494191318089815,1.0,-1.1861827661298583,-3.2044683130739884,2019
401236027,2020,12,Oklahoma,Oklahoma State,41.0,13.0,28.0,54.0,-6.5,60.5,6.5,1,1,0,,,6.10865874246095,57.43575410738657,0.7389209449147506,1.0,-0.39134125753905025,-3.064245892613428,2019
401237139,2020,12,Georgia,Mississippi State,31.0,24.0,7.0,55.0,-26.5,44.0,26.5,1,0,1,,,26.218087208897806,41.82380831107341,0.9532566571533194,1.0,-0.2819127911021937,-2.1761916889265933,2019
401237141,2020,12,South Carolina,Missouri,10.0,17.0,-7.0,27.0,4.5,57.5,-4.5,0,0,0,,,3.281277352184654,54.61325964403812,0.7857869428657875,1.0,7.781277352184654,-2.8867403559618765,2019
401247324,2020,12,Rutgers,Michigan,42.0,48.0,-6.0,90.0,12.0,52.0,-12.0,0,1,1,,,-12.189434548441586,59.07817318082271,0.3080043089118734,1.0,-0.1894345484415858,7.078173180822709,2019
401249413,2020,12,Washington,Arizona,44.0,27.0,17.0,71.0,-12.0,53.5,12.0,1,1,1,,,14.435558462201055,50.25085016757692,0.9280804316071526,1.0,2.4355584622010547,-3.249149832423079,2019
401249410,2020,12,Utah,USC,17.0,33.0,-16.0,50.0,-1.0,59.0,1.0,0,0,0,,,-2.5151786008235772,59.106507717059884,0.47912664123926396,1.0,-3.5151786008235772,0.10650771705988404,2019
401249017,2020,12,Hawai'i,Boise State,32.0,40.0,-8.0,72.0,13.5,55.5,-13.5,0,1,1,,,-10.97429952397949,47.75107195889884,0.27969192650781827,1.0,2.5257004760205106,-7.748928041101159,2019
401249025,2020,13,Utah State,New Mexico,41.0,27.0,14.0,68.0,6.0,49.0,-6.0,1,1,1,,,-18.70244310409104,49.85173747625054,0.38578836509894987,1.0,-12.702443104091039,0.8517374762505412,2019
401236029,2020,13,Texas,Iowa State,20.0,23.0,-3.0,43.0,1.5,57.5,-1.5,0,0,0,,,2.403145099438663,60.81101822751678,0.6953517642027878,1.0,3.903145099438663,3.311018227516783,2019
401251926,2020,13,Liberty,Massachusetts,45.0,0.0,45.0,45.0,-35.5,57.5,35.5,1,1,0,,,36.68392126675064,55.308791660181704,0.9592647732902919,1.0,1.1839212667506374,-2.1912083398182958,2019
401247332,2020,13,Iowa,Nebraska,26.0,20.0,6.0,46.0,-12.5,53.5,12.5,1,0,0,,,12.494669224586419,53.818516994519925,0.804336428593704,1.0,-0.005330775413581179,0.3185169945199249,2019
401212483,2020,13,South Florida,UCF,46.0,58.0,-12.0,104.0,25.0,70.5,-25.0,0,1,1,,,-33.3956072117323,68.9858873941366,0.025762123797927437,1.0,-8.395607211732298,-1.514112605863403,2019
401234650,2020,13,North Carolina,Notre Dame,17.0,31.0,-14.0,48.0,4.5,69.5,-4.5,0,0,0,,,7.365680198910663,66.01606948717162,0.6771416732207531,1.0,11.865680198910663,-3.4839305128283797,2019
401249028,2020,13,UNLV,Wyoming,14.0,45.0,-31.0,59.0,16.5,52.0,-16.5,0,0,1,,,-17.21286174112366,46.87967257497219,0.38241643222904187,1.0,-0.7128617411236604,-5.12032742502781,2019
401249874,2020,13,Eastern Michigan,Central Michigan,23.0,31.0,-8.0,54.0,6.5,59.0,-6.5,0,0,0,,,-8.256748178879207,60.52083491499903,0.3313134437740748,1.0,-1.7567481788792065,1.5208349149990283,2019
401249417,2020,13,California,Stanford,23.0,24.0,-1.0,47.0,1.5,51.5,-1.5,0,1,0,,,-1.788112588457242,52.94857988797798,0.5871303401029221,1.0,-0.28811258845724197,1.4485798879779779,2019
401249418,2020,13,Oregon State,Oregon,41.0,38.0,3.0,79.0,13.0,64.5,-13.0,1,1,1,,,-9.88972390334703,68.6591990686268,0.1666200515363447,1.0,3.110276096652971,4.159199068626805,2019
401249877,2020,13,Buffalo,Kent State,70.0,41.0,29.0,111.0,-7.5,69.5,7.5,1,1,1,,,10.390872786809227,66.33436215150142,0.7105894886577913,1.0,2.8908727868092274,-3.1656378484985765,2019
401247329,2020,13,Indiana,Maryland,27.0,11.0,16.0,38.0,-11.5,62.5,11.5,1,1,0,,,16.371702240998864,60.09588814798607,0.9046296002016792,1.0,4.871702240998864,-2.4041118520139335,2019
401212513,2020,13,East Carolina,SMU,52.0,38.0,14.0,90.0,11.5,72.0,-11.5,1,1,1,,,-5.790496072390503,71.99239646367693,0.4679003244090919,1.0,5.709503927609497,-0.007603536323074422,2019
401249873,2020,13,Toledo,Ball State,24.0,27.0,-3.0,51.0,-10.0,67.5,10.0,0,0,0,,,5.752114906304729,69.01509256743915,0.7897012012851082,1.0,-4.247885093695271,1.5150925674391544,2019
401247333,2020,13,Michigan,Penn State,17.0,27.0,-10.0,44.0,-1.0,56.5,1.0,0,0,0,,,-0.9910453375549866,60.4564376665475,0.6954456568601353,1.0,-1.9910453375549866,3.956437666547501,2019
401249875,2020,13,Western Michigan,Northern Illinois,30.0,27.0,3.0,57.0,-18.5,64.5,18.5,1,0,0,,,13.451362776985471,66.22894271180367,0.8202144573524126,1.0,-5.048637223014529,1.7289427118036684,2019
401249876,2020,13,Ohio,Bowling Green,52.0,10.0,42.0,62.0,-22.5,54.5,22.5,1,1,1,,,16.11670125865084,57.10849905306044,0.8602191168600448,1.0,-6.3832987413491615,2.6084990530604415,2019
401234655,2020,13,Syracuse,NC State,29.0,36.0,-7.0,65.0,17.0,50.5,-17.0,0,1,1,,,-15.491059258242283,51.78889153241974,0.4956866080163291,1.0,1.5089407417577174,1.2888915324197399,2019
401236032,2020,13,Oklahoma State,Texas Tech,50.0,44.0,6.0,94.0,-11.5,57.0,11.5,1,0,1,,,15.02956945103265,54.51863539348665,0.8885221749546579,1.0,3.52956945103265,-2.4813646065133526,2019
401237143,2020,13,Missouri,Vanderbilt,41.0,0.0,41.0,41.0,-14.0,51.5,14.0,1,1,0,,,10.981216233473418,55.80086521383885,0.9149026906948664,1.0,-3.0187837665265818,4.300865213838847,2019
401237144,2020,13,Florida,Kentucky,34.0,10.0,24.0,44.0,-24.0,60.5,24.0,1,0,0,,,22.703637710179596,60.839707094403444,0.9171354155561628,1.0,-1.2963622898204044,0.33970709440344393,2019
401215339,2020,13,Georgia State,Georgia Southern,30.0,24.0,6.0,54.0,-2.5,51.0,2.5,1,1,1,,,0.5046197311460372,57.02019828629979,0.2975728321652038,1.0,-1.9953802688539628,6.020198286299788,2019
401249892,2020,13,Akron,Miami (OH),7.0,38.0,-31.0,45.0,14.0,55.5,-14.0,0,0,0,,,-11.78877185744702,55.01464189646043,0.235089885564225,1.0,2.2112281425529794,-0.48535810353956776,2019
401215340,2020,13,UL Monroe,Louisiana,20.0,70.0,-50.0,90.0,29.5,58.0,-29.5,0,0,1,,,-25.59035506802768,65.98213479240766,0.028555251905395963,1.0,3.90964493197232,7.982134792407663,2019
401215337,2020,13,Arkansas State,South Alabama,31.0,38.0,-7.0,69.0,-7.5,63.5,7.5,0,0,1,,,7.8911401190529515,71.07132452442067,0.8000219967665401,1.0,0.39114011905295154,7.571324524420675,2019
401207191,2020,13,UTSA,North Texas,49.0,17.0,32.0,66.0,-1.0,67.5,1.0,1,1,0,,,-0.3205622111820332,68.9672923600482,0.715586006515981,1.0,-1.3205622111820332,1.467292360048205,2019
401215338,2020,13,Texas State,Coastal Carolina,14.0,49.0,-35.0,63.0,16.5,58.5,-16.5,0,0,1,,,-18.675225245377064,56.0259120369099,0.2050335376191314,1.0,-2.1752252453770637,-2.474087963090099,2019
401247330,2020,13,Michigan State,Northwestern,29.0,20.0,9.0,49.0,13.5,40.5,-13.5,1,1,1,,,-16.389060341830792,37.459966855859506,0.3686636741321319,1.0,-2.889060341830792,-3.0400331441404944,2019
401234651,2020,13,Clemson,Pittsburgh,52.0,17.0,35.0,69.0,-24.0,58.5,24.0,1,1,1,,,26.972725074643478,58.5009031448932,0.9592495113265391,1.0,2.9727250746434777,0.000903144893200647,2019
401237142,2020,13,Alabama,Auburn,42.0,13.0,29.0,55.0,-24.5,64.5,24.5,1,1,0,,,22.90967159739467,69.21677565776189,0.8914466377958945,1.0,-1.59032840260533,4.716775657761886,2019
401215336,2020,13,App State,Troy,47.0,10.0,37.0,57.0,-14.0,50.5,14.0,1,1,1,,,15.727614142075154,53.23330046567579,0.9237272363695542,1.0,1.7276141420751543,2.7333004656757893,2019
401247328,2020,13,Purdue,Rutgers,30.0,37.0,-7.0,67.0,-12.5,61.0,12.5,0,0,1,,,15.636199150925107,62.3968622152488,0.8810339001922676,1.0,3.1361991509251066,1.3968622152488024,2019
401237147,2020,13,Ole Miss,Mississippi State,31.0,24.0,7.0,55.0,-9.5,70.5,9.5,1,0,0,,,10.0208195419012,70.3218164536848,0.7069273822424994,1.0,0.5208195419012007,-0.1781835463151964,2019
401234649,2020,13,Boston College,Louisville,34.0,27.0,7.0,61.0,-1.0,56.5,1.0,1,1,1,,,0.6896832101024816,56.92481697418419,0.3947563633534602,1.0,-0.31031678989751843,0.4248169741841892,2019
401265734,2020,13,Colorado,San Diego State,20.0,10.0,10.0,30.0,-5.0,51.5,5.0,1,1,0,,,6.886278325145585,48.960749512193566,0.4728224572506588,1.0,1.886278325145585,-2.5392504878064344,2019
401237146,2020,13,Texas A&M,LSU,20.0,7.0,13.0,27.0,-15.5,60.5,15.5,1,0,0,,,19.68455653737503,61.09059401551981,0.8175764007467278,1.0,4.18455653737503,0.5905940155198124,2019
401264080,2020,13,Navy,Memphis,7.0,10.0,-3.0,17.0,13.5,62.5,-13.5,0,1,0,,,-18.706085774454394,64.16056110842047,0.23053135394044905,1.0,-5.206085774454394,1.6605611084204668,2019
401234652,2020,13,Georgia Tech,Duke,56.0,33.0,23.0,89.0,2.5,57.5,-2.5,1,1,1,,,1.1605712293291806,55.97392888443216,0.6448091665543804,1.0,3.6605712293291806,-1.526071115567838,2019
401236028,2020,13,Baylor,Kansas State,32.0,31.0,1.0,63.0,-5.5,44.5,5.5,1,0,1,,,2.5577068115158204,46.85495942878899,0.7202145341990205,1.0,-2.9422931884841796,2.3549594287889875,2019
401237145,2020,13,South Carolina,Georgia,16.0,45.0,-29.0,61.0,22.0,50.5,-22.0,0,0,1,,,-21.775162746262318,54.54812615133809,0.19385070708599034,1.0,0.22483725373768237,4.048126151338089,2019
401265458,2020,13,Washington,Utah,24.0,21.0,3.0,45.0,-9.0,47.5,9.0,1,0,0,,,8.958984612256723,45.27256093679954,0.7976451200084966,1.0,-0.04101538774327729,-2.227439063200457,2019
401249421,2020,13,UCLA,Arizona,27.0,10.0,17.0,37.0,-7.5,70.5,7.5,1,1,0,,,13.792742093705542,72.58522168277315,0.9027631863216019,1.0,6.292742093705542,2.0852216827731525,2019
401236030,2020,13,Kansas,TCU,23.0,59.0,-36.0,82.0,23.0,51.0,-23.0,0,0,1,,,-26.57893443747848,55.16018133261412,0.05524757367040355,1.0,-3.5789344374784804,4.160181332614123,2019
401249024,2020,13,Hawai'i,Nevada,24.0,21.0,3.0,45.0,7.0,63.0,-7.0,1,1,0,,,-9.04547233677239,70.62421505086506,0.5571591781225151,1.0,-2.0454723367723897,7.624215050865061,2019
401265703,2020,14,North Texas,Louisiana Tech,31.0,42.0,-11.0,73.0,1.0,65.5,-1.0,0,0,1,,,-1.3325531160394322,64.57588342466984,0.4156343289772461,1.0,-0.33255311603943216,-0.9241165753301601,2019
401249029,2020,14,Utah State,Air Force,7.0,35.0,-28.0,42.0,13.5,51.5,-13.5,0,0,0,,,-14.975688101216047,49.98799841494597,0.26323977965976386,1.0,-1.475688101216047,-1.5120015850540298,2019
401252117,2020,14,App State,Louisiana,21.0,24.0,-3.0,45.0,-3.0,51.5,3.0,0,0,0,,,7.225254363922758,60.60775118515565,0.869795117900465,1.0,4.225254363922758,9.10775118515565,2019
401265818,2020,14,Missouri,Arkansas,50.0,48.0,2.0,98.0,-2.5,54.5,2.5,1,0,1,,,-1.9694502357382557,55.41931924374008,0.46324035771253236,1.0,-4.469450235738256,0.9193192437400768,2019
401237150,2020,14,Auburn,Texas A&M,20.0,31.0,-11.0,51.0,6.0,48.5,-6.0,0,0,1,,,-2.4027344105292285,47.69640673667114,0.7407787520988712,1.0,3.5972655894707715,-0.8035932633288567,2019
401236036,2020,14,Kansas State,Texas,31.0,69.0,-38.0,100.0,7.5,53.5,-7.5,0,0,1,,,-6.847742425111059,61.75152131196127,0.2999990644920656,1.0,0.6522575748889414,8.25152131196127,2019
401257812,2020,14,Marshall,Rice,0.0,20.0,-20.0,20.0,-24.5,42.5,24.5,0,0,0,,,27.587429680893976,42.051653023228724,0.9315486061939954,1.0,3.087429680893976,-0.4483469767712762,2019
401247335,2020,14,Purdue,Nebraska,27.0,37.0,-10.0,64.0,-1.0,64.0,1.0,0,0,0,,,3.917209883152452,69.16472697669397,0.6974052526499526,1.0,2.917209883152452,5.16472697669397,2019
401247336,2020,14,Rutgers,Penn State,7.0,23.0,-16.0,30.0,13.0,51.0,-13.0,0,0,0,,,-13.58930591332617,64.12027436855132,0.24696962404894746,1.0,-0.5893059133261698,13.120274368551321,2019
401236037,2020,14,TCU,Oklahoma State,29.0,22.0,7.0,51.0,2.5,52.5,-2.5,1,1,0,,,-7.370876223812005,52.26520908927205,0.5499546888462713,1.0,-4.870876223812005,-0.234790910727952,2019
401236035,2020,14,Texas Tech,Kansas,16.0,13.0,3.0,29.0,-26.5,63.5,26.5,1,0,0,,,25.021948705145075,67.86467171190587,0.9186297515203403,1.0,-1.4780512948549251,4.364671711905871,2019
401264082,2020,14,Tulane,Memphis,35.0,21.0,14.0,56.0,-3.0,64.0,3.0,1,1,0,,,6.35531695822465,69.01252772144336,0.595191693906834,1.0,3.35531695822465,5.012527721443362,2019
401247340,2020,14,Michigan State,Ohio State,12.0,52.0,-40.0,64.0,22.5,59.0,-22.5,0,0,1,,,-19.139840768921182,56.095291770070084,0.10138980665173544,1.0,3.3601592310788178,-2.9047082299299163,2019
401249880,2020,14,Northern Illinois,Toledo,24.0,41.0,-17.0,65.0,9.5,53.5,-9.5,0,0,1,,,-15.426340516725993,53.437895203201,0.3259807848539925,1.0,-5.926340516725993,-0.06210479679899805,2019
401249879,2020,14,Western Michigan,Eastern Michigan,42.0,53.0,-11.0,95.0,-13.5,67.5,13.5,0,0,1,,,12.835379098372467,62.94218972152963,0.8130636937325877,1.0,-0.6646209016275328,-4.55781027847037,2019
401249878,2020,14,Central Michigan,Ball State,20.0,45.0,-25.0,65.0,2.5,63.0,-2.5,0,0,1,,,-0.20320748790190724,67.4304207014652,0.7660205357828413,1.0,2.2967925120980928,4.430420701465195,2019
401249881,2020,14,Akron,Bowling Green,31.0,3.0,28.0,34.0,-2.5,55.5,2.5,1,1,0,,,4.078472887870978,56.7592698598639,0.6193579027961356,1.0,1.5784728878709782,1.259269859863899,2019
401262494,2020,14,South Alabama,Troy,0.0,29.0,-29.0,29.0,4.0,54.0,-4.0,0,0,0,,,-9.140171610408395,57.715815319439585,0.45301364214981465,1.0,-5.1401716104083945,3.715815319439585,2019
401234662,2020,14,Notre Dame,Syracuse,45.0,21.0,24.0,66.0,-34.0,51.0,34.0,1,0,1,,,36.33370323429636,51.532006035515046,0.984111114714872,1.0,2.333703234296358,0.532006035515046,2019
401262493,2020,14,Arkansas State,UL Monroe,48.0,15.0,33.0,63.0,-20.0,71.0,20.0,1,1,0,,,18.770665988240143,68.86160527658133,0.8536959046026543,1.0,-1.2293340117598568,-2.1383947234186707,2019
401264083,2020,14,Navy,Tulsa,6.0,19.0,-13.0,25.0,12.0,45.5,-12.0,0,0,0,,,-16.843129735431056,43.723890126958416,0.17733363671836105,1.0,-4.843129735431056,-1.7761098730415839,2019
401236034,2020,14,Iowa State,West Virginia,42.0,6.0,36.0,48.0,-6.0,48.0,6.0,1,1,0,,,10.802056338723036,43.84749190014999,0.7815426967884842,1.0,4.802056338723036,-4.15250809985001,2019
401234656,2020,14,Virginia,Boston College,43.0,32.0,11.0,75.0,-6.0,54.0,6.0,1,1,1,,,4.533318104551343,49.87405496315396,0.6466878992478908,1.0,-1.466681895448657,-4.125945036846041,2019
401247337,2020,14,Illinois,Iowa,21.0,35.0,-14.0,56.0,13.5,52.5,-13.5,0,0,1,,,-14.903390537077449,51.67454789676988,0.12248683117329473,1.0,-1.403390537077449,-0.8254521032301199,2019
401247338,2020,14,Wisconsin,Indiana,6.0,14.0,-8.0,20.0,-13.5,44.5,13.5,0,0,0,,,21.273744208293845,44.153144061753004,0.9010785135070766,1.0,7.773744208293845,-0.34685593824699623,2019
401237151,2020,14,Tennessee,Florida,19.0,31.0,-12.0,50.0,18.0,62.5,-18.0,0,1,0,,,-27.045336700363343,60.39753497352893,0.1353228251496561,1.0,-9.045336700363343,-2.102465026471073,2019
401234659,2020,14,NC State,Georgia Tech,23.0,13.0,10.0,36.0,-7.0,60.5,7.0,1,1,0,,,2.444592429346443,62.9153594923397,0.550613274405714,1.0,-4.555407570653557,2.4153594923396966,2019
401249424,2020,14,Washington,Stanford,26.0,31.0,-5.0,57.0,-12.0,49.5,12.0,0,0,1,,,16.370243622123784,50.99703046463289,0.883097751857006,1.0,4.370243622123784,1.4970304646328927,2019
401237514,2020,14,Coastal Carolina,BYU,22.0,17.0,5.0,39.0,10.5,62.5,-10.5,1,1,0,,,-4.287753597144565,55.97656682717732,0.39767835407802316,1.0,6.212246402855435,-6.523433172822678,2019
401249033,2020,14,San José State,Hawai'i,35.0,24.0,11.0,59.0,2.5,59.5,-2.5,1,1,0,,,-6.872915166788787,65.08418430137354,0.7082978520713838,1.0,-4.372915166788787,5.58418430137354,2019
401261675,2020,14,Georgia Southern,Florida Atlantic,20.0,3.0,17.0,23.0,2.5,40.5,-2.5,1,1,0,,,3.236806936501834,48.90482602255442,0.6847991452213844,1.0,5.736806936501834,8.404826022554417,2019
401249423,2020,14,California,Oregon,21.0,17.0,4.0,38.0,9.0,59.5,-9.0,1,1,0,,,-7.178931180485977,58.8320479032419,0.2931126924047742,1.0,1.8210688195140232,-0.6679520967580999,2019
401249426,2020,14,Arizona,Colorado,13.0,24.0,-11.0,37.0,9.5,57.5,-9.5,0,0,0,,,-6.7969743822734285,55.20149311372173,0.552653113566808,1.0,2.7030256177265715,-2.2985068862782683,2019
401249031,2020,14,San Diego State,Colorado State,29.0,17.0,12.0,46.0,-7.5,46.5,7.5,1,1,0,,,4.768682402841991,47.15265910799887,0.7815124016538142,1.0,-2.731317597158009,0.652659107998872,2019
401234657,2020,14,Virginia Tech,Clemson,10.0,45.0,-35.0,55.0,23.0,66.5,-23.0,0,0,0,,,-31.00411397783581,70.10562447977388,0.07424373769250708,1.0,-8.00411397783581,3.60562447977388,2019
401237153,2020,14,Kentucky,South Carolina,41.0,18.0,23.0,59.0,-11.5,47.0,11.5,1,1,1,,,12.804954491803048,44.66926365677113,0.7342300656362772,1.0,1.3049544918030485,-2.330736343228871,2019
401236033,2020,14,Oklahoma,Baylor,27.0,14.0,13.0,41.0,-23.5,61.0,23.5,1,0,0,,,25.86700171121636,61.00774329719876,0.9081544354739015,1.0,2.3670017112163606,0.007743297198757659,2019
401266134,2020,14,Duke,Miami,0.0,48.0,-48.0,48.0,14.5,62.5,-14.5,0,0,0,,,-17.621789854511864,64.88755939313795,0.1892786423069478,1.0,-3.1217898545118636,2.3875593931379484,2019
401265817,2020,14,LSU,Alabama,17.0,55.0,-38.0,72.0,28.5,64.0,-28.5,0,0,1,,,-25.36005624194738,67.24148548973312,0.114003680612872,1.0,3.1399437580526204,3.2414854897331224,2019
401249032,2020,14,Nevada,Fresno State,37.0,26.0,11.0,63.0,-6.5,59.0,6.5,1,1,1,,,12.37540849389411,61.5045921861602,0.794986956240885,1.0,5.87540849389411,2.5045921861602025,2019
401249422,2020,14,Utah,Oregon State,30.0,24.0,6.0,54.0,-14.0,51.0,14.0,1,0,1,,,14.114897620538807,53.56450721237457,0.8387637309522281,1.0,0.11489762053880703,2.564507212374572,2019
401249034,2020,14,New Mexico,Wyoming,17.0,16.0,1.0,33.0,15.5,51.0,-15.5,1,1,0,,,-15.666606419995748,53.88778904267219,0.08657640417353309,1.0,-0.1666064199957482,2.887789042672189,2019
401249425,2020,14,Arizona State,UCLA,18.0,25.0,-7.0,43.0,-2.5,57.5,2.5,0,0,0,,,1.7362027713039194,54.21936304625902,0.693037504535405,1.0,-0.7637972286960806,-3.2806369537409807,2019
401266789,2020,14,Charlotte,Western Kentucky,19.0,37.0,-18.0,56.0,-2.5,46.5,2.5,0,0,1,,,5.578812777202411,50.004175694633275,0.47746587919589767,1.0,3.078812777202411,3.5041756946332754,2019
401249427,2020,14,USC,Washington State,38.0,13.0,25.0,51.0,-11.0,68.5,11.0,1,1,0,,,16.771702280029764,71.71306031456463,0.8664542958061365,1.0,5.771702280029764,3.213060314564629,2019
401257813,2020,15,Southern Miss,Florida Atlantic,45.0,31.0,14.0,76.0,9.5,44.0,-9.5,1,1,1,,,-8.88187014444002,42.80456543583334,0.2528490401133152,1.0,0.6181298555599799,-1.1954345641666606,2019
401261245,2020,15,Georgia Tech,Pittsburgh,20.0,34.0,-14.0,54.0,7.5,55.5,-7.5,0,0,0,,,2.918546020493622,50.84489279386061,0.6635211714143185,1.0,10.418546020493622,-4.655107206139391,2019
401257816,2020,15,UTEP,North Texas,43.0,45.0,-2.0,88.0,-10.0,66.5,10.0,0,0,1,,,10.301561148007057,64.21092760685977,0.30148549564690985,1.0,0.3015611480070568,-2.2890723931402306,2019
401249429,2020,15,Arizona,Arizona State,7.0,70.0,-63.0,77.0,9.0,56.5,-9.0,0,0,1,,,-12.002620357737712,55.98569932619918,0.2885839734120417,1.0,-3.0026203577377117,-0.5143006738008182,2019
401249037,2020,15,San José State,Nevada,30.0,20.0,10.0,50.0,2.5,61.5,-2.5,1,1,0,,,-6.257908900886293,59.40683936926912,0.4226853900633044,1.0,-3.757908900886293,-2.0931606307308783,2019
401247344,2020,15,Northwestern,Illinois,28.0,10.0,18.0,38.0,-13.5,42.0,13.5,1,1,0,,,15.403789914074077,38.53966613122354,0.8099968410055022,1.0,1.9037899140740766,-3.460333868776459,2019
401247345,2020,15,Nebraska,Minnesota,17.0,24.0,-7.0,41.0,-9.5,61.5,9.5,0,0,0,,,2.981874078459919,59.804862308172,0.40705552396112643,1.0,-6.518125921540081,-1.695137691828002,2019
401247346,2020,15,Penn State,Michigan State,39.0,24.0,15.0,63.0,-14.5,46.0,14.5,1,1,1,,,17.09353059811937,46.83795733423771,0.8723347092029257,1.0,2.5935305981193686,0.8379573342377071,2019
401249428,2020,15,Colorado,Utah,21.0,38.0,-17.0,59.0,2.5,49.0,-2.5,0,0,1,,,4.710578517416003,47.235040160258784,0.5232536970749514,1.0,7.210578517416003,-1.7649598397412163,2019
401247342,2020,15,Maryland,Rutgers,24.0,27.0,-3.0,51.0,-3.0,55.0,3.0,0,0,0,,,0.650074904799196,58.11221460882854,0.47662067034433214,1.0,-2.349925095200804,3.1122146088285376,2019
401266696,2020,15,Louisville,Wake Forest,45.0,21.0,24.0,66.0,-2.5,62.5,2.5,1,1,1,,,6.37666795471953,64.38005348328873,0.5898977027422473,1.0,3.8766679547195304,1.8800534832887337,2019
401249884,2020,15,Eastern Michigan,Northern Illinois,41.0,33.0,8.0,74.0,-6.5,55.5,6.5,1,1,1,,,7.776160371966309,58.29713432634258,0.6296884555257198,1.0,1.2761603719663093,2.7971343263425794,2019
401267161,2020,15,Missouri,Georgia,14.0,49.0,-35.0,63.0,14.0,54.5,-14.0,0,0,1,,,-15.258727288772882,61.3112284359733,0.19146369473525676,1.0,-1.2587272887728815,6.811228435973298,2019
401267164,2020,15,Arkansas,Alabama,3.0,52.0,-49.0,55.0,30.0,69.5,-30.0,0,0,0,,,-22.161615296184763,78.5687286525946,0.14348023534831894,1.0,7.838384703815237,9.0687286525946,2019
401249885,2020,15,Ball State,Western Michigan,30.0,27.0,3.0,57.0,2.0,65.5,-2.0,1,1,0,,,2.5428384736558565,70.73605205547146,0.7100574164550577,1.0,4.5428384736558565,5.236052055471461,2019
401257815,2020,15,Rice,UAB,16.0,21.0,-5.0,37.0,7.0,42.5,-7.0,0,1,0,,,-9.428499519061207,40.46126680280401,0.39912824168843863,1.0,-2.428499519061207,-2.038733197195988,2019
401249886,2020,15,Buffalo,Akron,56.0,7.0,49.0,63.0,-33.0,58.5,33.0,1,1,1,,,34.02417720016666,55.164164184080434,0.9076598752249484,1.0,1.0241772001666618,-3.335835815919566,2019
401259671,2020,15,Troy,Coastal Carolina,38.0,42.0,-4.0,80.0,12.5,52.5,-12.5,0,1,1,,,-11.370261288662448,54.75355172561445,0.2812091236751467,1.0,1.129738711337552,2.25355172561445,2019
401249883,2020,15,Toledo,Central Michigan,24.0,23.0,1.0,47.0,-11.0,54.5,11.0,1,0,0,,,10.219626048720874,53.57297154057476,0.7936289265529299,1.0,-0.7803739512791257,-0.9270284594252374,2019
401207203,2020,15,Army,Navy,15.0,0.0,15.0,15.0,-7.5,36.0,7.5,1,1,0,,,3.9210431775208385,35.916624989087055,0.7436892740309619,1.0,-3.5789568224791615,-0.08337501091294541,2019
401234661,2020,15,Miami,North Carolina,26.0,62.0,-36.0,88.0,-3.0,72.0,3.0,0,0,1,,,4.813563354420797,73.70153727827321,0.5893751660858272,1.0,1.813563354420797,1.7015372782732072,2019
401264084,2020,15,Memphis,Houston,30.0,27.0,3.0,57.0,6.5,64.5,-6.5,1,1,0,,,-9.796837845635846,68.92763930372483,0.7562482857510248,1.0,-3.296837845635846,4.427639303724831,2019
401247347,2020,15,Iowa,Wisconsin,28.0,7.0,21.0,35.0,2.0,41.0,-2.0,1,1,0,,,1.3316479271687789,44.572756320661995,0.586207788172428,1.0,3.331647927168779,3.5727563206619948,2019
401250713,2020,15,Baylor,Oklahoma State,3.0,42.0,-39.0,45.0,6.0,49.5,-6.0,0,0,0,,,-10.186292059178154,47.16116413114305,0.6387176890778788,1.0,-4.186292059178154,-2.338835868856947,2019
401267163,2020,15,Vanderbilt,Tennessee,17.0,42.0,-25.0,59.0,14.5,50.5,-14.5,0,0,1,,,-22.204202589718008,49.86650478844528,0.07441853214488642,1.0,-7.704202589718008,-0.6334952115547168,2019
401266694,2020,15,Florida State,Duke,56.0,35.0,21.0,91.0,-3.0,57.0,3.0,1,1,1,,,2.571711693579801,63.95350626523389,0.6392645864989233,1.0,-0.4282883064201992,6.953506265233891,2019
401249035,2020,15,Wyoming,Boise State,9.0,17.0,-8.0,26.0,9.5,46.5,-9.5,0,1,0,,,-10.69929244824296,43.08870140038107,0.5662766229663478,1.0,-1.1992924482429608,-3.411298599618931,2019
401215309,2020,15,Georgia Southern,App State,26.0,34.0,-8.0,60.0,9.5,45.0,-9.5,0,1,1,,,-7.870284235072661,47.17220554918413,0.46718918856731584,1.0,1.6297157649273393,2.1722055491841274,2019
401251100,2020,15,Florida,LSU,34.0,37.0,-3.0,71.0,-23.0,65.5,23.0,0,0,1,,,27.06860427642569,69.61377181572165,0.8700837614238319,1.0,4.068604276425688,4.113771815721648,2019
401266711,2020,15,TCU,Louisiana Tech,52.0,10.0,42.0,62.0,-21.5,50.0,21.5,1,1,1,,,16.85543939110042,53.48861738248834,0.865626581855653,1.0,-4.644560608899582,3.488617382488343,2019
401260157,2020,15,Mississippi State,Auburn,10.0,24.0,-14.0,34.0,5.5,50.5,-5.5,0,0,0,,,-13.618592274558422,51.29059503304871,0.1011880984258812,1.0,-8.118592274558422,0.7905950330487101,2019
401249431,2020,15,UCLA,USC,38.0,43.0,-5.0,81.0,3.5,65.0,-3.5,0,0,1,,,-8.600177288674988,66.4847496685345,0.2758226214397191,1.0,-5.100177288674988,1.484749668534505,2019
401234572,2020,15,Virginia Tech,Virginia,33.0,15.0,18.0,48.0,-3.0,64.0,3.0,1,1,0,,,4.861564052900324,67.44041659522743,0.7135410035879773,1.0,1.8615640529003237,3.4404165952274326,2019
401249432,2020,15,Oregon State,Stanford,24.0,27.0,-3.0,51.0,2.5,55.5,-2.5,0,0,0,,,0.6089809850952133,59.96307316001794,0.620019966671891,1.0,3.1089809850952133,4.463073160017942,2019
401249435,2020,15,BYU,San Diego State,28.0,14.0,14.0,42.0,-16.5,47.5,16.5,1,0,0,,,15.155196663174038,44.55554932517261,0.7903163108173076,1.0,-1.3448033368259615,-2.9444506748273866,2019
401249036,2020,15,New Mexico,Fresno State,49.0,39.0,10.0,88.0,14.5,55.5,-14.5,1,1,1,,,-10.826680993882315,59.97299113124038,0.24970890249768907,1.0,3.6733190061176852,4.472991131240377,2019
401249038,2020,15,Hawai'i,UNLV,38.0,21.0,17.0,59.0,-18.5,60.0,18.5,1,0,0,,,20.568190083611746,54.40098780411875,0.8675139128009519,1.0,2.0681900836117464,-5.599012195881251,2019
401240101,2020,16,Marshall,UAB,13.0,22.0,-9.0,35.0,-4.5,45.0,4.5,0,0,0,,,5.420952288895645,41.906627395857306,0.6301153538369187,1.0,0.920952288895645,-3.0933726041426937,2019
401249854,2020,16,Buffalo,Ball State,28.0,38.0,-10.0,66.0,-12.5,70.0,12.5,0,0,0,,,18.905619717391644,65.66821987084893,0.8545921957235885,1.0,6.4056197173916445,-4.3317801291510705,2019
401269382,2020,16,Rutgers,Nebraska,21.0,28.0,-7.0,49.0,6.5,52.0,-6.5,0,0,0,,,-4.627513921218247,50.6128291026297,0.5834613028212849,1.0,1.872486078781753,-1.3871708973702965,2019
401249434,2020,16,USC,Oregon,24.0,31.0,-7.0,55.0,-3.0,65.5,3.0,0,0,0,,,6.740736814695342,67.26285420889093,0.657454443048675,1.0,3.7407368146953424,1.7628542088909285,2019
401262060,2020,16,Iowa State,Oklahoma,21.0,27.0,-6.0,48.0,5.5,60.0,-5.5,0,0,0,,,0.2940496021082666,59.79516261355339,0.6245416315858083,1.0,5.794049602108267,-0.20483738644661287,2019
401247349,2020,16,Ohio State,Northwestern,22.0,10.0,12.0,32.0,-16.5,56.5,16.5,1,0,0,,,19.560505238699683,50.747431902126095,0.8615605462109339,1.0,3.060505238699683,-5.752568097873905,2019
401260158,2020,16,Tennessee,Texas A&M,13.0,34.0,-21.0,47.0,13.5,49.5,-13.5,0,0,0,,,-14.244319585077731,46.81936542257369,0.21894335301226497,1.0,-0.7443195850777311,-2.6806345774263107,2019
401269375,2020,16,Utah,Washington State,45.0,28.0,17.0,73.0,-11.5,55.0,11.5,1,1,1,,,11.523592280382818,55.06730179240728,0.7504291865180595,1.0,0.02359228038281813,0.06730179240727807,2019
401265699,2020,16,Army,Air Force,10.0,7.0,3.0,17.0,2.5,37.5,-2.5,1,1,0,,,4.903172983872989,34.46626610845383,0.8196154734415483,1.0,7.403172983872989,-3.03373389154617,2019
401267166,2020,16,Mississippi State,Missouri,51.0,32.0,19.0,83.0,1.5,49.0,-1.5,1,1,1,,,-2.5094470007832177,47.36766424732638,0.5368308540614426,1.0,-1.0094470007832177,-1.6323357526736189,2019
401267165,2020,16,LSU,Ole Miss,53.0,48.0,5.0,101.0,1.0,74.5,-1.0,1,1,1,,,-6.993209704086153,75.60490645362441,0.4986810067614865,1.0,-5.993209704086153,1.1049064536244089,2019
401269384,2020,16,Wisconsin,Minnesota,20.0,17.0,3.0,37.0,-10.5,47.0,10.5,1,0,0,,,10.640179728375879,44.7371577971372,0.7109850202621457,1.0,0.14017972837587855,-2.2628422028627995,2019
401256001,2020,16,Notre Dame,Clemson,10.0,34.0,-24.0,44.0,11.0,58.0,-11.0,0,0,0,,,-6.562889673735326,56.552530676116945,0.33895406092743885,1.0,4.437110326264674,-1.4474693238830554,2019
401249043,2020,16,San José State,Boise State,34.0,20.0,14.0,54.0,6.5,58.5,-6.5,1,1,0,,,-8.642773651286767,58.420210100166734,0.27947369454978965,1.0,-2.142773651286767,-0.07978989983326557,2019
401269381,2020,16,Penn State,Illinois,56.0,21.0,35.0,77.0,-16.0,52.5,16.0,1,1,1,,,20.246634914221566,49.8867278230163,0.8697394342682556,1.0,4.246634914221566,-2.613272176983699,2019
401269376,2020,16,UCLA,Stanford,47.0,48.0,-1.0,95.0,-6.5,61.0,6.5,0,0,1,,,15.143914581500495,59.6844781772306,0.7651280760406415,1.0,8.643914581500495,-1.3155218227693979,2019
401237074,2020,16,Florida,Alabama,46.0,52.0,-6.0,98.0,16.0,74.0,-16.0,0,1,1,,,-14.483966806733799,77.72648690907073,0.1450101253254277,1.0,1.5160331932662015,3.7264869090707293,2019
401264085,2020,16,Cincinnati,Tulsa,27.0,24.0,3.0,51.0,-13.5,44.5,13.5,1,0,1,,,18.77496235981704,38.88316126700521,0.9536891205475562,1.0,5.274962359817039,-5.616838732994793,2019
401269378,2020,16,Oregon State,Arizona State,33.0,46.0,-13.0,79.0,7.5,54.5,-7.5,0,0,1,,,-4.719055176289235,51.57447822491562,0.36259277375599375,1.0,2.7809448237107652,-2.925521775084377,2019
401256135,2020,1,North Texas,App State,28.0,56.0,-28.0,84.0,21.5,67.5,-21.5,0,0,1,,,-23.79331900294137,65.14050373387946,0.09983058112471799,0.6,-2.29331900294137,-2.3594962661205443,2019
401256136,2020,1,Nevada,Tulane,38.0,27.0,11.0,65.0,1.5,56.5,-1.5,1,1,1,,,-2.1880091994610202,57.92389646570722,0.3577835055816593,0.6,-0.6880091994610202,1.423896465707223,2019
401256137,2020,1,BYU,UCF,49.0,23.0,26.0,72.0,-6.0,80.0,6.0,1,1,0,,,6.222557627215273,78.88632431381102,0.6834690636391123,0.6,0.22255762721527272,-1.1136756861889836,2019
401256138,2020,1,Georgia Southern,Louisiana Tech,38.0,3.0,35.0,41.0,-7.0,48.0,7.0,1,1,0,,,9.43776874479902,48.34807541520753,0.6897148746295463,0.6,2.437768744799021,0.34807541520753205,2019
401256139,2020,1,Florida Atlantic,Memphis,10.0,25.0,-15.0,35.0,9.0,52.5,-9.0,0,0,0,,,-9.622539288565564,53.996405598986506,0.34738400516166545,0.6,-0.6225392885655641,1.496405598986506,2019
401256140,2020,1,Houston,Hawai'i,14.0,28.0,-14.0,42.0,-7.0,60.5,7.0,0,0,0,,,9.056858938891917,58.954585952616995,0.7635174001848933,0.6,2.056858938891917,-1.5454140473830051,2019
401256141,2020,1,Buffalo,Marshall,17.0,10.0,7.0,27.0,-5.5,53.5,5.5,1,1,0,,,5.1827613421100285,59.17476573946352,0.5392431903512659,0.6,-0.3172386578899715,5.674765739463517,2019
401256144,2020,1,UTSA,Louisiana,24.0,31.0,-7.0,55.0,14.0,54.5,-14.0,0,1,1,,,-10.656260434332054,52.541819853508784,0.21986543826972937,0.6,3.3437395656679456,-1.958180146491216,2019
401256145,2020,1,Georgia State,Western Kentucky,39.0,21.0,18.0,60.0,-3.5,50.5,3.5,1,1,1,,,5.133266215798436,47.22570675080249,0.3802577231984159,0.6,1.633266215798436,-3.2742932491975125,2019
401256143,2020,1,Coastal Carolina,Liberty,34.0,37.0,-3.0,71.0,-6.5,60.0,6.5,0,0,1,,,9.007379351997397,56.646128796290725,0.6892428282894474,0.6,2.507379351997397,-3.353871203709275,2019
401256150,2020,1,Miami,Oklahoma State,34.0,37.0,-3.0,71.0,1.0,63.0,-1.0,0,0,1,,,0.43931484284621547,63.105600441704695,0.4904392969454945,0.6,1.4393148428462155,0.10560044170469496,2019
401256151,2020,1,Colorado,Texas,23.0,55.0,-32.0,78.0,8.5,65.5,-8.5,0,0,1,,,-6.062000410315541,64.582560301138,0.17208491700442924,0.6,2.437999589684459,-0.9174396988619975,2019
401256152,2020,1,Wisconsin,Wake Forest,42.0,28.0,14.0,70.0,-10.0,51.5,10.0,1,1,1,,,12.051430317291242,47.84008595780176,0.767445354429312,0.6,2.051430317291242,-3.6599140421982383,2019
401256194,2020,1,Oklahoma,Florida,55.0,20.0,35.0,75.0,8.5,65.0,-8.5,1,1,1,,,-7.522846785348054,66.62084746727754,0.41835800347763646,0.6,0.9771532146519464,1.6208474672775424,2019
401256196,2020,1,Mississippi State,Tulsa,28.0,26.0,2.0,54.0,-1.5,45.5,1.5,1,1,1,,,2.297906867115789,39.7472131589658,0.45063069041598336,0.6,0.7979068671157892,-5.752786841034201,2019
401268773,2020,1,San José State,Ball State,13.0,34.0,-21.0,47.0,-9.0,65.5,9.0,0,0,0,,,8.938183952377383,67.23899361314645,0.6188441816756831,0.6,-0.061816047622617276,1.738993613146448,2019
401256197,2020,1,Army,West Virginia,21.0,24.0,-3.0,45.0,9.5,40.5,-9.5,0,1,1,,,-7.646039549365286,37.7762940360127,0.422997967552242,0.6,1.8539604506347143,-2.7237059639872996,2019
401256108,2020,1,Georgia,Cincinnati,24.0,21.0,3.0,45.0,-9.5,53.0,9.5,1,0,0,,,10.236336118220295,47.305245209106516,0.6952769853555731,0.6,0.7363361182202954,-5.694754790893484,2019
401256199,2020,1,Northwestern,Auburn,35.0,19.0,16.0,54.0,-4.0,45.0,4.0,1,1,1,,,7.979324313844357,45.16919107488921,0.4864506578605118,0.6,3.979324313844357,0.1691910748892127,2019
401240152,2020,1,Alabama,Notre Dame,31.0,14.0,17.0,45.0,-18.5,65.5,18.5,1,0,0,,,19.95341978371269,66.47572364241962,0.8543884118463556,0.6,1.4534197837126897,0.9757236424196236,2019
401240173,2020,1,Clemson,Ohio State,28.0,49.0,-21.0,77.0,-7.0,68.5,7.0,0,0,1,,,9.266345196415134,66.33399932458865,0.6211332280943254,0.6,2.266345196415134,-2.166000675411354,2019
401256109,2020,1,Kentucky,NC State,23.0,21.0,2.0,44.0,-3.0,50.5,3.0,1,0,0,,,4.945730513990552,47.00686171669872,0.6031016525567613,0.6,1.9457305139905516,-3.4931382833012776,2019
401256110,2020,1,Indiana,Ole Miss,20.0,26.0,-6.0,46.0,-7.5,67.5,7.5,0,0,0,,,6.189259607180166,65.26869546436791,0.5514672641500171,0.6,-1.3107403928198336,-2.2313045356320913,2019
401256111,2020,1,Iowa State,Oregon,34.0,17.0,17.0,51.0,-4.5,57.5,4.5,1,1,0,,,8.531861330195902,56.57409370462014,0.6255320029507013,0.6,4.031861330195902,-0.9259062953798605,2019
401256112,2020,1,North Carolina,Texas A&M,27.0,41.0,-14.0,68.0,10.0,65.5,-10.0,0,0,1,,,-8.905491337926412,61.39932600579362,0.45744645706635445,0.6,1.0945086620735882,-4.100673994206382,2019
401240174,2020,1,Alabama,Ohio State,52.0,24.0,28.0,76.0,-9.5,75.0,9.5,1,1,1,,,6.9210148493525185,73.53913348107983,0.6556098406198352,0.6,-2.5789851506474815,-1.4608665189201702,2019
401282714,2021,1,Illinois,Nebraska,30.0,22.0,8.0,52.0,6.5,52.5,-6.5,1,1,0,,,-4.637381004245747,52.87584316253343,0.44880394072456214,0.6,1.8626189957542527,0.3758431625334282,2019
401286187,2021,1,Fresno State,UConn,45.0,0.0,45.0,45.0,-27.5,63.5,27.5,1,1,0,,,26.287039839354232,72.18853913748195,0.8703251351337931,0.6,-1.2129601606457676,8.688539137481953,2019
401309833,2021,1,UCLA,Hawai'i,44.0,10.0,34.0,54.0,-17.5,67.0,17.5,1,1,0,,,17.66912294181738,68.27757956425928,0.8397717047047216,0.6,0.1691229418173812,1.277579564259284,2019
401282049,2021,1,New Mexico State,UTEP,3.0,30.0,-27.0,33.0,9.5,59.5,-9.5,0,0,0,,,-11.609307337166417,59.18173461882639,0.342054017596687,0.6,-2.109307337166417,-0.31826538117361025,2019
401300995,2021,1,UCF,Boise State,36.0,31.0,5.0,67.0,-6.5,67.0,6.5,1,0,0,,,5.151228145958598,65.24216077357262,0.6386437922165413,0.6,-1.3487718540414022,-1.7578392264273788,2019
401300993,2021,1,App State,East Carolina,33.0,19.0,14.0,52.0,-9.0,55.5,9.0,1,1,0,,,4.742288578320573,54.237279961767484,0.7034245359487757,0.6,-4.257711421679427,-1.2627200382325157,2019
401282607,2021,1,NC State,South Florida,45.0,0.0,45.0,45.0,-19.0,58.0,19.0,1,1,0,,,17.432788440294264,55.696173458624884,0.8476950101127905,0.6,-1.5672115597057363,-2.303826541375116,2019
401282789,2021,1,Minnesota,Ohio State,31.0,45.0,-14.0,76.0,14.0,62.0,-14.0,0,0,1,,,-18.30784223513149,63.08579215472254,0.1685438732669962,0.6,-4.3078422351314885,1.0857921547225402,2019
401281952,2021,1,Tennessee,Bowling Green,38.0,6.0,32.0,44.0,-37.0,60.5,37.0,1,0,0,,,36.7341460853559,60.328358276225075,0.9766753190575714,0.6,-0.26585391464409724,-0.17164172377492548,2019
401309937,2021,1,Virginia Tech,North Carolina,17.0,10.0,7.0,27.0,5.5,63.5,-5.5,1,1,0,,,-4.902611203227619,56.78341486297323,0.33427828452866565,0.6,0.597388796772381,-6.716585137026769,2019
401282052,2021,1,Charlotte,Duke,31.0,28.0,3.0,59.0,6.5,60.5,-6.5,1,1,0,,,-6.314344971764646,59.78594125886062,0.460630842731283,0.6,0.18565502823535418,-0.7140587411393824,2019
401282608,2021,1,Wake Forest,Old Dominion,42.0,10.0,32.0,52.0,-32.5,61.5,32.5,1,0,0,,,35.070535614631034,68.2577469315738,0.9105344200100269,0.6,2.5705356146310336,6.757746931573806,2019
401282782,2021,1,Northwestern,Michigan State,21.0,38.0,-17.0,59.0,-3.0,45.5,3.0,0,0,1,,,1.0898356892513341,48.706458401104626,0.47145916240393226,0.6,-1.9101643107486659,3.2064584011046264,2019
401309601,2021,1,Georgia State,Army,10.0,43.0,-33.0,53.0,-2.5,50.0,2.5,0,0,1,,,0.8778282791187735,47.522307938351574,0.48456120222589316,0.6,-1.6221717208812265,-2.477692061648426,2019
401287889,2021,1,Kansas State,Stanford,24.0,7.0,17.0,31.0,-3.0,54.0,3.0,1,1,0,,,5.451316596268227,55.5353554626355,0.6229322975868224,0.6,2.451316596268227,1.5353554626355006,2019
401282772,2021,1,Michigan,Western Michigan,47.0,14.0,33.0,61.0,-16.5,65.5,16.5,1,1,0,,,16.006585641143634,64.4581380736696,0.8190886907383788,0.6,-0.4934143588563664,-1.041861926330398,2019
401282822,2021,1,Rutgers,Temple,61.0,14.0,47.0,75.0,-14.0,52.0,14.0,1,1,1,,,16.25885854300409,52.46927303019515,0.8277132997920236,0.6,2.2588585430040915,0.4692730301951471,2019
401287894,2021,1,Oklahoma,Tulane,40.0,35.0,5.0,75.0,-31.0,66.5,31.0,1,0,1,,,33.3918703733977,68.35488862249115,0.9476698319187613,0.6,2.391870373397701,1.8548886224911456,2019
401281947,2021,1,Kentucky,UL Monroe,45.0,10.0,35.0,55.0,-31.0,54.0,31.0,1,1,1,,,30.895951631559964,48.82898586917944,0.9394401009601947,0.6,-0.1040483684400364,-5.171014130820559,2019
401282815,2021,1,Wisconsin,Penn State,10.0,16.0,-6.0,26.0,-5.5,49.0,5.5,0,0,0,,,5.972764099310395,49.096919804552904,0.6637716274010448,0.6,0.4727640993103952,0.09691980455290405,2019
401309838,2021,1,Oregon,Fresno State,31.0,24.0,7.0,55.0,-19.5,63.0,19.5,1,0,0,,,18.153972718082105,61.60353729784025,0.8005083175982923,0.6,-1.3460272819178947,-1.3964627021597522,2019
401281943,2021,1,Arkansas,Rice,38.0,17.0,21.0,55.0,-19.5,50.0,19.5,1,1,1,,,20.01819284638982,54.84423249955387,0.879676573846724,0.6,0.5181928463898196,4.844232499553868,2019
401282723,2021,1,Iowa,Indiana,34.0,6.0,28.0,40.0,-3.5,45.5,3.5,1,1,0,,,3.504913652162952,42.805622897178054,0.6641706367017491,0.6,0.004913652162951809,-2.694377102821946,2019
401282174,2021,1,Navy,Marshall,7.0,49.0,-42.0,56.0,3.0,46.5,-3.0,0,0,1,,,1.1674691655196305,47.19845867916762,0.32725759291544204,0.6,4.1674691655196305,0.6984586791676222,2019
401281942,2021,1,Miami,Alabama,13.0,44.0,-31.0,57.0,19.5,61.5,-19.5,0,0,0,,,-18.951397478020922,62.45058155427117,0.11902016515864605,0.6,0.5486025219790776,0.9505815542711673,2019
401282764,2021,1,Maryland,West Virginia,30.0,24.0,6.0,54.0,2.5,57.0,-2.5,1,1,0,,,-2.433248374435492,57.10036143957122,0.3736541313437415,0.6,0.0667516255645082,0.10036143957122334,2019
401300996,2021,1,Cincinnati,Miami (OH),49.0,14.0,35.0,63.0,-22.5,49.0,22.5,1,1,1,,,20.05811336806625,47.28310752458441,0.892478743194197,0.6,-2.4418866319337518,-1.716892475415591,2019
401281950,2021,1,Missouri,Central Michigan,34.0,24.0,10.0,58.0,-14.0,59.0,14.0,1,0,0,,,16.413414268477048,58.522125529235836,0.8170703949366522,0.6,2.413414268477048,-0.47787447076416356,2019
401282612,2021,1,Pittsburgh,Massachusetts,51.0,7.0,44.0,58.0,-37.5,56.0,37.5,1,1,1,,,39.65182094236652,56.685608451694655,0.9781404575560577,0.6,2.1518209423665198,0.6856084516946552,2019
401281949,2021,1,Mississippi State,Louisiana Tech,35.0,34.0,1.0,69.0,-20.5,53.0,20.5,1,0,1,,,24.386390059536424,54.872596863655666,0.915267337328411,0.6,3.8863900595364242,1.8725968636556658,2019
401287892,2021,1,Texas,Louisiana,38.0,18.0,20.0,56.0,-8.5,58.0,8.5,1,1,0,,,6.806600725519176,59.270567772727766,0.7136383221470385,0.6,-1.6933992744808242,1.270567772727766,2019
401309842,2021,1,USC,San José State,30.0,7.0,23.0,37.0,-14.0,61.0,14.0,1,1,0,,,9.975828310034863,64.34293255361196,0.7554006280463592,0.6,-4.0241716899651365,3.342932553611959,2019
401287893,2021,1,Texas State,Baylor,20.0,29.0,-9.0,49.0,13.5,52.5,-13.5,0,1,0,,,-14.814550782689393,51.722618002317226,0.1837958449739022,0.6,-1.314550782689393,-0.7773819976827738,2019
401287886,2021,1,Houston,Texas Tech,21.0,38.0,-17.0,59.0,-2.5,63.0,2.5,0,0,0,,,1.4135016123409623,64.50889369908805,0.488457030494746,0.6,-1.0864983876590377,1.5088936990880484,2019
401282611,2021,1,Ohio,Syracuse,9.0,29.0,-20.0,38.0,-2.0,55.5,2.0,0,0,0,,,0.045316901777437524,51.96260376089867,0.5107495382264331,0.6,-1.9546830982225625,-3.5373962391013265,2019
401281944,2021,1,Auburn,Akron,60.0,10.0,50.0,70.0,-37.0,56.0,37.0,1,1,1,,,41.30224620621424,55.218882142685686,0.9837813726330962,0.6,4.302246206214242,-0.7811178573143138,2019
401282819,2021,1,Purdue,Oregon State,30.0,21.0,9.0,51.0,-7.0,68.0,7.0,1,1,0,,,4.7147981100734295,64.0383635414205,0.6870199774613177,0.6,-2.2852018899265705,-3.9616364585795054,2019
401282610,2021,1,Georgia Tech,Northern Illinois,21.0,22.0,-1.0,43.0,-19.0,57.0,19.0,0,0,0,,,20.588079489602773,58.41454844895383,0.8275233290891146,0.6,1.588079489602773,1.4145484489538305,2019
401282179,2021,1,Illinois,UTSA,30.0,37.0,-7.0,67.0,-4.5,52.0,4.5,0,0,1,,,5.764330866889842,47.3533237990564,0.6356514458253987,0.6,1.2643308668898419,-4.6466762009436025,2019
401281945,2021,1,Florida,Florida Atlantic,35.0,14.0,21.0,49.0,-23.5,52.0,23.5,1,0,0,,,25.927515564284835,48.77780561920056,0.8960660690970133,0.6,2.4275155642848354,-3.2221943807994435,2019
401281946,2021,1,Clemson,Georgia,3.0,10.0,-7.0,13.0,-2.5,51.5,2.5,0,0,0,,,-0.18082510785435346,48.74275907260993,0.43155890984476775,0.6,-2.6808251078543535,-2.7572409273900718,2019
401282053,2021,1,Texas A&M,Kent State,41.0,10.0,31.0,51.0,-29.5,66.0,29.5,1,1,0,,,28.088997565586546,64.44612860787775,0.9228519192589016,0.6,-1.4110024344134544,-1.5538713921222467,2019
401282177,2021,1,South Alabama,Southern Miss,31.0,7.0,24.0,38.0,-2.0,56.5,2.0,1,1,0,,,2.8943499508523627,56.40917198907808,0.4882557118795877,0.6,0.8943499508523627,-0.09082801092191772,2019
401281948,2021,1,UCLA,LSU,38.0,27.0,11.0,65.0,2.0,63.5,-2.0,1,1,1,,,-1.9606941364259098,61.38915106910123,0.5696338657675741,0.6,0.03930586357409016,-2.1108489308987686,2019
401309841,2021,1,Arizona,BYU,16.0,24.0,-8.0,40.0,13.5,54.0,-13.5,0,1,0,,,-11.751743168294503,54.24132459721956,0.16420551551806317,0.6,1.748256831705497,0.24132459721955968,2019
401310699,2021,1,San Diego State,New Mexico State,28.0,10.0,18.0,38.0,-31.0,50.5,31.0,1,0,0,,,30.234228236438092,54.942932683484436,0.9253752199108203,0.6,-0.7657717635619079,4.442932683484436,2019
401309837,2021,1,California,Nevada,17.0,22.0,-5.0,39.0,-3.0,52.5,3.0,0,0,0,,,5.146190497119739,49.82280832004631,0.6271201320698835,0.6,2.146190497119739,-2.677191679953687,2019
401309840,2021,1,Washington State,Utah State,23.0,26.0,-3.0,49.0,-17.0,66.5,17.0,0,0,0,,,13.856497254035256,65.18034677768033,0.805330355736854,0.6,-3.143502745964744,-1.3196532223196726,2019
401282614,2021,1,Florida State,Notre Dame,38.0,41.0,-3.0,79.0,7.5,54.0,-7.5,0,1,1,,,-5.932085904495798,50.82220801257913,0.2535312656335792,0.6,1.567914095504202,-3.1777919874208678,2019
401282055,2021,1,Ole Miss,Louisville,43.0,24.0,19.0,67.0,-9.0,74.5,9.0,1,1,0,,,11.416819461531812,70.66464077859926,0.7209339027402799,0.6,2.416819461531812,-3.8353592214007364,2019
401287896,2021,2,Coastal Carolina,Kansas,49.0,22.0,27.0,71.0,-27.0,52.0,27.0,1,0,1,,,23.37900990857951,51.70994866742453,0.843279599868985,0.75,-3.6209900914204916,-0.290051332575473,2019
401282191,2021,2,Boise State,UTEP,54.0,13.0,41.0,67.0,-25.0,56.5,25.0,1,1,1,,,27.817881126401524,54.65032230410846,0.9170773715879953,0.75,2.8178811264015238,-1.8496776958915433,2019
401282624,2021,2,Virginia,Illinois,42.0,14.0,28.0,56.0,-10.5,56.5,10.5,1,1,0,,,7.752961978817334,52.609793387301465,0.6868561615757627,0.75,-2.747038021182666,-3.8902066126985346,2019
401282193,2021,2,Army,Western Kentucky,38.0,35.0,3.0,73.0,-6.0,52.0,6.0,1,0,1,,,8.306168594807064,53.49051131415179,0.6761541842845694,0.75,2.3061685948070636,1.4905113141517887,2019
401282066,2021,2,Tennessee,Pittsburgh,34.0,41.0,-7.0,75.0,3.5,56.0,-3.5,0,0,1,,,-0.6545573210108486,54.1868280077627,0.5348862858544531,0.75,2.8454426789891514,-1.8131719922373009,2019
401282809,2021,2,Ohio State,Oregon,28.0,35.0,-7.0,63.0,-15.0,65.0,15.0,0,0,0,,,13.975746373110418,68.38797767420739,0.7978549685388864,0.75,-1.0242536268895819,3.3879776742073915,2019
401282065,2021,2,East Carolina,South Carolina,17.0,20.0,-3.0,37.0,2.5,56.5,-2.5,0,0,0,,,-5.451055406780959,55.56865223776976,0.3970710111672137,0.75,-2.9510554067809593,-0.9313477622302386,2019
401287899,2021,2,Oklahoma State,Tulsa,28.0,23.0,5.0,51.0,-12.0,51.0,12.0,1,0,0,,,9.638897755768173,54.945106712185584,0.7385164297082403,0.75,-2.3611022442318266,3.9451067121855843,2019
401282790,2021,2,Minnesota,Miami (OH),31.0,26.0,5.0,57.0,-19.0,55.0,19.0,1,0,1,,,11.955851834258107,54.225917915098975,0.7636994355633786,0.75,-7.044148165741893,-0.7740820849010248,2019
401282059,2021,2,South Florida,Florida,20.0,42.0,-22.0,62.0,28.5,57.5,-28.5,0,1,1,,,-25.014899792229183,55.33321132779072,0.0646450306878399,0.75,3.4851002077708166,-2.166788672209279,2019
401309547,2021,2,Northern Illinois,Wyoming,43.0,50.0,-7.0,93.0,7.0,44.5,-7.0,0,0,1,,,-4.366794226080776,41.4824903844311,0.4281994399114023,0.75,2.633205773919224,-3.0175096155688976,2019
401282186,2021,2,Virginia Tech,Middle Tennessee,35.0,14.0,21.0,49.0,-20.0,54.5,20.0,1,1,0,,,16.91831791900996,53.84841999631289,0.8210033170820279,0.75,-3.0816820809900385,-0.6515800036871084,2019
401282622,2021,2,Syracuse,Rutgers,7.0,17.0,-10.0,24.0,2.5,51.0,-2.5,0,0,0,,,-1.7362962514198323,46.71666864161193,0.39389929570151877,0.75,0.7637037485801677,-4.283331358388068,2019
401282705,2021,2,Notre Dame,Toledo,32.0,29.0,3.0,61.0,-16.5,55.5,16.5,1,0,1,,,20.87812180244871,56.89022531168125,0.8619395780145571,0.75,4.37812180244871,1.3902253116812489,2019
401282820,2021,2,UConn,Purdue,0.0,49.0,-49.0,49.0,35.0,57.5,-35.0,0,0,0,,,-37.19059493202202,55.091848124095776,0.03877131100742798,0.75,-2.190594932022023,-2.408151875904224,2019
401300999,2021,2,Akron,Temple,24.0,45.0,-21.0,69.0,6.5,51.5,-6.5,0,0,1,,,-7.705882365304011,50.438954385538366,0.33914011417242645,0.75,-1.205882365304011,-1.0610456144616336,2019
401287900,2021,2,TCU,California,34.0,32.0,2.0,66.0,-11.5,46.5,11.5,1,0,1,,,10.731736805967877,45.351060519248406,0.7354477982359376,0.75,-0.768263194032123,-1.1489394807515936,2019
401282067,2021,2,Colorado,Texas A&M,7.0,10.0,-3.0,17.0,17.0,50.0,-17.0,0,1,0,,,-13.92605470136606,52.2768797424478,0.14815495203072548,0.75,3.073945298633941,2.2768797424477967,2019
401282797,2021,2,Nebraska,Buffalo,28.0,3.0,25.0,31.0,-13.5,54.5,13.5,1,1,0,,,19.868766969842163,49.291445772642895,0.7642910487364631,0.75,6.368766969842163,-5.208554227357105,2019
401282060,2021,2,Georgia,UAB,56.0,7.0,49.0,63.0,-22.5,44.0,22.5,1,1,1,,,22.42147765511025,42.888383195478255,0.9129243140560354,0.75,-0.0785223448897483,-1.111616804521745,2019
401282816,2021,2,Penn State,Ball State,44.0,13.0,31.0,57.0,-22.5,58.0,22.5,1,1,0,,,22.00414146068315,58.44668855417512,0.9340141117140414,0.75,-0.4958585393168491,0.4466885541751182,2019
401301004,2021,2,Navy,Air Force,3.0,23.0,-20.0,26.0,6.0,39.5,-6.0,0,0,0,,,-8.821080114060948,37.430781970796694,0.27025221594879756,0.75,-2.8210801140609476,-2.0692180292033058,2019
401282623,2021,2,Massachusetts,Boston College,28.0,45.0,-17.0,73.0,39.0,57.0,-39.0,0,1,1,,,-30.971039247649944,61.957115111558906,0.11602517216085954,0.75,8.028960752350056,4.957115111558906,2019
401282183,2021,2,Florida Atlantic,Georgia Southern,38.0,6.0,32.0,44.0,-7.0,48.5,7.0,1,1,0,,,12.314543598796595,52.01124388759075,0.6345149043039217,0.75,5.314543598796595,3.5112438875907515,2019
401309546,2021,2,Bowling Green,South Alabama,19.0,22.0,-3.0,41.0,14.5,48.0,-14.5,0,1,0,,,-11.130974048801939,47.33592260407538,0.22847018135073854,0.75,3.3690259511980614,-0.6640773959246218,2019
401282754,2021,2,Iowa State,Iowa,17.0,27.0,-10.0,44.0,-4.0,45.0,4.0,0,0,0,,,1.2276966952775261,44.617517268333344,0.39560470570682493,0.75,-2.772303304722474,-0.3824827316666557,2019
401282189,2021,2,Rice,Houston,7.0,44.0,-37.0,51.0,7.5,50.5,-7.5,0,0,1,,,-8.388261318152399,51.40848950901483,0.3728621413779273,0.75,-0.8882613181523986,0.908489509014828,2019
401301003,2021,2,Arkansas State,Memphis,50.0,55.0,-5.0,105.0,5.5,64.5,-5.5,0,1,1,,,-5.276120293212896,55.1196497160605,0.3693172298305032,0.75,0.22387970678710367,-9.3803502839395,2019
401286295,2021,2,Troy,Liberty,13.0,21.0,-8.0,34.0,3.0,62.5,-3.0,0,0,0,,,-5.306271571819334,58.53534080718299,0.40073013690607,0.75,-2.306271571819334,-3.9646591928170096,2019
401282064,2021,2,Mississippi State,NC State,24.0,10.0,14.0,34.0,1.5,55.5,-1.5,1,1,0,,,2.246505362449375,52.377126069593224,0.46702273111671433,0.75,3.746505362449375,-3.122873930406776,2019
401282057,2021,2,Arkansas,Texas,40.0,21.0,19.0,61.0,6.0,57.5,-6.0,1,1,1,,,-7.557067137998684,59.92171292090178,0.33440825604477176,0.75,-1.5570671379986836,2.4217129209017827,2019
401310700,2021,2,New Mexico,New Mexico State,34.0,25.0,9.0,59.0,-19.5,55.5,19.5,1,0,1,,,19.64995354334907,55.12978262505423,0.7486613142947157,0.75,0.14995354334907063,-0.3702173749457671,2019
401282187,2021,2,SMU,North Texas,35.0,12.0,23.0,47.0,-22.5,73.5,22.5,1,1,0,,,20.657231539192452,67.95854491319895,0.8240262282439349,0.75,-1.842768460807548,-5.541455086801051,2019
401282182,2021,2,Florida International,Texas State,17.0,23.0,-6.0,40.0,-2.0,55.5,2.0,0,0,0,,,2.284861886317472,52.20212494671392,0.6923982047236422,0.75,0.2848618863174721,-3.297875053286077,2019
401282825,2021,2,Wisconsin,Eastern Michigan,34.0,7.0,27.0,41.0,-26.0,52.0,26.0,1,1,0,,,28.929094372836342,55.61020773367529,0.9396469646910643,0.75,2.9290943728363423,3.6102077336752885,2019
401282620,2021,2,Miami,App State,25.0,23.0,2.0,48.0,-7.5,54.5,7.5,1,0,0,,,10.86980356951489,54.11579946253404,0.6973811694662497,0.75,3.3698035695148896,-0.38420053746595784,2019
401282621,2021,2,North Carolina,Georgia State,59.0,17.0,42.0,76.0,-26.0,65.5,26.0,1,1,1,,,28.44676104228495,69.47158534718282,0.8663909435702326,0.75,2.446761042284951,3.971585347182824,2019
401282061,2021,2,Kentucky,Missouri,35.0,28.0,7.0,63.0,-5.5,56.5,5.5,1,1,1,,,9.781940320593211,53.70819677456871,0.6533755031563966,0.75,4.281940320593211,-2.7918032254312877,2019
401282773,2021,2,Michigan,Washington,31.0,10.0,21.0,41.0,-6.5,47.5,6.5,1,1,0,,,6.510347625974969,44.73212828941725,0.7309898441272376,0.75,0.010347625974969077,-2.767871710582753,2019
401282068,2021,2,Colorado State,Vanderbilt,21.0,24.0,-3.0,45.0,-6.5,52.0,6.5,0,0,0,,,4.864715164354322,46.92584318260925,0.6381950043195501,0.75,-1.6352848356456784,-5.074156817390751,2019
401309846,2021,2,Arizona,San Diego State,14.0,38.0,-24.0,52.0,-1.5,46.5,1.5,0,0,1,,,-2.273753029483668,46.07588477672666,0.2911091923061229,0.75,-3.773753029483668,-0.42411522327333984,2019
401309848,2021,2,BYU,Utah,26.0,17.0,9.0,43.0,7.0,50.5,-7.0,1,1,0,,,-7.900554371837571,54.260682822147416,0.5479427690117623,0.75,-0.900554371837571,3.760682822147416,2019
401309843,2021,2,USC,Stanford,28.0,42.0,-14.0,70.0,-17.5,53.5,17.5,0,0,1,,,18.68350190586407,52.3481997527837,0.937815651352701,0.75,1.1835019058640697,-1.1518002472163005,2019
401309847,2021,2,Arizona State,UNLV,37.0,10.0,27.0,47.0,-34.5,56.0,34.5,1,0,0,,,32.63278659027565,55.24951446434715,0.9269707772492197,0.75,-1.86721340972435,-0.7504855356528495,2019
401309844,2021,2,Oregon State,Hawai'i,45.0,27.0,18.0,72.0,-11.0,65.0,11.0,1,1,1,,,19.395580018635002,67.68526977589936,0.8184458330901827,0.75,8.395580018635002,2.685269775899357,2019
401309606,2021,3,Louisiana,Ohio,49.0,14.0,35.0,63.0,-19.0,56.5,19.0,1,1,1,-1600.0,800.0,19.128206053643108,53.86013661215128,0.8411504560097308,0.9,0.12820605364310822,-2.6398633878487203,2019
401282626,2021,3,Louisville,UCF,42.0,35.0,7.0,77.0,7.0,67.5,-7.0,1,1,1,,,-0.7275345281480856,61.085220314386035,0.6437791443103934,0.9,6.272465471851914,-6.414779685613965,2019
401282715,2021,3,Illinois,Maryland,17.0,20.0,-3.0,37.0,7.0,61.5,-7.0,0,1,0,,,0.36366123282919993,60.111156467328215,0.5514780560925174,0.9,7.3636612328292,-1.3888435326717854,2019
401282629,2021,3,Miami,Michigan State,17.0,38.0,-21.0,55.0,-7.0,57.5,7.0,0,0,0,,,9.348839126235433,60.277463947624284,0.6090987181585262,0.9,2.3488391262354327,2.777463947624284,2019
401282725,2021,3,Indiana,Cincinnati,24.0,38.0,-14.0,62.0,4.0,49.5,-4.0,0,0,1,,,-10.9916082709089,48.634364847262866,0.30681435097690346,0.9,-6.9916082709089,-0.8656351527371342,2019
401282634,2021,3,Temple,Boston College,3.0,28.0,-25.0,31.0,15.0,55.5,-15.0,0,0,0,,,-18.254518555302376,51.375138561169855,0.08227545244639235,0.9,-3.2545185553023757,-4.124861438830145,2019
401282079,2021,3,Texas A&M,New Mexico,34.0,0.0,34.0,34.0,-30.0,49.5,30.0,1,1,0,,,29.96959265027388,50.00417531656958,0.9747880899156333,0.9,-0.030407349726118582,0.5041753165695795,2019
401282632,2021,3,Pittsburgh,Western Michigan,41.0,44.0,-3.0,85.0,-14.5,58.5,14.5,0,0,1,,,17.003792185266267,56.543469108048775,0.907030516798643,0.9,2.503792185266267,-1.9565308919512248,2019
401282774,2021,3,Michigan,Northern Illinois,63.0,10.0,53.0,73.0,-27.5,55.0,27.5,1,1,1,,,28.363977537001674,54.15675799485961,0.922090612753695,0.9,0.8639775370016736,-0.8432420051403895,2019
401309552,2021,3,Buffalo,Coastal Carolina,25.0,28.0,-3.0,53.0,14.0,58.0,-14.0,0,1,0,,,-12.232646146247149,57.64398433337794,0.44159383600230867,0.9,1.7673538537528515,-0.3560156666220635,2019
401282636,2021,3,West Virginia,Virginia Tech,27.0,21.0,6.0,48.0,-2.0,49.5,2.0,1,1,0,,,4.483771750877624,48.09557438213265,0.6909186525307569,0.9,2.483771750877624,-1.4044256178673535,2019
401286189,2021,3,Army,UConn,52.0,21.0,31.0,73.0,-34.5,48.0,34.5,1,0,1,,,39.54702115347128,56.8758380671049,0.9369136470025395,0.9,5.047021153471277,8.875838067104901,2019
401282798,2021,3,Oklahoma,Nebraska,23.0,16.0,7.0,39.0,-22.5,62.5,22.5,1,0,0,,,28.70896860078019,59.95535449886586,0.9196527360129756,0.9,6.208968600780189,-2.5446455011341413,2019
401282791,2021,3,Colorado,Minnesota,0.0,30.0,-30.0,30.0,-2.5,49.0,2.5,0,0,0,,,0.3781431147585126,47.486836560940866,0.3932035336008049,0.9,-2.1218568852414874,-1.5131634390591344,2019
401287905,2021,3,Kansas State,Nevada,38.0,17.0,21.0,55.0,1.5,51.5,-1.5,1,1,1,,,-2.8872964340749085,50.34102992216434,0.7412236157611155,0.9,-1.3872964340749085,-1.1589700778356615,2019
401282706,2021,3,Notre Dame,Purdue,27.0,13.0,14.0,40.0,-7.5,58.5,7.5,1,1,0,,,6.735779215251991,58.2292318932425,0.6969068480520326,0.9,-0.7642207847480087,-0.27076810675750096,2019
401282199,2021,3,Louisiana Tech,SMU,37.0,39.0,-2.0,76.0,11.0,65.5,-11.0,0,1,1,,,-8.397720555475601,60.28100853821056,0.29580725499375515,0.9,2.602279444524399,-5.218991461789443,2019
401282627,2021,3,Clemson,Georgia Tech,14.0,8.0,6.0,22.0,-27.5,52.5,27.5,1,0,0,,,21.168823781621477,48.80284953631963,0.9340131666786752,0.9,-6.331176218378523,-3.697150463680373,2019
401287904,2021,3,Kansas,Baylor,7.0,45.0,-38.0,52.0,17.0,48.5,-17.0,0,0,1,,,-23.193852527737647,45.676440598541475,0.037428775892093494,0.9,-6.193852527737647,-2.8235594014585246,2019
401282635,2021,3,Wake Forest,Florida State,35.0,14.0,21.0,49.0,-4.5,62.5,4.5,1,1,0,,,3.4157345857326193,60.08578155163375,0.6086341401745451,0.9,-1.0842654142673807,-2.414218448366249,2019
401282755,2021,3,Iowa,Kent State,30.0,7.0,23.0,37.0,-22.5,55.5,22.5,1,1,0,,,19.07487792188102,52.399467183085775,0.861788711263854,0.9,-3.4251220781189815,-3.1005328169142246,2019
401282810,2021,3,Ohio State,Tulsa,41.0,20.0,21.0,61.0,-24.5,60.5,24.5,1,0,1,,,21.660589218223787,59.569135520133415,0.8975912464432592,0.9,-2.8394107817762126,-0.9308644798665853,2019
401286300,2021,3,Massachusetts,Eastern Michigan,28.0,42.0,-14.0,70.0,22.0,56.5,-22.0,0,1,1,,,-21.970715742620833,52.11282034934485,0.1804800265048416,0.9,0.0292842573791674,-4.387179650655149,2019
401309852,2021,3,Washington State,USC,14.0,45.0,-31.0,59.0,7.0,61.0,-7.0,0,0,0,,,-1.4886088693339605,60.77490656921371,0.4330539706930743,0.9,5.5113911306660395,-0.22509343078628774,2019
401282071,2021,3,Florida,Alabama,29.0,31.0,-2.0,60.0,14.0,60.0,-14.0,0,1,0,,,-5.5157053384650165,55.42181695562859,0.17799075756661434,0.9,8.484294661534983,-4.578183044371407,2019
401282076,2021,3,Memphis,Mississippi State,31.0,29.0,2.0,60.0,3.5,63.5,-3.5,1,1,0,,,-10.363932352571883,61.02468702174056,0.31758522424991215,0.9,-6.863932352571883,-2.4753129782594385,2019
401309549,2021,3,Wyoming,Ball State,45.0,12.0,33.0,57.0,-6.5,53.0,6.5,1,1,1,,,4.551516528147582,52.63156082129829,0.7199749764556304,0.9,-1.948483471852418,-0.3684391787017134,2019
401282628,2021,3,Duke,Northwestern,30.0,23.0,7.0,53.0,2.5,50.0,-2.5,1,1,1,,,-5.275239504747452,54.592085139767825,0.4401848524976969,0.9,-2.775239504747452,4.592085139767825,2019
401309553,2021,3,Toledo,Colorado State,6.0,22.0,-16.0,28.0,-14.5,59.0,14.5,0,0,0,,,7.720317038853013,61.37850778963553,0.7084601761783085,0.9,-6.779682961146987,2.3785077896355276,2019
401282069,2021,3,Arkansas,Georgia Southern,45.0,10.0,35.0,55.0,-23.0,52.5,23.0,1,1,1,,,30.514877987453403,53.0083403392275,0.9285733706644252,0.9,7.514877987453403,0.5083403392275017,2019
401309605,2021,3,Washington,Arkansas State,52.0,3.0,49.0,55.0,-17.5,58.5,17.5,1,1,0,,,16.667816883760274,60.38008438453931,0.8289192224298553,0.9,-0.832183116239726,1.880084384539309,2019
401282200,2021,3,Marshall,East Carolina,38.0,42.0,-4.0,80.0,-10.0,58.5,10.0,0,0,1,,,8.720123306560279,61.11769852492266,0.7804983602374992,0.9,-1.2798766934397214,2.617698524922659,2019
401282194,2021,3,UTSA,Middle Tennessee,27.0,13.0,14.0,40.0,-11.5,59.5,11.5,1,1,0,,,14.779572891927819,53.513368418789064,0.8737689658198365,0.9,3.2795728919278186,-5.986631581210936,2019
401282201,2021,3,Liberty,Old Dominion,45.0,17.0,28.0,62.0,-27.5,52.5,27.5,1,1,1,,,28.515111497255198,61.72656378528413,0.879413600093536,0.9,1.015111497255198,9.226563785284128,2019
401282197,2021,3,Texas Tech,Florida International,54.0,21.0,33.0,75.0,-20.5,54.0,20.5,1,1,1,,,24.43119064521859,54.34968333466816,0.8723864361805178,0.9,3.9311906452185887,0.34968333466815693,2019
401282203,2021,3,Southern Miss,Troy,9.0,21.0,-12.0,30.0,11.0,49.5,-11.0,0,0,0,,,-3.031450097737059,52.42007741885102,0.5175917711982884,0.9,7.968549902262941,2.9200774188510223,2019
401282072,2021,3,Georgia,South Carolina,40.0,13.0,27.0,53.0,-31.5,47.5,31.5,1,0,1,,,29.649428686261015,50.84381309860657,0.9328500962302603,0.9,-1.8505713137389854,3.3438130986065673,2019
401309856,2021,3,San Diego State,Utah,33.0,31.0,2.0,64.0,8.0,43.0,-8.0,1,1,1,,,-6.485002008233458,41.944092087362826,0.6855965961059568,0.9,1.514997991766542,-1.0559079126371742,2019
401282196,2021,3,Georgia State,Charlotte,20.0,9.0,11.0,29.0,-4.5,63.0,4.5,1,1,0,,,8.261429674545973,59.35748349486507,0.6885522774173004,0.9,3.7614296745459725,-3.642516505134928,2019
401282070,2021,3,Penn State,Auburn,28.0,20.0,8.0,48.0,-4.0,52.5,4.0,1,1,0,,,8.60711945078133,47.94919657668736,0.682174536666406,0.9,4.60711945078133,-4.550803423312637,2019
401282631,2021,3,North Carolina,Virginia,59.0,39.0,20.0,98.0,-7.5,66.5,7.5,1,1,1,,,5.512918370632894,63.05662679369485,0.6086372065040313,0.9,-1.9870816293671059,-3.4433732063051465,2019
401282074,2021,3,LSU,Central Michigan,49.0,21.0,28.0,70.0,-19.5,60.5,19.5,1,1,1,,,22.452137011851168,57.81483077161989,0.9010204997577349,0.9,2.9521370118511676,-2.6851692283801114,2019
401310704,2021,3,Air Force,Utah State,45.0,49.0,-4.0,94.0,-9.0,54.5,9.0,0,0,1,,,9.26542659130559,54.72518867258385,0.734255763452865,0.9,0.2654265913055909,0.22518867258384745,2019
401282195,2021,3,North Texas,UAB,6.0,40.0,-34.0,46.0,12.5,58.0,-12.5,0,0,0,,,-17.3265416387394,55.05541183609875,0.22910216452469817,0.9,-4.8265416387394,-2.944588163901251,2019
401282075,2021,3,Ole Miss,Tulane,61.0,21.0,40.0,82.0,-14.0,77.0,14.0,1,1,1,,,19.165276101037975,69.07112935263211,0.7338145604738453,0.9,5.165276101037975,-7.928870647367887,2019
401282080,2021,3,Vanderbilt,Stanford,23.0,41.0,-18.0,64.0,12.5,49.0,-12.5,0,0,1,,,-7.268460959162114,46.38277139246995,0.425503877532239,0.9,5.231539040837886,-2.617228607530052,2019
401282202,2021,3,Texas,Rice,58.0,0.0,58.0,58.0,-26.0,51.5,26.0,1,1,1,,,26.835693226804192,48.3677912674816,0.9771472059086056,0.9,0.8356932268041923,-3.1322087325184,2019
401287903,2021,3,Boise State,Oklahoma State,20.0,21.0,-1.0,41.0,-3.5,58.0,3.5,0,0,0,,,4.819183407339132,63.56764371998041,0.4935053705357588,0.9,1.319183407339132,5.56764371998041,2019
401309854,2021,3,BYU,Arizona State,27.0,17.0,10.0,44.0,3.0,50.5,-3.0,1,1,0,,,-7.493473156375328,52.6020691756399,0.2775783895304605,0.9,-4.493473156375328,2.1020691756398975,2019
401287906,2021,3,UNLV,Iowa State,3.0,48.0,-45.0,51.0,32.0,52.5,-32.0,0,0,0,,,-29.013042014628336,46.56468528627129,0.02811447727759835,0.9,2.9869579853716637,-5.935314713728708,2019
401309855,2021,3,UCLA,Fresno State,37.0,40.0,-3.0,77.0,-11.0,65.0,11.0,0,0,1,,,16.598430295416442,63.10389210720311,0.78127424021459,0.9,5.598430295416442,-1.8961078927968913,2019
401310705,2021,3,Hawai'i,San José State,13.0,17.0,-4.0,30.0,8.0,63.0,-8.0,0,1,0,,,-8.58434970235993,66.67577628605878,0.35729617831263055,0.9,-0.5843497023599298,3.6757762860587775,2019
401282208,2021,4,App State,Marshall,31.0,30.0,1.0,61.0,-7.0,59.5,7.0,1,0,1,,,7.038586044063789,66.48493643615973,0.6156250436181134,1.0,0.03858604406378863,6.984936436159728,2019
401282204,2021,4,Charlotte,Middle Tennessee,42.0,39.0,3.0,81.0,-2.5,55.5,2.5,1,1,1,,,1.370923237370096,51.326632936101724,0.4711066991221645,1.0,-1.129076762629904,-4.173367063898276,2019
401282638,2021,4,Virginia,Wake Forest,17.0,37.0,-20.0,54.0,-3.5,71.0,3.5,0,0,0,,,-0.7883612288444706,63.07538931437573,0.49246950466290096,1.0,-4.288361228844471,-7.924610685624273,2019
401282637,2021,4,Syracuse,Liberty,24.0,21.0,3.0,45.0,6.5,54.0,-6.5,1,1,0,,,-4.720192625771829,52.54596264510716,0.5837324755636266,1.0,1.779807374228171,-1.45403735489284,2019
401310707,2021,4,Fresno State,UNLV,38.0,30.0,8.0,68.0,-30.0,59.0,30.0,1,0,1,,,26.81476435239298,55.33407204400793,0.9412785514468536,1.0,-3.185235647607019,-3.6659279559920677,2019
401287910,2021,4,TCU,SMU,34.0,42.0,-8.0,76.0,-9.5,65.5,9.5,0,0,1,,,12.44423936092986,59.58377956452775,0.790671463133918,1.0,2.94423936092986,-5.916220435472248,2019
401282805,2021,4,Northwestern,Ohio,35.0,6.0,29.0,41.0,-13.5,47.5,13.5,1,1,0,,,12.720375601615565,47.4921635494543,0.7328319250742104,1.0,-0.7796243983844349,-0.007836450545703144,2019
401282792,2021,4,Minnesota,Bowling Green,10.0,14.0,-4.0,24.0,-30.5,51.0,30.5,0,0,0,,,27.59165967648767,49.71357931463657,0.9547588996764415,1.0,-2.9083403235123306,-1.2864206853634315,2019
401282707,2021,4,Wisconsin,Notre Dame,13.0,41.0,-28.0,54.0,-6.0,44.0,6.0,0,0,1,,,12.13060704823938,42.76188444061424,0.6374093062237819,1.0,6.13060704823938,-1.2381155593857613,2019
401310706,2021,4,Utah State,Boise State,3.0,27.0,-24.0,30.0,9.5,69.5,-9.5,0,0,0,,,-6.877054459841901,63.46200155015931,0.2778389048839729,1.0,2.622945540158099,-6.037998449840693,2019
401308834,2021,4,Army,Miami (OH),23.0,10.0,13.0,33.0,-7.5,48.5,7.5,1,1,0,,,11.947361363783042,46.89386336377173,0.7112012330147816,1.0,4.447361363783042,-1.6061366362282712,2019
401282086,2021,4,Boston College,Missouri,41.0,34.0,7.0,75.0,-1.0,58.0,1.0,1,1,1,,,-2.340976109479063,47.58916592187269,0.6388660875226477,1.0,-3.340976109479063,-10.410834078127309,2019
401282085,2021,4,Mississippi State,LSU,25.0,28.0,-3.0,53.0,1.5,55.0,-1.5,0,0,0,,,1.2240878868061422,61.81866576604499,0.5808571636659704,1.0,2.7240878868061422,6.818665766044987,2019
401282206,2021,4,Central Michigan,Florida International,31.0,27.0,4.0,58.0,-12.0,55.5,12.0,1,0,1,,,16.379165587560365,52.87578992444534,0.7353212651644844,1.0,4.379165587560365,-2.6242100755546574,2019
401287911,2021,4,Texas,Texas Tech,70.0,35.0,35.0,105.0,-9.0,62.5,9.0,1,1,1,,,7.862431639050235,56.235878935266754,0.7576014251056059,1.0,-1.137568360949765,-6.264121064733246,2019
401282088,2021,4,Vanderbilt,Georgia,0.0,62.0,-62.0,62.0,36.0,54.0,-36.0,0,0,1,,,-33.402250630407295,53.12437352423281,0.09182471586278478,1.0,2.597749369592705,-0.8756264757671914,2019
401286301,2021,4,Coastal Carolina,Massachusetts,53.0,3.0,50.0,56.0,-36.0,66.0,36.0,1,1,0,,,33.62977656350877,63.23797346328379,0.9419174216450803,1.0,-2.37022343649123,-2.7620265367162133,2019
401309557,2021,4,Eastern Michigan,Texas State,59.0,21.0,38.0,80.0,-7.5,62.5,7.5,1,1,1,,,8.958945818251376,60.00838223158151,0.7621563362945658,1.0,1.458945818251376,-2.491617768418493,2019
401309555,2021,4,Ball State,Toledo,12.0,22.0,-10.0,34.0,4.5,56.5,-4.5,0,0,0,,,-1.6101427273690407,54.31221519448304,0.4746735197192805,1.0,2.8898572726309593,-2.187784805516962,2019
401309554,2021,4,Western Michigan,San José State,23.0,3.0,20.0,26.0,-2.5,62.0,2.5,1,1,0,,,3.7488741643039565,65.95306831280136,0.6985314103516322,1.0,1.2488741643039565,3.9530683128013635,2019
401309861,2021,4,Utah,Washington State,24.0,13.0,11.0,37.0,-15.0,53.0,15.0,1,0,0,,,15.52469064583769,57.343183840078765,0.7694869681117968,1.0,0.5246906458376905,4.3431838400787655,2019
401282640,2021,4,Florida State,Louisville,23.0,31.0,-8.0,54.0,-1.5,61.0,1.5,0,0,0,,,5.138186933865357,61.68712024805007,0.5555084209274687,1.0,3.6381869338653567,0.6871202480500713,2019
401282775,2021,4,Michigan,Rutgers,20.0,13.0,7.0,33.0,-20.5,50.0,20.5,1,0,0,,,18.04024394544026,51.706752999974796,0.9066176937058359,1.0,-2.4597560545597403,1.7067529999747961,2019
401282082,2021,4,Arkansas,Texas A&M,20.0,10.0,10.0,30.0,4.5,47.0,-4.5,1,1,0,,,1.8469165896572068,50.69468558779428,0.5269985676509078,1.0,6.346916589657207,3.6946855877942824,2019
401286190,2021,4,UConn,Wyoming,22.0,24.0,-2.0,46.0,31.5,53.5,-31.5,0,1,0,,,-27.102227475905813,49.92119548590464,0.09977610781328071,1.0,4.3977725240941865,-3.57880451409536,2019
401282643,2021,4,NC State,Clemson,27.0,21.0,6.0,48.0,10.5,47.5,-10.5,1,1,1,,,-18.14352168661678,45.431967028998024,0.14558341160356797,1.0,-7.643521686616779,-2.0680329710019763,2019
401287907,2021,4,Baylor,Iowa State,31.0,29.0,2.0,60.0,7.0,46.0,-7.0,1,1,1,,,-1.4019948338856238,44.35286657585479,0.6229366983906233,1.0,5.598005166114376,-1.6471334241452098,2019
401282213,2021,4,Memphis,UTSA,28.0,31.0,-3.0,59.0,-3.0,66.5,3.0,0,0,0,,,2.138730463420994,57.428411041012126,0.5637744151392146,1.0,-0.8612695365790062,-9.071588958987874,2019
401282716,2021,4,Purdue,Illinois,13.0,9.0,4.0,22.0,-10.5,53.5,10.5,1,0,0,,,13.193300600937096,50.14053435045145,0.9012110366279369,1.0,2.6933006009370963,-3.3594656495485467,2019
401282756,2021,4,Iowa,Colorado State,24.0,14.0,10.0,38.0,-23.5,43.5,23.5,1,0,0,,,27.888468318281937,48.348547014762765,0.9561518593421681,1.0,4.388468318281937,4.848547014762765,2019
401282765,2021,4,Maryland,Kent State,37.0,16.0,21.0,53.0,-13.0,71.5,13.0,1,1,0,,,12.76293953866975,71.11711785490132,0.8162948942156824,1.0,-0.23706046133025005,-0.3828821450986766,2019
401282639,2021,4,Duke,Kansas,52.0,33.0,19.0,85.0,-16.5,57.5,16.5,1,1,1,,,7.5422192842994065,58.38886792369388,0.8264747669092518,1.0,-8.957780715700594,0.8888679236938799,2019
401282083,2021,4,Auburn,Georgia State,34.0,24.0,10.0,58.0,-27.5,57.0,27.5,1,0,1,,,26.513898469121646,56.8122848358451,0.9285895676657435,1.0,-0.9861015308783543,-0.18771516415490197,2019
401301011,2021,4,Tulsa,Arkansas State,41.0,34.0,7.0,75.0,-14.5,65.0,14.5,1,0,1,,,18.722066327327827,67.15826423922236,0.9287755387302336,1.0,4.222066327327827,2.158264239222362,2019
401309610,2021,4,Georgia Southern,Louisiana,20.0,28.0,-8.0,48.0,14.5,54.5,-14.5,0,1,0,,,-18.956104436464273,49.73133451011733,0.0313853572242461,1.0,-4.456104436464273,-4.768665489882672,2019
401309858,2021,4,Stanford,UCLA,24.0,35.0,-11.0,59.0,4.0,60.0,-4.0,0,0,0,,,-13.819132583998474,60.83408504305654,0.15402217073671592,1.0,-9.819132583998474,0.8340850430565396,2019
401282209,2021,4,Old Dominion,Buffalo,34.0,35.0,-1.0,69.0,13.0,50.5,-13.0,0,1,1,,,-9.545526716920637,50.72228111362017,0.28517979562998197,1.0,3.4544732830793627,0.2222811136201699,2019
401282084,2021,4,Florida,Tennessee,38.0,14.0,24.0,52.0,-19.0,65.0,19.0,1,1,0,,,23.76012130730529,61.812420013733515,0.8127383614765082,1.0,4.76012130730529,-3.187579986266485,2019
401282205,2021,4,Louisiana Tech,North Texas,24.0,17.0,7.0,41.0,-10.5,65.0,10.5,1,0,0,,,4.457483813304872,65.4185936053006,0.7837500297422932,1.0,-6.042516186695128,0.4185936053006003,2019
401282087,2021,4,South Carolina,Kentucky,10.0,16.0,-6.0,26.0,4.5,49.0,-4.5,0,0,0,,,-7.385944996435916,50.52787454877502,0.3591179709121677,1.0,-2.8859449964359163,1.5278745487750172,2019
401282784,2021,4,Michigan State,Nebraska,23.0,20.0,3.0,43.0,-3.5,55.0,3.5,1,0,0,,,11.617093837613773,52.40227649074171,0.7232620340214149,1.0,8.117093837613773,-2.5977235092582873,2019
401287909,2021,4,Oklahoma State,Kansas State,31.0,20.0,11.0,51.0,-6.0,47.5,6.0,1,1,1,,,3.209419613091429,47.87718288823752,0.618638165355057,1.0,-2.790580386908571,0.37718288823752033,2019
401301008,2021,4,Houston,Navy,28.0,20.0,8.0,48.0,-20.0,47.0,20.0,1,0,1,,,18.397155163556906,52.387250453525,0.8068442112970969,1.0,-1.6028448364430936,5.387250453524999,2019
401282811,2021,4,Ohio State,Akron,59.0,7.0,52.0,66.0,-48.5,66.5,48.5,1,1,0,,,51.68264797414983,68.42664708716917,0.9589036130859916,1.0,3.1826479741498304,1.9266470871691723,2019
401287908,2021,4,Oklahoma,West Virginia,16.0,13.0,3.0,29.0,-17.5,56.5,17.5,1,0,0,,,16.699745923857332,53.98883147530188,0.9196695346508502,1.0,-0.800254076142668,-2.511168524698121,2019
401282081,2021,4,Alabama,Southern Miss,63.0,14.0,49.0,77.0,-45.0,58.5,45.0,1,1,1,,,47.67101572128359,56.896170547442296,0.9772767235487799,1.0,2.671015721283588,-1.6038294525577044,2019
401282641,2021,4,Georgia Tech,North Carolina,45.0,22.0,23.0,67.0,14.5,65.5,-14.5,1,1,1,,,-10.596793781953473,66.0206583528929,0.29183756944993755,1.0,3.9032062180465275,0.5206583528928945,2019
401282207,2021,4,Air Force,Florida Atlantic,31.0,7.0,24.0,38.0,-3.5,54.0,3.5,1,1,0,,,9.120442963869895,58.50913542739064,0.632526100471969,1.0,5.620442963869895,4.509135427390639,2019
401282211,2021,4,Tulane,UAB,21.0,28.0,-7.0,49.0,-2.5,54.5,2.5,0,0,0,,,-0.32911140545092765,54.520230773416465,0.6513745169362082,1.0,-2.8291114054509277,0.020230773416464842,2019
401310708,2021,4,New Mexico State,Hawai'i,21.0,41.0,-20.0,62.0,17.0,63.0,-17.0,0,0,0,,,-10.958644277280447,59.91818954099743,0.26287645488621264,1.0,6.041355722719553,-3.0818104590025683,2019
401309611,2021,4,UL Monroe,Troy,29.0,16.0,13.0,45.0,23.5,49.5,-23.5,1,1,0,,,-17.44162817607475,50.31770457004193,0.08740362841911298,1.0,6.058371823925249,0.8177045700419328,2019
401282214,2021,4,Western Kentucky,Indiana,31.0,33.0,-2.0,64.0,9.5,62.5,-9.5,0,1,1,,,-14.827024754681723,62.41076862692667,0.404200979291923,1.0,-5.327024754681723,-0.08923137307333207,2019
401282212,2021,4,UTEP,New Mexico,20.0,13.0,7.0,33.0,2.5,54.0,-2.5,1,1,0,,,-3.307198219792022,55.10455208440283,0.5178625343360221,1.0,-0.807198219792022,1.1045520844028331,2019
401309857,2021,4,Washington,California,31.0,24.0,7.0,55.0,-7.5,47.5,7.5,1,0,1,,,7.319834638153441,44.10917024034281,0.733182434100213,1.0,-0.18016536184655862,-3.390829759657187,2019
401301009,2021,4,BYU,South Florida,35.0,27.0,8.0,62.0,-23.5,54.5,23.5,1,0,1,,,18.005817510358696,53.7446745432113,0.8468056113343418,1.0,-5.494182489641304,-0.7553254567886967,2019
401309859,2021,4,Oregon,Arizona,41.0,19.0,22.0,60.0,-29.5,59.0,29.5,1,0,1,,,25.988337299671613,57.06362987998188,0.9244481101224152,1.0,-3.5116627003283867,-1.9363701200181183,2019
401309860,2021,4,USC,Oregon State,27.0,45.0,-18.0,72.0,-11.0,63.0,11.0,0,0,1,,,4.52195457738734,57.548975176374405,0.7191760269848655,1.0,-6.47804542261266,-5.451024823625595,2019
401309862,2021,4,Arizona State,Colorado,35.0,13.0,22.0,48.0,-14.0,45.5,14.0,1,1,1,,,16.18471905168664,51.46247472532982,0.9027542743194411,1.0,2.1847190516866384,5.96247472532982,2019
401282646,2021,5,Miami,Virginia,28.0,30.0,-2.0,58.0,-3.5,63.5,3.5,0,0,0,,,3.5718673173793873,59.6624618622611,0.7095586624766967,1.0,0.07186731737938734,-3.8375381377389033,2019
401301012,2021,5,Tulsa,Houston,10.0,45.0,-35.0,55.0,-3.5,54.0,3.5,0,0,1,,,4.805620019028327,56.634847578470726,0.54218814527533,1.0,1.3056200190283267,2.634847578470726,2019
401282759,2021,5,Maryland,Iowa,14.0,51.0,-37.0,65.0,3.0,47.5,-3.0,0,0,1,,,0.3155177798382578,46.97528772074914,0.4045265000062401,1.0,3.315517779838258,-0.5247122792508634,2019
401309912,2021,5,Utah State,BYU,20.0,34.0,-14.0,54.0,8.0,65.5,-8.0,0,0,0,,,-14.299919771782571,63.76514927177456,0.18134407115372086,1.0,-6.299919771782571,-1.7348507282254388,2019
401282093,2021,5,Missouri,Tennessee,24.0,62.0,-38.0,86.0,-2.5,66.0,2.5,0,0,1,,,3.0386860877748245,60.07763332906953,0.48716176140686407,1.0,0.5386860877748245,-5.922366670930472,2019
401282090,2021,5,Georgia,Arkansas,37.0,0.0,37.0,37.0,-16.5,48.5,16.5,1,1,0,,,13.055792892758623,49.814520745616704,0.8662155972711794,1.0,-3.444207107241377,1.3145207456167043,2019
401282219,2021,5,Illinois,Charlotte,24.0,14.0,10.0,38.0,-10.5,54.0,10.5,1,0,0,,,21.34452625448965,49.07017567132264,0.9113607635225462,1.0,10.84452625448965,-4.929824328677363,2019
401282776,2021,5,Wisconsin,Michigan,17.0,38.0,-21.0,55.0,-2.5,43.5,2.5,0,0,1,,,1.2912516873564606,46.74634282864426,0.3528480635490348,1.0,-1.2087483126435394,3.2463428286442593,2019
401282650,2021,5,North Carolina,Duke,38.0,7.0,31.0,45.0,-19.5,74.5,19.5,1,1,0,,,23.38791957632337,70.44888933207065,0.7843047779184351,1.0,3.8879195763233696,-4.0511106679293505,2019
401282793,2021,5,Purdue,Minnesota,13.0,20.0,-7.0,33.0,-2.5,46.0,2.5,0,0,0,,,14.762838573341371,44.375512499243044,0.7031460989474871,1.0,12.262838573341371,-1.6244875007569561,2019
401309561,2021,5,Buffalo,Western Michigan,17.0,24.0,-7.0,41.0,7.0,59.5,-7.0,0,0,0,,,-5.52657727107061,61.306047551918,0.5999740782375486,1.0,1.47342272892939,1.8060475519179988,2019
401301015,2021,5,Temple,Memphis,34.0,31.0,3.0,65.0,11.0,59.0,-11.0,1,1,1,,,-7.555435103996633,59.964210307438435,0.15339764215522744,1.0,3.4445648960033672,0.9642103074384352,2019
401286302,2021,5,Massachusetts,Toledo,7.0,45.0,-38.0,52.0,27.0,56.5,-27.0,0,0,0,,,-25.79209966627267,60.73267764969157,0.0740456068650906,1.0,1.2079003337273306,4.232677649691567,2019
401287915,2021,5,TCU,Texas,27.0,32.0,-5.0,59.0,4.0,65.5,-4.0,0,0,0,,,-5.79711890502235,64.26144096071441,0.28063131262501095,1.0,-1.7971189050223497,-1.2385590392855903,2019
401282649,2021,5,Georgia Tech,Pittsburgh,21.0,52.0,-31.0,73.0,3.0,57.5,-3.0,0,0,1,,,-10.579517003544442,57.091884136917784,0.2696023962528462,1.0,-7.579517003544442,-0.4081158630822159,2019
401282651,2021,5,Wake Forest,Louisville,37.0,34.0,3.0,71.0,-7.0,64.5,7.0,1,0,1,,,9.818366227871035,59.56020543423389,0.6952685013922513,1.0,2.818366227871035,-4.939794565766107,2019
401309612,2021,5,Georgia State,App State,16.0,45.0,-29.0,61.0,10.0,54.5,-10.0,0,0,1,,,-15.44894605670195,61.272928894858346,0.18778081862772822,1.0,-5.448946056701949,6.772928894858346,2019
401309867,2021,5,Colorado,USC,14.0,37.0,-23.0,51.0,9.0,51.0,-9.0,0,0,0,,,-23.065848456734983,49.39497802998729,0.0600466667429511,1.0,-14.065848456734983,-1.6050219700127073,2019
401309558,2021,5,Northern Illinois,Eastern Michigan,27.0,20.0,7.0,47.0,-1.5,62.0,1.5,1,1,0,,,2.940508796974707,63.577639743614704,0.31048451361915336,1.0,1.440508796974707,1.5776397436147036,2019
401282708,2021,5,Notre Dame,Cincinnati,13.0,24.0,-11.0,37.0,2.0,50.0,-2.0,0,0,0,,,0.47995226717302986,48.339979599249205,0.6871757692681033,1.0,2.47995226717303,-1.6600204007507955,2019
401309614,2021,5,Coastal Carolina,UL Monroe,59.0,6.0,53.0,65.0,-33.5,57.5,33.5,1,1,1,,,22.285540542120295,55.54695942364625,0.8979691614807221,1.0,-11.214459457879705,-1.9530405763537502,2019
401309864,2021,5,Stanford,Oregon,31.0,24.0,7.0,55.0,8.5,57.5,-8.5,1,1,0,,,-11.049777666552597,52.85864535010503,0.3013604215371448,1.0,-2.549777666552597,-4.641354649894971,2019
401310711,2021,5,Boise State,Nevada,31.0,41.0,-10.0,72.0,-3.5,59.0,3.5,0,0,1,,,8.242845390173173,53.6942250348002,0.7996853044973546,1.0,4.742845390173173,-5.305774965199802,2019
401282813,2021,5,Rutgers,Ohio State,13.0,52.0,-39.0,65.0,15.0,58.0,-15.0,0,0,1,,,-12.389169757345158,57.1199683831469,0.10413992685583659,1.0,2.610830242654842,-0.8800316168531026,2019
401309562,2021,5,Kent State,Bowling Green,27.0,20.0,7.0,47.0,-16.5,56.0,16.5,1,0,0,,,17.032770635170657,50.92811843656502,0.7639685677973687,1.0,0.5327706351706567,-5.071881563434978,2019
401287913,2021,5,Kansas State,Oklahoma,31.0,37.0,-6.0,68.0,12.5,53.0,-12.5,0,1,1,,,-3.1681445263098063,55.26961699041553,0.2672041644773593,1.0,9.331855473690194,2.2696169904155283,2019
401282089,2021,5,Alabama,Ole Miss,42.0,21.0,21.0,63.0,-15.0,79.5,15.0,1,1,0,,,18.343399461466696,81.63107449076337,0.8137358368869223,1.0,3.3433994614666958,2.1310744907633676,2019
401282215,2021,5,Florida Atlantic,Florida International,58.0,21.0,37.0,79.0,-10.5,52.0,10.5,1,1,1,,,16.6116724190937,56.44741957812683,0.9158914885799346,1.0,6.111672419093701,4.4474195781268335,2019
401282648,2021,5,Florida State,Syracuse,33.0,30.0,3.0,63.0,-5.5,50.5,5.5,1,0,1,,,3.4510062561376915,50.060365881447176,0.47100081604540955,1.0,-2.0489937438623085,-0.4396341185528243,2019
401308835,2021,5,Miami (OH),Central Michigan,28.0,17.0,11.0,45.0,1.5,56.0,-1.5,1,1,0,,,-1.8359366468937997,62.22359289843398,0.5843368550815071,1.0,-0.33593664689379965,6.223592898433978,2019
401309560,2021,5,Akron,Ohio,17.0,34.0,-17.0,51.0,9.5,55.0,-9.5,0,0,0,,,-13.664748265592861,52.26036773265144,0.10306742127566798,1.0,-4.164748265592861,-2.7396322673485614,2019
401282094,2021,5,South Carolina,Troy,23.0,14.0,9.0,37.0,-6.5,43.5,6.5,1,1,0,,,9.055952954132321,42.13888289505625,0.8418603183620508,1.0,2.555952954132321,-1.3611171049437516,2019
401287916,2021,5,West Virginia,Texas Tech,20.0,23.0,-3.0,43.0,-7.5,55.5,7.5,0,0,0,,,11.275311596957579,53.53222142229095,0.7502744471965894,1.0,3.775311596957579,-1.9677785777090477,2019
401301013,2021,5,Navy,UCF,34.0,30.0,4.0,64.0,15.0,52.5,-15.0,1,1,1,,,-12.32329435772741,52.071857752280174,0.1841730738894262,1.0,2.676705642272591,-0.42814224771982623,2019
401301014,2021,5,East Carolina,Tulane,52.0,29.0,23.0,81.0,3.0,64.5,-3.0,1,1,1,,,1.7453065254648878,62.449395818644255,0.6286541067967004,1.0,4.745306525464888,-2.0506041813557445,2019
401301016,2021,5,SMU,South Florida,41.0,17.0,24.0,58.0,-21.0,68.5,21.0,1,1,0,,,17.098321537201574,69.72653005818536,0.7767240325172163,1.0,-3.901678462798426,1.2265300581853609,2019
401309613,2021,5,Georgia Southern,Arkansas State,59.0,33.0,26.0,92.0,-2.0,66.0,2.0,1,1,1,,,-2.003649932455221,70.35901593153935,0.4105795650054782,1.0,-4.003649932455221,4.359015931539346,2019
401309559,2021,5,Ball State,Army,28.0,16.0,12.0,44.0,10.0,47.5,-10.0,1,1,0,,,-18.87031753972036,49.82438759253126,0.1488422693069446,1.0,-8.87031753972036,2.3243875925312594,2019
401309863,2021,5,California,Washington State,6.0,21.0,-15.0,27.0,-7.5,52.5,7.5,0,0,0,,,8.13695912891795,49.60293848995324,0.7527445838395892,1.0,0.6369591289179493,-2.897061510046761,2019
401282091,2021,5,Kentucky,Florida,20.0,13.0,7.0,33.0,7.5,56.5,-7.5,1,1,0,,,6.073037117777096,50.75816703938329,0.6398177190745168,1.0,13.573037117777096,-5.741832960616712,2019
401282222,2021,5,UTSA,UNLV,24.0,17.0,7.0,41.0,-21.5,55.5,21.5,1,0,0,,,20.40923707060906,56.386196129915085,0.9401288530675374,1.0,-1.0907629293909409,0.8861961299150849,2019
401282220,2021,5,NC State,Louisiana Tech,34.0,27.0,7.0,61.0,-17.5,56.0,17.5,1,0,1,,,21.552508782475687,54.505930757683345,0.947465221263221,1.0,4.052508782475687,-1.4940692423166553,2019
401310710,2021,5,New Mexico,Air Force,10.0,38.0,-28.0,48.0,11.5,45.5,-11.5,0,0,1,,,-13.465072361892299,48.07259531171957,0.11468607971869543,1.0,-1.9650723618922985,2.5725953117195672,2019
401282218,2021,5,Rice,Southern Miss,24.0,19.0,5.0,43.0,-1.5,44.5,1.5,1,1,0,,,-1.6373771240455683,43.479281789646485,0.390390461610269,1.0,-3.1373771240455683,-1.0207182103535146,2019
401282221,2021,5,UAB,Liberty,12.0,36.0,-24.0,48.0,-3.0,49.5,3.0,0,0,0,,,7.1573993699726985,50.358447255604865,0.6994316886202554,1.0,4.1573993699726985,0.8584472556048652,2019
401287914,2021,5,Oklahoma State,Baylor,24.0,14.0,10.0,38.0,-4.0,47.0,4.0,1,1,0,,,4.800095786500851,50.033213539855005,0.5743552699622871,1.0,0.8000957865008509,3.033213539855005,2019
401287912,2021,5,Iowa State,Kansas,59.0,7.0,52.0,66.0,-34.5,57.0,34.5,1,1,1,,,36.13241146981532,57.38691643950092,0.9881603346885882,1.0,1.6324114698153167,0.38691643950092214,2019
401282216,2021,5,Middle Tennessee,Marshall,34.0,28.0,6.0,62.0,10.5,65.5,-10.5,1,1,0,,,-10.559074725257533,68.11826358542685,0.08083096943731866,1.0,-0.05907472525753299,2.6182635854268455,2019
401282095,2021,5,Texas A&M,Mississippi State,22.0,26.0,-4.0,48.0,-7.0,45.5,7.0,0,0,1,,,3.3238410813900923,44.30969815467224,0.684842140129238,1.0,-3.6761589186099077,-1.1903018453277596,2019
401282729,2021,5,Penn State,Indiana,24.0,0.0,24.0,24.0,-12.5,54.0,12.5,1,1,0,,,14.865584827930148,52.72174170346717,0.8644407968769511,1.0,2.3655848279301477,-1.278258296532833,2019
401282800,2021,5,Nebraska,Northwestern,56.0,7.0,49.0,63.0,-11.5,51.5,11.5,1,1,1,,,22.889864266586095,58.07866846850118,0.9050485335769076,1.0,11.389864266586095,6.578668468501178,2019
401282223,2021,5,Michigan State,Western Kentucky,48.0,31.0,17.0,79.0,-10.5,66.5,10.5,1,1,1,,,11.130111647001675,65.61056564223969,0.7440485572025142,1.0,0.6301116470016748,-0.8894343577603081,2019
401282647,2021,5,Clemson,Boston College,19.0,13.0,6.0,32.0,-14.5,46.5,14.5,1,0,0,,,6.781003769563084,45.47145042163102,0.6990596996023359,1.0,-7.718996230436916,-1.028549578368981,2019
401282096,2021,5,Vanderbilt,UConn,30.0,28.0,2.0,58.0,-14.5,51.0,14.5,1,0,1,,,20.961956166973728,56.47278162199276,0.8382260403866433,1.0,6.461956166973728,5.472781621992759,2019
401309615,2021,5,South Alabama,Louisiana,18.0,20.0,-2.0,38.0,12.0,52.5,-12.0,0,1,0,,,-22.806605224339975,48.16077864339273,0.07361722966660422,1.0,-10.806605224339975,-4.339221356607268,2019
401309865,2021,5,Oregon State,Washington,27.0,24.0,3.0,51.0,-2.5,57.5,2.5,1,1,0,,,5.942166656474546,52.36121377802079,0.4743177654097307,1.0,3.442166656474546,-5.13878622197921,2019
401282217,2021,5,UTEP,Old Dominion,28.0,21.0,7.0,49.0,-5.5,48.5,5.5,1,1,1,,,4.0354275572798,55.10029497456,0.43066675280017186,1.0,-1.4645724427201996,6.600294974560001,2019
401282092,2021,5,LSU,Auburn,19.0,24.0,-5.0,43.0,-3.0,56.0,3.0,0,0,0,,,1.4706847609120075,57.9310017645838,0.42254905648322066,1.0,-1.5293152390879925,1.9310017645837974,2019
401309866,2021,5,UCLA,Arizona State,23.0,42.0,-19.0,65.0,-3.0,56.0,3.0,0,0,1,,,4.6486229159856505,50.054733905495546,0.6136287014831487,1.0,1.6486229159856505,-5.945266094504454,2019
401310713,2021,5,San José State,New Mexico State,37.0,31.0,6.0,68.0,-25.5,51.5,25.5,1,0,1,,,22.3452545760515,53.834352144404995,0.8336824320570628,1.0,-3.1547454239485013,2.3343521444049955,2019
401310712,2021,5,Hawai'i,Fresno State,27.0,24.0,3.0,51.0,10.5,64.5,-10.5,1,1,0,,,-9.596637305239172,59.952722824457716,0.40069829752895214,1.0,0.903362694760828,-4.547277175542284,2019
401309616,2021,6,Arkansas State,Coastal Carolina,20.0,52.0,-32.0,72.0,20.0,74.5,-20.0,0,0,0,,,-20.317216458073894,68.76778882479037,0.10057493473932143,1.0,-0.31721645807389365,-5.732211175209628,2019
401301017,2021,6,Tulane,Houston,22.0,40.0,-18.0,62.0,6.5,60.0,-6.5,0,0,1,,,-4.431504250486757,63.5978941106242,0.44531744328918704,1.0,2.068495749513243,3.5978941106242033,2019
401282224,2021,6,Florida International,Charlotte,33.0,45.0,-12.0,78.0,3.5,60.5,-3.5,0,0,1,,,-2.4235631971268043,57.50216106564097,0.6898291794860713,1.0,1.0764368028731957,-2.997838934359031,2019
401301018,2021,6,Cincinnati,Temple,52.0,3.0,49.0,55.0,-30.0,52.5,30.0,1,1,1,,,33.177749787445855,52.279403947638194,0.9885686676152011,1.0,3.1777497874458547,-0.22059605236180602,2019
401309868,2021,6,Arizona State,Stanford,28.0,10.0,18.0,38.0,-13.5,53.5,13.5,1,1,0,,,18.377636518166035,53.42851199289758,0.8535324003181213,1.0,4.877636518166035,-0.07148800710241687,2019
401309564,2021,6,Toledo,Northern Illinois,20.0,22.0,-2.0,42.0,-13.0,51.0,13.0,0,0,0,,,7.221562597636521,51.66545322121613,0.801720317817798,1.0,-5.778437402363479,0.6654532212161328,2019
401282102,2021,6,Tennessee,South Carolina,45.0,20.0,25.0,65.0,-10.5,56.5,10.5,1,1,1,,,13.356028052439619,45.90072003087096,0.9036706434860255,1.0,2.856028052439619,-10.599279969129043,2019
401287918,2021,6,Texas,Oklahoma,48.0,55.0,-7.0,103.0,4.0,65.0,-4.0,0,0,1,,,-0.567981381973198,63.947081644743776,0.5213508719062921,1.0,3.432018618026802,-1.0529183552562245,2019
401282100,2021,6,Ole Miss,Arkansas,52.0,51.0,1.0,103.0,-5.0,66.5,5.0,1,0,1,,,2.8168683932232987,67.18967141877248,0.5861784654976692,1.0,-2.1831316067767013,0.6896714187724768,2019
401309566,2021,6,Bowling Green,Akron,20.0,35.0,-15.0,55.0,-14.0,46.0,14.0,0,0,1,,,17.866801211320148,47.651139264077024,0.7242093238593567,1.0,3.8668012113201478,1.651139264077024,2019
401282098,2021,6,Florida,Vanderbilt,42.0,0.0,42.0,42.0,-39.0,60.0,39.0,1,1,0,,,37.65416131020337,57.85168498349166,0.9539708083788017,1.0,-1.3458386897966292,-2.1483150165083416,2019
401282788,2021,6,Rutgers,Michigan State,13.0,31.0,-18.0,44.0,4.0,49.5,-4.0,0,0,0,,,-3.061520210379875,53.79149156533601,0.3112147490365684,1.0,0.9384797896201249,4.29149156533601,2019
401282769,2021,6,Ohio State,Maryland,66.0,17.0,49.0,83.0,-21.5,71.5,21.5,1,1,1,,,17.064126239699114,71.2768482323274,0.9170234017793233,1.0,-4.435873760300886,-0.22315176767260425,2019
401287917,2021,6,Baylor,West Virginia,45.0,20.0,25.0,65.0,-1.0,45.0,1.0,1,1,1,,,3.95460988327714,41.388910589915184,0.7675326933395288,1.0,2.95460988327714,-3.6110894100848157,2019
401282652,2021,6,Duke,Georgia Tech,27.0,31.0,-4.0,58.0,4.5,60.5,-4.5,0,1,0,,,-11.088592317209688,54.104578656255946,0.31392147290413264,1.0,-6.588592317209688,-6.395421343744054,2019
401282226,2021,6,Marshall,Old Dominion,20.0,13.0,7.0,33.0,-21.0,62.5,21.0,1,0,0,,,20.881054206820824,68.81810625151896,0.8421311157312747,1.0,-0.11894579317917575,6.318106251518955,2019
401282653,2021,6,Louisville,Virginia,33.0,34.0,-1.0,67.0,-2.5,69.5,2.5,0,0,0,,,3.8816583877525757,71.83034874251094,0.6788862760243983,1.0,1.3816583877525757,2.3303487425109353,2019
401309563,2021,6,Western Michigan,Ball State,20.0,45.0,-25.0,65.0,-12.5,57.5,12.5,0,0,1,,,12.727988717070918,55.06761164038432,0.7835831647379676,1.0,0.22798871707091806,-2.432388359615679,2019
401310715,2021,6,Colorado State,San José State,32.0,14.0,18.0,46.0,-3.5,44.5,3.5,1,1,1,,,5.331660686941068,48.40108872320656,0.43466454479987976,1.0,1.8316606869410679,3.9010887232065627,2019
401282225,2021,6,UAB,Florida Atlantic,31.0,14.0,17.0,45.0,-3.5,49.0,3.5,1,1,0,,,10.685147132637344,52.258201701042545,0.5834619542890018,1.0,7.1851471326373435,3.2582017010425446,2019
401309913,2021,6,BYU,Boise State,17.0,26.0,-9.0,43.0,-6.0,58.0,6.0,0,0,0,,,2.8890196867521767,55.182796787510036,0.6390065113807825,1.0,-3.1109803132478233,-2.8172032124899644,2019
401309567,2021,6,Ohio,Central Michigan,27.0,30.0,-3.0,57.0,5.0,57.5,-5.0,0,1,0,,,-8.834868276832257,60.152474545217785,0.4336815629121275,1.0,-3.834868276832257,2.6524745452177854,2019
401282097,2021,6,Auburn,Georgia,10.0,34.0,-24.0,44.0,14.5,45.5,-14.5,0,0,0,,,-14.974377191810923,42.490118938443075,0.21486933365915512,1.0,-0.4743771918109232,-3.009881061556925,2019
401282655,2021,6,Syracuse,Wake Forest,37.0,40.0,-3.0,77.0,6.0,58.5,-6.0,0,1,1,,,-3.8619145426648442,56.00110408129416,0.4772760372658145,1.0,2.1380854573351558,-2.4988959187058413,2019
401286191,2021,6,Massachusetts,UConn,27.0,13.0,14.0,40.0,3.0,57.0,-3.0,1,1,0,,,2.992753179163077,62.72273881489041,0.5333614952422185,1.0,5.992753179163077,5.722738814890413,2019
401308836,2021,6,Eastern Michigan,Miami (OH),13.0,12.0,1.0,25.0,2.5,58.5,-2.5,1,1,0,,,2.064129285431301,53.55880308256864,0.4967676978578943,1.0,4.564129285431301,-4.941196917431363,2019
401301021,2021,6,Navy,SMU,24.0,31.0,-7.0,55.0,13.5,56.5,-13.5,0,1,0,,,-5.4601061931426305,57.609830219848995,0.3781748840637169,1.0,8.03989380685737,1.1098302198489947,2019
401282718,2021,6,Illinois,Wisconsin,0.0,24.0,-24.0,24.0,12.0,42.0,-12.0,0,0,0,,,-7.3036990549192415,41.519295801410486,0.2980931008526181,1.0,4.6963009450807585,-0.48070419858951396,2019
401282229,2021,6,Liberty,Middle Tennessee,41.0,13.0,28.0,54.0,-20.0,59.0,20.0,1,1,0,,,20.359698060715974,56.96982165081855,0.8941761978939735,1.0,0.3596980607159743,-2.0301783491814476,2019
401282654,2021,6,North Carolina,Florida State,25.0,35.0,-10.0,60.0,-17.5,64.5,17.5,0,0,0,,,16.108001872877093,61.03741860133175,0.8920568324983118,1.0,-1.391998127122907,-3.4625813986682488,2019
401282101,2021,6,Missouri,North Texas,48.0,35.0,13.0,83.0,-18.5,69.0,18.5,1,0,1,,,19.515245352754253,62.875830882260516,0.9296028554798188,1.0,1.0152453527542527,-6.124169117739484,2019
401282758,2021,6,Iowa,Penn State,23.0,20.0,3.0,43.0,-2.5,41.0,2.5,1,1,1,,,4.031305347443111,41.12701291660178,0.5971591261581085,1.0,1.5313053474431113,0.12701291660177816,2019
401309869,2021,6,Washington State,Oregon State,31.0,24.0,7.0,55.0,4.0,59.0,-4.0,1,1,0,,,-9.311992729016776,65.58419717207039,0.1965002802360471,1.0,-5.311992729016776,6.58419717207039,2019
401301019,2021,6,UCF,East Carolina,20.0,16.0,4.0,36.0,-10.0,65.5,10.0,1,0,0,,,4.577411725764103,60.144526438568136,0.7277791851606303,1.0,-5.422588274235897,-5.3554735614318645,2019
401309617,2021,6,Troy,Georgia Southern,27.0,24.0,3.0,51.0,-5.5,50.5,5.5,1,0,1,,,6.148861857607079,51.54372666628799,0.6254382345099313,1.0,0.6488618576070788,1.0437266662879878,2019
401309565,2021,6,Kent State,Buffalo,48.0,38.0,10.0,86.0,-7.0,66.0,7.0,1,1,1,,,10.416900144145032,61.87647221107012,0.5123362691973942,1.0,3.416900144145032,-4.123527788929877,2019
401310714,2021,6,Air Force,Wyoming,24.0,14.0,10.0,38.0,-5.5,46.5,5.5,1,1,0,,,8.601826331420941,48.018096455459876,0.634678658005692,1.0,3.1018263314209413,1.518096455459876,2019
401309619,2021,6,Texas State,South Alabama,33.0,31.0,2.0,64.0,4.0,52.5,-4.0,1,1,1,,,2.4895683774487907,47.18955188866528,0.5075063500528751,1.0,6.489568377448791,-5.310448111334722,2019
401287919,2021,6,Texas Tech,TCU,31.0,52.0,-21.0,83.0,2.5,60.5,-2.5,0,0,1,,,-7.179297847901208,58.06992098961175,0.20743595532468823,1.0,-4.679297847901208,-2.4300790103882477,2019
401282227,2021,6,Southern Miss,UTEP,13.0,26.0,-13.0,39.0,1.5,46.0,-1.5,0,0,0,,,-1.8535141215538709,47.35253311908927,0.5284554255655997,1.0,-0.35351412155387085,1.3525331190892729,2019
401282228,2021,6,Western Kentucky,UTSA,46.0,52.0,-6.0,98.0,-3.5,71.5,3.5,0,0,1,,,1.1561626636412345,70.73844586184062,0.46462579733375836,1.0,-2.3438373363587655,-0.7615541381593829,2019
401282778,2021,6,Nebraska,Michigan,29.0,32.0,-3.0,61.0,2.5,50.0,-2.5,0,0,1,,,2.677632853160179,48.83624166034138,0.5050555550049854,1.0,5.177632853160179,-1.1637583396586209,2019
401282099,2021,6,Kentucky,LSU,42.0,21.0,21.0,63.0,-2.0,50.5,2.0,1,1,1,,,9.48085634130702,52.07764125654006,0.6995979999909174,1.0,7.480856341307019,1.577641256540062,2019
401282656,2021,6,Virginia Tech,Notre Dame,29.0,32.0,-3.0,61.0,-1.0,47.0,1.0,0,0,1,,,11.230954787547113,51.402841359465484,0.4443758935598747,1.0,10.230954787547113,4.402841359465484,2019
401309618,2021,6,UL Monroe,Georgia State,21.0,55.0,-34.0,76.0,16.0,49.5,-16.0,0,0,1,,,-14.446081131577065,51.60130787891023,0.25181341370585203,1.0,1.5539188684229348,2.1013078789102266,2019
401309871,2021,6,USC,Utah,26.0,42.0,-16.0,68.0,-3.0,52.5,3.0,0,0,1,,,9.315970163319486,59.14537899585742,0.7731671509454883,1.0,6.315970163319486,6.6453789958574205,2019
401282103,2021,6,Texas A&M,Alabama,41.0,38.0,3.0,79.0,18.5,51.0,-18.5,1,1,1,,,-21.301313071237775,61.66125933313754,0.14576644094963254,1.0,-2.801313071237775,10.661259333137536,2019
401301020,2021,6,Tulsa,Memphis,35.0,29.0,6.0,64.0,-3.0,60.5,3.0,1,1,1,,,3.735154781546374,54.92564544419691,0.5418177551277857,1.0,0.7351547815463739,-5.57435455580309,2019
401310716,2021,6,San Diego State,New Mexico,31.0,7.0,24.0,38.0,-19.5,42.5,19.5,1,1,0,,,19.750091110617927,45.854422315442726,0.8515499321775053,1.0,0.25009111061792666,3.3544223154427257,2019
401310717,2021,6,Nevada,New Mexico State,55.0,28.0,27.0,83.0,-28.5,65.0,28.5,1,0,1,,,27.572606417866023,63.5370110482753,0.8621353062217894,1.0,-0.9273935821339769,-1.4629889517246966,2019
401309870,2021,6,Arizona,UCLA,16.0,34.0,-18.0,50.0,16.0,61.0,-16.0,0,0,0,,,-20.785835385733833,59.36010042044899,0.10800127155405258,1.0,-4.785835385733833,-1.6398995795510132,2019
401309620,2021,7,Louisiana,App State,41.0,13.0,28.0,54.0,4.0,57.5,-4.0,1,1,0,,,-4.8420971797864585,56.03106539486253,0.5138016817934056,1.0,-0.8420971797864585,-1.4689346051374699,2019
401309621,2021,7,South Alabama,Georgia Southern,41.0,14.0,27.0,55.0,-2.5,49.5,2.5,1,1,1,,,8.086281386125206,49.213151521754035,0.5782294056561804,1.0,5.586281386125206,-0.2868484782459646,2019
401301022,2021,7,Memphis,Navy,35.0,17.0,18.0,52.0,-11.0,55.5,11.0,1,1,0,,,5.302811415604907,53.89093371853957,0.7620115084681515,1.0,-5.697188584395093,-1.6090662814604286,2019
401282231,2021,7,North Texas,Marshall,21.0,49.0,-28.0,70.0,11.0,66.0,-11.0,0,0,1,,,-8.114947335103311,65.70842619053244,0.16215359302964427,1.0,2.8850526648966888,-0.2915738094675646,2019
401282657,2021,7,Syracuse,Clemson,14.0,17.0,-3.0,31.0,13.5,44.0,-13.5,0,1,0,,,-6.453351543155655,41.750785531552424,0.2723339946339929,1.0,7.046648456844345,-2.249214468447576,2019
401309872,2021,7,Oregon,California,24.0,17.0,7.0,41.0,-13.5,53.5,13.5,1,0,0,,,15.823443916937308,53.477363892493855,0.8232816065675028,1.0,2.3234439169373076,-0.022636107506144754,2019
401310723,2021,7,San José State,San Diego State,13.0,19.0,-6.0,32.0,9.5,41.0,-9.5,0,1,0,,,-9.765644784756974,40.139549474834055,0.2561301117854847,1.0,-0.26564478475697406,-0.8604505251659447,2019
401282106,2021,7,LSU,Florida,49.0,42.0,7.0,91.0,12.5,61.0,-12.5,1,1,1,,,-6.326220861246919,56.01439429461859,0.31536593114760136,1.0,6.173779138753081,-4.98560570538141,2019
401282108,2021,7,Missouri,Texas A&M,14.0,35.0,-21.0,49.0,11.5,59.5,-11.5,0,0,0,,,-15.568982870922564,57.776804712361184,0.1661995775639329,1.0,-4.068982870922564,-1.7231952876388164,2019
401309571,2021,7,Buffalo,Ohio,27.0,26.0,1.0,53.0,-7.5,54.5,7.5,1,0,0,,,2.7496230651039966,57.62203296235642,0.5680443061059101,1.0,-4.750376934896003,3.122032962356421,2019
401282731,2021,7,Indiana,Michigan State,15.0,20.0,-5.0,35.0,3.5,48.5,-3.5,0,0,0,,,-5.353041907770927,53.048209498784374,0.3875152991235011,1.0,-1.853041907770927,4.548209498784374,2019
401282104,2021,7,Arkansas,Auburn,23.0,38.0,-15.0,61.0,-4.5,54.5,4.5,0,0,1,,,3.662461671197657,56.52745740681013,0.5403606551980993,1.0,-0.837538328802343,2.0274574068101288,2019
401282807,2021,7,Northwestern,Rutgers,21.0,7.0,14.0,28.0,2.5,45.0,-2.5,1,1,0,,,-4.892529737109983,48.08243601373239,0.6363506714437922,1.0,-2.3925297371099834,3.0824360137323907,2019
401282796,2021,7,Minnesota,Nebraska,30.0,23.0,7.0,53.0,4.5,48.5,-4.5,1,1,1,,,-4.787469061080655,51.30459445227695,0.40556221639288537,1.0,-0.28746906108065495,2.8045944522769517,2019
401287924,2021,7,Texas,Oklahoma State,24.0,32.0,-8.0,56.0,-3.5,61.0,3.5,0,0,0,,,-3.849822405265365,62.25461520858225,0.584598699756399,1.0,-7.349822405265365,1.2546152085822513,2019
401301023,2021,7,Cincinnati,UCF,56.0,21.0,35.0,77.0,-21.5,56.0,21.5,1,1,1,,,24.326748132164834,55.34654729804964,0.9276280124279337,1.0,2.826748132164834,-0.6534527019503571,2019
401301024,2021,7,South Florida,Tulsa,31.0,32.0,-1.0,63.0,7.0,55.5,-7.0,0,1,1,,,-10.63458737766809,54.299577921294684,0.3859146897487471,1.0,-3.6345873776680904,-1.2004220787053157,2019
401282660,2021,7,Virginia,Duke,48.0,0.0,48.0,48.0,-10.5,69.5,10.5,1,1,0,,,7.899497419316166,73.95936158854893,0.8071591341942094,1.0,-2.600502580683834,4.45936158854893,2019
401309568,2021,7,Eastern Michigan,Ball State,31.0,38.0,-7.0,69.0,1.0,55.0,-1.0,0,0,1,,,2.7103110693895247,55.65344807196894,0.5011060369774368,1.0,3.7103110693895247,0.6534480719689384,2019
401308837,2021,7,Miami (OH),Akron,34.0,21.0,13.0,55.0,-20.0,51.0,20.0,1,0,1,,,21.572666625863214,53.96042736942597,0.8935894465876438,1.0,1.5726666258632136,2.9604273694259717,2019
401309622,2021,7,Texas State,Troy,28.0,31.0,-3.0,59.0,7.5,48.5,-7.5,0,1,1,,,-3.691857836798721,44.39217120846962,0.3039426913634875,1.0,3.808142163201279,-4.10782879153038,2019
401309570,2021,7,Northern Illinois,Bowling Green,34.0,26.0,8.0,60.0,-9.0,45.0,9.0,1,0,1,,,6.0762353051450635,44.04189198637822,0.7508818056669333,1.0,-2.9237646948549365,-0.9581080136217821,2019
401309572,2021,7,Western Michigan,Kent State,64.0,31.0,33.0,95.0,-7.0,68.5,7.0,1,1,1,,,8.876835072350481,67.42503711886029,0.7884708326401111,1.0,1.876835072350481,-1.0749628811397116,2019
401309569,2021,7,Central Michigan,Toledo,26.0,23.0,3.0,49.0,5.0,53.0,-5.0,1,1,0,,,-2.663082606647901,56.693861214627724,0.4738328039875995,1.0,2.336917393352099,3.6938612146277237,2019
401309875,2021,7,Colorado,Arizona,34.0,0.0,34.0,34.0,-6.0,46.5,6.0,1,1,0,,,3.3620228266056693,50.81861857057293,0.6203938012739837,1.0,-2.6379771733943307,4.31861857057293,2019
401282105,2021,7,Georgia,Kentucky,30.0,13.0,17.0,43.0,-21.5,44.5,21.5,1,0,0,,,19.23366019056897,47.39691407000591,0.9045871091170528,1.0,-2.266339809431031,2.896914070005913,2019
401310721,2021,7,Wyoming,Fresno State,0.0,17.0,-17.0,17.0,3.0,53.5,-3.0,0,0,0,,,-3.3762121828310403,53.20204614940322,0.6733602112721979,1.0,-0.3762121828310403,-0.2979538505967767,2019
401282659,2021,7,North Carolina,Miami,45.0,42.0,3.0,87.0,-7.5,63.5,7.5,1,0,1,,,7.1389660180534396,69.34689880230533,0.6529037233078484,1.0,-0.36103398194656044,5.846898802305333,2019
401282760,2021,7,Iowa,Purdue,7.0,24.0,-17.0,31.0,-11.5,42.5,11.5,0,0,0,,,7.35663546230216,38.797529020548595,0.703553648621926,1.0,-4.14336453769784,-3.7024709794514052,2019
401282234,2021,7,Southern Miss,UAB,0.0,34.0,-34.0,34.0,17.0,43.5,-17.0,0,0,0,,,-20.50378367124097,42.95225265803324,0.18022886674995148,1.0,-3.5037836712409707,-0.5477473419667618,2019
401282661,2021,7,Virginia Tech,Pittsburgh,7.0,28.0,-21.0,35.0,6.5,56.0,-6.5,0,0,0,,,-11.908725639398218,55.97242204651169,0.18159077307929822,1.0,-5.408725639398218,-0.02757795348831138,2019
401282232,2021,7,Old Dominion,Western Kentucky,20.0,43.0,-23.0,63.0,13.5,66.5,-13.5,0,0,0,,,-15.556559975297663,65.82838903791621,0.33551021515123924,1.0,-2.056559975297663,-0.6716109620837898,2019
401287920,2021,7,Baylor,BYU,38.0,24.0,14.0,62.0,-5.5,52.5,5.5,1,1,1,,,13.43940065741106,54.17973429918317,0.7531363713755044,1.0,7.93940065741106,1.679734299183167,2019
401287921,2021,7,Kansas,Texas Tech,14.0,41.0,-27.0,55.0,18.5,68.5,-18.5,0,0,0,,,-16.435803570330787,67.19325625541737,0.16025613577226405,1.0,2.064196429669213,-1.3067437445826329,2019
401282109,2021,7,South Carolina,Vanderbilt,21.0,20.0,1.0,41.0,-18.5,50.0,18.5,1,0,0,,,19.400072916341703,50.16783841578193,0.9425791365823617,1.0,0.9000729163417027,0.16783841578192948,2019
401282233,2021,7,UTSA,Rice,45.0,0.0,45.0,45.0,-17.0,53.5,17.0,1,1,0,,,21.693728966172298,51.16716711798091,0.9057024871992079,1.0,4.693728966172298,-2.3328328820190904,2019
401310720,2021,7,UNLV,Utah State,24.0,28.0,-4.0,52.0,7.0,64.0,-7.0,0,1,0,,,-5.78842108718807,56.52869032516374,0.3890130983413393,1.0,1.2115789128119303,-7.471309674836263,2019
401310719,2021,7,New Mexico,Colorado State,7.0,36.0,-29.0,43.0,13.0,45.0,-13.0,0,0,0,,,-9.42209179361818,45.69928600662368,0.27599081040422,1.0,3.577908206381821,0.6992860066236801,2019
401282107,2021,7,Mississippi State,Alabama,9.0,49.0,-40.0,58.0,17.5,59.5,-17.5,0,0,0,,,-16.530922053367274,66.95726771900965,0.1511845241702698,1.0,0.9690779466327264,7.45726771900965,2019
401286296,2021,7,UL Monroe,Liberty,31.0,28.0,3.0,59.0,32.5,56.5,-32.5,1,1,1,,,-27.574961154879134,55.93110338985383,0.20684662680717703,1.0,4.925038845120866,-0.5688966101461688,2019
401287923,2021,7,Oklahoma,TCU,52.0,31.0,21.0,83.0,-12.5,64.5,12.5,1,1,1,,,14.230269328914998,60.930926728631505,0.8142635749168101,1.0,1.7302693289149982,-3.569073271368495,2019
401287922,2021,7,Kansas State,Iowa State,20.0,33.0,-13.0,53.0,6.5,51.0,-6.5,0,0,1,,,0.5915760467311042,49.8817393823334,0.31955139741459543,1.0,7.091576046731104,-1.1182606176666,2019
401309873,2021,7,Washington State,Stanford,34.0,31.0,3.0,65.0,-1.0,53.0,1.0,1,1,1,,,3.2064421199878006,56.55814162852897,0.6682210978292973,1.0,2.2064421199878006,3.558141628528972,2019
401282110,2021,7,Tennessee,Ole Miss,26.0,31.0,-5.0,57.0,1.0,82.5,-1.0,0,0,0,,,4.09853660391426,84.0254186062574,0.7083688680180618,1.0,5.09853660391426,1.5254186062574036,2019
401282658,2021,7,Boston College,NC State,7.0,33.0,-26.0,40.0,3.0,51.0,-3.0,0,0,0,,,2.1251593472777586,55.293838090003966,0.6442548890558414,1.0,5.125159347277759,4.293838090003966,2019
401282826,2021,7,Wisconsin,Army,20.0,14.0,6.0,34.0,-14.0,37.5,14.0,1,0,0,,,10.193265601110205,35.85048937775108,0.8134300255762343,1.0,-3.8067343988897946,-1.6495106222489184,2019
401309874,2021,7,Washington,UCLA,17.0,24.0,-7.0,41.0,-1.5,55.5,1.5,0,0,0,,,-3.4217053773232653,47.75766559532916,0.5993680808358594,1.0,-4.921705377323265,-7.742334404670842,2019
401310718,2021,7,Boise State,Air Force,17.0,24.0,-7.0,41.0,-3.0,52.0,3.0,0,0,0,,,0.5261312581708286,54.45238437870997,0.5940805075562088,1.0,-2.4738687418291714,2.452384378709972,2019
401282230,2021,7,UTEP,Louisiana Tech,19.0,3.0,16.0,22.0,6.5,55.5,-6.5,1,1,0,,,-4.580775930389553,50.88756503731446,0.5165570828233438,1.0,1.919224069610447,-4.6124349626855405,2019
401309876,2021,7,Utah,Arizona State,35.0,21.0,14.0,56.0,-1.5,51.5,1.5,1,1,1,,,4.584040128531466,54.38029774110522,0.42780803114687,1.0,3.0840401285314663,2.880297741105217,2019
401310722,2021,7,Nevada,Hawai'i,34.0,17.0,17.0,51.0,-14.0,61.5,14.0,1,1,0,,,18.052125795919206,68.34127664455076,0.9139278428138513,1.0,4.052125795919206,6.84127664455076,2019
401309623,2021,8,App State,Coastal Carolina,30.0,27.0,3.0,57.0,4.5,60.5,-4.5,1,1,0,,,-7.429805509782513,70.87029030125498,0.2345687482573603,1.0,-2.929805509782513,10.370290301254983,2019
401309624,2021,8,Arkansas State,Louisiana,27.0,28.0,-1.0,55.0,18.0,70.0,-18.0,0,1,0,,,-21.35328177294614,68.286352458369,0.1681205860372158,1.0,-3.35328177294614,-1.7136475416310049,2019
401282235,2021,8,Charlotte,Florida Atlantic,9.0,38.0,-29.0,47.0,6.5,58.0,-6.5,0,0,0,,,-0.34171896056273887,56.35127253418888,0.4794431384117002,1.0,6.158281039437261,-1.6487274658111204,2019
401301025,2021,8,SMU,Tulane,55.0,26.0,29.0,81.0,-14.0,70.5,14.0,1,1,1,,,14.55113663860272,70.05910114144146,0.7906051233636417,1.0,0.5511366386027206,-0.4408988585585405,2019
401310729,2021,8,UNLV,San José State,20.0,27.0,-7.0,47.0,6.0,44.0,-6.0,0,0,1,,,-7.9187980907964155,43.03554548997977,0.23901965671310832,1.0,-1.9187980907964155,-0.9644545100202322,2019
401282239,2021,8,UConn,Middle Tennessee,13.0,44.0,-31.0,57.0,14.0,54.0,-14.0,0,0,1,,,-10.978118697635432,52.506513202253956,0.33181803167796053,1.0,3.0218813023645676,-1.4934867977460442,2019
401301026,2021,8,UCF,Memphis,24.0,7.0,17.0,31.0,-1.0,63.0,1.0,1,1,0,,,-1.75913508043275,62.204079258691856,0.4807655220988915,1.0,-2.75913508043275,-0.7959207413081444,2019
401310725,2021,8,Utah State,Colorado State,26.0,24.0,2.0,50.0,3.0,58.5,-3.0,1,1,0,,,2.0499930018655332,65.50924262517978,0.5072445229445668,1.0,5.049993001865533,7.00924262517978,2019
401309877,2021,8,Arizona,Washington,16.0,21.0,-5.0,37.0,17.0,45.5,-17.0,0,1,0,,,-14.889447795349525,44.854704510913464,0.0995222277468118,1.0,2.1105522046504746,-0.6452954890865357,2019
401301027,2021,8,Navy,Cincinnati,20.0,27.0,-7.0,47.0,28.5,48.5,-28.5,0,1,0,,,-16.479742025516988,49.21078827804819,0.19233823729516766,1.0,12.020257974483012,0.7107882780481916,2019
401287928,2021,8,Texas Tech,Kansas State,24.0,25.0,-1.0,49.0,1.0,60.5,-1.0,0,0,0,,,2.8667115526406772,55.19470175176442,0.7055236039225872,1.0,3.8667115526406772,-5.30529824823558,2019
401282662,2021,8,Army,Wake Forest,56.0,70.0,-14.0,126.0,3.0,54.0,-3.0,0,0,1,,,1.3521470169047154,53.73767368018315,0.7380405377637875,1.0,4.352147016904715,-0.2623263198168502,2019
401309574,2021,8,Bowling Green,Eastern Michigan,24.0,55.0,-31.0,79.0,4.0,50.0,-4.0,0,0,1,,,-5.156469785243203,43.847866032145454,0.17003715487322268,1.0,-1.1564697852432033,-6.152133967854546,2019
401309577,2021,8,Central Michigan,Northern Illinois,38.0,39.0,-1.0,77.0,-6.0,56.0,6.0,0,0,1,,,8.073051848365356,56.78237088898061,0.6564554979880767,1.0,2.073051848365356,0.7823708889806085,2019
401287926,2021,8,Kansas,Oklahoma,23.0,35.0,-12.0,58.0,38.5,66.5,-38.5,0,1,0,,,-28.14855566817412,58.9221987919389,0.14783092345572854,1.0,10.351444331825881,-7.5778012080611035,2019
401282779,2021,8,Michigan,Northwestern,33.0,7.0,26.0,40.0,-23.5,51.0,23.5,1,1,0,,,25.454744788127687,53.56845232370096,0.9015354397436868,1.0,1.9547447881276874,2.56845232370096,2019
401282663,2021,8,Florida State,Massachusetts,59.0,3.0,56.0,62.0,-35.5,59.0,35.5,1,1,1,,,37.162155157303786,51.29637374287637,0.9897967144570059,1.0,1.6621551573037863,-7.703626257123631,2019
401282717,2021,8,Penn State,Illinois,18.0,20.0,-2.0,38.0,-24.5,45.5,24.5,0,0,0,,,24.878504285541084,45.173944797478676,0.9676719424128553,1.0,0.3785042855410836,-0.32605520252132436,2019
401282668,2021,8,Virginia Tech,Syracuse,36.0,41.0,-5.0,77.0,-3.5,45.5,3.5,0,0,1,,,4.525653041351246,44.850788776004535,0.4527661584729202,1.0,1.0256530413512461,-0.649211223995465,2019
401309576,2021,8,Ohio,Kent State,27.0,34.0,-7.0,61.0,5.5,68.5,-5.5,0,0,0,,,-8.141903050962286,68.29135262879824,0.5497978536555117,1.0,-2.641903050962286,-0.20864737120176358,2019
401309625,2021,8,Georgia State,Texas State,28.0,16.0,12.0,44.0,-10.5,58.5,10.5,1,1,0,,,4.447077681009347,57.811249356507936,0.7921443574630647,1.0,-6.052922318990653,-0.6887506434920638,2019
401282821,2021,8,Purdue,Wisconsin,13.0,30.0,-17.0,43.0,3.5,41.0,-3.5,0,0,1,,,0.8355000020985388,37.74217274288726,0.534058381200801,1.0,4.335500002098539,-3.257827257112737,2019
401282238,2021,8,UAB,Rice,24.0,30.0,-6.0,54.0,-23.5,44.5,23.5,0,0,1,,,25.826176397378863,48.10888826983659,0.9652202725448158,1.0,2.3261763973788625,3.6088882698365907,2019
401308838,2021,8,Ball State,Miami (OH),17.0,24.0,-7.0,41.0,-3.5,53.0,3.5,0,0,0,,,-1.9825930399319107,56.298661315820695,0.38015770320673803,1.0,-5.482593039931911,3.298661315820695,2019
401309573,2021,8,Toledo,Western Michigan,34.0,15.0,19.0,49.0,1.5,54.5,-1.5,1,1,0,,,-11.08026893041218,50.679252176338316,0.5893673128121577,1.0,-9.58026893041218,-3.8207478236616836,2019
401282767,2021,8,Minnesota,Maryland,34.0,16.0,18.0,50.0,-4.0,53.0,4.0,1,1,0,,,-1.173029348851621,52.446428885245,0.6699834109587679,1.0,-5.173029348851621,-0.5535711147550018,2019
401282113,2021,8,Ole Miss,LSU,31.0,17.0,14.0,48.0,-9.0,77.0,9.0,1,1,0,,,8.868469967184998,79.22545291941142,0.6856719934530962,1.0,-0.13153003281500197,2.225452919411424,2019
401310726,2021,8,Wyoming,New Mexico,3.0,14.0,-11.0,17.0,-20.0,40.5,20.0,0,0,0,,,21.349590273242665,43.99204374937786,0.9344192907905191,1.0,1.349590273242665,3.4920437493778635,2019
401309878,2021,8,California,Colorado,26.0,3.0,23.0,29.0,-8.5,44.0,8.5,1,1,0,,,14.97482074295852,44.854857308833274,0.8272997971777124,1.0,6.474820742958521,0.8548573088332745,2019
401309879,2021,8,UCLA,Oregon,31.0,34.0,-3.0,65.0,-1.0,61.5,1.0,0,0,1,,,4.447992007441611,70.54852956454204,0.6602475212327263,1.0,3.447992007441611,9.048529564542036,2019
401309575,2021,8,Akron,Buffalo,10.0,45.0,-35.0,55.0,13.5,58.0,-13.5,0,0,0,,,-6.250924775012219,54.15147130791133,0.3661105582887005,1.0,7.249075224987781,-3.8485286920886708,2019
401309881,2021,8,Washington State,BYU,19.0,21.0,-2.0,40.0,3.5,56.5,-3.5,0,1,0,,,0.1577157098002262,56.82500782257504,0.502794203805943,1.0,3.657715709800226,0.3250078225750386,2019
401282666,2021,8,Pittsburgh,Clemson,27.0,17.0,10.0,44.0,-3.5,47.0,3.5,1,1,0,,,8.352774898280664,46.02207812927068,0.6431054997659831,1.0,4.852774898280664,-0.9779218707293182,2019
401287925,2021,8,Iowa State,Oklahoma State,24.0,21.0,3.0,45.0,-7.0,47.0,7.0,1,0,0,,,10.722836575255082,43.254537577034846,0.7691671632325215,1.0,3.722836575255082,-3.7454624229651543,2019
401282664,2021,8,Louisville,Boston College,28.0,14.0,14.0,42.0,-4.0,57.5,4.0,1,1,0,,,6.929208658060366,57.80057335197424,0.7489169189410052,1.0,2.9292086580603662,0.3005733519742435,2019
401282115,2021,8,Vanderbilt,Mississippi State,6.0,45.0,-39.0,51.0,20.5,53.0,-20.5,0,0,0,,,-21.28653823699221,50.806802675929546,0.10958873007703038,1.0,-0.7865382369922109,-2.1931973240704536,2019
401282240,2021,8,North Texas,Liberty,26.0,35.0,-9.0,61.0,21.0,61.0,-21.0,0,1,0,,,-27.324806825227657,55.78645770980492,0.25271282273522033,1.0,-6.3248068252276575,-5.213542290195079,2019
401301028,2021,8,Houston,East Carolina,31.0,24.0,7.0,55.0,-13.5,56.5,13.5,1,0,0,,,16.96208910080764,56.17641918324122,0.8584186156572038,1.0,3.4620891008076384,-0.3235808167587777,2019
401310727,2021,8,Fresno State,Nevada,34.0,32.0,2.0,66.0,-3.5,64.5,3.5,1,0,1,,,5.339935508441151,67.27673318078784,0.727691924904428,1.0,1.839935508441151,2.7767331807878435,2019
401301029,2021,8,South Florida,Temple,34.0,14.0,20.0,48.0,-1.5,55.0,1.5,1,1,0,,,4.302265441589459,50.27618540464853,0.6793481869970243,1.0,2.8022654415894586,-4.72381459535147,2019
401282237,2021,8,Louisiana Tech,UTSA,16.0,45.0,-29.0,61.0,5.5,59.5,-5.5,0,0,1,,,-7.726424056110096,58.98654442144877,0.21326529601699595,1.0,-2.226424056110096,-0.5134555785512305,2019
401282111,2021,8,Alabama,Tennessee,52.0,24.0,28.0,76.0,-25.5,68.0,25.5,1,1,1,,,21.291188236538016,62.57256226409004,0.9399429565834307,1.0,-4.208811763461984,-5.427437735909962,2019
401309626,2021,8,UL Monroe,South Alabama,41.0,31.0,10.0,72.0,13.5,51.0,-13.5,1,1,1,,,-6.49747073734548,50.23998062020912,0.2527731067208307,1.0,7.00252926265452,-0.760019379790883,2019
401310724,2021,8,Air Force,San Diego State,14.0,20.0,-6.0,34.0,-3.0,39.0,3.0,0,0,0,,,3.824559142908981,37.059168765295354,0.6433300225933402,1.0,0.8245591429089809,-1.9408312347046461,2019
401282236,2021,8,Florida International,Western Kentucky,19.0,34.0,-15.0,53.0,16.5,77.5,-16.5,0,1,0,,,-12.237051380583704,74.89079706191735,0.49639828800151886,1.0,4.262948619416296,-2.609202938082646,2019
401282709,2021,8,Notre Dame,USC,31.0,16.0,15.0,47.0,-7.5,59.5,7.5,1,1,0,,,8.921757740437364,55.12991144550924,0.8258238516263683,1.0,1.4217577404373642,-4.3700885544907635,2019
401282730,2021,8,Indiana,Ohio State,7.0,54.0,-47.0,61.0,21.0,59.0,-21.0,0,0,1,,,-21.426301969554896,61.9120851049473,0.057596090154865456,1.0,-0.4263019695548955,2.9120851049473018,2019
401287927,2021,8,TCU,West Virginia,17.0,29.0,-12.0,46.0,-4.5,58.0,4.5,0,0,0,,,0.8682401042891721,59.04866555967855,0.7160471100411535,1.0,-3.631759895710828,1.0486655596785468,2019
401282665,2021,8,Miami,NC State,31.0,30.0,1.0,61.0,3.5,54.5,-3.5,1,1,1,,,3.0848618088292845,53.412543191245724,0.7754630989629366,1.0,6.5848618088292845,-1.0874568087542755,2019
401282667,2021,8,Virginia,Georgia Tech,48.0,40.0,8.0,88.0,-6.5,65.5,6.5,1,1,1,,,8.748334844804976,70.22129437795927,0.7849694066892754,1.0,2.248334844804976,4.721294377959268,2019
401309880,2021,8,Oregon State,Utah,42.0,34.0,8.0,76.0,3.0,58.0,-3.0,1,1,1,,,4.683927826154779,60.893014247134765,0.5552917932239446,1.0,7.683927826154779,2.893014247134765,2019
401282114,2021,8,Texas A&M,South Carolina,44.0,14.0,30.0,58.0,-19.5,46.0,19.5,1,1,1,,,17.57909368528163,44.675615028183365,0.9362685771133882,1.0,-1.9209063147183691,-1.3243849718166345,2019
401310728,2021,8,Hawai'i,New Mexico State,48.0,34.0,14.0,82.0,-19.0,63.0,19.0,1,0,1,-1100.0,650.0,19.15868664140705,66.39935157553558,0.8124942447312073,1.0,0.15868664140705135,3.399351575535576,2019
401309627,2021,9,Coastal Carolina,Troy,35.0,28.0,7.0,63.0,-17.0,50.0,17.0,1,0,1,,,14.63711266269205,46.115636470621986,0.8275459775021199,1.0,-2.3628873373079493,-3.884363529378014,2019
401301033,2021,9,East Carolina,South Florida,29.0,14.0,15.0,43.0,-9.5,55.5,9.5,1,1,0,,,11.321175335433802,55.162282030685375,0.6772781087322247,1.0,1.8211753354338018,-0.3377179693146246,2019
401301030,2021,9,Tulsa,Navy,17.0,20.0,-3.0,37.0,-11.0,46.0,11.0,0,0,0,,,11.867939181021901,45.05555989453278,0.8629100083652652,1.0,0.8679391810219013,-0.9444401054672227,2019
401310734,2021,9,Nevada,UNLV,51.0,20.0,31.0,71.0,-19.0,58.5,19.0,1,1,1,,,20.99659679379805,58.88952336339701,0.9469716240119598,1.0,1.9965967937980516,0.38952336339701077,2019
401309631,2021,9,Louisiana,Texas State,45.0,0.0,45.0,45.0,-21.0,58.0,21.0,1,1,0,,,18.85026951869351,55.97071953786981,0.9663396747779911,1.0,-2.1497304813064915,-2.0292804621301883,2019
401282719,2021,9,Illinois,Rutgers,14.0,20.0,-6.0,34.0,1.5,41.5,-1.5,0,0,0,,,-0.8601967116182778,41.2741106441057,0.5545822103544364,1.0,0.6398032883817222,-0.22588935589430292,2019
401301031,2021,9,Temple,UCF,7.0,49.0,-42.0,56.0,11.5,52.0,-11.5,0,0,1,,,-8.952875249180833,53.1680335526783,0.149475827151066,1.0,2.547124750819167,1.1680335526783026,2019
401282763,2021,9,Wisconsin,Iowa,27.0,7.0,20.0,34.0,-3.0,36.0,3.0,1,1,0,,,0.38559081508320814,38.72287268658934,0.6200773906562241,1.0,-2.614409184916792,2.7228726865893407,2019
401287929,2021,9,Baylor,Texas,31.0,24.0,7.0,55.0,-2.5,61.5,2.5,1,1,0,,,7.116279847566918,68.14117329545276,0.6063859456399513,1.0,4.616279847566918,6.641173295452759,2019
401309578,2021,9,Buffalo,Bowling Green,44.0,56.0,-12.0,100.0,-13.5,51.5,13.5,0,0,1,,,12.736750392056326,50.82904740788303,0.8089103069185366,1.0,-0.7632496079436741,-0.6709525921169686,2019
401282674,2021,9,Pittsburgh,Miami,34.0,38.0,-4.0,72.0,-9.5,61.0,9.5,0,0,1,,,5.982746282785294,63.57873299870496,0.7930317338063062,1.0,-3.5172537172147056,2.5787329987049574,2019
401282777,2021,9,Michigan State,Michigan,37.0,33.0,4.0,70.0,4.0,50.5,-4.0,1,1,1,,,-1.0510599649365893,56.447764161100444,0.41138172121472333,1.0,2.9489400350634107,5.947764161100444,2019
401286297,2021,9,Liberty,Massachusetts,62.0,17.0,45.0,79.0,-35.5,56.0,35.5,1,1,1,,,40.95530240379741,57.356960439876474,0.9872990076997078,1.0,5.455302403797411,1.3569604398764739,2019
401282671,2021,9,Georgia Tech,Virginia Tech,17.0,26.0,-9.0,43.0,-3.5,55.5,3.5,0,0,0,,,3.725878071431097,59.52231178828464,0.7056901318771502,1.0,0.22587807143109684,4.0223117882846395,2019
401282726,2021,9,Maryland,Indiana,38.0,35.0,3.0,73.0,-3.5,48.0,3.5,1,0,1,,,-1.7724884955740539,52.21965952768605,0.5124085508199565,1.0,-5.272488495574054,4.219659527686048,2019
401301032,2021,9,Tulane,Cincinnati,12.0,31.0,-19.0,43.0,28.0,61.5,-28.0,0,1,0,,,-23.47051434794501,58.91912446520592,0.13999238554750768,1.0,4.529485652054991,-2.5808755347940817,2019
401282246,2021,9,Rice,North Texas,24.0,30.0,-6.0,54.0,-1.5,55.0,1.5,0,0,0,,,-2.3573134480399793,59.26022122553877,0.44226183672626984,1.0,-3.8573134480399793,4.260221225538771,2019
401287933,2021,9,West Virginia,Iowa State,38.0,31.0,7.0,69.0,7.5,49.0,-7.5,1,1,1,,,-7.7179168355420895,49.56811142564421,0.3797256622600901,1.0,-0.21791683554208952,0.5681114256442115,2019
401282119,2021,9,Vanderbilt,Missouri,28.0,37.0,-9.0,65.0,16.0,62.5,-16.0,0,1,1,,,-15.197990012588932,60.95141152574308,0.30578582437989316,1.0,0.8020099874110684,-1.548588474256917,2019
401309885,2021,9,Arizona State,Washington State,21.0,34.0,-13.0,55.0,-16.5,54.5,16.5,0,0,1,,,15.013180375824444,51.546618818466094,0.8644695590952101,1.0,-1.4868196241755562,-2.9533811815339064,2019
401310731,2021,9,Utah State,Hawai'i,51.0,31.0,20.0,82.0,-4.5,66.0,4.5,1,1,1,,,6.021129533576331,69.08983040965344,0.4978684163458428,1.0,1.5211295335763309,3.0898304096534446,2019
401309884,2021,9,Oregon,Colorado,52.0,29.0,23.0,81.0,-24.5,49.5,24.5,1,0,1,,,25.567671506680384,53.95762486098698,0.9542265456198076,1.0,1.0676715066803837,4.457624860986982,2019
401309628,2021,9,App State,UL Monroe,59.0,28.0,31.0,87.0,-27.0,57.5,27.0,1,1,1,,,22.840718956424208,57.22794859037854,0.9547856872909342,1.0,-4.159281043575792,-0.27205140962146146,2019
401282244,2021,9,Old Dominion,Louisiana Tech,23.0,20.0,3.0,43.0,4.0,52.5,-4.0,1,1,0,,,-6.036289566844946,53.03962727159972,0.32075025833999765,1.0,-2.036289566844946,0.5396272715997199,2019
401287931,2021,9,Oklahoma,Texas Tech,52.0,21.0,31.0,73.0,-19.0,67.0,19.0,1,1,1,,,25.487010484514972,63.66655552909168,0.9132081867162322,1.0,6.487010484514972,-3.3334444709083186,2019
401282242,2021,9,Marshall,Florida International,38.0,0.0,38.0,38.0,-21.5,64.0,21.5,1,1,0,,,26.614164227055085,63.162094216988315,0.8853473627307464,1.0,5.114164227055085,-0.837905783011685,2019
401282675,2021,9,Syracuse,Boston College,21.0,6.0,15.0,27.0,-6.5,51.5,6.5,1,1,0,,,3.8957648192302536,49.61824615183694,0.7142731545212546,1.0,-2.6042351807697464,-1.8817538481630578,2019
401282801,2021,9,Nebraska,Purdue,23.0,28.0,-5.0,51.0,-7.5,54.0,7.5,0,0,0,,,9.635707271870313,51.4191349949203,0.7433110998870652,1.0,2.135707271870313,-2.5808650050797013,2019
401282670,2021,9,Clemson,Florida State,30.0,20.0,10.0,50.0,-9.5,47.5,9.5,1,1,1,,,5.895234443843,45.7597828515068,0.6631233010611555,1.0,-3.604765556157,-1.7402171484932012,2019
401282795,2021,9,Northwestern,Minnesota,14.0,41.0,-27.0,55.0,7.5,44.0,-7.5,0,0,1,,,-4.307721351018756,44.89058687681753,0.2444557582352176,1.0,3.192278648981244,0.8905868768175296,2019
401287930,2021,9,Kansas State,TCU,31.0,12.0,19.0,43.0,-3.5,58.5,3.5,1,1,0,,,4.0372667083673255,54.33293451031159,0.5971403363945693,1.0,0.5372667083673255,-4.167065489688412,2019
401282117,2021,9,Florida,Georgia,7.0,34.0,-27.0,41.0,14.0,50.5,-14.0,0,0,0,,,-15.724023427599347,46.6927325335093,0.12956405710599536,1.0,-1.724023427599347,-3.8072674664907,2019
401282245,2021,9,Middle Tennessee,Southern Miss,35.0,10.0,25.0,45.0,-12.5,47.5,12.5,1,1,0,,,9.532974329165086,50.62067403882603,0.8595962381202105,1.0,-2.9670256708349143,3.1206740388260314,2019
401282241,2021,9,Western Kentucky,Charlotte,45.0,13.0,32.0,58.0,-19.5,72.0,19.5,1,1,0,,,22.880556443738975,69.45052759883002,0.8496909917756452,1.0,3.380556443738975,-2.5494724011699788,2019
401282676,2021,9,Wake Forest,Duke,45.0,7.0,38.0,52.0,-16.5,71.5,16.5,1,1,0,,,15.801296042338823,70.6938463858359,0.839277817566753,1.0,-0.6987039576611771,-0.8061536141641028,2019
401310732,2021,9,San José State,Wyoming,27.0,21.0,6.0,48.0,-3.0,40.5,3.0,1,1,1,,,7.720755833467771,42.85049080207988,0.6155885732793942,1.0,4.720755833467771,2.3504908020798823,2019
401309629,2021,9,South Alabama,Arkansas State,31.0,13.0,18.0,44.0,-9.0,66.0,9.0,1,1,0,,,9.163476303210665,64.77346556657614,0.8033006885203691,1.0,0.16347630321066475,-1.2265344334238648,2019
401309630,2021,9,Georgia Southern,Georgia State,14.0,21.0,-7.0,35.0,6.0,55.0,-6.0,0,0,0,,,-7.519269025520468,59.24768767308802,0.34733430756954975,1.0,-1.519269025520468,4.2476876730880235,2019
401282243,2021,9,Florida Atlantic,UTEP,28.0,25.0,3.0,53.0,-10.5,49.0,10.5,1,0,1,,,13.280721213330555,48.09906686332896,0.8795011948061373,1.0,2.7807212133305548,-0.9009331366710427,2019
401310730,2021,9,Colorado State,Boise State,19.0,28.0,-9.0,47.0,2.0,51.5,-2.0,0,0,0,,,-2.270775816794412,55.00852477853917,0.4891311487764396,1.0,-0.2707758167944121,3.5085247785391687,2019
401309886,2021,9,USC,Arizona,41.0,34.0,7.0,75.0,-21.5,55.5,21.5,1,0,1,,,18.995815055357763,53.75307976765278,0.9755998185618281,1.0,-2.504184944642237,-1.7469202323472217,2019
401309882,2021,9,California,Oregon State,39.0,25.0,14.0,64.0,2.0,56.5,-2.0,1,1,1,,,3.8992641734318605,57.287834059796936,0.6665405722625118,1.0,5.8992641734318605,0.7878340597969355,2019
401282118,2021,9,Mississippi State,Kentucky,31.0,17.0,14.0,48.0,-1.0,47.0,1.0,1,1,1,,,3.373680641613399,53.56832219680849,0.7358552013482704,1.0,2.373680641613399,6.568322196808488,2019
401287932,2021,9,Oklahoma State,Kansas,55.0,3.0,52.0,58.0,-29.0,54.5,29.0,1,1,1,,,26.698458867464687,52.41481066616284,0.9672943848713663,1.0,-2.301541132535313,-2.0851893338371568,2019
401301034,2021,9,Houston,SMU,44.0,37.0,7.0,81.0,1.0,61.5,-1.0,1,1,1,,,-2.454838259104311,68.44617290919889,0.6952461440472537,1.0,-1.454838259104311,6.946172909198893,2019
401282116,2021,9,Auburn,Ole Miss,31.0,20.0,11.0,51.0,-3.0,67.5,3.0,1,1,0,,,7.487747632661254,69.54580675975187,0.762875004281552,1.0,4.487747632661254,2.045806759751869,2019
401282673,2021,9,Notre Dame,North Carolina,44.0,34.0,10.0,78.0,-3.5,62.5,3.5,1,1,1,,,1.5493705682056893,66.55086090004907,0.5122214230358084,1.0,-1.9506294317943107,4.050860900049074,2019
401282672,2021,9,NC State,Louisville,28.0,13.0,15.0,41.0,-6.0,57.0,6.0,1,1,0,,,5.869930509986803,60.7637696908216,0.6612113006200715,1.0,-0.1300694900131969,3.763769690821597,2019
401282814,2021,9,Ohio State,Penn State,33.0,24.0,9.0,57.0,-18.5,60.5,18.5,1,0,0,,,15.81651961352156,59.1425237410272,0.8331505105247909,1.0,-2.68348038647844,-1.3574762589728024,2019
401309887,2021,9,Utah,UCLA,44.0,24.0,20.0,68.0,-6.5,60.5,6.5,1,1,1,,,7.4708333485928895,61.07451934165176,0.5190470691074053,1.0,0.9708333485928895,0.574519341651758,2019
401282669,2021,9,BYU,Virginia,66.0,49.0,17.0,115.0,-2.5,66.5,2.5,1,1,1,,,-5.380057234530993,72.09717035390867,0.5314796797620497,1.0,-7.880057234530993,5.597170353908666,2019
401310733,2021,9,San Diego State,Fresno State,20.0,30.0,-10.0,50.0,2.5,44.5,-2.5,0,0,1,,,-4.613204750806929,46.749799289784015,0.5997670315275607,1.0,-2.113204750806929,2.249799289784015,2019
401309883,2021,9,Stanford,Washington,13.0,20.0,-7.0,33.0,-2.5,46.0,2.5,0,0,0,,,-2.9476736191052817,44.52600571404256,0.28074009740777534,1.0,-5.447673619105282,-1.4739942859574384,2019
401309579,2021,10,Akron,Ball State,25.0,31.0,-6.0,56.0,20.0,57.5,-20.0,0,1,0,,,-22.49960909324131,57.51822950678696,0.32020116165182666,1.0,-2.499609093241311,0.018229506786958893,2019
401309580,2021,10,Toledo,Eastern Michigan,49.0,52.0,-3.0,101.0,-9.5,54.5,9.5,0,0,1,,,-0.4608373954531366,61.431273635783086,0.714451830541809,1.0,-9.960837395453137,6.931273635783086,2019
401308839,2021,10,Ohio,Miami (OH),35.0,33.0,2.0,68.0,7.0,54.5,-7.0,1,1,1,,,-4.82349468730243,57.81123062191142,0.46611160535532475,1.0,2.1765053126975697,3.3112306219114203,2019
401309581,2021,10,Western Michigan,Central Michigan,30.0,42.0,-12.0,72.0,-9.0,64.5,9.0,0,0,1,,,7.636850946789311,64.94063453157342,0.6947495421714474,1.0,-1.3631490532106891,0.4406345315734228,2019
401309582,2021,10,Kent State,Northern Illinois,52.0,47.0,5.0,99.0,-3.5,72.0,3.5,1,1,1,,,5.131163021013625,71.79015935828144,0.6692150245910511,1.0,1.6311630210136254,-0.2098406417185572,2019
401309632,2021,10,Louisiana,Georgia State,21.0,17.0,4.0,38.0,-13.5,53.5,13.5,1,0,0,,,16.116122619273252,53.715864222994504,0.8613374753465519,1.0,2.616122619273252,0.21586422299450447,2019
401282677,2021,10,Boston College,Virginia Tech,17.0,3.0,14.0,20.0,1.0,51.0,-1.0,1,1,0,,,2.81816779025979,55.773604707576595,0.6762550599245807,1.0,3.81816779025979,4.773604707576595,2019
401309888,2021,10,Stanford,Utah,7.0,52.0,-45.0,59.0,11.0,51.5,-11.0,0,0,1,,,-12.826917491380666,57.33952301478686,0.5477807407781667,1.0,-1.8269174913806658,5.839523014786863,2019
401310253,2021,10,Air Force,Army,14.0,21.0,-7.0,35.0,-2.5,37.5,2.5,0,0,0,,,5.872106195464481,41.32904653392408,0.6882834372277152,1.0,3.3721061954644806,3.8290465339240782,2019
401282799,2021,10,Nebraska,Ohio State,17.0,26.0,-9.0,43.0,14.0,67.5,-14.0,0,1,0,,,-8.709410547654755,73.25893877036026,0.17444898399528386,1.0,5.290589452345245,5.75893877036026,2019
401287935,2021,10,Kansas,Kansas State,10.0,35.0,-25.0,45.0,24.0,55.5,-24.0,0,0,0,,,-22.600751883282236,48.46714012936452,0.08623738296901212,1.0,1.3992481167177644,-7.032859870635477,2019
401282250,2021,10,UAB,Louisiana Tech,52.0,38.0,14.0,90.0,-13.5,49.0,13.5,1,1,1,,,19.620246425955564,50.86651916504895,0.9250776472129383,1.0,6.120246425955564,1.866519165048949,2019
401282122,2021,10,Georgia,Missouri,43.0,6.0,37.0,49.0,-40.0,59.5,40.0,1,0,0,,,36.70878521380297,57.52744106272145,0.9817198629302619,1.0,-3.291214786197031,-1.9725589372785493,2019
401282124,2021,10,Ole Miss,Liberty,27.0,14.0,13.0,41.0,-7.5,67.0,7.5,1,1,0,,,5.36719891590777,67.24251142670845,0.7577517178650851,1.0,-2.13280108409223,0.24251142670844672,2019
401282678,2021,10,Duke,Pittsburgh,29.0,54.0,-25.0,83.0,21.0,64.5,-21.0,0,0,1,,,-31.875184816218365,68.36688826195524,0.15271141036198507,1.0,-10.875184816218365,3.866888261955239,2019
401282682,2021,10,North Carolina,Wake Forest,58.0,55.0,3.0,113.0,-2.5,78.0,2.5,1,1,1,,,2.9915466357409835,81.69510648041162,0.5619990584301133,1.0,0.49154663574098345,3.6951064804116243,2019
401301039,2021,10,Memphis,SMU,28.0,25.0,3.0,53.0,3.5,70.5,-3.5,1,1,0,,,-1.225603214100651,68.25923244120807,0.4505349727271947,1.0,2.274396785899349,-2.24076755879193,2019
401282720,2021,10,Minnesota,Illinois,6.0,14.0,-8.0,20.0,-14.5,44.0,14.5,0,0,0,,,11.603782232168768,41.56548384555791,0.8801066752739786,1.0,-2.8962177678312315,-2.4345161544420932,2019
401282681,2021,10,Miami,Georgia Tech,33.0,30.0,3.0,63.0,-10.0,63.0,10.0,1,0,0,,,13.270525631762144,64.86041680589814,0.9230753314306785,1.0,3.270525631762144,1.86041680589814,2019
401309633,2021,10,Arkansas State,App State,14.0,48.0,-34.0,62.0,21.5,68.0,-21.5,0,0,0,,,-30.97602974227586,72.97044098114836,0.20449168309312055,1.0,-9.476029742275859,4.970440981148357,2019
401309889,2021,10,Arizona,California,10.0,3.0,7.0,13.0,7.0,47.0,-7.0,1,1,0,,,-5.685373061509383,43.732164986290435,0.2478710731347666,1.0,1.3146269384906173,-3.267835013709565,2019
401282252,2021,10,Southern Miss,North Texas,14.0,38.0,-24.0,52.0,5.5,49.0,-5.5,0,0,1,,,-15.222162631366151,52.57457653852218,0.37194354490367487,1.0,-9.722162631366151,3.57457653852218,2019
401309635,2021,10,Texas State,UL Monroe,27.0,19.0,8.0,46.0,-3.0,57.5,3.0,1,1,0,,,3.5684516372512323,59.59304870287937,0.4893082889526277,1.0,0.5684516372512323,2.093048702879372,2019
401301035,2021,10,East Carolina,Temple,45.0,3.0,42.0,48.0,-15.5,52.5,15.5,1,1,0,,,19.314612528640424,52.14315033356349,0.9410007702653901,1.0,3.814612528640424,-0.35684966643650995,2019
401310736,2021,10,Wyoming,Colorado State,31.0,17.0,14.0,48.0,3.0,41.5,-3.0,1,1,1,,,0.08473857923770955,43.13580398565484,0.6271108610681886,1.0,3.0847385792377096,1.6358039856548388,2019
401282247,2021,10,Charlotte,Rice,31.0,24.0,7.0,55.0,-6.5,52.5,6.5,1,1,1,,,4.9791146250876075,51.932002189204226,0.6192965496533347,1.0,-1.5208853749123925,-0.5679978107957737,2019
401309636,2021,10,Troy,South Alabama,31.0,24.0,7.0,55.0,-3.5,47.5,3.5,1,1,1,,,3.133347162646916,44.40634009154669,0.5830364563218868,1.0,-0.36665283735308396,-3.0936599084533114,2019
401282126,2021,10,Texas A&M,Auburn,20.0,3.0,17.0,23.0,-4.5,49.5,4.5,1,1,0,,,2.9257200171082443,46.43783380017239,0.7481717600513823,1.0,-1.5742799828917557,-3.062166199827608,2019
401301037,2021,10,Cincinnati,Tulsa,28.0,20.0,8.0,48.0,-22.5,56.0,22.5,1,0,0,,,23.14615201196276,54.57383942515909,0.9643416107033863,1.0,0.6461520119627586,-1.4261605748409067,2019
401282824,2021,10,Rutgers,Wisconsin,3.0,52.0,-49.0,55.0,13.0,37.5,-13.0,0,0,1,,,-13.439066319784922,32.36601351082487,0.24869586355466725,1.0,-0.4390663197849225,-5.133986489175129,2019
401282710,2021,10,Notre Dame,Navy,34.0,6.0,28.0,40.0,-21.0,47.5,21.0,1,1,0,,,19.67868631617573,48.80190035693724,0.9585347394396482,1.0,-1.3213136838242683,1.3019003569372387,2019
401287936,2021,10,TCU,Baylor,30.0,28.0,2.0,58.0,7.5,57.0,-7.5,1,1,1,,,-11.595809222819678,58.486691174488456,0.3966530366248831,1.0,-4.095809222819678,1.4866911744884561,2019
401282787,2021,10,Purdue,Michigan State,40.0,29.0,11.0,69.0,2.5,53.5,-2.5,1,1,1,,,3.971083140372693,58.625567415020555,0.5947727813705554,1.0,6.471083140372693,5.125567415020555,2019
401282251,2021,10,Western Kentucky,Middle Tennessee,48.0,21.0,27.0,69.0,-17.5,66.5,17.5,1,1,1,,,17.515289775059426,63.33829384349167,0.8042039922350338,1.0,0.015289775059425637,-3.1617061565083304,2019
401287937,2021,10,West Virginia,Oklahoma State,3.0,24.0,-21.0,27.0,3.5,49.0,-3.5,0,0,0,,,0.5623726264017304,50.464491798753976,0.5986896077719119,1.0,4.06237262640173,1.4644917987539756,2019
401282768,2021,10,Maryland,Penn State,14.0,31.0,-17.0,45.0,10.0,56.5,-10.0,0,0,0,,,-14.531923430821916,54.5418404159968,0.17912125341993004,1.0,-4.531923430821916,-1.958159584003198,2019
401282679,2021,10,Florida State,NC State,14.0,28.0,-14.0,42.0,3.0,55.5,-3.0,0,0,0,,,1.8113885418005973,54.79062768044933,0.7496286084132163,1.0,4.811388541800597,-0.7093723195506669,2019
401310738,2021,10,New Mexico State,Utah State,13.0,35.0,-22.0,48.0,18.5,72.5,-18.5,0,0,0,,,-12.769411292994151,65.82382664146394,0.37200960627772606,1.0,5.7305887070058485,-6.676173358536062,2019
401301036,2021,10,UCF,Tulane,14.0,10.0,4.0,24.0,-13.5,57.0,13.5,1,0,0,,,14.528539803908094,66.23610348933012,0.903754104145877,1.0,1.0285398039080942,9.23610348933012,2019
401282121,2021,10,Arkansas,Mississippi State,31.0,28.0,3.0,59.0,-4.0,53.5,4.0,1,0,1,,,3.7982011538003198,54.28198950691132,0.49019196862580827,1.0,-0.20179884619968025,0.781989506911323,2019
401282249,2021,10,Florida Atlantic,Marshall,13.0,28.0,-15.0,41.0,1.5,57.5,-1.5,0,0,0,,,-2.017560546548305,61.59199050281196,0.5991457437771626,1.0,-0.5175605465483049,4.09199050281196,2019
401309634,2021,10,Georgia Southern,Coastal Carolina,8.0,28.0,-20.0,36.0,16.0,56.5,-16.0,0,0,0,,,-20.259747975279275,54.70488334730342,0.038352517217615456,1.0,-4.259747975279275,-1.7951166526965778,2019
401309891,2021,10,Colorado,Oregon State,37.0,34.0,3.0,71.0,11.5,55.5,-11.5,1,1,1,,,-16.09391770197328,53.58812796959937,0.41035870410153846,1.0,-4.593917701973279,-1.9118720304006303,2019
401282120,2021,10,Alabama,LSU,20.0,14.0,6.0,34.0,-29.0,67.0,29.0,1,0,0,,,24.773405359982636,70.90129514667889,0.9121681393957586,1.0,-4.226594640017364,3.9012951466788905,2019
401282248,2021,10,Florida International,Old Dominion,24.0,47.0,-23.0,71.0,3.0,50.0,-3.0,0,0,1,,,-2.381787532463086,61.38244940038922,0.43676388655486476,1.0,0.6182124675369138,11.38244940038922,2019
401282123,2021,10,Kentucky,Tennessee,42.0,45.0,-3.0,87.0,1.0,57.5,-1.0,0,0,1,,,-1.0062240425042714,58.9689109623842,0.38009263386948966,1.0,-0.006224042504271443,1.4689109623842,2019
401310735,2021,10,Fresno State,Boise State,14.0,40.0,-26.0,54.0,-4.0,61.0,4.0,0,0,0,,,1.2016029337913676,56.35835063265665,0.5736802316197007,1.0,-2.7983970662086324,-4.641649367343348,2019
401282757,2021,10,Northwestern,Iowa,12.0,17.0,-5.0,29.0,12.0,40.5,-12.0,0,1,0,,,-21.35919536436165,38.95374232598141,0.12547269121568144,1.0,-9.35919536436165,-1.546257674018591,2019
401310737,2021,10,New Mexico,UNLV,17.0,31.0,-14.0,48.0,-1.5,45.0,1.5,0,0,1,,,-8.475891253471925,45.95580970806662,0.5837639863324784,1.0,-9.975891253471925,0.9558097080666172,2019
401282727,2021,10,Michigan,Indiana,29.0,7.0,22.0,36.0,-20.5,51.0,20.5,1,1,0,,,17.887002182891806,52.60309470497184,0.8545751755204506,1.0,-2.6129978171081945,1.6030947049718378,2019
401287934,2021,10,Iowa State,Texas,30.0,7.0,23.0,37.0,-6.0,59.5,6.0,1,1,0,,,9.231294751846175,64.3049187426203,0.790849101590125,1.0,3.2312947518461748,4.804918742620302,2019
401282680,2021,10,Louisville,Clemson,24.0,30.0,-6.0,54.0,3.5,46.5,-3.5,0,0,1,,,2.3089520120939726,43.87627423151922,0.48026944037780894,1.0,5.808952012093973,-2.6237257684807815,2019
401309890,2021,10,Washington,Oregon,16.0,26.0,-10.0,42.0,7.0,48.0,-7.0,0,0,0,,,-7.174355255575018,49.86429953310541,0.5691630039927397,1.0,-0.1743552555750183,1.8642995331054095,2019
401301038,2021,10,South Florida,Houston,42.0,54.0,-12.0,96.0,13.5,53.0,-13.5,0,1,1,,,-0.5048440429144918,53.93331319883438,0.4482274074764541,1.0,12.995155957085508,0.9333131988343766,2019
401282125,2021,10,South Carolina,Florida,40.0,17.0,23.0,57.0,20.5,52.0,-20.5,1,1,1,,,-14.54740498369968,54.287420234554844,0.3120866516095278,1.0,5.95259501630032,2.287420234554844,2019
401310740,2021,10,Nevada,San José State,27.0,24.0,3.0,51.0,-11.5,55.5,11.5,1,0,0,,,17.09661574226151,54.325071291892584,0.9282969722060062,1.0,5.596615742261509,-1.1749287081074158,2019
401282253,2021,10,UTEP,UTSA,23.0,44.0,-21.0,67.0,11.5,53.0,-11.5,0,0,1,,,-10.54411265863189,46.6271329459009,0.2290292694589991,1.0,0.9558873413681095,-6.372867054099103,2019
401309892,2021,10,Arizona State,USC,31.0,16.0,15.0,47.0,-9.5,62.0,9.5,1,1,0,,,14.055104208174825,60.77317679530137,0.750961782583655,1.0,4.555104208174825,-1.2268232046986327,2019
401310739,2021,10,Hawai'i,San Diego State,10.0,17.0,-7.0,27.0,7.0,45.5,-7.0,0,0,0,,,-9.851644160001213,36.68963807104561,0.26801128152407666,1.0,-2.8516441600012126,-8.810361928954393,2019
401308840,2021,11,Miami (OH),Buffalo,45.0,18.0,27.0,63.0,-7.0,58.0,7.0,1,1,1,,,7.404996347804072,58.06666385373927,0.8160761261505642,1.0,0.40499634780407234,0.06666385373927142,2019
401309584,2021,11,Western Michigan,Akron,45.0,40.0,5.0,85.0,-24.5,62.0,24.5,1,0,1,,,30.999885336608834,66.48336664326933,0.9558682754497175,1.0,6.499885336608834,4.483366643269335,2019
401309583,2021,11,Eastern Michigan,Ohio,26.0,34.0,-8.0,60.0,-6.0,62.0,6.0,0,0,0,,,5.196052154897492,55.28079046890526,0.6304948500703171,1.0,-0.8039478451025079,-6.719209531094741,2019
401309585,2021,11,Bowling Green,Toledo,17.0,49.0,-32.0,66.0,10.5,50.0,-10.5,0,0,1,,,-3.499663051209877,47.37435362101721,0.2637796147418522,1.0,7.000336948790123,-2.6256463789827933,2019
401309587,2021,11,Northern Illinois,Ball State,30.0,29.0,1.0,59.0,2.5,60.0,-2.5,1,1,0,,,-3.898791666807294,54.72743521610774,0.4747741976973786,1.0,-1.398791666807294,-5.272564783892257,2019
401309586,2021,11,Central Michigan,Kent State,54.0,30.0,24.0,84.0,-2.5,76.5,2.5,1,1,1,,,9.228092802437242,73.85143860961396,0.8021229736853255,1.0,6.728092802437242,-2.6485613903860354,2019
401282683,2021,11,Pittsburgh,North Carolina,30.0,23.0,7.0,53.0,-6.5,72.0,6.5,1,1,0,,,10.338774607082883,69.06676975780711,0.7700161240270822,1.0,3.8387746070828825,-2.9332302421928915,2019
401301040,2021,11,South Florida,Cincinnati,28.0,45.0,-17.0,73.0,23.5,58.5,-23.5,0,1,1,,,-24.496597031738595,50.2137353270371,0.10249734250383971,1.0,-0.9965970317385953,-8.2862646729629,2019
401310742,2021,11,Boise State,Wyoming,23.0,13.0,10.0,36.0,-13.5,48.5,13.5,1,0,0,,,8.646991074838121,48.102994753134986,0.8602236644547339,1.0,-4.853008925161879,-0.3970052468650138,2019
401282128,2021,11,Auburn,Mississippi State,34.0,43.0,-9.0,77.0,-5.5,51.0,5.5,0,0,1,,,17.604001606187765,50.631842789174826,0.7338736777670163,1.0,12.104001606187765,-0.3681572108251743,2019
401287939,2021,11,Kansas State,West Virginia,34.0,17.0,17.0,51.0,-6.0,47.0,6.0,1,1,1,,,8.74217884165228,48.617364802250414,0.7837480430160062,1.0,2.7421788416522794,1.617364802250414,2019
401301043,2021,11,Temple,Houston,8.0,37.0,-29.0,45.0,24.5,52.5,-24.5,0,0,0,,,-19.740215990236557,55.346324410904835,0.12927149947297012,1.0,4.759784009763443,2.8463244109048347,2019
401301042,2021,11,Memphis,East Carolina,29.0,30.0,-1.0,59.0,-4.0,58.5,4.0,0,0,1,,,4.563058515746931,56.45956520882748,0.596638506515345,1.0,0.5630585157469312,-2.0404347911725225,2019
401301041,2021,11,SMU,UCF,55.0,28.0,27.0,83.0,-7.0,61.5,7.0,1,1,1,,,16.012772484117065,63.09979444056347,0.7280495907085414,1.0,9.012772484117065,1.5997944405634712,2019
401282806,2021,11,Wisconsin,Northwestern,35.0,7.0,28.0,42.0,-25.5,41.5,25.5,1,1,1,,,25.807282831281597,44.83986148897928,0.9720223062027193,1.0,0.30728283128159717,3.339861488979281,2019
401282684,2021,11,Clemson,UConn,44.0,7.0,37.0,51.0,-40.5,50.5,40.5,1,0,1,,,38.15258720180995,62.04953146522965,0.9639234415229412,1.0,-2.3474127981900494,11.549531465229649,2019
401287938,2021,11,Baylor,Oklahoma,27.0,14.0,13.0,41.0,4.0,62.5,-4.0,1,1,0,,,5.122719245575748,66.6951915470022,0.6328191845584019,1.0,9.122719245575748,4.195191547002196,2019
401282687,2021,11,Louisville,Syracuse,41.0,3.0,38.0,44.0,-3.0,55.5,3.0,1,1,0,,,2.2808338064176845,61.712230831323765,0.46763517172117175,1.0,-0.7191661935823155,6.212230831323765,2019
401282728,2021,11,Indiana,Rutgers,3.0,38.0,-35.0,41.0,-6.5,42.5,6.5,0,0,0,,,0.643958729520171,44.01952232203053,0.6984961144885605,1.0,-5.856041270479829,1.5195223220305323,2019
401282780,2021,11,Penn State,Michigan,17.0,21.0,-4.0,38.0,2.5,48.5,-2.5,0,0,0,,,-4.578400164402528,49.4027482464275,0.497937669602585,1.0,-2.0784001644025283,0.9027482464274996,2019
401282127,2021,11,Alabama,New Mexico State,59.0,3.0,56.0,62.0,-50.5,67.0,50.5,1,1,0,,,46.416002875237055,71.95185309067682,0.9349991403164093,1.0,-4.083997124762945,4.951853090676821,2019
401282259,2021,11,Rice,Western Kentucky,21.0,42.0,-21.0,63.0,19.0,61.5,-19.0,0,0,1,,,-15.784268937150305,56.40850838147039,0.16818662213132118,1.0,3.215731062849695,-5.091491618529609,2019
401309896,2021,11,Arizona,Utah,29.0,38.0,-9.0,67.0,24.0,54.5,-24.0,0,1,1,,,-21.115494858225887,56.98390295143859,0.16173453922130349,1.0,2.884505141774113,2.483902951438587,2019
401309639,2021,11,Coastal Carolina,Georgia State,40.0,42.0,-2.0,82.0,-12.5,53.5,12.5,0,0,1,,,5.051400525358976,56.41877521677561,0.7920071414678541,1.0,-7.448599474641024,2.9187752167756074,2019
401309637,2021,11,App State,South Alabama,31.0,7.0,24.0,38.0,-21.5,52.0,21.5,1,1,0,,,17.546005126874064,53.5748355031772,0.9159563215471651,1.0,-3.953994873125936,1.574835503177198,2019
401309640,2021,11,Texas State,Georgia Southern,30.0,38.0,-8.0,68.0,-2.0,52.0,2.0,0,0,1,,,6.24696936300147,49.83366200958297,0.5048756718402323,1.0,4.24696936300147,-2.166337990417027,2019
401282254,2021,11,Louisiana Tech,Charlotte,42.0,32.0,10.0,74.0,-7.0,57.5,7.0,1,1,1,,,4.117730224901511,53.74385853126846,0.47176084074061586,1.0,-2.8822697750984894,-3.756141468731542,2019
401309641,2021,11,Troy,Louisiana,21.0,35.0,-14.0,56.0,6.5,48.0,-6.5,0,0,1,,,-8.754759170946055,47.71742003384894,0.20412845390683615,1.0,-2.2547591709460555,-0.2825799661510615,2019
401282133,2021,11,Tennessee,Georgia,17.0,41.0,-24.0,58.0,19.5,55.5,-19.5,0,0,1,,,-19.29829122909232,53.41132234633432,0.13473816140395828,1.0,0.20170877090767902,-2.088677653665677,2019
401282685,2021,11,Florida State,Miami,31.0,28.0,3.0,59.0,2.5,61.5,-2.5,1,1,0,,,0.7718950211322237,66.6056107970387,0.6963275640200097,1.0,3.2718950211322237,5.105610797038693,2019
401282686,2021,11,Georgia Tech,Boston College,30.0,41.0,-11.0,71.0,1.5,55.5,-1.5,0,0,1,,,0.205358486117867,61.43285185889057,0.6963769663817664,1.0,1.705358486117867,5.932851858890572,2019
401282257,2021,11,Marshall,UAB,14.0,21.0,-7.0,35.0,-4.5,55.5,4.5,0,0,0,,,8.643768609298164,55.5473897948052,0.6706308096769059,1.0,4.143768609298164,0.04738979480519845,2019
401282256,2021,11,Old Dominion,Florida Atlantic,30.0,16.0,14.0,46.0,6.5,48.0,-6.5,1,1,0,,,-7.149185021115708,49.482005326242174,0.12772873019798706,1.0,-0.6491850211157084,1.4820053262421737,2019
401287942,2021,11,Texas Tech,Iowa State,41.0,38.0,3.0,79.0,12.5,55.5,-12.5,1,1,1,,,-15.774629664763783,54.81988896680243,0.1997833884169921,1.0,-3.2746296647637827,-0.6801110331975693,2019
401282762,2021,11,Iowa,Minnesota,27.0,22.0,5.0,49.0,-4.0,37.0,4.0,1,1,1,,,3.530606651474483,39.07107631784431,0.5805732749094148,1.0,-0.46939334852551706,2.071076317844309,2019
401282255,2021,11,Middle Tennessee,Florida International,50.0,10.0,40.0,60.0,-10.5,55.0,10.5,1,1,1,,,15.950225008189907,49.14744115213352,0.7533401019391011,1.0,5.450225008189907,-5.852558847866483,2019
401282812,2021,11,Ohio State,Purdue,59.0,31.0,28.0,90.0,-19.0,65.0,19.0,1,1,1,,,14.087242597769524,64.70880352570936,0.9176036130835523,1.0,-4.912757402230476,-0.29119647429064344,2019
401282260,2021,11,UTSA,Southern Miss,27.0,17.0,10.0,44.0,-32.5,54.5,32.5,1,0,0,,,33.22145420974513,56.47314837138714,0.9843125920322483,1.0,0.7214542097451329,1.9731483713871398,2019
401282689,2021,11,Virginia Tech,Duke,48.0,17.0,31.0,65.0,-13.0,50.5,13.0,1,1,1,,,11.72409096151217,52.73017271882635,0.8906183115847544,1.0,-1.2759090384878302,2.2301727188263527,2019
401301044,2021,11,Tulane,Tulsa,13.0,20.0,-7.0,33.0,3.0,55.5,-3.0,0,0,0,,,-0.9974261636430954,63.527420463959494,0.6479968220973924,1.0,2.0025738363569046,8.027420463959494,2019
401310745,2021,11,UNLV,Hawai'i,27.0,13.0,14.0,40.0,3.5,55.5,-3.5,1,1,0,,,2.669126146584409,61.28482598403465,0.5698539538900284,1.0,6.169126146584409,5.784825984034647,2019
401282771,2021,11,Michigan State,Maryland,40.0,21.0,19.0,61.0,-11.5,60.5,11.5,1,1,1,,,14.141415740863915,62.79170223691323,0.8717875986175811,1.0,2.6414157408639145,2.291702236913231,2019
401282258,2021,11,North Texas,UTEP,20.0,17.0,3.0,37.0,-1.0,55.0,1.0,1,1,0,,,4.362608382125891,54.34528106842398,0.45728616627094565,1.0,3.3626083821258907,-0.6547189315760207,2019
401282132,2021,11,Missouri,South Carolina,31.0,28.0,3.0,59.0,1.5,55.0,-1.5,1,1,1,,,-0.7724910291078514,55.43541564478643,0.6783114393681803,1.0,0.7275089708921486,0.43541564478643124,2019
401309638,2021,11,UL Monroe,Arkansas State,24.0,27.0,-3.0,51.0,-3.0,66.5,3.0,0,0,0,,,2.0299938220230658,65.40481861130763,0.46547108083801203,1.0,-0.9700061779769342,-1.0951813886923674,2019
401309894,2021,11,Oregon State,Stanford,35.0,14.0,21.0,49.0,-12.5,56.5,12.5,1,1,0,,,17.81923543744838,55.46060876990465,0.83599944306668,1.0,5.319235437448381,-1.0393912300953474,2019
401310741,2021,11,Colorado State,Air Force,21.0,35.0,-14.0,56.0,3.0,45.0,-3.0,0,0,1,,,-0.1981490072549974,49.82312094354653,0.44457399550611587,1.0,2.8018509927450026,4.823120943546527,2019
401309897,2021,11,Washington,Arizona State,30.0,35.0,-5.0,65.0,6.0,45.5,-6.0,0,1,1,,,-12.625406231890668,47.92197515285149,0.5084948326227194,1.0,-6.625406231890668,2.4219751528514877,2019
401282131,2021,11,Ole Miss,Texas A&M,29.0,19.0,10.0,48.0,1.0,57.5,-1.0,1,1,0,,,-2.985902734428196,62.973855534033156,0.3625219978499015,1.0,-1.9859027344281959,5.473855534033156,2019
401310743,2021,11,Fresno State,New Mexico,34.0,7.0,27.0,41.0,-24.0,51.0,24.0,1,1,0,,,25.06232633117295,51.244223653177805,0.9555949045237999,1.0,1.062326331172951,0.24422365317780503,2019
401282134,2021,11,Vanderbilt,Kentucky,17.0,34.0,-17.0,51.0,21.5,52.5,-21.5,0,1,0,,,-21.934143478970768,54.62294552448848,0.26022725427718196,1.0,-0.43414347897076766,2.122945524488479,2019
401282130,2021,11,LSU,Arkansas,13.0,16.0,-3.0,29.0,3.0,59.5,-3.0,0,0,0,,,-7.929466896601586,63.10335116149043,0.37789196034184336,1.0,-4.929466896601586,3.60335116149043,2019
401282690,2021,11,Wake Forest,NC State,45.0,42.0,3.0,87.0,-1.0,64.5,1.0,1,1,1,,,2.8188410563561597,60.98535311837657,0.6824824120979701,1.0,1.8188410563561597,-3.5146468816234275,2019
401287941,2021,11,Texas,Kansas,56.0,57.0,-1.0,113.0,-31.0,61.5,31.0,0,0,1,,,28.37690876699183,67.21554563941478,0.9793384912018221,1.0,-2.6230912330081715,5.715545639414785,2019
401282688,2021,11,Virginia,Notre Dame,3.0,28.0,-25.0,31.0,8.5,62.0,-8.5,0,0,0,,,1.7397334497243158,61.567784765739965,0.689390544830846,1.0,10.239733449724316,-0.4322152342600347,2019
401287940,2021,11,Oklahoma State,TCU,63.0,17.0,46.0,80.0,-11.0,54.0,11.0,1,1,1,,,15.167087172491787,48.519574767757845,0.8815416305101453,1.0,4.167087172491787,-5.480425232242155,2019
401309898,2021,11,UCLA,Colorado,44.0,20.0,24.0,64.0,-18.0,57.0,18.0,1,1,1,,,21.411694733161205,53.54123408980863,0.9071773172964749,1.0,3.4116947331612053,-3.4587659101913673,2019
401310746,2021,11,San Diego State,Nevada,23.0,21.0,2.0,44.0,-2.5,45.0,2.5,1,0,0,,,-2.407925513043197,46.751869300143,0.48588883439426434,1.0,-4.907925513043197,1.7518693001429995,2019
401310744,2021,11,San José State,Utah State,17.0,48.0,-31.0,65.0,-4.5,58.0,4.5,0,0,1,,,7.813220966776347,67.46037353830162,0.6980020408297082,1.0,3.3132209667763473,9.460373538301624,2019
401309895,2021,11,Oregon,Washington State,38.0,24.0,14.0,62.0,-13.5,57.5,13.5,1,1,1,,,14.293068878973399,59.06317171447749,0.9176123381649743,1.0,0.7930688789733988,1.563171714477491,2019
401309589,2021,12,Ohio,Toledo,23.0,35.0,-12.0,58.0,7.5,57.5,-7.5,0,0,1,,,-0.6284063511012299,54.5024185223676,0.5251286665779129,1.0,6.87159364889877,-2.9975814776324015,2019
401309588,2021,12,Eastern Michigan,Western Michigan,22.0,21.0,1.0,43.0,6.0,66.0,-6.0,1,1,0,,,-8.434088892562025,62.41371250752961,0.6675072055861948,1.0,-2.434088892562025,-3.5862874924703902,2019
401308841,2021,12,Miami (OH),Bowling Green,34.0,7.0,27.0,41.0,-17.0,52.0,17.0,1,1,0,,,19.322670968391417,51.042329446508795,0.8766992906142477,1.0,2.3226709683914173,-0.9576705534912051,2019
401309590,2021,12,Buffalo,Northern Illinois,27.0,33.0,-6.0,60.0,1.5,59.0,-1.5,0,0,1,,,-5.255118468693103,58.237072245060084,0.471768004336486,1.0,-3.7551184686931034,-0.7629277549399163,2019
401309591,2021,12,Ball State,Central Michigan,17.0,37.0,-20.0,54.0,2.5,57.0,-2.5,0,0,0,,,0.20930035837638217,55.55378378799359,0.42189074246368147,1.0,2.709300358376382,-1.4462162120064121,2019
401282691,2021,12,Duke,Louisville,22.0,62.0,-40.0,84.0,20.0,60.5,-20.0,0,0,1,,,-26.76206427527288,62.84915542670511,0.12184980031907441,1.0,-6.762064275272881,2.34915542670511,2019
401282264,2021,12,Louisiana Tech,Southern Miss,19.0,35.0,-16.0,54.0,-15.5,47.5,15.5,0,0,1,,,14.892005037329803,46.46224984594895,0.7306954785254296,1.0,-0.6079949626701975,-1.0377501540510465,2019
401309899,2021,12,Washington State,Arizona,44.0,18.0,26.0,62.0,-14.5,52.5,14.5,1,1,1,,,11.78504391702734,58.51324607447775,0.8784431668109429,1.0,-2.7149560829726607,6.013246074477749,2019
401301045,2021,12,Houston,Memphis,31.0,13.0,18.0,44.0,-9.5,59.0,9.5,1,1,0,,,10.36833594585958,59.64833149381611,0.7670944860028934,1.0,0.8683359458595792,0.6483314938161087,2019
401310747,2021,12,Nevada,Air Force,39.0,41.0,-2.0,80.0,1.5,54.5,-1.5,0,0,1,,,0.29137824269742496,56.79773583461607,0.7297983487101904,1.0,1.791378242697425,2.29773583461607,2019
401310751,2021,12,UNLV,San Diego State,20.0,28.0,-8.0,48.0,11.0,41.0,-11.0,0,1,1,,,-17.870170024000736,33.52836380485221,0.08462541817954705,1.0,-6.8701700240007355,-7.471636195147788,2019
401287947,2021,12,West Virginia,Texas,31.0,23.0,8.0,54.0,-2.5,56.5,2.5,1,1,0,,,-1.6752921619898595,62.11675935144433,0.3041960372557702,1.0,-4.1752921619898595,5.61675935144433,2019
401286305,2021,12,Army,Massachusetts,33.0,17.0,16.0,50.0,-37.0,56.0,37.0,1,0,0,,,43.90817600172135,58.43894714740444,0.9589533760685285,1.0,6.908176001721351,2.4389471474044413,2019
401287944,2021,12,Oklahoma,Iowa State,28.0,21.0,7.0,49.0,-3.0,59.0,3.0,1,1,0,,,4.33263794696386,61.75404209166442,0.7403572059629571,1.0,1.3326379469638603,2.7540420916644166,2019
401282693,2021,12,Clemson,Wake Forest,48.0,27.0,21.0,75.0,-3.5,57.0,3.5,1,1,1,,,-2.141313827528103,56.69000454046998,0.5177435021835721,1.0,-5.641313827528103,-0.30999545953002183,2019
401282137,2021,12,Kentucky,New Mexico State,56.0,16.0,40.0,72.0,-35.5,61.0,35.5,1,1,1,,,36.287542634777694,54.62211758291106,0.9237691050135163,1.0,0.7875426347776937,-6.377882417088941,2019
401282808,2021,12,Northwestern,Purdue,14.0,32.0,-18.0,46.0,11.0,47.5,-11.0,0,0,0,,,-11.966534480803055,44.261570582297125,0.30585079186387026,1.0,-0.9665344808030554,-3.238429417702875,2019
401282786,2021,12,Ohio State,Michigan State,56.0,7.0,49.0,63.0,-19.5,70.5,19.5,1,1,0,,,18.843104066404955,68.98737193764879,0.9274745209001352,1.0,-0.6568959335950453,-1.5126280623512116,2019
401282692,2021,12,Boston College,Florida State,23.0,26.0,-3.0,49.0,-3.0,55.5,3.0,0,0,0,,,1.5390856179905579,55.64190878887716,0.5909429906993473,1.0,-1.4609143820094421,0.14190878887715996,2019
401282263,2021,12,Western Kentucky,Florida Atlantic,52.0,17.0,35.0,69.0,-10.5,64.0,10.5,1,1,1,,,12.970652335185413,67.09539314219793,0.791319596327805,1.0,2.470652335185413,3.095393142197935,2019
401282818,2021,12,Penn State,Rutgers,28.0,0.0,28.0,28.0,-14.0,45.0,14.0,1,1,0,,,14.928050477252897,48.92241568229295,0.9453246779002753,1.0,0.9280504772528975,3.92241568229295,2019
401301048,2021,12,Tulane,South Florida,45.0,14.0,31.0,59.0,-5.5,59.5,5.5,1,1,0,,,0.905098296874991,58.065489556090114,0.6742252820054341,1.0,-4.594901703125009,-1.4345104439098861,2019
401309592,2021,12,Akron,Kent State,0.0,38.0,-38.0,38.0,13.5,72.5,-13.5,0,0,0,,,-17.939960100869428,67.74724870536504,0.3458385122583675,1.0,-4.439960100869428,-4.752751294634962,2019
401309644,2021,12,Coastal Carolina,Texas State,35.0,21.0,14.0,56.0,-24.5,60.0,24.5,1,0,0,,,19.162322801447203,57.64837237633157,0.9701223757767092,1.0,-5.337677198552797,-2.3516276236684277,2019
401309643,2021,12,Georgia State,Arkansas State,28.0,20.0,8.0,48.0,-15.5,65.5,15.5,1,0,0,,,16.82655313834859,70.93244932109866,0.9278820711912352,1.0,1.32655313834859,5.432449321098659,2019
401282721,2021,12,Iowa,Illinois,33.0,23.0,10.0,56.0,-12.0,38.5,12.0,1,0,1,,,14.990650720127675,35.23633282746903,0.8159659498964696,1.0,2.9906507201276753,-3.2636671725309725,2019
401282697,2021,12,Notre Dame,Georgia Tech,55.0,0.0,55.0,55.0,-17.5,58.0,17.5,1,1,0,,,11.411638433493762,56.48522705506545,0.8722289256332879,1.0,-6.088361566506238,-1.514772944934549,2019
401309903,2021,12,Colorado,Washington,20.0,17.0,3.0,37.0,6.5,43.0,-6.5,1,1,0,,,-7.830193027058462,43.551571098747644,0.19045239151471657,1.0,-1.3301930270584617,0.5515710987476439,2019
401301047,2021,12,Navy,East Carolina,35.0,38.0,-3.0,73.0,3.5,46.5,-3.5,0,1,1,,,-6.181744905893193,46.402910005659976,0.060452939615682134,1.0,-2.6817449058931926,-0.09708999434002408,2019
401282698,2021,12,Pittsburgh,Virginia,48.0,38.0,10.0,86.0,-13.5,66.5,13.5,1,0,1,,,12.947439147131087,70.45412866221307,0.8045828217415347,1.0,-0.552560852868913,3.9541286622130656,2019
401282770,2021,12,Maryland,Michigan,18.0,59.0,-41.0,77.0,15.5,57.5,-15.5,0,0,1,,,-14.484216091731437,61.80518400311004,0.0532641211853544,1.0,1.0157839082685634,4.305184003110043,2019
401282732,2021,12,Indiana,Minnesota,14.0,35.0,-21.0,49.0,7.5,43.5,-7.5,0,0,1,,,-8.039519736453261,45.74416500350352,0.21130679088601598,1.0,-0.5395197364532613,2.244165003503518,2019
401282261,2021,12,Charlotte,Marshall,28.0,49.0,-21.0,77.0,14.5,62.0,-14.5,0,0,1,,,-17.70318305117359,61.9718619262094,0.113466110537543,1.0,-3.203183051173589,-0.028138073790600515,2019
401282135,2021,12,Alabama,Arkansas,42.0,35.0,7.0,77.0,-20.5,58.5,20.5,1,0,1,,,19.890321544158677,55.56712127561333,0.921310826743691,1.0,-0.6096784558413226,-2.9328787243866685,2019
401282267,2021,12,UTSA,UAB,34.0,31.0,3.0,65.0,-4.0,53.5,4.0,1,0,1,,,9.731339354283595,48.323553094251196,0.7336874023929633,1.0,5.731339354283595,-5.176446905748804,2019
401282803,2021,12,Wisconsin,Nebraska,35.0,28.0,7.0,63.0,-10.0,43.5,10.0,1,0,1,,,13.110618387027376,44.147439867624854,0.8128147548295197,1.0,3.110618387027376,0.6474398676248541,2019
401309642,2021,12,Troy,App State,7.0,45.0,-38.0,52.0,9.5,51.5,-9.5,0,0,1,,,-7.503827596091519,49.20263293887543,0.3505542476905654,1.0,1.9961724039084814,-2.297367061124568,2019
401301046,2021,12,Cincinnati,SMU,48.0,14.0,34.0,62.0,-10.0,65.5,10.0,1,1,0,,,12.01402334127188,60.409694810783506,0.8441088062980753,1.0,2.01402334127188,-5.090305189216494,2019
401282265,2021,12,Middle Tennessee,Old Dominion,17.0,24.0,-7.0,41.0,-3.0,49.0,3.0,0,0,0,,,3.0070834330939733,55.9475567936113,0.5844082276789284,1.0,0.0070834330939733015,6.947556793611298,2019
401282266,2021,12,UTEP,Rice,38.0,28.0,10.0,66.0,-9.0,47.0,9.0,1,1,1,,,18.549043554258,41.90821640062652,0.8576976350521834,1.0,9.549043554257999,-5.091783599373478,2019
401282695,2021,12,NC State,Syracuse,41.0,17.0,24.0,58.0,-11.5,49.5,11.5,1,1,1,,,13.352666216390219,51.659511207598214,0.8258723740049947,1.0,1.8526662163902188,2.1595112075982144,2019
401286298,2021,12,Liberty,Louisiana,14.0,42.0,-28.0,56.0,-4.5,53.5,4.5,0,0,1,,,12.821617655735423,54.10364608398215,0.7340592739578867,1.0,8.321617655735423,0.6036460839821487,2019
401309645,2021,12,Georgia Southern,BYU,17.0,34.0,-17.0,51.0,20.0,57.5,-20.0,0,1,0,,,-19.118808229863205,55.801862215970125,0.23720234282973462,1.0,0.8811917701367946,-1.6981377840298748,2019
401301049,2021,12,Tulsa,Temple,44.0,10.0,34.0,54.0,-21.5,50.5,21.5,1,1,1,,,20.578244603729487,57.73299178974677,0.9578506024548875,1.0,-0.9217553962705125,7.2329917897467695,2019
401286293,2021,12,UCF,UConn,49.0,17.0,32.0,66.0,-30.0,55.5,30.0,1,1,1,,,25.58242908486181,65.92291105107711,0.9527056981636945,1.0,-4.417570915138189,10.422911051077108,2019
401287945,2021,12,TCU,Kansas,31.0,28.0,3.0,59.0,-21.0,64.5,21.0,1,0,0,,,23.825204700973508,67.88233450963007,0.9624934092450264,1.0,2.825204700973508,3.38233450963007,2019
401282141,2021,12,Missouri,Florida,24.0,23.0,1.0,47.0,9.0,69.0,-9.0,1,1,0,,,-3.2942737894347793,66.33690645969482,0.46549001279548413,1.0,5.705726210565221,-2.6630935403051836,2019
401309904,2021,12,USC,UCLA,33.0,62.0,-29.0,95.0,3.5,65.5,-3.5,0,0,1,,,-3.9071801643184823,69.06818497149449,0.577864072296054,1.0,-0.40718016431848225,3.568184971494489,2019
401287943,2021,12,Kansas State,Baylor,10.0,20.0,-10.0,30.0,-2.5,50.0,2.5,0,0,0,,,4.279568540396074,55.83897931350482,0.6176973295260878,1.0,1.779568540396074,5.838979313504822,2019
401282262,2021,12,Florida International,North Texas,7.0,49.0,-42.0,56.0,10.0,57.5,-10.0,0,0,0,,,-7.844324176184058,56.48271746866179,0.33667783152315317,1.0,2.155675823815942,-1.0172825313382106,2019
401309900,2021,12,Stanford,California,11.0,41.0,-30.0,52.0,2.5,46.0,-2.5,0,0,1,,,-7.3357460308969475,40.35970718220691,0.26229012109104033,1.0,-4.8357460308969475,-5.640292817793089,2019
401282142,2021,12,South Carolina,Auburn,21.0,17.0,4.0,38.0,7.0,45.0,-7.0,1,1,0,,,-10.764061902173971,45.123530872601464,0.3303011637915588,1.0,-3.764061902173971,0.12353087260146367,2019
401282139,2021,12,Ole Miss,Vanderbilt,31.0,17.0,14.0,48.0,-36.0,65.5,36.0,1,0,0,,,32.99840442319954,66.90324467631113,0.9559229009406296,1.0,-3.0015955768004616,1.4032446763111324,2019
401309901,2021,12,Utah,Oregon,38.0,7.0,31.0,45.0,-3.0,58.5,3.0,1,1,0,,,4.620065899851474,59.45328227048218,0.5166738306263049,1.0,1.6200658998514736,0.9532822704821768,2019
401282143,2021,12,Tennessee,South Alabama,60.0,14.0,46.0,74.0,-28.5,61.5,28.5,1,1,1,,,26.94403051265051,58.06080249284315,0.9379417908015766,1.0,-1.5559694873494898,-3.439197507156848,2019
401282694,2021,12,Miami,Virginia Tech,38.0,26.0,12.0,64.0,-7.0,55.5,7.0,1,1,1,,,9.59672621593375,47.6005804732416,0.8019620964073739,1.0,2.5967262159337494,-7.8994195267584,2019
401310750,2021,12,Utah State,Wyoming,17.0,44.0,-27.0,61.0,-5.5,52.0,5.5,0,0,1,,,2.4004979803489936,52.65335446381534,0.5954554515090875,1.0,-3.0995020196510064,0.6533544638153401,2019
401287946,2021,12,Texas Tech,Oklahoma State,0.0,23.0,-23.0,23.0,10.0,55.0,-10.0,0,0,0,,,-9.169413054637106,55.92358351093703,0.2959800002971554,1.0,0.830586945362894,0.9235835109370285,2019
401282138,2021,12,LSU,UL Monroe,27.0,14.0,13.0,41.0,-29.0,57.5,29.0,1,0,0,,,25.341213492383165,54.7745541558185,0.989008658283058,1.0,-3.658786507616835,-2.7254458441815004,2019
401310748,2021,12,Boise State,New Mexico,37.0,0.0,37.0,37.0,-27.5,48.0,27.5,1,1,0,,,29.83563035801427,48.38156693905701,0.99,1.0,2.3356303580142708,0.38156693905700934,2019
401309902,2021,12,Oregon State,Arizona State,24.0,10.0,14.0,34.0,3.0,59.0,-3.0,1,1,0,,,4.644604549358425,55.981516045464005,0.6497144818332976,1.0,7.644604549358425,-3.018483954535995,2019
401310749,2021,12,Hawai'i,Colorado State,50.0,45.0,5.0,95.0,3.0,53.5,-3.0,1,1,1,,,-0.08266747309805211,56.607423999209864,0.6297716586035036,1.0,2.917332526901948,3.107423999209864,2019
401309593,2021,13,Ball State,Buffalo,20.0,3.0,17.0,23.0,-6.0,59.5,6.0,1,1,0,,,11.098755466725,60.60239361732427,0.7963048691416693,1.0,5.098755466725001,1.1023936173242674,2019
401309594,2021,13,Northern Illinois,Western Michigan,21.0,42.0,-21.0,63.0,7.0,58.5,-7.0,0,0,1,,,-7.3108929142171055,59.56121726564732,0.6073655088284613,1.0,-0.3108929142171055,1.061217265647322,2019
401310757,2021,13,San José State,Fresno State,9.0,40.0,-31.0,49.0,7.0,52.5,-7.0,0,0,0,,,-5.133033440910786,56.875820109275914,0.33670773015132344,1.0,1.8669665590892137,4.375820109275914,2019
401282151,2021,13,Mississippi State,Ole Miss,21.0,31.0,-10.0,52.0,-2.0,65.0,2.0,0,0,0,,,-0.9913622336606358,63.635212205880244,0.47465373202410865,1.0,-2.991362233660636,-1.3647877941197564,2019
401310753,2021,13,San Diego State,Boise State,27.0,16.0,11.0,43.0,3.0,44.5,-3.0,1,1,0,,,-4.522844964450341,44.09708843062684,0.4630492439958641,1.0,-1.522844964450341,-0.40291156937315975,2019
401287952,2021,13,Texas,Kansas State,22.0,17.0,5.0,39.0,-2.5,54.5,2.5,1,1,0,,,-0.14808061126809813,58.25558914079295,0.5515857071795162,1.0,-2.648080611268098,3.7555891407929494,2019
401309595,2021,13,Central Michigan,Eastern Michigan,31.0,10.0,21.0,41.0,-8.5,63.5,8.5,1,1,0,,,10.551179603133392,59.86195232063514,0.7770115723726114,1.0,2.0511796031333915,-3.6380476793648597,2019
401309596,2021,13,Bowling Green,Ohio,21.0,10.0,11.0,31.0,6.5,48.5,-6.5,1,1,0,,,1.5475388124131353,43.073202200207405,0.31237662761875296,1.0,8.047538812413135,-5.426797799792595,2019
401310755,2021,13,New Mexico,Utah State,10.0,35.0,-25.0,45.0,17.0,48.0,-17.0,0,0,0,,,-26.77526805489473,49.974103460603494,0.15413377749359475,1.0,-9.775268054894731,1.9741034606034944,2019
401282761,2021,13,Nebraska,Iowa,21.0,28.0,-7.0,49.0,-1.0,41.0,1.0,0,0,1,,,-3.670574480441757,46.96347680401079,0.5122094459528145,1.0,-4.670574480441757,5.963476804010789,2019
401282274,2021,13,UAB,UTEP,42.0,25.0,17.0,67.0,-13.5,50.5,13.5,1,1,1,,,14.82693794350957,47.692408336662936,0.8981011550365301,1.0,1.32693794350957,-2.807591663337064,2019
401301051,2021,13,East Carolina,Cincinnati,13.0,35.0,-22.0,48.0,14.5,56.5,-14.5,0,0,0,,,-7.9043516012461,54.75510346305116,0.29225293873155045,1.0,6.5956483987539,-1.7448965369488434,2019
401301050,2021,13,UCF,South Florida,17.0,13.0,4.0,30.0,-17.0,62.0,17.0,1,0,0,,,18.328550045396007,61.08388246619906,0.887280857900953,1.0,1.3285500453960069,-0.9161175338009429,2019
401282145,2021,13,Arkansas,Missouri,34.0,17.0,17.0,51.0,-14.5,63.5,14.5,1,1,0,,,17.502746131427685,57.86881697345129,0.9410395679726529,1.0,3.002746131427685,-5.631183026548712,2019
401310752,2021,13,Air Force,UNLV,48.0,14.0,34.0,62.0,-18.5,49.5,18.5,1,1,1,,,21.552971502864786,51.697642666134186,0.903852616459409,1.0,3.0529715028647857,2.197642666134186,2019
401309648,2021,13,South Alabama,Coastal Carolina,21.0,27.0,-6.0,48.0,15.0,55.0,-15.0,0,1,0,,,-11.616388084706585,57.40608399768422,0.3021005516871268,1.0,3.3836119152934145,2.4060839976842203,2019
401309906,2021,13,Utah,Colorado,28.0,13.0,15.0,41.0,-24.0,52.5,24.0,1,0,0,,,23.997530071634362,50.635463669048555,0.9537889982654096,1.0,-0.0024699283656381965,-1.864536330951445,2019
401287949,2021,13,Iowa State,TCU,48.0,14.0,34.0,62.0,-15.5,61.5,15.5,1,1,1,,,22.016837922444317,58.38568768626329,0.9408547150843414,1.0,6.516837922444317,-3.1143123137367112,2019
401282699,2021,13,NC State,North Carolina,34.0,30.0,4.0,64.0,-6.5,61.0,6.5,1,0,1,,,7.672499689194122,55.38337217870068,0.7287856964641322,1.0,1.1724996891941224,-5.616627821299318,2019
401309905,2021,13,Washington,Washington State,13.0,40.0,-27.0,53.0,1.0,45.0,-1.0,0,0,1,,,-3.372935530140132,52.36139802423385,0.752415471233584,1.0,-2.372935530140132,7.36139802423385,2019
401282700,2021,13,Boston College,Wake Forest,10.0,41.0,-31.0,51.0,6.5,64.5,-6.5,0,0,0,,,-6.544220270886861,62.58993710401553,0.3888756164385491,1.0,-0.044220270886860646,-1.910062895984467,2019
401309597,2021,13,Toledo,Akron,49.0,14.0,35.0,63.0,-28.5,57.5,28.5,1,1,1,,,28.034452442378385,60.37045689423652,0.930237315411156,1.0,-0.4655475576216155,2.8704568942365185,2019
401286299,2021,13,Liberty,Army,16.0,31.0,-15.0,47.0,-3.5,52.5,3.5,0,0,0,,,4.316813857238911,55.30374665027034,0.6710649443088457,1.0,0.8168138572389108,2.803746650270341,2019
401282781,2021,13,Michigan,Ohio State,42.0,27.0,15.0,69.0,6.5,64.5,-6.5,1,1,1,,,-8.232831714637458,72.66934950490024,0.2756783696250555,1.0,-1.7328317146374577,8.16934950490024,2019
401282148,2021,13,Georgia Tech,Georgia,0.0,45.0,-45.0,45.0,35.5,54.5,-35.5,0,0,0,,,-38.959992621345414,55.99612249388927,0.06728065406045557,1.0,-3.459992621345414,1.496122493889267,2019
401287948,2021,13,Baylor,Texas Tech,27.0,24.0,3.0,51.0,-14.0,51.5,14.0,1,0,0,,,13.15274580624525,53.01263833956764,0.8906076245247383,1.0,-0.8472541937547504,1.512638339567637,2019
401282766,2021,13,Rutgers,Maryland,16.0,40.0,-24.0,56.0,-1.5,53.0,1.5,0,0,1,,,-5.836377320331684,59.353808263784785,0.5836104498252545,1.0,-7.336377320331684,6.353808263784785,2019
401282147,2021,13,Florida,Florida State,24.0,21.0,3.0,45.0,-4.0,58.5,4.0,1,0,0,,,2.640641190043464,51.438515148982475,0.5135042155166852,1.0,-1.359358809956536,-7.061484851017525,2019
401301052,2021,13,UConn,Houston,17.0,45.0,-28.0,62.0,32.0,54.5,-32.0,0,1,1,,,-28.33720456340727,58.51810547773648,0.06980280174271941,1.0,3.662795436592731,4.0181054777364835,2019
401308842,2021,13,Kent State,Miami (OH),48.0,47.0,1.0,95.0,1.5,67.0,-1.5,1,1,1,,,3.2711567894178444,59.99732187715441,0.42465304844417107,1.0,4.771156789417844,-7.002678122845587,2019
401301054,2021,13,Temple,Navy,14.0,38.0,-24.0,52.0,13.5,42.5,-13.5,0,0,1,,,-15.774994880191182,42.561043116046605,0.1850961682436518,1.0,-2.2749948801911817,0.06104311604660495,2019
401282701,2021,13,Duke,Miami,10.0,47.0,-37.0,57.0,20.5,67.0,-20.5,0,0,0,,,-22.30339915928234,70.88845185724703,0.1565983025785478,1.0,-1.803399159282339,3.888451857247034,2019
401282271,2021,13,Rice,Louisiana Tech,35.0,31.0,4.0,66.0,4.0,52.5,-4.0,1,1,1,,,-0.016357652047274573,50.658439920051265,0.5597695246846183,1.0,3.9836423479527254,-1.841560079948735,2019
401282268,2021,13,Old Dominion,Charlotte,56.0,34.0,22.0,90.0,-8.5,55.5,8.5,1,1,1,,,15.06033697183686,53.69476281575355,0.7273113815905163,1.0,6.560336971836859,-1.805237184246451,2019
401309647,2021,13,Arkansas State,Texas State,22.0,24.0,-2.0,46.0,-2.0,62.5,2.0,0,0,0,,,-6.367011692872074,61.27876804304808,0.555572582730799,1.0,-8.367011692872074,-1.221231956951918,2019
401309649,2021,13,Georgia State,Troy,37.0,10.0,27.0,47.0,-6.5,49.5,6.5,1,1,0,,,5.7860995043956915,50.40158478671236,0.7562728292731642,1.0,-0.7139004956043085,0.9015847867123625,2019
401282273,2021,13,North Texas,UTSA,45.0,23.0,22.0,68.0,8.5,59.5,-8.5,1,1,1,,,-13.047313528262267,60.29211233809548,0.16148685653098022,1.0,-4.547313528262267,0.7921123380954782,2019
401309646,2021,13,App State,Georgia Southern,27.0,3.0,24.0,30.0,-24.5,55.0,24.5,1,0,0,,,22.98834684526596,56.78200030114795,0.9804985218488325,1.0,-1.5116531547340415,1.7820003011479528,2019
401282269,2021,13,Southern Miss,Florida International,37.0,17.0,20.0,54.0,-14.5,46.0,14.5,1,1,1,,,11.532087696396836,44.91064056957471,0.7142506965963079,1.0,-2.967912303603164,-1.08935943042529,2019
401310756,2021,13,Wyoming,Hawai'i,14.0,38.0,-24.0,52.0,-13.0,48.5,13.0,0,0,1,,,18.012556287662314,53.24860343316605,0.8751555571427065,1.0,5.0125562876623135,4.748603433166053,2019
401286306,2021,13,New Mexico State,Massachusetts,44.0,27.0,17.0,71.0,-7.0,59.0,7.0,1,1,1,,,6.102184141729909,59.46884465138649,0.6844264888105888,1.0,-0.897815858270091,0.46884465138649034,2019
401282785,2021,13,Michigan State,Penn State,30.0,27.0,3.0,57.0,4.5,51.5,-4.5,1,1,1,,,-0.7985242946437969,50.06385393176735,0.4386763245910287,1.0,3.701475705356203,-1.4361460682326523,2019
401309908,2021,13,Oregon,Oregon State,38.0,29.0,9.0,67.0,-7.5,61.5,7.5,1,1,1,,,8.758819844935852,64.10769087664751,0.7464006381532142,1.0,1.2588198449358519,2.60769087664751,2019
401282753,2021,13,Purdue,Indiana,44.0,7.0,37.0,51.0,-17.5,50.5,17.5,1,1,1,,,13.745286213087013,47.23657497993415,0.851683147741789,1.0,-3.754713786912987,-3.2634250200658528,2019
401282272,2021,13,Marshall,Western Kentucky,21.0,53.0,-32.0,74.0,-1.5,75.0,1.5,0,0,0,,,4.0295058909486166,81.86779918430766,0.6266481485262586,1.0,2.5295058909486166,6.867799184307657,2019
401282722,2021,13,Illinois,Northwestern,47.0,14.0,33.0,61.0,-7.0,44.5,7.0,1,1,1,,,10.787322657828263,47.546474517293724,0.7237352680470183,1.0,3.7873226578282626,3.046474517293724,2019
401282146,2021,13,Auburn,Alabama,22.0,24.0,-2.0,46.0,20.5,57.0,-20.5,0,1,0,,,-22.136932920670844,66.16029936312468,0.12486090774896519,1.0,-1.6369329206708443,9.160299363124679,2019
401282703,2021,13,Virginia,Virginia Tech,24.0,29.0,-5.0,53.0,-7.0,63.5,7.0,0,0,0,,,3.2476943702659598,64.90075052472199,0.6700189091002934,1.0,-3.7523056297340402,1.4007505247219854,2019
401282153,2021,13,Tennessee,Vanderbilt,45.0,21.0,24.0,66.0,-32.0,64.5,32.0,1,0,1,,,31.589767968823885,59.70039100078132,0.984581198251431,1.0,-0.41023203117611473,-4.799608999218677,2019
401301055,2021,13,SMU,Tulsa,31.0,34.0,-3.0,65.0,-6.5,62.5,6.5,0,0,1,,,6.120995098748925,67.14101373825224,0.6834422261857683,1.0,-0.3790049012510748,4.641013738252241,2019
401309909,2021,13,Arizona State,Arizona,38.0,15.0,23.0,53.0,-20.0,53.0,20.0,1,1,0,,,21.584170655956676,56.05395866753133,0.9448412278176028,1.0,1.584170655956676,3.053958667531333,2019
401309650,2021,13,Louisiana,UL Monroe,21.0,16.0,5.0,37.0,-21.5,55.0,21.5,1,0,0,,,20.246815799835073,55.08628758782651,0.9563407462939686,1.0,-1.2531842001649274,0.08628758782651147,2019
401282794,2021,13,Minnesota,Wisconsin,23.0,13.0,10.0,36.0,7.0,39.0,-7.0,1,1,0,,,-9.420262564061474,40.62564638476103,0.2548843568176216,1.0,-2.420262564061474,1.6256463847610334,2019
401287950,2021,13,Kansas,West Virginia,28.0,34.0,-6.0,62.0,15.5,55.5,-15.5,0,1,1,,,-19.64237454523949,49.83940849197674,0.08770416001999681,1.0,-4.142374545239491,-5.660591508023259,2019
401282150,2021,13,LSU,Texas A&M,27.0,24.0,3.0,51.0,6.5,46.5,-6.5,1,1,1,,,-0.027493613375506598,54.67724993493434,0.5852540396922931,1.0,6.472506386624493,8.177249934934338,2019
401282270,2021,13,Florida Atlantic,Middle Tennessee,17.0,27.0,-10.0,44.0,-3.5,49.5,3.5,0,0,0,,,0.06749552151490512,51.363473029324815,0.6421746598471331,1.0,-3.432504478485095,1.8634730293248154,2019
401282152,2021,13,South Carolina,Clemson,0.0,30.0,-30.0,30.0,11.5,42.5,-11.5,0,0,0,,,-4.981580917879037,42.47264640349484,0.23450307267947668,1.0,6.518419082120963,-0.027353596505157896,2019
401301053,2021,13,Memphis,Tulane,33.0,28.0,5.0,61.0,-5.5,58.0,5.5,1,0,1,,,7.725952054831791,59.77396634942657,0.6363427832852669,1.0,2.225952054831791,1.7739663494265727,2019
401282702,2021,13,Syracuse,Pittsburgh,14.0,31.0,-17.0,45.0,12.5,58.5,-12.5,0,0,0,,,-12.622589090458233,59.89033391330634,0.3294184373188398,1.0,-0.12258909045823252,1.3903339133063426,2019
401287951,2021,13,Oklahoma State,Oklahoma,37.0,33.0,4.0,70.0,-4.0,49.5,4.0,1,0,1,,,6.9866496283420965,48.64010231969616,0.6476864633688489,1.0,2.9866496283420965,-0.8598976803038383,2019
401282149,2021,13,Louisville,Kentucky,21.0,52.0,-31.0,73.0,-3.0,57.5,3.0,0,0,1,,,3.860055846371135,66.54527800861499,0.603789143408805,1.0,0.860055846371135,9.045278008614986,2019
401282711,2021,13,Stanford,Notre Dame,14.0,45.0,-31.0,59.0,21.0,53.0,-21.0,0,0,1,,,-21.794611710038268,48.46875423185081,0.1850692636076945,1.0,-0.7946117100382679,-4.531245768149191,2019
401310754,2021,13,Colorado State,Nevada,10.0,52.0,-42.0,62.0,3.0,58.0,-3.0,0,0,1,,,-0.4819305498456594,61.771829744816316,0.4369347572581467,1.0,2.5180694501543406,3.7718297448163156,2019
401309907,2021,13,UCLA,California,42.0,14.0,28.0,56.0,-6.5,58.5,6.5,1,1,0,,,6.195867005149163,53.54908216176207,0.6803995996027239,1.0,-0.30413299485083733,-4.9509178382379275,2019
401309910,2021,13,USC,BYU,31.0,35.0,-4.0,66.0,8.5,65.5,-8.5,0,1,1,,,-2.3999347753893154,62.038673168319775,0.5344667406164033,1.0,6.100065224610685,-3.461326831680225,2019
401282156,2021,14,UTSA,Western Kentucky,49.0,41.0,8.0,90.0,3.5,74.5,-3.5,1,1,1,,,2.750465449515329,77.84418302018008,0.5954287270640497,1.0,6.250465449515329,3.3441830201800826,2019
401331159,2021,14,Utah,Oregon,38.0,10.0,28.0,48.0,-3.0,57.5,3.0,1,1,0,,,6.420595439412955,58.23273699767773,0.7275441897977701,1.0,3.4205954394129554,0.7327369976777334,2019
401331160,2021,14,Northern Illinois,Kent State,41.0,23.0,18.0,64.0,4.0,75.5,-4.0,1,1,0,,,-4.13144355585847,74.41966722397848,0.5854381004811566,1.0,-0.13144355585847034,-1.0803327760215211,2019
401287953,2021,14,Oklahoma State,Baylor,16.0,21.0,-5.0,37.0,-7.0,45.0,7.0,0,0,0,,,7.388382560947833,43.36251245382554,0.6872584223465095,1.0,0.3883825609478331,-1.6374875461744622,2019
401310676,2021,14,San Diego State,Utah State,13.0,46.0,-33.0,59.0,-6.5,49.5,6.5,0,0,1,,,7.854152776699313,48.73984473969827,0.7035774858320978,1.0,1.3541527766993129,-0.7601552603017296,2019
401331161,2021,14,Louisiana,App State,24.0,16.0,8.0,40.0,2.5,52.0,-2.5,1,1,0,,,6.889941863958461,54.75324070318993,0.7271522491461313,1.0,9.38994186395846,2.753240703189931,2019
401331162,2021,14,Cincinnati,Houston,35.0,20.0,15.0,55.0,-10.5,52.5,10.5,1,1,1,,,18.45604823059324,50.06020668665946,0.9526391208393342,1.0,7.95604823059324,-2.4397933133405374,2019
401282154,2021,14,Alabama,Georgia,41.0,24.0,17.0,65.0,6.5,49.0,-6.5,1,1,1,,,-7.937684948372084,51.44742342986997,0.3951621471466636,1.0,-1.437684948372084,2.4474234298699713,2019
401331447,2021,14,Iowa,Michigan,3.0,42.0,-39.0,45.0,12.0,44.0,-12.0,0,0,1,,,-11.929486428333085,45.19910855511633,0.19049197688293518,1.0,0.07051357166691474,1.1991085551163323,2019
401331163,2021,14,Wake Forest,Pittsburgh,21.0,45.0,-24.0,66.0,3.5,72.5,-3.5,0,0,0,,,-3.1921585572926943,73.48107534900095,0.5159419035355388,1.0,0.30784144270730573,0.9810753490009461,2019
401387250,2021,14,California,USC,24.0,14.0,10.0,38.0,-4.5,57.5,4.5,1,1,0,,,9.045323565982198,54.23738924988194,0.7496593471065506,1.0,4.545323565982198,-3.262610750118057,2019
401301056,2021,15,Army,Navy,13.0,17.0,-4.0,30.0,7.0,35.5,-7.0,0,1,0,,,-0.34611890512350296,34.79730834982056,0.8751294946632624,1.0,6.653881094876497,-0.7026916501794389,2019
401331164,2021,1,Toledo,Middle Tennessee,24.0,31.0,-7.0,55.0,-10.5,50.0,10.5,0,0,1,,,7.977338939922614,52.26434057933976,0.6404939928218663,0.6,-2.522661060077386,2.264340579339759,2019
401331165,2021,1,Coastal Carolina,Northern Illinois,47.0,41.0,6.0,88.0,-12.0,63.5,12.0,1,0,1,,,9.38591611880986,62.45354564641361,0.690685198384299,0.6,-2.6140838811901403,-1.046454353586391,2019
401331166,2021,1,App State,Western Kentucky,38.0,59.0,-21.0,97.0,1.0,67.5,-1.0,0,0,1,,,0.6048980420955414,73.988471109062,0.4879926347326924,0.6,1.6048980420955414,6.488471109062004,2019
401331167,2021,1,Fresno State,UTEP,31.0,24.0,7.0,55.0,-13.0,54.5,13.0,1,0,1,,,10.514085394987973,53.64551760361171,0.7398918444275226,0.6,-2.4859146050120273,-0.8544823963882919,2019
401331168,2021,1,BYU,UAB,28.0,31.0,-3.0,59.0,-6.0,54.0,6.0,0,0,1,,,7.718562324215428,56.112842211930946,0.5713631852347383,0.6,1.7185623242154282,2.1128422119309462,2019
401331169,2021,1,Liberty,Eastern Michigan,56.0,20.0,36.0,76.0,-9.5,58.5,9.5,1,1,1,,,10.291672202971066,56.58079968539039,0.58660084202111,0.6,0.7916722029710659,-1.9192003146096113,2019
401331170,2021,1,Oregon State,Utah State,13.0,24.0,-11.0,37.0,-6.5,68.5,6.5,0,0,0,,,11.75054904653426,67.16723812796043,0.6143031506429633,0.6,5.25054904653426,-1.332761872039569,2019
401331171,2021,1,Marshall,Louisiana,21.0,36.0,-15.0,57.0,4.0,55.5,-4.0,0,0,1,,,-0.8806801923563481,53.48788998835909,0.4297293036375447,0.6,3.119319807643652,-2.0121100116409067,2019
401331172,2021,1,Tulsa,Old Dominion,30.0,17.0,13.0,47.0,-7.5,55.0,7.5,1,1,0,,,5.668875676747853,58.71497121149665,0.5573770344331656,0.6,-1.8311243232521468,3.7149712114966533,2019
401331213,2021,1,Wyoming,Kent State,52.0,38.0,14.0,90.0,-3.0,60.5,3.0,1,1,1,,,4.802322810617607,59.46313489019147,0.6413147305761399,0.6,1.802322810617607,-1.0368651098085309,2019
401331214,2021,1,San Diego State,UTSA,38.0,24.0,14.0,62.0,-3.0,48.0,3.0,1,1,1,,,1.4854625950990108,45.047038940464454,0.5400590225332534,0.6,-1.5145374049009892,-2.9529610595355464,2019
401331215,2021,1,Army,Missouri,24.0,22.0,2.0,46.0,-7.0,54.0,7.0,1,0,0,,,10.842409651692188,52.61390445513633,0.7029895272577213,0.6,3.842409651692188,-1.3860955448636716,2019
401391158,2021,1,Miami (OH),North Texas,27.0,14.0,13.0,41.0,-2.0,56.5,2.0,1,1,0,,,3.8593558361922264,53.26434227025669,0.49640806106541463,0.6,1.8593558361922264,-3.235657729743309,2019
401331216,2021,1,Florida,UCF,17.0,29.0,-12.0,46.0,-7.0,56.0,7.0,0,0,0,,,6.302375250850062,50.18574135055917,0.6132853988977806,0.6,-0.6976247491499379,-5.814258649440831,2019
401331218,2021,1,Ball State,Georgia State,20.0,51.0,-31.0,71.0,6.0,53.0,-6.0,0,0,1,,,-2.1643824301043324,51.639260393612595,0.4118714986595807,0.6,3.8356175698956676,-1.3607396063874049,2019
401331219,2021,1,Nevada,Western Michigan,24.0,52.0,-28.0,76.0,-6.5,57.0,6.5,0,0,1,,,8.341707062455757,53.5747430504058,0.7223732581840336,0.6,1.8417070624557574,-3.4252569495942,2019
401331221,2021,1,Auburn,Houston,13.0,17.0,-4.0,30.0,1.5,49.5,-1.5,0,0,0,,,0.2753337993987506,48.27410521108115,0.5725371112593463,0.6,1.7753337993987506,-1.2258947889188505,2019
401331222,2021,1,Louisville,Air Force,28.0,31.0,-3.0,59.0,1.0,55.0,-1.0,0,0,1,,,2.133864688973764,54.45030132305598,0.4481940390060948,0.6,3.133864688973764,-0.5496986769440184,2019
401331223,2021,1,Texas Tech,Mississippi State,34.0,7.0,27.0,41.0,10.0,58.0,-10.0,1,1,0,,,-8.971297409226226,58.746805589489426,0.2915351730509632,0.6,1.028702590773774,0.7468055894894263,2019
401331224,2021,1,Minnesota,West Virginia,18.0,6.0,12.0,24.0,-6.0,45.0,6.0,1,1,0,,,0.9645149413773026,42.75723865291014,0.5730281666527739,0.6,-5.035485058622697,-2.2427613470898606,2019
401331226,2021,1,Virginia Tech,Maryland,10.0,54.0,-44.0,64.0,4.5,55.5,-4.5,0,0,1,,,-5.348186796109854,57.377283366022965,0.44152882164718454,0.6,-0.8481867961098537,1.877283366022965,2019
401331227,2021,1,Iowa State,Clemson,13.0,20.0,-7.0,33.0,2.0,45.0,-2.0,0,0,0,,,1.181442272403133,47.55116014799649,0.46049616765678913,0.6,3.181442272403133,2.551160147996491,2019
401331228,2021,1,Oklahoma,Oregon,47.0,32.0,15.0,79.0,-7.0,64.0,7.0,1,1,1,,,3.928073317798917,65.21949508186707,0.6544555483791001,0.6,-3.071926682201083,1.2194950818670662,2019
401331229,2021,1,South Carolina,North Carolina,38.0,21.0,17.0,59.0,12.5,57.5,-12.5,1,1,1,,,-12.632329438792844,56.92117460372392,0.24857231046651682,0.6,-0.1323294387928442,-0.5788253962760805,2019
401331230,2021,1,Purdue,Tennessee,48.0,45.0,3.0,93.0,7.5,66.5,-7.5,1,1,1,,,-2.2010257006484704,67.61179900715615,0.49894147086321183,0.6,5.29897429935153,1.1117990071561508,2019
401331231,2021,1,Michigan State,Pittsburgh,31.0,21.0,10.0,52.0,-3.5,55.0,3.5,1,1,0,,,3.089582400721643,52.700939189929485,0.42832675370017115,0.6,-0.41041759927835697,-2.2990608100705145,2019
401331232,2021,1,Arizona State,Wisconsin,13.0,20.0,-7.0,33.0,7.5,42.5,-7.5,0,1,0,,,-9.171223371872674,44.42340173217293,0.3722384600333972,0.6,-1.6712233718726743,1.9234017321729269,2019
401331233,2021,1,Rutgers,Wake Forest,10.0,38.0,-28.0,48.0,16.5,62.5,-16.5,0,0,0,,,-15.027635629762607,64.57282882758577,0.19019999299964713,0.6,1.4723643702373934,2.0728288275857665,2019
401331654,2021,1,Central Michigan,Washington State,24.0,21.0,3.0,45.0,5.5,56.0,-5.5,1,1,0,,,-1.9432601293928307,53.876190983716846,0.5265400350206453,0.6,3.5567398706071693,-2.123809016283154,2019
401331235,2021,1,Alabama,Cincinnati,27.0,6.0,21.0,33.0,-13.0,57.5,13.0,1,1,0,,,18.49244567515935,60.16455002886883,0.7492564432183161,0.6,5.492445675159349,2.664550028868831,2019
401331234,2021,1,Michigan,Georgia,11.0,34.0,-23.0,45.0,7.5,46.0,-7.5,0,0,0,,,-9.196916400557937,45.97288216863258,0.30802708219881236,0.6,-1.696916400557937,-0.027117831367419853,2019
401331236,2021,1,Arkansas,Penn State,24.0,10.0,14.0,34.0,-3.5,51.0,3.5,1,1,0,,,5.743035642086152,55.14238158770692,0.4347109473298939,0.6,2.243035642086152,4.142381587706922,2019
401331237,2021,1,Kentucky,Iowa,20.0,17.0,3.0,37.0,-3.0,43.5,3.0,1,0,0,,,6.345111422097798,41.17344666695636,0.5456132203494078,0.6,3.3451114220977978,-2.326553333043641,2019
401331238,2021,1,Notre Dame,Oklahoma State,35.0,37.0,-2.0,72.0,1.0,45.0,-1.0,0,0,1,,,-1.0515596333513837,44.60495398483336,0.517985821463625,0.6,-0.051559633351383694,-0.39504601516664195,2019
401331239,2021,1,Ohio State,Utah,48.0,45.0,3.0,93.0,4.0,64.5,-4.0,1,1,1,,,-0.7457799885585366,65.34743683248062,0.6557117567356279,0.6,3.2542200114414634,0.847436832480625,2019
401331240,2021,1,Ole Miss,Baylor,7.0,21.0,-14.0,28.0,-1.0,60.0,1.0,0,0,0,,,-2.0090954267354393,59.6524511205695,0.45873341159097547,0.6,-3.0090954267354393,-0.34754887943049795,2019
401331241,2021,1,Kansas State,LSU,42.0,20.0,22.0,62.0,-9.5,47.0,9.5,1,1,1,,,14.947568496211407,47.518837970028024,0.7325337889696605,0.6,5.447568496211407,0.5188379700280237,2019
401331242,2021,1,Alabama,Georgia,18.0,33.0,-15.0,51.0,3.0,53.0,-3.0,0,0,0,,,-0.7928305839792351,52.63595078236951,0.4166205933126814,0.6,2.207169416020765,-0.3640492176304875,2019
401405059,2022,1,Northwestern,Nebraska,31.0,28.0,3.0,59.0,12.5,52.0,-12.5,1,1,1,,,-11.0180529461231,50.23522964268739,0.28155229662615866,0.6,1.4819470538768993,-1.7647703573126066,2021
401405058,2022,1,Illinois,Wyoming,38.0,6.0,32.0,44.0,-14.0,42.5,14.0,1,1,1,,,14.671323984981123,44.769942223718445,0.757745123760257,0.6,0.6713239849811234,2.269942223718445,2021
401404146,2022,1,Utah State,UConn,31.0,20.0,11.0,51.0,-24.0,59.5,24.0,1,0,0,,,20.605590151966208,59.25885234870542,0.8796731994845237,0.6,-3.394409848033792,-0.2411476512945825,2021
401426530,2022,1,Florida Atlantic,Charlotte,43.0,13.0,30.0,56.0,-7.0,60.0,7.0,1,1,0,-300.0,250.0,4.434526813092182,52.42415094528424,0.6115874178811699,0.6,-2.565473186907818,-7.575849054715761,2021
401426531,2022,1,UTEP,North Texas,13.0,31.0,-18.0,44.0,1.5,52.5,-1.5,0,0,0,,,-3.6452630657948863,53.60254765318582,0.4036664175227694,0.6,-2.1452630657948863,1.1025476531858232,2021
401409235,2022,1,New Mexico State,Nevada,12.0,23.0,-11.0,35.0,7.0,48.0,-7.0,0,0,0,,,-5.005623212847569,52.69653442907112,0.2523889162200811,0.6,1.9943767871524312,4.6965344290711215,2021
401403853,2022,1,Hawai'i,Vanderbilt,10.0,63.0,-53.0,73.0,9.0,54.5,-9.0,0,0,1,,,-10.33734866586853,59.26854563960319,0.48539229228842873,0.6,-1.3373486658685305,4.76854563960319,2021
401416569,2022,1,Oklahoma State,Central Michigan,58.0,44.0,14.0,102.0,-20.5,58.0,20.5,1,0,1,,,19.620609743835313,56.33977671987302,0.9091214282316136,0.6,-0.8793902561646867,-1.6602232801269778,2021
401411092,2022,1,Pittsburgh,West Virginia,38.0,31.0,7.0,69.0,-7.5,51.0,7.5,1,0,1,,,5.633654300357793,51.39370943129386,0.6868441315419028,0.6,-1.8663456996422072,0.39370943129385694,2021
401403864,2022,1,Tennessee,Ball State,59.0,10.0,49.0,69.0,-35.5,66.5,35.5,1,1,1,,,36.29322969168111,66.7316665465808,0.9849601822488341,0.6,0.7932296916811126,0.23166654658079722,2021
401426537,2022,1,Missouri,Louisiana Tech,52.0,24.0,28.0,76.0,-20.5,62.5,20.5,1,1,1,,,24.262430152488292,60.06395844993977,0.8956138060639117,0.6,3.7624301524882924,-2.4360415500602315,2021
401405064,2022,1,Purdue,Penn State,31.0,35.0,-4.0,66.0,3.5,53.5,-3.5,0,0,1,,,-4.7180481344690515,50.97504250304949,0.41770384755133316,0.6,-1.2180481344690515,-2.5249574969505133,2021
401405060,2022,1,Minnesota,New Mexico State,38.0,0.0,38.0,38.0,-36.0,52.5,36.0,1,1,0,,,38.561884280968314,54.20851654034945,0.9706988063543927,0.6,2.5618842809683144,1.70851654034945,2021
401416591,2022,1,Michigan State,Western Michigan,35.0,13.0,22.0,48.0,-21.5,54.5,21.5,1,1,0,,,23.773938634492374,54.39169877212193,0.8937847074713754,0.6,2.2739386344923744,-0.10830122787807284,2021
401426330,2022,1,Old Dominion,Virginia Tech,20.0,17.0,3.0,37.0,6.0,48.5,-6.0,1,1,0,,,-5.16539262712666,51.26406483459687,0.4845890300517318,0.6,0.8346073728733403,2.764064834596873,2021
401411094,2022,1,Duke,Temple,30.0,0.0,30.0,30.0,-9.5,51.5,9.5,1,1,0,,,9.414631266085548,49.44382378084501,0.6415691873280486,0.6,-0.08536873391445177,-2.0561762191549917,2021
401405061,2022,1,Indiana,Illinois,23.0,20.0,3.0,43.0,-1.0,47.5,1.0,1,1,0,,,0.9181042779361809,51.52458222001436,0.41344159430104654,0.6,-0.08189572206381912,4.024582220014359,2021
401403966,2022,1,Colorado,TCU,13.0,38.0,-25.0,51.0,13.5,59.5,-13.5,0,0,0,,,-13.509326784763372,56.403553160254084,0.3650768448034991,0.6,-0.009326784763372231,-3.0964468397459157,2021
401411096,2022,1,East Carolina,NC State,20.0,21.0,-1.0,41.0,12.5,51.5,-12.5,0,1,0,,,-15.548243846086882,51.07897177147074,0.34360314592304786,0.6,-3.0482438460868817,-0.42102822852925925,2021
401411095,2022,1,App State,North Carolina,61.0,63.0,-2.0,124.0,-3.0,56.5,3.0,0,0,1,,,6.7756460489844095,55.34503493583947,0.7167604337549389,0.6,3.7756460489844095,-1.1549650641605282,2021
401405067,2022,1,Michigan,Colorado State,51.0,7.0,44.0,58.0,-31.0,60.5,31.0,1,1,0,,,32.78164194877147,60.33794664106998,0.979821521098172,0.6,1.7816419487714725,-0.1620533589300166,2021
401405069,2022,1,Boston College,Rutgers,21.0,22.0,-1.0,43.0,-9.0,47.5,9.0,0,0,0,,,2.803903356612487,45.73812220696321,0.630902588164923,0.6,-6.196096643387513,-1.7618777930367884,2021
401405066,2022,1,Maryland,Buffalo,31.0,10.0,21.0,41.0,-24.0,65.5,24.0,1,0,0,,,21.98387637869104,63.802481464373756,0.8867028287399821,0.6,-2.01612362130896,-1.6975185356262443,2021
401403971,2022,1,UCLA,Bowling Green,45.0,17.0,28.0,62.0,-24.0,56.5,24.0,1,1,1,,,20.39106501839175,52.11991745615563,0.8798433528105336,0.6,-3.6089349816082503,-4.380082543844367,2021
401426542,2022,1,UTSA,Houston,35.0,37.0,-2.0,72.0,3.5,62.0,-3.5,0,1,1,,,-2.660857936134798,60.28404386823291,0.42197164327619907,0.6,0.8391420638652018,-1.7159561317670935,2021
401403855,2022,1,Arkansas,Cincinnati,31.0,24.0,7.0,55.0,-6.5,54.5,6.5,1,1,1,,,4.883836473986062,57.23278139305849,0.6719065924781349,0.6,-1.6161635260139384,2.732781393058488,2021
401426541,2022,1,Oklahoma,UTEP,45.0,13.0,32.0,58.0,-31.0,58.0,31.0,1,1,0,,,31.649983122195962,58.81609952156837,0.9737038464636361,0.6,0.6499831221959624,0.8160995215683684,2021
401403967,2022,1,San Diego State,Arizona,20.0,38.0,-18.0,58.0,-6.5,46.5,6.5,0,0,1,,,3.063526357631665,48.21947588004766,0.5450333791821353,0.6,-3.436473642368335,1.7194758800476606,2021
401403858,2022,1,Georgia,Oregon,49.0,3.0,46.0,52.0,-16.0,54.5,16.0,1,1,0,,,18.867005051245002,54.025289606367615,0.8609314124363887,0.6,2.867005051245002,-0.4747103936323853,2021
401415211,2022,1,Wyoming,Tulsa,40.0,37.0,3.0,77.0,6.5,46.0,-6.5,1,1,1,,,-5.7907024526598745,49.40966440340415,0.3319427585227105,0.6,0.7092975473401255,3.4096644034041503,2021
401415612,2022,1,South Florida,BYU,21.0,50.0,-29.0,71.0,11.5,58.5,-11.5,0,0,1,,,-10.65216274317905,59.234206723643716,0.20664174023611243,0.6,0.8478372568209505,0.734206723643716,2021
401403860,2022,1,Ole Miss,Troy,28.0,10.0,18.0,38.0,-21.5,57.0,21.5,1,0,0,,,20.983120736091664,58.81686790014558,0.8763790043583666,0.6,-0.5168792639083364,1.8168679001455814,2021
401415212,2022,1,Nevada,Texas State,38.0,14.0,24.0,52.0,2.0,51.5,-2.0,1,1,1,,,-2.057862738806368,53.675480674440045,0.5229741053694865,0.6,-0.057862738806368164,2.1754806744400454,2021
401426536,2022,1,Ohio,Florida Atlantic,41.0,38.0,3.0,79.0,6.0,51.0,-6.0,1,1,1,,,-4.139931698710342,50.94345050657765,0.4399768073318394,0.6,1.8600683012896582,-0.05654949342235227,2021
401426540,2022,1,USC,Rice,66.0,14.0,52.0,80.0,-32.5,61.5,32.5,1,1,1,,,28.62346698989198,60.858667429836046,0.9348042202885734,0.6,-3.8765330101080195,-0.6413325701639536,2021
401404157,2022,1,Southern Miss,Liberty,27.0,29.0,-2.0,56.0,3.5,50.0,-3.5,0,1,1,,,-3.526354123166734,50.25169967475755,0.4210961037568248,0.6,-0.026354123166734134,0.2516996747575533,2021
401414778,2022,1,Tulane,Massachusetts,42.0,10.0,32.0,52.0,-28.5,58.5,28.5,1,1,0,,,25.279127881106046,54.27645647558449,0.9205950372718523,0.6,-3.220872118893954,-4.223543524415511,2021
401403859,2022,1,Kentucky,Miami (OH),37.0,13.0,24.0,50.0,-15.0,55.0,15.0,1,1,0,,,19.703104389382798,53.26316838446039,0.87634560826338,0.6,4.703104389382798,-1.7368316155396073,2021
401404134,2022,1,Coastal Carolina,Army,38.0,28.0,10.0,66.0,-1.5,54.0,1.5,1,1,1,,,-3.135987090933204,56.74544342443067,0.5390737923374964,0.6,-4.635987090933204,2.7454434244306682,2021
401403857,2022,1,Florida,Utah,29.0,26.0,3.0,55.0,2.5,51.5,-2.5,1,1,1,,,-0.673775773651087,50.4196962454692,0.43004767029894103,0.6,1.826224226348913,-1.080303754530803,2021
401426539,2022,1,North Texas,SMU,10.0,48.0,-38.0,58.0,9.5,67.5,-9.5,0,0,0,,,-5.900141696506415,67.75151736780721,0.442660648318667,0.6,3.599858303493585,0.25151736780721023,2021
401403861,2022,1,Mississippi State,Memphis,49.0,23.0,26.0,72.0,-17.0,58.0,17.0,1,1,1,,,18.489830675119403,52.85115255671791,0.82406113859624,0.6,1.4898306751194035,-5.1488474432820865,2021
401403854,2022,1,Alabama,Utah State,55.0,0.0,55.0,55.0,-42.0,63.0,42.0,1,1,0,,,43.673807622942604,65.64283250531139,0.9789869991205844,0.6,1.6738076229426042,2.6428325053113895,2021
401404124,2022,1,Ohio State,Notre Dame,21.0,10.0,11.0,31.0,-17.0,58.5,17.0,1,0,0,,,17.256552258695507,60.093159764511746,0.8427110321774163,0.6,0.2565522586955069,1.5931597645117463,2021
401403863,2022,1,South Carolina,Georgia State,35.0,14.0,21.0,49.0,-12.5,55.0,12.5,1,1,0,,,13.381343227532653,53.51763537106683,0.7970120042348549,0.6,0.8813432275326534,-1.4823646289331691,2021
401411099,2022,1,Syracuse,Louisville,31.0,7.0,24.0,38.0,6.0,55.0,-6.0,1,1,0,155.0,-180.0,-9.006363423939279,49.145646316802,0.2979864621231222,0.6,-3.0063634239392787,-5.854353683197999,2021
401404059,2022,1,Texas,UL Monroe,52.0,10.0,42.0,62.0,-37.5,64.5,37.5,1,1,0,,,35.036220099095154,61.81512637790518,0.9845972851750263,0.6,-2.4637799009048464,-2.6848736220948197,2021
401403973,2022,1,Washington,Kent State,45.0,20.0,25.0,65.0,-23.5,61.5,23.5,1,1,1,,,26.510949142766385,62.19682371329922,0.9258759948739662,0.6,3.0109491427663855,0.6968237132992172,2021
401403969,2022,1,Oregon State,Boise State,34.0,17.0,17.0,51.0,-1.5,55.5,1.5,1,1,0,,,3.385655829530573,55.64548850168035,0.5392072387907724,0.6,1.885655829530573,0.14548850168034733,2021
401426543,2022,1,Hawai'i,Western Kentucky,17.0,49.0,-32.0,66.0,16.5,67.5,-16.5,0,0,0,,,-13.699909435814314,71.56007519741836,0.16768747460723546,0.6,2.8000905641856857,4.060075197418357,2021
401403867,2022,1,Florida State,LSU,24.0,23.0,1.0,47.0,4.5,51.0,-4.5,1,1,0,-165.0,140.0,-10.373218159528552,51.054484495333156,0.30760432083500566,0.6,-5.873218159528552,0.054484495333156246,2021
401411101,2022,1,Georgia Tech,Clemson,10.0,41.0,-31.0,51.0,24.5,51.5,-24.5,0,0,0,,,-23.534270378609737,53.122483463263485,0.1264075472503527,0.6,0.9657296213902633,1.6224834632634852,2021
401415613,2022,2,UCF,Louisville,14.0,20.0,-6.0,34.0,-5.5,62.5,5.5,0,0,0,,,4.050686864186759,65.7053761818175,0.5292458607251791,0.75,-1.4493131358132407,3.205376181817499,2021
401415214,2022,2,New Mexico,Boise State,14.0,31.0,-17.0,45.0,17.0,43.5,-17.0,0,0,1,,,-17.399842435457636,42.27201647335725,0.17168856233614,0.75,-0.39984243545763576,-1.2279835266427526,2021
401411105,2022,2,Miami,Southern Miss,30.0,7.0,23.0,37.0,-27.5,50.5,27.5,1,0,0,,,25.2374570487144,50.158345810213454,0.9145454341304393,0.75,-2.2625429512855995,-0.3416541897865457,2021
401403868,2022,2,Texas,Alabama,19.0,20.0,-1.0,39.0,21.0,63.5,-21.0,0,1,0,,,-14.657126378713295,60.487144425522544,0.2686300207409539,0.75,6.342873621286705,-3.012855574477456,2021
401405079,2022,2,Ohio State,Arkansas State,45.0,12.0,33.0,57.0,-44.5,68.5,44.5,1,0,0,,,47.65289463704998,69.40721123526176,0.9782941740202621,0.75,3.1528946370499824,0.9072112352617552,2021
401405080,2022,2,Penn State,Ohio,46.0,10.0,36.0,56.0,-28.0,54.5,28.0,1,1,1,,,29.576438308951335,53.851519718764145,0.9802662822901497,0.75,1.5764383089513352,-0.6484802812358552,2021
401403876,2022,2,Kansas State,Missouri,40.0,12.0,28.0,52.0,-7.5,52.5,7.5,1,1,0,,,8.694233271587855,51.28403587417795,0.6646305250406477,0.75,1.194233271587855,-1.2159641258220475,2021
401403879,2022,2,Vanderbilt,Wake Forest,25.0,45.0,-20.0,70.0,13.5,65.0,-13.5,0,0,1,,,-18.09487312198297,64.80552820682729,0.2653160114343977,0.75,-4.594873121982971,-0.1944717931727098,2021
401403869,2022,2,Arkansas,South Carolina,44.0,30.0,14.0,74.0,-8.5,56.0,8.5,1,1,1,,,6.55970159068001,54.80443286845882,0.6120760814384025,0.75,-1.9402984093199898,-1.195567131541182,2021
401411103,2022,2,Georgia State,North Carolina,28.0,35.0,-7.0,63.0,7.0,64.0,-7.0,0,0,0,,,-9.020801980490297,71.03945461801175,0.38390088256141697,0.75,-2.0208019804902975,7.039454618011746,2021
401405073,2022,2,Northwestern,Duke,23.0,31.0,-8.0,54.0,-10.0,56.0,10.0,0,0,0,,,11.678265916773993,52.314987647741575,0.722825665185175,0.75,1.6782659167739933,-3.6850123522584255,2021
401426553,2022,2,Army,UTSA,38.0,41.0,-3.0,79.0,2.0,54.0,-2.0,0,0,1,,,-6.946464480491542,57.85090560111579,0.3632376147471347,0.75,-4.946464480491542,3.850905601115791,2021
401416597,2022,2,Central Michigan,South Alabama,24.0,38.0,-14.0,62.0,-6.0,57.5,6.0,0,0,1,,,-0.27592480388764606,58.09449160125247,0.460556588970227,0.75,-6.275924803887646,0.5944916012524715,2021
401416594,2022,2,Ball State,Western Michigan,30.0,37.0,-7.0,67.0,6.5,51.5,-6.5,0,0,1,,,-11.171866993811472,52.280197332379274,0.25185402617480196,0.75,-4.671866993811472,0.7801973323792737,2021
401404125,2022,2,Notre Dame,Marshall,21.0,26.0,-5.0,47.0,-20.5,48.0,20.5,0,0,0,,,24.370731099100333,47.27483218164173,0.9271352025272058,0.75,3.8707310991003325,-0.7251678183582726,2021
401403984,2022,2,Wisconsin,Washington State,14.0,17.0,-3.0,31.0,-17.5,49.0,17.5,0,0,0,,,12.341913114417832,49.130235619395236,0.7915784388814046,0.75,-5.158086885582168,0.1302356193952363,2021
401403878,2022,2,Texas A&M,App State,14.0,17.0,-3.0,31.0,-18.0,54.0,18.0,0,0,0,,,16.449606918808666,47.620458473235246,0.7796592061073915,0.75,-1.5503930811913342,-6.379541526764754,2021
401415617,2022,2,Navy,Memphis,13.0,37.0,-24.0,50.0,4.5,47.5,-4.5,0,0,1,,,-9.348400081598072,54.09867256808517,0.3679192832490803,0.75,-4.848400081598072,6.5986725680851706,2021
401403977,2022,2,Air Force,Colorado,41.0,10.0,31.0,51.0,-17.5,50.0,17.5,1,1,1,,,16.77479114451054,52.91187214541125,0.8217260539550737,0.75,-0.7252088554894591,2.9118721454112517,2021
401426545,2022,2,Charlotte,Maryland,21.0,56.0,-35.0,77.0,28.0,65.0,-28.0,0,0,1,,,-26.90533160582361,57.35608297395731,0.10787303288183668,0.75,1.0946683941763915,-7.643917026042693,2021
401403877,2022,2,Pittsburgh,Tennessee,27.0,34.0,-7.0,61.0,6.0,62.5,-6.0,0,0,0,,,-4.99438771037492,58.082564387538405,0.3020923030365382,0.75,1.0056122896250796,-4.417435612461595,2021
401404064,2022,2,Iowa,Iowa State,7.0,10.0,-3.0,17.0,-3.5,39.0,3.5,0,0,0,,,0.348997126691752,39.804190889488396,0.49820289382689054,0.75,-3.151002873308248,0.804190889488396,2021
401426548,2022,2,Colorado State,Middle Tennessee,19.0,34.0,-15.0,53.0,-13.5,58.5,13.5,0,0,0,,,14.23103848238859,57.02702659296901,0.6920227856511671,0.75,0.7310384823885894,-1.4729734070309917,2021
401405070,2022,2,Illinois,Virginia,24.0,3.0,21.0,27.0,-4.0,55.0,4.0,1,1,0,,,8.262818131231825,54.43285516380511,0.716172524697376,0.75,4.262818131231825,-0.5671448361948919,2021
401403976,2022,2,California,UNLV,20.0,14.0,6.0,34.0,-12.5,49.5,12.5,1,0,0,,,10.202390112112532,48.94260982997091,0.7731556451065791,0.75,-2.297609887887468,-0.5573901700290875,2021
401405078,2022,2,Michigan State,Akron,52.0,0.0,52.0,52.0,-34.5,56.0,34.5,1,1,0,,,36.08159304077427,59.41542654865308,0.9622464012100576,0.75,1.5815930407742727,3.4154265486530804,2021
401404063,2022,2,Texas Tech,Houston,33.0,30.0,3.0,63.0,-4.0,62.0,4.0,1,0,1,,,5.00893775792929,60.82601909377894,0.5863857781716965,0.75,1.0089377579292904,-1.173980906221061,2021
401404065,2022,2,West Virginia,Kansas,42.0,55.0,-13.0,97.0,-14.0,59.5,14.0,0,0,1,,,12.917013387203722,57.641476166409376,0.7413702577449494,0.75,-1.0829866127962777,-1.858523833590624,2021
401415024,2022,2,East Carolina,Old Dominion,39.0,21.0,18.0,60.0,-13.0,50.0,13.0,1,1,1,,,14.603273166532498,50.00632584250148,0.8225275291863272,0.75,1.6032731665324977,0.0063258425014822706,2021
401426551,2022,2,Liberty,UAB,21.0,14.0,7.0,35.0,6.0,50.0,-6.0,1,1,0,,,-4.4692610778068484,51.38994004164407,0.5516260106062144,0.75,1.5307389221931516,1.389940041644067,2021
401426544,2022,2,Texas State,Florida International,41.0,12.0,29.0,53.0,-13.5,62.5,13.5,1,1,0,,,13.628123814200197,62.81749417816659,0.7758031153505645,0.75,0.12812381420019747,0.31749417816659076,2021
401416598,2022,2,Louisiana,Eastern Michigan,49.0,21.0,28.0,70.0,-11.0,56.0,11.0,1,1,1,,,10.735086732013908,54.39694930040071,0.7505989242088438,0.75,-0.26491326798609194,-1.6030506995992866,2021
401414779,2022,2,Toledo,Massachusetts,55.0,10.0,45.0,65.0,-28.0,49.5,28.0,1,1,1,,,30.600680985080096,46.28420913725857,0.9337983016663488,0.75,2.6006809850800963,-3.2157908627414287,2021
401404148,2022,2,UConn,Syracuse,14.0,48.0,-34.0,62.0,23.5,49.5,-23.5,0,0,1,,,-23.274549035872116,55.337707867671,0.18371803428630223,0.75,0.22545096412788368,5.837707867671,2021
401403871,2022,2,Florida,Kentucky,16.0,26.0,-10.0,42.0,-6.0,52.5,6.0,0,0,0,,,6.823940519535017,47.812154426627835,0.39574857440966654,0.75,0.8239405195350171,-4.687845573372165,2021
401404066,2022,2,Oklahoma,Kent State,33.0,3.0,30.0,36.0,-33.0,72.5,33.0,1,0,0,,,32.60001034368998,73.16501862111917,0.9613170926684975,0.75,-0.39998965631001937,0.6650186211191738,2021
401415620,2022,2,Tulsa,Northern Illinois,38.0,35.0,3.0,73.0,-6.5,63.0,6.5,1,0,1,,,2.876498864554586,62.61916141054105,0.6166403756054355,0.75,-3.623501135445414,-0.38083858945895344,2021
401403975,2022,2,Oklahoma State,Arizona State,34.0,17.0,17.0,51.0,-11.5,58.0,11.5,1,1,0,,,10.85324165576473,56.43875197264746,0.7792417957512981,0.75,-0.6467583442352698,-1.5612480273525406,2021
401403870,2022,2,Auburn,San José State,24.0,16.0,8.0,40.0,-24.0,48.5,24.0,1,0,0,,,23.803399222606696,49.323532698983286,0.9380091405556267,0.75,-0.19660077739330362,0.8235326989832856,2021
401403980,2022,2,Stanford,USC,28.0,41.0,-13.0,69.0,9.5,66.5,-9.5,0,0,1,,,-11.017788087989121,67.07426097798519,0.3563056274319599,0.75,-1.5177880879891212,0.5742609779851904,2021
401405072,2022,2,Nebraska,Georgia Southern,42.0,45.0,-3.0,87.0,-23.5,64.0,23.5,0,0,1,,,22.30805610061806,59.489160687385905,0.9126605147885742,0.75,-1.1919438993819398,-4.510839312614095,2021
401411108,2022,2,Virginia Tech,Boston College,27.0,10.0,17.0,37.0,-3.0,45.0,3.0,1,1,0,,,-2.45701844125871,48.082605914448564,0.4886300789281041,0.75,-5.45701844125871,3.082605914448564,2021
401405077,2022,2,Michigan,Hawai'i,56.0,10.0,46.0,66.0,-52.5,66.5,52.5,1,0,0,,,54.74947838764047,72.9999241238167,0.9680361538002435,0.75,2.2494783876404725,6.499924123816697,2021
401426552,2022,2,UTEP,New Mexico State,20.0,13.0,7.0,33.0,-17.5,46.5,17.5,1,0,0,,,13.07952053926934,46.20487946433814,0.6445250250418878,0.75,-4.420479460730659,-0.2951205356618587,2021
401404062,2022,2,BYU,Baylor,26.0,20.0,6.0,46.0,-2.5,55.0,2.5,1,1,0,,,10.999399010300356,56.81967222930385,0.7176698848784963,0.75,8.499399010300356,1.8196722293038476,2021
401403979,2022,2,Fresno State,Oregon State,32.0,35.0,-3.0,67.0,-1.0,58.5,1.0,0,0,1,,,2.118392934714773,59.015045763686594,0.5773584838380377,0.75,1.1183929347147732,0.5150457636865937,2021
401403875,2022,2,Arizona,Mississippi State,17.0,39.0,-22.0,56.0,12.5,58.0,-12.5,0,0,0,,,-14.614090595093423,60.64247384067646,0.30811435295209466,0.75,-2.1140905950934226,2.642473840676459,2021
401411109,2022,3,Louisville,Florida State,31.0,35.0,-4.0,66.0,2.5,57.0,-2.5,0,0,1,,,2.548011547958084,57.1967946414774,0.5213323605756995,0.9,5.048011547958084,0.19679464147740333,2021
401415217,2022,3,Wyoming,Air Force,17.0,14.0,3.0,31.0,16.5,47.0,-16.5,1,1,0,,,-13.949687293762791,49.89798297251852,0.2281667571362126,0.9,2.550312706237209,2.8979829725185198,2021
401426563,2022,3,Indiana,Western Kentucky,33.0,30.0,3.0,63.0,-7.0,61.5,7.0,1,0,1,,,13.95220365720807,63.82165211234892,0.5767760409176641,0.9,6.95220365720807,2.3216521123489215,2021
401405084,2022,3,Syracuse,Purdue,32.0,29.0,3.0,61.0,-1.5,59.5,1.5,1,1,1,,,2.916963540565705,59.78799860240029,0.485088207432193,0.9,1.416963540565705,0.2879986024002932,2021
401415623,2022,3,Miami (OH),Cincinnati,17.0,38.0,-21.0,55.0,24.0,51.0,-24.0,0,1,1,,,-37.18960209228843,53.987681150499895,0.15646001244534014,0.9,-13.189602092288432,2.9876811504998955,2021
401404149,2022,3,Michigan,UConn,59.0,0.0,59.0,59.0,-47.5,59.0,47.5,1,1,0,,,47.412437525945386,58.327389647647756,0.9879349221567839,0.9,-0.08756247405461437,-0.672610352352244,2021
401404071,2022,3,Baylor,Texas State,42.0,7.0,35.0,49.0,-30.0,53.0,30.0,1,1,0,,,30.552488531309322,52.29239269087789,0.9557780600114719,0.9,0.5524885313093222,-0.7076073091221105,2021
401404070,2022,3,Nebraska,Oklahoma,14.0,49.0,-35.0,63.0,10.5,65.5,-10.5,0,0,0,,,-15.811646652884672,61.92439894191496,0.21529354188861402,0.9,-5.311646652884672,-3.5756010580850415,2021
401403888,2022,3,South Carolina,Georgia,7.0,48.0,-41.0,55.0,25.5,56.0,-25.5,0,0,0,,,-20.967225632488294,61.12750320283857,0.15455078494270658,0.9,4.532774367511706,5.127503202838568,2021
401416601,2022,3,Coastal Carolina,Buffalo,38.0,26.0,12.0,64.0,-12.0,59.5,12.0,1,0,1,,,11.52961007803328,59.29245267336116,0.7964346734683072,0.9,-0.4703899219667207,-0.20754732663883857,2021
401404069,2022,3,Iowa State,Ohio,43.0,10.0,33.0,53.0,-20.0,48.0,20.0,1,1,1,,,20.713360471344185,54.642345709777636,0.9217808867359324,0.9,0.7133604713441848,6.642345709777636,2021
401403991,2022,3,UCLA,South Alabama,32.0,31.0,1.0,63.0,-15.5,59.0,15.5,1,0,1,,,13.783525823511848,61.82617836219487,0.8441159594069807,0.9,-1.716474176488152,2.8261783621948666,2021
401405089,2022,3,Temple,Rutgers,14.0,16.0,-2.0,30.0,18.0,42.5,-18.0,0,1,0,,,-27.108279312030923,41.06152814129541,0.05566367762122622,0.9,-9.108279312030923,-1.4384718587045882,2021
401411113,2022,3,Virginia,Old Dominion,16.0,14.0,2.0,30.0,-8.5,52.5,8.5,1,0,0,,,9.470433382122804,53.89208017615531,0.8161281671622473,0.9,0.9704333821228044,1.3920801761553108,2021
401403987,2022,3,Notre Dame,California,24.0,17.0,7.0,41.0,-13.5,41.0,13.5,1,0,0,,,14.904405405179562,46.45903293725769,0.8251279465527481,0.9,1.4044054051795616,5.459032937257689,2021
401426558,2022,3,UNLV,North Texas,58.0,27.0,31.0,85.0,-2.5,62.5,2.5,1,1,1,,,-3.2939655849902403,59.11063141836093,0.44821312712332295,0.9,-5.79396558499024,-3.3893685816390686,2021
401404074,2022,3,Kansas State,Tulane,10.0,17.0,-7.0,27.0,-14.0,49.5,14.0,0,0,0,,,19.927772929212217,50.156569962305994,0.841537766095332,0.9,5.927772929212217,0.6565699623059942,2021
401426560,2022,3,UAB,Georgia Southern,35.0,21.0,14.0,56.0,-11.5,59.0,11.5,1,1,0,,,17.524847978695675,64.62347660395474,0.7182803803958131,0.9,6.024847978695675,5.623476603954742,2021
401426333,2022,3,App State,Troy,32.0,28.0,4.0,60.0,-14.0,52.0,14.0,1,0,1,,,12.934928204327514,56.603602339128024,0.8081547663105655,0.9,-1.0650717956724858,4.603602339128024,2021
401403886,2022,3,Georgia Tech,Ole Miss,0.0,42.0,-42.0,42.0,17.0,63.0,-17.0,0,0,0,,,-13.185570448044086,68.42412061083435,0.23589534654621505,0.9,3.8144295519559144,5.4241206108343505,2021
401403891,2022,3,Northern Illinois,Vanderbilt,28.0,38.0,-10.0,66.0,-2.5,58.5,2.5,0,0,1,,,-3.5717664409140255,53.70244023604091,0.3362404509130196,0.9,-6.0717664409140255,-4.797559763959093,2021
401405085,2022,3,Wisconsin,New Mexico State,66.0,7.0,59.0,73.0,-37.5,45.5,37.5,1,1,1,,,36.697602740030966,47.441809357719805,0.957213408518328,0.9,-0.8023972599690339,1.941809357719805,2021
401403988,2022,3,Minnesota,Colorado,49.0,7.0,42.0,56.0,-28.0,47.5,28.0,1,1,1,,,19.91341066147738,48.93038507839091,0.9011499456841512,0.9,-8.086589338522622,1.4303850783909127,2021
401403989,2022,3,Oregon,BYU,41.0,20.0,21.0,61.0,-3.5,57.5,3.5,1,1,1,,,9.58313957586152,54.65894034250522,0.5474784266426079,0.9,6.083139575861519,-2.8410596574947817,2021
401403882,2022,3,Auburn,Penn State,12.0,41.0,-29.0,53.0,2.5,47.5,-2.5,0,0,1,,,-7.6272382755764365,49.12907376094053,0.30930233723637734,0.9,-5.1272382755764365,1.6290737609405284,2021
401403880,2022,3,Alabama,UL Monroe,63.0,7.0,56.0,70.0,-49.5,61.5,49.5,1,1,1,,,48.05925761598462,58.59527139039847,0.9864342448154646,0.9,-1.4407423840153797,-2.904728609601527,2021
401404068,2022,3,Houston,Kansas,30.0,48.0,-18.0,78.0,-8.5,58.0,8.5,0,0,1,,,5.891112541121144,58.864527883360594,0.6834393908402144,0.9,-2.608887458878856,0.8645278833605943,2021
401404159,2022,3,Wake Forest,Liberty,37.0,36.0,1.0,73.0,-17.5,63.5,17.5,1,0,1,,,23.674173435866514,64.07981827548804,0.9172066922184172,0.9,6.174173435866514,0.5798182754880372,2021
401403995,2022,3,Washington State,Colorado State,38.0,7.0,31.0,45.0,-17.0,52.5,17.0,1,1,0,,,17.414594539285805,54.99919641785481,0.9042717162314806,0.9,0.4145945392858046,2.4991964178548116,2021
401415029,2022,3,Bowling Green,Marshall,34.0,31.0,3.0,65.0,17.0,50.0,-17.0,1,1,1,,,-14.511554826002326,45.45234867745117,0.2447990467183892,0.9,2.4884451739976736,-4.54765132254883,2021
401403885,2022,3,LSU,Mississippi State,31.0,16.0,15.0,47.0,3.0,53.0,-3.0,1,1,0,,,-4.335539628952359,50.68310410008112,0.5854799956906593,0.9,-1.3355396289523593,-2.316895899918883,2021
401426554,2022,3,Georgia State,Charlotte,41.0,42.0,-1.0,83.0,-19.5,63.5,19.5,0,0,1,,,14.579806777986267,63.88001067479107,0.7456178425670481,0.9,-4.920193222013733,0.3800106747910732,2021
401415622,2022,3,Memphis,Arkansas State,44.0,32.0,12.0,76.0,-14.5,64.5,14.5,1,0,1,,,17.82508491472829,59.59913835019765,0.9024793701579127,0.9,3.32508491472829,-4.900861649802351,2021
401404072,2022,3,NC State,Texas Tech,27.0,14.0,13.0,41.0,-10.5,56.0,10.5,1,1,0,,,3.887183950841857,52.53591857061679,0.4483558734566113,0.9,-6.612816049158143,-3.4640814293832065,2021
401405088,2022,3,Ohio State,Toledo,77.0,21.0,56.0,98.0,-31.0,63.0,31.0,1,1,1,,,31.323879313379418,66.89167369268962,0.960692769529702,0.9,0.3238793133794182,3.891673692689622,2021
401403889,2022,3,Tennessee,Akron,63.0,6.0,57.0,69.0,-47.5,67.0,47.5,1,1,1,,,50.85121147048108,70.53140683563132,0.99,0.9,3.3512114704810827,3.5314068356313157,2021
401403994,2022,3,Washington,Michigan State,39.0,28.0,11.0,67.0,-3.5,56.5,3.5,1,1,1,,,9.521703999130084,50.71176905213332,0.6710591267866246,0.9,6.021703999130084,-5.78823094786668,2021
401405082,2022,3,Iowa,Nevada,27.0,0.0,27.0,27.0,-24.0,39.5,24.0,1,1,0,,,24.417785060227942,42.67278615852553,0.8341632536664085,0.9,0.41778506022794204,3.1727861585255326,2021
401426555,2022,3,Florida Atlantic,UCF,14.0,40.0,-26.0,54.0,7.5,61.5,-7.5,0,0,0,,,-5.191432851487363,57.68217591252395,0.6825495860069973,0.9,2.308567148512637,-3.8178240874760476,2021
401426559,2022,3,Rice,Louisiana,33.0,21.0,12.0,54.0,11.5,52.0,-11.5,1,1,1,,,-7.098568549310411,49.1341745974333,0.12166468907871802,0.9,4.401431450689589,-2.865825402566699,2021
401411115,2022,3,Western Michigan,Pittsburgh,13.0,34.0,-21.0,47.0,10.0,46.0,-10.0,0,0,1,,,-12.648023452365251,52.27083077399727,0.29261127538343884,0.9,-2.6480234523652513,6.270830773997268,2021
401405087,2022,3,Maryland,SMU,34.0,27.0,7.0,61.0,-2.5,73.5,2.5,1,1,0,,,6.354597122676207,69.69182898268895,0.7509141033283768,0.9,3.854597122676207,-3.8081710173110537,2021
401403883,2022,3,Florida,South Florida,31.0,28.0,3.0,59.0,-23.5,58.5,23.5,1,0,1,,,27.650791917097674,56.38470388722378,0.9383557583317754,0.9,4.150791917097674,-2.115296112776221,2021
401426561,2022,3,New Mexico,UTEP,27.0,10.0,17.0,37.0,2.0,38.0,-2.0,1,1,0,,,-1.4312252469801312,41.62990995123645,0.47424107230208107,0.9,0.5687747530198688,3.629909951236449,2021
401426556,2022,3,Clemson,Louisiana Tech,48.0,20.0,28.0,68.0,-33.5,53.5,33.5,1,0,1,,,33.60184492245069,55.10862924397829,0.9733682460836123,0.9,0.1018449224506881,1.6086292439782923,2021
401426562,2022,3,Texas,UTSA,41.0,20.0,21.0,61.0,-13.0,57.0,13.0,1,1,1,,,15.617079524356695,52.83845547069884,0.8325685585775641,0.9,2.6170795243566953,-4.16154452930116,2021
401403890,2022,3,Texas A&M,Miami,17.0,9.0,8.0,26.0,-6.5,45.5,6.5,1,1,0,,,9.106085327737283,42.26741545402251,0.7797030986724268,0.9,2.606085327737283,-3.2325845459774882,2021
401403993,2022,3,Utah,San Diego State,35.0,7.0,28.0,42.0,-22.5,48.5,22.5,1,1,0,,,25.464069304014505,51.47552672453363,0.9445359208416615,0.9,2.9640693040145045,2.97552672453363,2021
401403992,2022,3,USC,Fresno State,45.0,17.0,28.0,62.0,-11.5,71.5,11.5,1,1,0,,,19.059768617440245,64.90984770689668,0.7389410252497008,0.9,7.559768617440245,-6.590152293103316,2021
401403986,2022,3,Arizona State,Eastern Michigan,21.0,30.0,-9.0,51.0,-20.5,56.5,20.5,0,0,0,,,20.76470665394597,56.208054089930414,0.9092289012714575,0.9,0.2647066539459715,-0.29194591006958603,2021
401411116,2022,4,Virginia Tech,West Virginia,10.0,33.0,-23.0,43.0,2.0,49.5,-2.0,0,0,0,,,-1.759840858853904,57.530202971375346,0.5369234284350413,1.0,0.24015914114609593,8.030202971375346,2021
401426334,2022,4,Georgia State,Coastal Carolina,24.0,41.0,-17.0,65.0,2.5,63.5,-2.5,0,0,1,,,-2.314455464807981,68.71314646475751,0.4279741715181409,1.0,0.18554453519201886,5.213146464757514,2021
401411117,2022,4,Syracuse,Virginia,22.0,20.0,2.0,42.0,-9.5,53.5,9.5,1,0,0,,,6.001775575813307,49.91350240662058,0.6780030015828653,1.0,-3.4982244241866933,-3.58649759337942,2021
401415220,2022,4,Air Force,Nevada,48.0,20.0,28.0,68.0,-24.0,46.5,24.0,1,1,1,,,32.12947898749384,54.56356877067759,0.913614560523911,1.0,8.12947898749384,8.063568770677591,2021
401426571,2022,4,UTEP,Boise State,27.0,10.0,17.0,37.0,16.5,44.5,-16.5,1,1,0,,,-20.39911522342437,45.374700946058965,0.09348893122129442,1.0,-3.8991152234243707,0.8747009460589652,2021
401411123,2022,4,Wake Forest,Clemson,45.0,51.0,-6.0,96.0,7.5,58.0,-7.5,0,1,1,,,-5.964087604803836,63.584752446572615,0.38621880476837833,1.0,1.5359123951961644,5.584752446572615,2021
401405097,2022,4,Michigan,Maryland,34.0,27.0,7.0,61.0,-17.0,66.0,17.0,1,0,0,,,19.312329379763963,60.16250255572345,0.9265830242651436,1.0,2.3123293797639626,-5.837497444276551,2021
401416604,2022,4,Eastern Michigan,Buffalo,31.0,50.0,-19.0,81.0,-6.5,57.5,6.5,0,0,1,,,5.361708990082957,57.76476900395119,0.5755924853527649,1.0,-1.138291009917043,0.2647690039511872,2021
401411119,2022,4,Louisville,South Florida,41.0,3.0,38.0,44.0,-15.5,63.5,15.5,1,1,0,,,16.579325296024052,63.36119497126988,0.7897213470690913,1.0,1.0793252960240522,-0.13880502873011835,2021
401405098,2022,4,Penn State,Central Michigan,33.0,14.0,19.0,47.0,-28.0,61.5,28.0,1,0,0,,,31.238093901584,59.36869166264919,0.989694408890658,1.0,3.2380939015840013,-2.1313083373508093,2021
401404080,2022,4,Iowa State,Baylor,24.0,31.0,-7.0,55.0,-2.5,45.0,2.5,0,0,1,,,4.704416181942804,47.9557817652602,0.5690830648867364,1.0,2.204416181942804,2.9557817652601983,2021
401404079,2022,4,Kansas,Duke,35.0,27.0,8.0,62.0,-7.0,65.5,7.0,1,1,0,,,11.160629207052478,62.74247293247276,0.7716120740460553,1.0,4.160629207052478,-2.757527067527242,2021
401403895,2022,4,Georgia,Kent State,39.0,22.0,17.0,61.0,-45.0,61.5,45.0,1,0,0,,,47.58450605962306,61.201815107165196,0.9757921862933703,1.0,2.5845060596230596,-0.2981848928348043,2021
401404078,2022,4,SMU,TCU,34.0,42.0,-8.0,76.0,2.5,72.0,-2.5,0,0,1,,,-5.252504603366962,69.15750079640816,0.4602828019486646,1.0,-2.752504603366962,-2.842499203591842,2021
401403899,2022,4,Mississippi State,Bowling Green,45.0,14.0,31.0,59.0,-31.0,53.0,31.0,1,0,1,,,35.01167660013347,49.14742245182117,0.9414784415786466,1.0,4.01167660013347,-3.8525775481788287,2021
401403894,2022,4,Auburn,Missouri,17.0,14.0,3.0,31.0,-7.5,51.0,7.5,1,0,0,,,6.144034809205806,47.76278112758116,0.6760745818279534,1.0,-1.355965190794194,-3.2372188724188433,2021
401403998,2022,4,Colorado,UCLA,17.0,45.0,-28.0,62.0,22.0,57.0,-22.0,0,0,1,,,-25.597625064642166,51.341441960220585,0.03553008859617634,1.0,-3.597625064642166,-5.658558039779415,2021
401414781,2022,4,Temple,Massachusetts,28.0,0.0,28.0,28.0,-10.0,44.0,10.0,1,1,0,,,10.367916721876806,47.270376041820015,0.8239992388055933,1.0,0.36791672187680646,3.2703760418200147,2021
401426569,2022,4,Memphis,North Texas,44.0,34.0,10.0,78.0,-12.5,68.5,12.5,1,0,1,,,13.960788490432314,62.92568063092685,0.821081239531871,1.0,1.4607884904323143,-5.574319369073152,2021
401404126,2022,4,North Carolina,Notre Dame,32.0,45.0,-13.0,77.0,-2.5,55.5,2.5,0,0,1,,,-0.5086095912174882,55.93903328416431,0.2690173567424014,1.0,-3.008609591217488,0.4390332841643101,2021
401405092,2022,4,Michigan State,Minnesota,7.0,34.0,-27.0,41.0,3.0,50.0,-3.0,0,0,0,,,-3.5632898137294156,44.07350640996956,0.46065231269155654,1.0,-0.5632898137294156,-5.926493590030439,2021
401405096,2022,4,Cincinnati,Indiana,45.0,24.0,21.0,69.0,-16.5,57.0,16.5,1,1,1,,,15.444063907768564,55.937322794123496,0.8485834553331337,1.0,-1.0559360922314358,-1.0626772058765042,2021
401426568,2022,4,Miami,Middle Tennessee,31.0,45.0,-14.0,76.0,-25.5,53.5,25.5,0,0,1,,,22.946042483714304,48.180292186365975,0.9319785299510138,1.0,-2.5539575162856956,-5.319707813634025,2021
401426565,2022,4,Western Kentucky,Florida International,73.0,0.0,73.0,73.0,-31.0,65.5,31.0,1,1,1,,,29.862123730762914,63.8991837488023,0.9604737881882661,1.0,-1.1378762692370863,-1.600816251197699,2021
401403901,2022,4,Tennessee,Florida,38.0,33.0,5.0,71.0,-11.0,62.5,11.0,1,0,1,,,13.165865669891557,60.10293616833521,0.8265197431407938,1.0,2.1658656698915575,-2.397063831664788,2021
401415224,2022,4,San Diego State,Toledo,17.0,14.0,3.0,31.0,3.0,44.5,-3.0,1,1,0,,,2.7188336248964378,47.185322379998084,0.711309824943966,1.0,5.718833624896438,2.685322379998084,2021
401404082,2022,4,Texas Tech,Texas,37.0,34.0,3.0,71.0,7.0,60.5,-7.0,1,1,1,,,0.8822056343590958,57.23723366386634,0.43697516255433116,1.0,7.882205634359096,-3.2627663361336587,2021
401403898,2022,4,Ole Miss,Tulsa,35.0,27.0,8.0,62.0,-21.0,66.5,21.0,1,0,0,,,27.544131717556052,68.71157296578033,0.9031787498164862,1.0,6.544131717556052,2.2115729657803342,2021
401403999,2022,4,Washington State,Oregon,41.0,44.0,-3.0,85.0,6.5,57.5,-6.5,0,1,1,,,0.7785355176450715,61.65686150481633,0.5481554552605239,1.0,7.2785355176450715,4.156861504816327,2021
401411122,2022,4,UCF,Georgia Tech,27.0,10.0,17.0,37.0,-21.0,56.5,21.0,1,0,0,,,16.47145022433566,60.05334353236623,0.8753311042861474,1.0,-4.528549775664342,3.5533435323662275,2021
401403996,2022,4,California,Arizona,49.0,31.0,18.0,80.0,-3.5,50.5,3.5,1,1,1,,,6.800100442744036,50.75617309268891,0.6737486954213074,1.0,3.3001004427440357,0.2561730926889112,2021
401415624,2022,4,East Carolina,Navy,20.0,23.0,-3.0,43.0,-16.5,48.5,16.5,0,0,0,,,8.156685305347306,53.026016093558425,0.7784222751711213,1.0,-8.343314694652694,4.526016093558425,2021
401426335,2022,4,Old Dominion,Arkansas State,29.0,26.0,3.0,55.0,-5.0,56.5,5.0,1,0,0,,,8.564124140179603,58.707587036013614,0.6911613484267994,1.0,3.5641241401796027,2.2075870360136136,2021
401416605,2022,4,Georgia Southern,Ball State,34.0,23.0,11.0,57.0,-9.5,67.0,9.5,1,1,0,,,12.208431899427918,68.65354809984666,0.8337115575529355,1.0,2.708431899427918,1.6535480998466596,2021
401404160,2022,4,Liberty,Akron,21.0,12.0,9.0,33.0,-26.5,53.5,26.5,1,0,0,,,24.649588667067288,63.16213620434138,0.9285258364178002,1.0,-1.8504113329327119,9.66213620434138,2021
401426570,2022,4,Houston,Rice,34.0,27.0,7.0,61.0,-17.5,52.5,17.5,1,0,1,,,18.249981429295225,55.888369645064614,0.9530419872217475,1.0,0.7499814292952252,3.388369645064614,2021
401403896,2022,4,Kentucky,Northern Illinois,31.0,23.0,8.0,54.0,-26.5,53.0,26.5,1,0,1,,,27.653724241070766,53.95171900630716,0.9357550431328517,1.0,1.1537242410707655,0.9517190063071581,2021
401426393,2022,4,Troy,Marshall,16.0,7.0,9.0,23.0,3.5,51.5,-3.5,1,1,0,,,-0.08199613704351183,56.266688646581116,0.4797226796974411,1.0,3.418003862956488,4.766688646581116,2021
401405091,2022,4,Rutgers,Iowa,10.0,27.0,-17.0,37.0,7.5,34.5,-7.5,0,0,1,,,-12.92202444582011,31.861410857996102,0.16766112990651402,1.0,-5.42202444582011,-2.638589142003898,2021
401415222,2022,4,Utah State,UNLV,24.0,34.0,-10.0,58.0,3.0,61.5,-3.0,0,0,0,,,-2.668386651984698,63.78533778655546,0.5607347701906022,1.0,0.33161334801530185,2.285337786555459,2021
401426567,2022,4,South Alabama,Louisiana Tech,38.0,14.0,24.0,52.0,-13.0,59.0,13.0,1,1,0,,,19.279812405755013,58.89121853583422,0.9187214299023027,1.0,6.279812405755013,-0.10878146416578005,2021
401415040,2022,4,Tulane,Southern Miss,24.0,27.0,-3.0,51.0,-11.5,48.5,11.5,0,0,1,,,15.63305334840089,49.84476083121925,0.8727451859713975,1.0,4.133053348400891,1.3447608312192472,2021
401403893,2022,4,Texas A&M,Arkansas,23.0,21.0,2.0,44.0,-1.5,51.0,1.5,1,1,0,,,-3.37263240478903,49.115768030348136,0.48474609782362,1.0,-4.87263240478903,-1.8842319696518643,2021
401405093,2022,4,Northwestern,Miami (OH),14.0,17.0,-3.0,31.0,-7.5,50.0,7.5,0,0,0,,,10.780018212436886,51.13266592587394,0.6360890938622664,1.0,3.280018212436886,1.1326659258739369,2021
401404150,2022,4,NC State,UConn,41.0,10.0,31.0,51.0,-38.5,47.5,38.5,1,0,1,,,35.16433166298661,47.28276455816563,0.9766051711685975,1.0,-3.335668337013388,-0.21723544183436871,2021
401426566,2022,4,Purdue,Florida Atlantic,28.0,26.0,2.0,54.0,-16.5,57.5,16.5,1,0,0,,,18.22087556778331,58.159237574194435,0.8972785023532455,1.0,1.7208755677833096,0.6592375741944352,2021
401405095,2022,4,Ohio State,Wisconsin,52.0,21.0,31.0,73.0,-18.5,56.5,18.5,1,1,1,,,17.480316575765215,55.79523265481692,0.8407229187842893,1.0,-1.0196834242347848,-0.7047673451830789,2021
401426564,2022,4,South Carolina,Charlotte,56.0,20.0,36.0,76.0,-23.5,66.5,23.5,1,1,1,,,22.428762840648023,67.03110710932846,0.9172327442646675,1.0,-1.071237159351977,0.5311071093284596,2021
401403897,2022,4,LSU,New Mexico,38.0,0.0,38.0,38.0,-31.5,44.0,31.5,1,1,0,,,31.66069428561425,49.441821090880204,0.9636328396541811,1.0,0.1606942856142517,5.441821090880204,2021
401403892,2022,4,Alabama,Vanderbilt,55.0,3.0,52.0,58.0,-40.5,60.5,40.5,1,1,0,,,38.48468225109299,62.36936913959608,0.9693640225417204,1.0,-2.015317748907009,1.8693691395960812,2021
401409237,2022,4,New Mexico State,Hawai'i,45.0,26.0,19.0,71.0,-4.5,53.0,4.5,1,1,1,,,3.271019759470402,52.62558046686895,0.438333404861307,1.0,-1.228980240529598,-0.3744195331310465,2021
401404081,2022,4,Oklahoma,Kansas State,34.0,41.0,-7.0,75.0,-13.5,53.0,13.5,0,0,1,,,12.41147119210131,50.715021177952735,0.8102925217288239,1.0,-1.0885288078986903,-2.2849788220472647,2021
401426336,2022,4,UL Monroe,Louisiana,21.0,17.0,4.0,38.0,9.5,51.0,-9.5,1,1,0,,,-11.374213050517492,57.301594252052226,0.0590405393806607,1.0,-1.8742130505174917,6.301594252052226,2021
401411118,2022,4,Florida State,Boston College,44.0,14.0,30.0,58.0,-18.5,48.5,18.5,1,1,1,,,19.76846818356659,50.55283142273599,0.9265860139411357,1.0,1.2684681835665899,2.0528314227359914,2021
401404000,2022,4,Oregon State,USC,14.0,17.0,-3.0,31.0,5.5,70.5,-5.5,0,1,0,,,-4.390094852317722,57.80106251504611,0.6515215055931396,1.0,1.1099051476822783,-12.698937484953888,2021
401415223,2022,4,BYU,Wyoming,38.0,24.0,14.0,62.0,-21.5,49.5,21.5,1,0,1,,,20.96551666797221,50.218480731424876,0.8701887268728091,1.0,-0.53448333202779,0.7184807314248758,2021
401415225,2022,4,San José State,Western Michigan,34.0,6.0,28.0,40.0,-6.5,48.5,6.5,1,1,0,,,4.277258602826011,53.19885531436857,0.5675531784959496,1.0,-2.222741397173989,4.698855314368572,2021
401403997,2022,4,Arizona State,Utah,13.0,34.0,-21.0,47.0,16.5,54.0,-16.5,0,0,0,,,-14.392717732119566,54.45307720623939,0.13401781654082093,1.0,2.107282267880434,0.4530772062393922,2021
401404001,2022,4,Washington,Stanford,40.0,22.0,18.0,62.0,-14.0,62.0,14.0,1,1,0,,,18.749853587143257,64.40406174529265,0.9257432263594263,1.0,4.749853587143257,2.404061745292651,2021
401415226,2022,5,BYU,Utah State,38.0,26.0,12.0,64.0,-26.0,60.0,26.0,1,0,1,,,27.47242178283227,62.29713915153794,0.9265193652124253,1.0,1.4724217828322708,2.297139151537941,2021
401415625,2022,5,Houston,Tulane,24.0,27.0,-3.0,51.0,-5.5,51.5,5.5,0,0,0,,,4.6521711690474685,56.66936778503461,0.5371898333398181,1.0,-0.8478288309525315,5.169367785034609,2021
401426576,2022,5,Middle Tennessee,UTSA,30.0,45.0,-15.0,75.0,4.5,64.0,-4.5,0,0,1,,,-5.559825440592476,64.35572691097077,0.47420691307215057,1.0,-1.0598254405924763,0.35572691097077325,2021
401415228,2022,5,Boise State,San Diego State,35.0,13.0,22.0,48.0,-6.0,38.0,6.0,1,1,1,,,7.663106517084772,33.899553389791386,0.7966136969294084,1.0,1.6631065170847723,-4.100446610208614,2021
401404007,2022,5,UCLA,Washington,40.0,32.0,8.0,72.0,2.5,64.5,-2.5,1,1,1,,,3.22049011092627,70.66465038319285,0.6764873163012727,1.0,5.72049011092627,6.16465038319285,2021
401415229,2022,5,UNLV,New Mexico,31.0,20.0,11.0,51.0,-14.0,44.5,14.0,1,0,1,,,15.158273120982038,45.18418712918306,0.8993073318069207,1.0,1.158273120982038,0.6841871291830586,2021
401411124,2022,5,Boston College,Louisville,34.0,33.0,1.0,67.0,13.5,48.5,-13.5,1,1,1,,,-9.679061006565671,46.31963044309592,0.31389417982524864,1.0,3.8209389934343285,-2.1803695569040826,2021
401405100,2022,5,Iowa,Michigan,14.0,27.0,-13.0,41.0,10.5,42.0,-10.5,0,0,0,,,-10.884466730131074,39.76595095632061,0.2741414337806153,1.0,-0.3844667301310736,-2.2340490436793914,2021
401404085,2022,5,Kansas State,Texas Tech,37.0,28.0,9.0,65.0,-7.5,56.0,7.5,1,1,1,,,9.543431674691078,56.9459321252444,0.7262452510013923,1.0,2.043431674691078,0.9459321252443971,2021
401404086,2022,5,TCU,Oklahoma,55.0,24.0,31.0,79.0,5.0,69.5,-5.0,1,1,1,,,-7.435070302508331,65.85143874836002,0.41504213499374504,1.0,-2.435070302508331,-3.6485612516399755,2021
401405101,2022,5,Minnesota,Purdue,10.0,20.0,-10.0,30.0,-9.5,53.0,9.5,0,0,0,,,18.01926268766444,47.34427809151001,0.8303989347718215,1.0,8.51926268766444,-5.655721908489987,2021
401415227,2022,5,Air Force,Navy,13.0,10.0,3.0,23.0,-14.0,38.0,14.0,1,0,0,,,9.952186246809394,45.65994977471453,0.8970023521932015,1.0,-4.047813753190606,7.6599497747145335,2021
401415628,2022,5,Memphis,Temple,24.0,3.0,21.0,27.0,-18.5,50.0,18.5,1,1,0,,,18.05225338341638,40.989103897932154,0.9226901757707632,1.0,-0.44774661658361836,-9.010896102067846,2021
401403905,2022,5,Ole Miss,Kentucky,22.0,19.0,3.0,41.0,-6.5,55.0,6.5,1,0,0,,,10.130672936046171,55.035227461502615,0.6003233363148344,1.0,3.630672936046171,0.03522746150261469,2021
401404137,2022,5,Army,Georgia State,14.0,31.0,-17.0,45.0,-8.5,54.0,8.5,0,0,0,,,8.081079736496964,62.72176027370842,0.717060949111534,1.0,-0.41892026350303624,8.72176027370842,2021
401405099,2022,5,Wisconsin,Illinois,10.0,34.0,-24.0,44.0,-6.5,43.5,6.5,0,0,1,,,-2.6603514130438377,40.15078206845065,0.4906887730977596,1.0,-9.160351413043838,-3.3492179315493473,2021
401404006,2022,5,Utah,Oregon State,42.0,16.0,26.0,58.0,-10.5,54.5,10.5,1,1,1,,,14.551488068957497,53.03383318506321,0.9037858087336155,1.0,4.051488068957497,-1.4661668149367912,2021
401414782,2022,5,Eastern Michigan,Massachusetts,20.0,13.0,7.0,33.0,-20.0,53.5,20.0,1,0,0,,,16.93189338222798,55.3875755200267,0.8130473917576078,1.0,-3.0681066177720204,1.8875755200267008,2021
401416608,2022,5,Ball State,Northern Illinois,44.0,38.0,6.0,82.0,3.5,58.5,-3.5,1,1,1,,,-4.468798998308571,56.37870730003663,0.47598546746356546,1.0,-0.9687989983085714,-2.1212926999633694,2021
401415626,2022,5,South Florida,East Carolina,28.0,48.0,-20.0,76.0,9.5,55.5,-9.5,0,0,1,,,-8.413405747185791,56.12007915576157,0.22901841083802474,1.0,1.0865942528142085,0.620079155761573,2021
401405105,2022,5,Penn State,Northwestern,17.0,7.0,10.0,24.0,-25.5,50.0,25.5,1,0,0,,,26.680509694103197,50.69034318800908,0.96541398827264,1.0,1.180509694103197,0.6903431880090807,2021
401411128,2022,5,North Carolina,Virginia Tech,41.0,10.0,31.0,51.0,-9.5,57.0,9.5,1,1,0,,,8.570071082596264,54.72456576407273,0.6580872236252954,1.0,-0.9299289174037355,-2.2754342359272712,2021
401404151,2022,5,UConn,Fresno State,19.0,14.0,5.0,33.0,23.5,51.0,-23.5,1,1,0,,,-16.927224446827125,49.90938900560997,0.16242640372422384,1.0,6.572775553172875,-1.0906109943900333,2021
401404084,2022,5,Kansas,Iowa State,14.0,11.0,3.0,25.0,3.5,59.0,-3.5,1,1,0,,,-0.7300811938810181,54.74322391996611,0.300347003458617,1.0,2.769918806118982,-4.256776080033887,2021
401416610,2022,5,Buffalo,Miami (OH),24.0,20.0,4.0,44.0,-3.0,50.5,3.0,1,1,0,,,-0.9234483604386976,50.459037575024176,0.3858502442407615,1.0,-3.9234483604386976,-0.04096242497582381,2021
401416611,2022,5,Kent State,Ohio,31.0,24.0,7.0,55.0,-12.5,65.5,12.5,1,0,0,,,12.55248871804824,62.71970683635181,0.6928564807448996,1.0,0.052488718048239846,-2.7802931636481887,2021
401404083,2022,5,Baylor,Oklahoma State,25.0,36.0,-11.0,61.0,-2.5,56.0,2.5,0,0,1,,,5.86948029932043,57.55665099143993,0.43115199524629005,1.0,3.36948029932043,1.5566509914399305,2021
401403902,2022,5,Arkansas,Alabama,26.0,49.0,-23.0,75.0,17.0,61.0,-17.0,0,0,1,,,-8.1216954332018,59.104512037241435,0.2796963385521182,1.0,8.8783045667982,-1.8954879627585655,2021
401411127,2022,5,Florida State,Wake Forest,21.0,31.0,-10.0,52.0,-6.0,67.5,6.0,0,0,0,,,5.617277585030656,70.3378707623101,0.6666214326457838,1.0,-0.38272241496934356,2.8378707623101036,2021
401416607,2022,5,Toledo,Central Michigan,38.0,17.0,21.0,55.0,-6.5,56.0,6.5,1,1,0,,,9.69038852428562,55.94709061062939,0.6624581416827168,1.0,3.19038852428562,-0.05290938937061185,2021
401405104,2022,5,Ohio State,Rutgers,49.0,10.0,39.0,59.0,-39.0,58.0,39.0,1,0,1,,,41.000225419708386,60.14643777628551,0.953404791911027,1.0,2.0002254197083857,2.1464377762855094,2021
401416609,2022,5,Akron,Bowling Green,28.0,31.0,-3.0,59.0,9.5,49.5,-9.5,0,1,1,,,-14.73690728805746,41.95652634401927,0.19143507869054427,1.0,-5.236907288057459,-7.543473655980733,2021
401405103,2022,5,Maryland,Michigan State,27.0,13.0,14.0,40.0,-7.5,58.5,7.5,1,1,0,,,12.034092673776485,51.65123220127555,0.7067822849181907,1.0,4.534092673776485,-6.848767798724452,2021
401426575,2022,5,North Texas,Florida Atlantic,45.0,28.0,17.0,73.0,3.0,67.5,-3.0,1,1,1,,,-4.478163306774375,68.81848312984326,0.5472861137774232,1.0,-1.4781633067743751,1.3184831298432584,2021
401403906,2022,5,Mississippi State,Texas A&M,42.0,24.0,18.0,66.0,-4.0,45.0,4.0,1,1,1,,,6.424020440565561,42.19559381151992,0.4051363138154817,1.0,2.4240204405655614,-2.8044061884800797,2021
401426341,2022,5,Louisiana,South Alabama,17.0,20.0,-3.0,37.0,8.5,47.5,-8.5,0,1,0,,,-5.40885939247163,51.80273077474606,0.6998275958245287,1.0,3.09114060752837,4.30273077474606,2021
401404004,2022,5,Washington State,California,28.0,9.0,19.0,37.0,-4.0,52.5,4.0,1,1,0,,,13.594755024568336,60.074932388156896,0.8327386260091314,1.0,9.594755024568336,7.5749323881568955,2021
401426573,2022,5,Charlotte,UTEP,35.0,41.0,-6.0,76.0,3.5,56.0,-3.5,0,0,1,,,2.119666308158579,56.62983807017154,0.5319121643431581,1.0,5.619666308158579,0.6298380701715374,2021
401404161,2022,5,Old Dominion,Liberty,24.0,38.0,-14.0,62.0,3.5,47.5,-3.5,0,0,1,,,-2.861261873416322,46.45257248929673,0.6659159581963819,1.0,0.6387381265836778,-1.0474275107032724,2021
401426578,2022,5,Western Kentucky,Troy,27.0,34.0,-7.0,61.0,-5.5,55.0,5.5,0,0,1,,,7.024915089691473,52.78381214326381,0.6094436829203431,1.0,1.524915089691473,-2.216187856736191,2021
401403903,2022,5,Auburn,LSU,17.0,21.0,-4.0,38.0,8.0,44.5,-8.0,0,1,0,,,-6.016243517356828,44.48513617511526,0.4354280801976407,1.0,1.9837564826431722,-0.014863824884741916,2021
401426340,2022,5,Arkansas State,UL Monroe,45.0,28.0,17.0,73.0,-7.0,59.0,7.0,1,1,1,,,3.1482871689328755,56.60971962156616,0.6163373687351743,1.0,-3.8517128310671245,-2.390280378433843,2021
401426337,2022,5,Coastal Carolina,Georgia Southern,34.0,30.0,4.0,64.0,-10.0,69.5,10.0,1,0,0,,,10.310056221290276,69.85475138219407,0.6447764318284294,1.0,0.3100562212902762,0.3547513821940669,2021
401415627,2022,5,Tulsa,Cincinnati,21.0,31.0,-10.0,52.0,10.0,59.0,-10.0,0,0,0,,,-10.492184800835947,53.622625423249566,0.40819446639052015,1.0,-0.49218480083594685,-5.377374576750434,2021
401415230,2022,5,Wyoming,San José State,16.0,33.0,-17.0,49.0,2.5,42.5,-2.5,0,0,1,,,-1.802785076133898,44.129249064920074,0.26046409499595996,1.0,0.6972149238661021,1.6292490649200744,2021
401405102,2022,5,Nebraska,Indiana,35.0,21.0,14.0,56.0,-6.5,61.5,6.5,1,1,0,,,3.6529177770279126,63.122236092082034,0.5653668055527011,1.0,-2.8470822229720874,1.6222360920820336,2021
401403907,2022,5,Missouri,Georgia,22.0,26.0,-4.0,48.0,30.5,54.5,-30.5,0,1,0,,,-27.052854592449858,59.21945816395818,0.14316215326507123,1.0,3.447145407550142,4.71945816395818,2021
401411126,2022,5,Duke,Virginia,38.0,17.0,21.0,55.0,-2.0,55.0,2.0,1,1,0,,,4.769247581739571,53.18437019456129,0.36638872316540705,1.0,2.769247581739571,-1.8156298054387108,2021
401411125,2022,5,Clemson,NC State,30.0,20.0,10.0,50.0,-6.5,45.5,6.5,1,1,1,,,6.6716507716079,40.87574406493865,0.6688711406882147,1.0,0.17165077160789988,-4.624255935061349,2021
401426577,2022,5,Rice,UAB,28.0,24.0,4.0,52.0,10.5,51.0,-10.5,1,1,1,,,-11.199945092954557,52.400187345306854,0.16255433185952053,1.0,-0.6999450929545574,1.400187345306854,2021
401404087,2022,5,Texas,West Virginia,38.0,20.0,18.0,58.0,-7.5,61.0,7.5,1,1,0,,,10.111200695016834,62.019648819155584,0.8982332177837529,1.0,2.6112006950168336,1.0196488191555844,2021
401426574,2022,5,New Mexico State,Florida International,7.0,21.0,-14.0,28.0,-16.0,54.0,16.0,0,0,0,,,13.488818742632972,50.438734833149596,0.7156736306670078,1.0,-2.511181257367028,-3.5612651668504043,2021
401411129,2022,5,Pittsburgh,Georgia Tech,21.0,26.0,-5.0,47.0,-21.5,47.0,21.5,0,0,0,,,20.30040260629019,47.51100003948143,0.8790705245384378,1.0,-1.1995973937098086,0.5110000394814307,2021
401404002,2022,5,Arizona,Colorado,43.0,20.0,23.0,63.0,-18.0,58.0,18.0,1,1,1,,,18.25664445071992,56.36946574887877,0.8883517024979077,1.0,0.2566444507199215,-1.630534251121233,2021
401404003,2022,5,USC,Arizona State,42.0,25.0,17.0,67.0,-24.5,61.0,24.5,1,0,1,,,28.900116526022813,55.03299734963855,0.9420385976721206,1.0,4.4001165260228134,-5.967002650361451,2021
401404005,2022,5,Oregon,Stanford,45.0,27.0,18.0,72.0,-17.5,63.0,17.5,1,1,1,,,21.024244968798328,53.00236890238819,0.8043114486834974,1.0,3.524244968798328,-9.997631097611809,2021
401415629,2022,6,UCF,SMU,41.0,19.0,22.0,60.0,-3.0,65.0,3.0,1,1,0,,,5.101503224697321,67.29981358931644,0.7359726025780738,1.0,2.1015032246973213,2.299813589316443,2021
401405111,2022,6,Rutgers,Nebraska,13.0,14.0,-1.0,27.0,3.0,50.5,-3.0,0,1,0,,,-7.616511860482608,50.61784933733169,0.33928084117220836,1.0,-4.616511860482608,0.11784933733169112,2021
401415630,2022,6,Memphis,Houston,32.0,33.0,-1.0,65.0,-1.5,57.5,1.5,0,0,1,,,3.6589171744988875,58.04734052915175,0.6828256865081932,1.0,2.1589171744988875,0.5473405291517466,2021
401415233,2022,6,Nevada,Colorado State,14.0,17.0,-3.0,31.0,-3.5,45.0,3.5,0,0,0,,,-3.9538545123197197,48.88173781979915,0.44015894299304775,1.0,-7.45385451231972,3.881737819799149,2021
401415236,2022,6,San José State,UNLV,40.0,7.0,33.0,47.0,-6.5,51.5,6.5,1,1,0,,,2.5173129995161614,63.73540720941031,0.48136161651898474,1.0,-3.9826870004838386,12.235407209410312,2021
401404090,2022,6,Oklahoma,Texas,0.0,49.0,-49.0,49.0,7.5,65.5,-7.5,0,0,0,,,-4.558355018999069,67.36591885676548,0.3962359672663465,1.0,2.9416449810009313,1.8659188567654752,2021
401405109,2022,6,Maryland,Purdue,29.0,31.0,-2.0,60.0,-3.0,59.5,3.0,0,0,1,,,6.247687116223673,56.42924474327174,0.7365364413051696,1.0,3.2476871162236733,-3.070755256728262,2021
401416617,2022,6,Bowling Green,Buffalo,7.0,38.0,-31.0,45.0,2.0,54.5,-2.0,0,0,0,,,2.9582480178017505,53.58523665533016,0.5517047462504303,1.0,4.9582480178017505,-0.9147633446698435,2021
401404089,2022,6,Kansas,TCU,31.0,38.0,-7.0,69.0,7.0,70.0,-7.0,0,0,0,,,-6.560061308856708,66.07132243700902,0.35365446708199477,1.0,0.43993869114329165,-3.928677562990984,2021
401416614,2022,6,Western Michigan,Eastern Michigan,23.0,45.0,-22.0,68.0,-4.5,55.0,4.5,0,0,1,,,0.8512015403371711,61.1577572458677,0.4366003309500152,1.0,-3.648798459662829,6.1577572458677,2021
401405108,2022,6,Indiana,Michigan,10.0,31.0,-21.0,41.0,23.5,58.0,-23.5,0,1,0,,,-26.01791236307205,57.31850965522656,0.022601773620324807,1.0,-2.5179123630720497,-0.6814903447734366,2021
401411136,2022,6,Virginia,Louisville,17.0,34.0,-17.0,51.0,-1.5,47.5,1.5,0,0,1,,,-4.172756816751917,48.20169992470367,0.2385946784374127,1.0,-5.672756816751917,0.7016999247036679,2021
401403914,2022,6,Mississippi State,Arkansas,40.0,17.0,23.0,57.0,-8.5,55.5,8.5,1,1,1,,,10.68999509938173,50.64814940552865,0.6383351717548023,1.0,2.189995099381729,-4.851850594471351,2021
401403913,2022,6,LSU,Tennessee,13.0,40.0,-27.0,53.0,2.5,63.5,-2.5,0,0,0,,,-8.888635761495685,62.68940761702041,0.3684068169316097,1.0,-6.388635761495685,-0.8105923829795927,2021
401403910,2022,6,Florida,Missouri,24.0,17.0,7.0,41.0,-10.5,53.5,10.5,1,0,0,,,9.129333035079572,46.74598369204868,0.7644594938182324,1.0,-1.370666964920428,-6.754016307951318,2021
401426342,2022,6,Georgia State,Georgia Southern,41.0,33.0,8.0,74.0,-2.5,66.5,2.5,1,1,1,,,4.322891395730883,68.11573910952178,0.4986409717583259,1.0,1.822891395730883,1.6157391095217832,2021
401416616,2022,6,Ohio,Akron,55.0,34.0,21.0,89.0,-10.0,59.0,10.0,1,1,1,,,7.175481382714617,61.16178686365746,0.7976370872299978,1.0,-2.824518617285383,2.1617868636574613,2021
401415633,2022,6,Cincinnati,South Florida,28.0,24.0,4.0,52.0,-27.0,58.5,27.0,1,0,0,,,24.06706900635306,60.10745030498378,0.953766609951796,1.0,-2.9329309936469414,1.6074503049837787,2021
401426581,2022,6,UAB,Middle Tennessee,41.0,14.0,27.0,55.0,-10.0,53.0,10.0,1,1,1,,,9.461982882242522,55.407439988442015,0.6437715527650041,1.0,-0.5380171177574784,2.4074399884420146,2021
401411135,2022,6,Pittsburgh,Virginia Tech,45.0,29.0,16.0,74.0,-14.5,42.0,14.5,1,1,1,,,18.092419239133264,38.92527304638643,0.8966342499240514,1.0,3.592419239133264,-3.0747269536135704,2021
401405107,2022,6,Northwestern,Wisconsin,7.0,42.0,-35.0,49.0,10.0,44.5,-10.0,0,0,1,,,-12.82678575566417,43.332345448736206,0.20598903094624155,1.0,-2.8267857556641705,-1.1676545512637944,2021
401404011,2022,6,UCLA,Utah,42.0,32.0,10.0,74.0,3.0,64.5,-3.0,1,1,1,,,2.4589622883735327,67.62419291351532,0.4300063248638182,1.0,5.458962288373533,3.1241929135153157,2021
401404164,2022,6,Massachusetts,Liberty,24.0,42.0,-18.0,66.0,22.5,46.0,-22.5,0,1,1,,,-20.949085608252105,50.437135751711196,0.17471486143708137,1.0,1.5509143917478951,4.437135751711196,2021
401415631,2022,6,Tulane,East Carolina,24.0,9.0,15.0,33.0,-3.0,55.5,3.0,1,1,0,,,2.0628052791894618,63.34717157901822,0.5653371756326474,1.0,-0.9371947208105382,7.847171579018223,2021
401416613,2022,6,Central Michigan,Ball State,16.0,17.0,-1.0,33.0,-7.5,63.5,7.5,0,0,0,,,4.36465916470718,66.28688471372243,0.5919909249182991,1.0,-3.13534083529282,2.7868847137224293,2021
401415632,2022,6,Navy,Tulsa,53.0,21.0,32.0,74.0,4.5,46.0,-4.5,1,1,1,,,3.0213025000205684,54.868049892628406,0.5865713171534928,1.0,7.521302500020568,8.868049892628406,2021
401403911,2022,6,Georgia,Auburn,42.0,10.0,32.0,52.0,-28.0,49.5,28.0,1,1,1,,,30.05729513685189,45.7633479048144,0.9608963285597725,1.0,2.0572951368518915,-3.7366520951855975,2021
401404091,2022,6,Oklahoma State,Texas Tech,41.0,31.0,10.0,72.0,-11.5,65.5,11.5,1,0,1,,,15.881042506509305,65.55460765474592,0.9061532176982865,1.0,4.381042506509305,0.05460765474592222,2021
401416618,2022,6,Miami (OH),Kent State,27.0,24.0,3.0,51.0,5.5,56.5,-5.5,1,1,0,,,-5.982058498554609,54.5355469676664,0.5988269642999231,1.0,-0.4820584985546086,-1.9644530323336014,2021
401416615,2022,6,Northern Illinois,Toledo,32.0,52.0,-20.0,84.0,6.5,59.0,-6.5,0,0,1,,,-5.993619708896493,56.60172616060589,0.5335110520427685,1.0,0.5063802911035067,-2.3982738393941077,2021
401403915,2022,6,Vanderbilt,Ole Miss,28.0,52.0,-24.0,80.0,17.0,59.5,-17.0,0,0,1,,,-7.621974767260518,62.8833047894098,0.5308287534793827,1.0,9.378025232739482,3.3833047894097987,2021
401411133,2022,6,Miami,North Carolina,24.0,27.0,-3.0,51.0,-4.0,67.5,4.0,0,0,0,,,2.39251529794273,66.60533640221628,0.547677517542827,1.0,-1.60748470205727,-0.894663597783719,2021
401404009,2022,6,Arizona State,Washington,45.0,38.0,7.0,83.0,13.5,56.0,-13.5,1,1,1,,,-17.490039780740823,60.90023545865535,0.2673670734674873,1.0,-3.9900397807408226,4.900235458655352,2021
401405110,2022,6,Michigan State,Ohio State,20.0,49.0,-29.0,69.0,27.0,64.5,-27.0,0,0,1,,,-33.15872649084081,72.67274234368293,0.09153687348993593,1.0,-6.158726490840813,8.172742343682927,2021
401411132,2022,6,Georgia Tech,Duke,23.0,20.0,3.0,43.0,3.5,54.0,-3.5,1,1,0,,,-1.16024817251462,54.07935634000025,0.4944881808428873,1.0,2.33975182748538,0.0793563400002526,2021
401426582,2022,6,UTSA,Western Kentucky,31.0,28.0,3.0,59.0,-6.5,72.5,6.5,1,0,0,,,6.107045644086381,72.9878614879778,0.4827070361297915,1.0,-0.39295435591361905,0.4878614879777956,2021
401415231,2022,6,Utah State,Air Force,34.0,27.0,7.0,61.0,11.5,53.5,-11.5,1,1,1,,,-21.21061965614664,50.92129916967227,0.16783279775959664,1.0,-9.71061965614664,-2.5787008303277332,2021
401415234,2022,6,New Mexico,Wyoming,14.0,27.0,-13.0,41.0,3.0,37.0,-3.0,0,0,1,,,-14.147841218068894,42.514319839935546,0.4448015412912584,1.0,-11.147841218068894,5.5143198399355455,2021
401426580,2022,6,Louisiana Tech,UTEP,41.0,31.0,10.0,72.0,-1.5,52.5,1.5,1,1,1,,,2.3548911784371747,53.825095703308065,0.40645862081418055,1.0,0.8548911784371747,1.3250957033080653,2021
401426346,2022,6,Troy,Southern Miss,27.0,10.0,17.0,37.0,-7.0,44.0,7.0,1,1,0,,,5.466670671930286,46.61906945027602,0.6363367064196724,1.0,-1.5333293280697138,2.6190694502760223,2021
401426579,2022,6,Florida International,UConn,12.0,33.0,-21.0,45.0,5.5,46.5,-5.5,0,0,0,,,-4.385733574046803,51.97961544733199,0.47507904566878156,1.0,1.114266425953197,5.479615447331987,2021
401426345,2022,6,Texas State,App State,36.0,24.0,12.0,60.0,19.5,54.5,-19.5,1,1,1,,,-15.827776380039346,51.81504221661758,0.19636200356815697,1.0,3.672223619960654,-2.6849577833824227,2021
401404088,2022,6,Iowa State,Kansas State,9.0,10.0,-1.0,19.0,1.0,45.0,-1.0,0,0,0,,,3.047517744664539,49.549287759380825,0.621556691339919,1.0,4.047517744664539,4.5492877593808245,2021
401403912,2022,6,Kentucky,South Carolina,14.0,24.0,-10.0,38.0,-4.5,45.0,4.5,0,0,0,,,5.068763259865908,43.285295359393814,0.6162702995946308,1.0,0.568763259865908,-1.714704640606186,2021
401404012,2022,6,USC,Washington State,30.0,14.0,16.0,44.0,-12.5,64.5,12.5,1,1,0,,,19.217457949956824,64.14416541053698,0.8523976544647172,1.0,6.717457949956824,-0.35583458946301505,2021
401411131,2022,6,Boston College,Clemson,3.0,31.0,-28.0,34.0,21.0,48.5,-21.0,0,0,0,,,-22.41595667152226,46.99568777998565,0.12964737044093724,1.0,-1.4159566715222596,-1.5043122200143486,2021
401405106,2022,6,Illinois,Iowa,9.0,6.0,3.0,15.0,-3.5,36.5,3.5,1,0,0,,,-4.488396742179425,38.48580364545316,0.2504489313955785,1.0,-7.988396742179425,1.98580364545316,2021
401404127,2022,6,Notre Dame,BYU,28.0,20.0,8.0,48.0,-3.5,51.5,3.5,1,1,0,,,1.1652764565009979,48.66148173619632,0.5999381265794148,1.0,-2.334723543499002,-2.838518263803678,2021
401404138,2022,6,Wake Forest,Army,45.0,10.0,35.0,55.0,-16.0,65.5,16.0,1,1,0,,,14.349106695670859,65.14856151031094,0.7300871304335804,1.0,-1.6508933043291414,-0.351438489689059,2021
401426344,2022,6,UL Monroe,Coastal Carolina,21.0,28.0,-7.0,49.0,12.5,58.0,-12.5,0,1,0,,,-6.281496049793871,64.63100430300442,0.22749741152602765,1.0,6.218503950206129,6.631004303004417,2021
401403909,2022,6,Alabama,Texas A&M,24.0,20.0,4.0,44.0,-24.0,48.0,24.0,1,0,0,,,24.14129733774091,41.63143173682371,0.9177142091159837,1.0,0.1412973377409088,-6.368568263176293,2021
401411134,2022,6,NC State,Florida State,19.0,17.0,2.0,36.0,-3.5,50.5,3.5,1,0,0,,,2.373289070653029,51.71655472933159,0.46467675260885766,1.0,-1.126710929346971,1.216554729331591,2021
401404008,2022,6,Arizona,Oregon,22.0,49.0,-27.0,71.0,13.5,72.0,-13.5,0,0,0,,,-11.256910318389496,67.31408586521385,0.2975152506162193,1.0,2.2430896816105044,-4.685914134786145,2021
401415232,2022,6,Boise State,Fresno State,40.0,20.0,20.0,60.0,-10.5,45.5,10.5,1,1,1,,,12.10048061948768,42.3064527337619,0.8272073550235972,1.0,1.60048061948768,-3.193547266238099,2021
401415235,2022,6,San Diego State,Hawai'i,16.0,14.0,2.0,30.0,-23.5,49.0,23.5,1,0,0,,,24.776253678740858,53.191538872313366,0.8972795993573539,1.0,1.2762536787408578,4.191538872313366,2021
401404010,2022,6,Stanford,Oregon State,27.0,28.0,-1.0,55.0,4.5,53.5,-4.5,0,1,1,,,-5.161347588264228,52.61612936253275,0.406587059502607,1.0,-0.6613475882642277,-0.8838706374672469,2021
401426347,2022,7,Marshall,Louisiana,13.0,23.0,-10.0,36.0,-10.5,45.0,10.5,0,0,0,,,12.667462337986029,42.43472362952204,0.6773723047565973,1.0,2.167462337986029,-2.56527637047796,2021
401415634,2022,7,UCF,Temple,70.0,13.0,57.0,83.0,-23.5,46.5,23.5,1,1,1,,,22.609497715775916,43.65120594239665,0.9359036754440319,1.0,-0.890502284224084,-2.8487940576033495,2021
401404092,2022,7,West Virginia,Baylor,43.0,40.0,3.0,83.0,3.0,55.0,-3.0,1,1,1,,,0.38432454869005017,57.707968951079174,0.44285252418183957,1.0,3.38432454869005,2.707968951079174,2021
401415635,2022,7,SMU,Navy,40.0,34.0,6.0,74.0,-12.5,58.5,12.5,1,0,1,,,16.97997634406845,62.57412225284699,0.8631517143120988,1.0,4.479976344068451,4.0741222528469905,2021
401426584,2022,7,Florida International,UTSA,10.0,30.0,-20.0,40.0,33.5,63.5,-33.5,0,1,0,,,-36.75774457546182,60.29729293153662,0.037416728074725326,1.0,-3.257744575461821,-3.2027070684633827,2021
401405115,2022,7,Michigan,Penn State,41.0,17.0,24.0,58.0,-7.0,49.0,7.0,1,1,1,,,5.977420323578097,44.96603619917819,0.7270328233202652,1.0,-1.0225796764219028,-4.033963800821809,2021
401404094,2022,7,Oklahoma,Kansas,52.0,42.0,10.0,94.0,-10.5,66.0,10.5,1,0,1,,,13.913034254438685,73.98334648727966,0.7833313725917589,1.0,3.413034254438685,7.983346487279661,2021
401426348,2022,7,Coastal Carolina,Old Dominion,21.0,49.0,-28.0,70.0,-11.5,58.5,11.5,0,0,1,,,10.625518598770759,59.08210297202469,0.8417657560613858,1.0,-0.8744814012292412,0.5821029720246926,2021
401416622,2022,7,Bowling Green,Miami (OH),17.0,13.0,4.0,30.0,7.0,45.0,-7.0,1,1,0,,,-5.79007916227331,42.5876311386279,0.3219073247896528,1.0,1.2099208377266901,-2.4123688613721015,2021
401416619,2022,7,Akron,Central Michigan,21.0,28.0,-7.0,49.0,12.0,60.5,-12.0,0,1,0,,,-11.480317403607328,60.649057845086446,0.14071064964887667,1.0,0.5196825963926717,0.14905784508644615,2021
401405112,2022,7,Illinois,Minnesota,26.0,14.0,12.0,40.0,4.5,40.0,-4.5,1,1,0,,,-8.799093175458207,41.00142332970054,0.24878123233957966,1.0,-4.299093175458207,1.0014233297005433,2021
401404093,2022,7,Texas,Iowa State,24.0,21.0,3.0,45.0,-15.5,48.5,15.5,1,0,0,,,20.038687612222315,48.615826129470705,0.924446835076449,1.0,4.538687612222315,0.11582612947070459,2021
401403920,2022,7,Ole Miss,Auburn,48.0,34.0,14.0,82.0,-15.5,55.0,15.5,1,0,1,,,19.288751949065404,53.82325103442085,0.8611912472973113,1.0,3.7887519490654036,-1.1767489655791508,2021
401411140,2022,7,Virginia Tech,Miami,14.0,20.0,-6.0,34.0,8.5,48.0,-8.5,0,1,0,,,-11.103535534268135,49.00635709109949,0.2628173684001014,1.0,-2.6035355342681346,1.0063570910994883,2021
401414783,2022,7,Massachusetts,Buffalo,7.0,34.0,-27.0,41.0,17.0,47.5,-17.0,0,0,0,,,-17.6188935964789,53.9685209656849,0.07276121168021812,1.0,-0.6188935964789017,6.4685209656849025,2021
401404014,2022,7,Colorado,California,20.0,13.0,7.0,33.0,15.0,49.0,-15.0,1,1,0,,,-9.663863908691305,51.352771376604565,0.28905275939565517,1.0,5.3361360913086955,2.352771376604565,2021
401404153,2022,7,Ball State,UConn,25.0,21.0,4.0,46.0,-9.5,47.5,9.5,1,0,0,,,5.557693857271017,49.3654703935512,0.6944870940784829,1.0,-3.9423061427289827,1.865470393551199,2021
401426587,2022,7,Middle Tennessee,Western Kentucky,17.0,35.0,-18.0,52.0,7.5,67.5,-7.5,0,0,0,,,-2.564065691370507,67.50373826802755,0.28981625864890265,1.0,4.935934308629493,0.0037382680275470648,2021
401403916,2022,7,BYU,Arkansas,35.0,52.0,-17.0,87.0,-1.0,66.5,1.0,0,0,1,,,2.320210353922363,66.63069870972534,0.5756400870135162,1.0,1.3202103539223629,0.13069870972533693,2021
401426352,2022,7,Troy,Texas State,17.0,14.0,3.0,31.0,-16.5,47.0,16.5,1,0,0,,,19.237462458387416,48.49914139614113,0.8549128161462975,1.0,2.737462458387416,1.4991413961411268,2021
401426583,2022,7,UAB,Charlotte,34.0,20.0,14.0,54.0,-22.5,65.0,22.5,1,0,0,,,22.141677169681536,60.77239819679171,0.9603586087955801,1.0,-0.358322830318464,-4.227601803208287,2021
401416621,2022,7,Toledo,Kent State,52.0,31.0,21.0,83.0,-7.5,62.5,7.5,1,1,1,,,11.537778503524777,58.80145879045797,0.8400592075750299,1.0,4.037778503524777,-3.6985412095420287,2021
401416620,2022,7,Eastern Michigan,Northern Illinois,10.0,39.0,-29.0,49.0,-3.5,64.5,3.5,0,0,0,,,2.8332318901800733,57.17382265081248,0.6122869759760338,1.0,-0.6667681098199267,-7.3261773491875175,2021
401411139,2022,7,Syracuse,NC State,24.0,9.0,15.0,33.0,-3.0,42.5,3.0,1,1,0,,,5.238890623946205,44.043356989112496,0.6931431199688234,1.0,2.2388906239462054,1.543356989112496,2021
401404095,2022,7,TCU,Oklahoma State,43.0,40.0,3.0,83.0,-5.0,69.5,5.0,1,0,1,,,2.69131553114929,62.53795249414437,0.5881175292857452,1.0,-2.30868446885071,-6.9620475058556295,2021
401403921,2022,7,Tennessee,Alabama,52.0,49.0,3.0,101.0,9.0,68.0,-9.0,1,1,1,,,0.3725267692599932,69.22971701190703,0.459172953608882,1.0,9.372526769259993,1.2297170119070273,2021
401405114,2022,7,Indiana,Maryland,33.0,38.0,-5.0,71.0,11.0,63.5,-11.0,0,1,1,,,-10.929503454702738,63.33446819454251,0.21858671787753986,1.0,0.0704965452972619,-0.16553180545749058,2021
401416623,2022,7,Western Michigan,Ohio,14.0,33.0,-19.0,47.0,-2.0,61.5,2.0,0,0,0,,,-0.29628305078131145,62.52988628553093,0.5552524964134513,1.0,-2.2962830507813115,1.029886285530928,2021
401403918,2022,7,Georgia,Vanderbilt,55.0,0.0,55.0,55.0,-37.5,56.5,37.5,1,1,0,,,39.66927940209082,54.62332696008884,0.9859543350256901,1.0,2.1692794020908224,-1.8766730399111609,2021
401426586,2022,7,North Texas,Louisiana Tech,47.0,27.0,20.0,74.0,-6.5,68.5,6.5,1,1,1,,,10.745833006967228,66.75117143135708,0.8525658605688102,1.0,4.245833006967228,-1.7488285686429208,2021
401405116,2022,7,Michigan State,Wisconsin,34.0,28.0,6.0,62.0,7.0,49.5,-7.0,1,1,1,,,3.1574779963006403,53.16057870468976,0.6886586370766976,1.0,10.15747799630064,3.6605787046897618,2021
401415636,2022,7,South Florida,Tulane,31.0,45.0,-14.0,76.0,12.0,55.0,-12.0,0,0,1,,,-16.59952706212713,57.2135679289491,0.15419500672139563,1.0,-4.59952706212713,2.2135679289490966,2021
401404013,2022,7,Washington,Arizona,49.0,39.0,10.0,88.0,-14.5,71.5,14.5,1,0,1,,,12.656447416373528,69.68512458129482,0.9018187872073314,1.0,-1.8435525836264723,-1.814875418705185,2021
401426585,2022,7,Florida Atlantic,Rice,17.0,14.0,3.0,31.0,-4.0,54.5,4.0,1,0,0,,,3.394902287605408,53.754455853622964,0.7403089714294555,1.0,-0.605097712394592,-0.7455441463770356,2021
401426351,2022,7,Southern Miss,Arkansas State,20.0,19.0,1.0,39.0,-4.5,53.0,4.5,1,0,0,,,10.103274948692372,51.10437163653164,0.7211873908995816,1.0,5.603274948692372,-1.8956283634683615,2021
401403917,2022,7,Florida,LSU,35.0,45.0,-10.0,80.0,-2.0,51.5,2.0,0,0,1,,,4.024730434357729,52.2357579390097,0.46717091400883437,1.0,2.0247304343577293,0.7357579390097015,2021
401415238,2022,7,Colorado State,Utah State,13.0,17.0,-4.0,30.0,14.0,45.5,-14.0,0,1,0,,,-16.08409660357868,44.322516039526626,0.22497918478576365,1.0,-2.084096603578679,-1.1774839604733742,2021
401426350,2022,7,South Alabama,UL Monroe,41.0,34.0,7.0,75.0,-17.0,51.0,17.0,1,0,1,,,22.499195229306125,50.32249473669061,0.9614599699808388,1.0,5.499195229306125,-0.6775052633093921,2021
401415637,2022,7,East Carolina,Memphis,47.0,45.0,2.0,92.0,-5.5,62.5,5.5,1,0,1,,,5.531088416804654,61.8310705486741,0.608334942481737,1.0,0.03108841680465435,-0.6689294513259014,2021
401405113,2022,7,Purdue,Nebraska,43.0,37.0,6.0,80.0,-14.0,56.0,14.0,1,0,1,,,19.31293272324983,55.130460701804004,0.704021327845424,1.0,5.31293272324983,-0.8695392981959955,2021
401411138,2022,7,Florida State,Clemson,28.0,34.0,-6.0,62.0,4.5,51.0,-4.5,0,0,1,,,-10.722623205714257,55.31018466448863,0.34454495417449804,1.0,-6.222623205714257,4.310184664488631,2021
401403919,2022,7,Kentucky,Mississippi State,27.0,17.0,10.0,44.0,3.5,50.5,-3.5,1,1,0,,,-1.2259907412584945,47.145271711034376,0.5856052194080624,1.0,2.2740092587415055,-3.3547282889656245,2021
401404016,2022,7,Notre Dame,Stanford,14.0,16.0,-2.0,30.0,-16.5,53.5,16.5,0,0,0,,,13.805735352176322,57.78615512499208,0.8776212397587589,1.0,-2.694264647823678,4.286155124992078,2021
401404017,2022,7,Utah,USC,43.0,42.0,1.0,85.0,-3.5,65.0,3.5,1,0,1,,,6.8069752797421685,69.63269148995006,0.8086292751284081,1.0,3.3069752797421685,4.632691489950062,2021
401409239,2022,7,New Mexico State,New Mexico,21.0,9.0,12.0,30.0,7.0,38.5,-7.0,1,1,0,,,-8.669361261766461,37.276062641067796,0.3051582252769359,1.0,-1.6693612617664613,-1.2239373589322042,2021
401411137,2022,7,Duke,North Carolina,35.0,38.0,-3.0,73.0,7.0,70.0,-7.0,0,1,1,,,-4.628886660997576,64.30050563114139,0.2540589266207455,1.0,2.3711133390024237,-5.699494368858609,2021
401404015,2022,7,Oregon State,Washington State,24.0,10.0,14.0,34.0,-3.0,51.5,3.0,1,1,0,,,-1.8061599662451888,57.36457050762522,0.483527989384149,1.0,-4.806159966245189,5.864570507625217,2021
401415237,2022,7,UNLV,Air Force,7.0,42.0,-35.0,49.0,10.0,50.0,-10.0,0,0,0,,,-8.415196438272725,49.331691823956604,0.27818394820413916,1.0,1.5848035617272753,-0.6683081760433964,2021
401415239,2022,7,Fresno State,San José State,17.0,10.0,7.0,27.0,7.0,47.0,-7.0,1,1,0,,,-9.391153865201913,47.98396807026841,0.5136384509477447,1.0,-2.391153865201913,0.9839680702684106,2021
401415240,2022,7,Hawai'i,Nevada,31.0,16.0,15.0,47.0,6.0,51.5,-6.0,1,1,0,170.0,-200.0,-5.378821066837316,48.3246804091191,0.20451528884416847,1.0,0.6211789331626836,-3.1753195908809033,2021
401426353,2022,8,App State,Georgia State,42.0,17.0,25.0,59.0,-9.5,60.0,9.5,1,1,0,,,13.11907363817349,57.34374812848576,0.8378069446638479,1.0,3.6190736381734894,-2.656251871514243,2021
401426354,2022,8,South Alabama,Troy,6.0,10.0,-4.0,16.0,-3.0,47.0,3.0,0,0,0,,,4.200938648890933,48.68506499019386,0.4987407448517665,1.0,1.2009386488909328,1.6850649901938581,2021
401411141,2022,8,Georgia Tech,Virginia,9.0,16.0,-7.0,25.0,-3.5,48.0,3.5,0,0,0,-150.0,130.0,7.154139343866796,44.28853955930512,0.6963080790215107,1.0,3.654139343866796,-3.7114604406948786,2021
401415638,2022,8,Temple,Tulsa,16.0,27.0,-11.0,43.0,13.5,53.5,-13.5,0,1,0,,,-13.6603229951212,52.11725803747703,0.22664171248005266,1.0,-0.1603229951212004,-1.3827419625229709,2021
401426592,2022,8,Western Kentucky,UAB,20.0,17.0,3.0,37.0,-1.0,60.5,1.0,1,1,0,,,2.6056484081478617,62.45422669772586,0.635692668548897,1.0,1.6056484081478617,1.9542266977258578,2021
401416628,2022,8,Kent State,Akron,33.0,27.0,6.0,60.0,-15.5,65.0,15.5,1,0,0,,,14.703943576856844,69.3306101285785,0.8922971269545072,1.0,-0.7960564231431562,4.330610128578499,2021
401404140,2022,8,Army,UL Monroe,48.0,24.0,24.0,72.0,-6.5,55.5,6.5,1,1,1,,,6.762233371789438,63.816190001681996,0.7630417165143968,1.0,0.2622333717894376,8.316190001681996,2021
401405119,2022,8,Ohio State,Iowa,54.0,10.0,44.0,64.0,-29.5,49.5,29.5,1,1,1,,,28.413252461912627,49.76763980503267,0.9237488444751157,1.0,-1.0867475380873728,0.2676398050326725,2021
401404096,2022,8,Baylor,Kansas,35.0,23.0,12.0,58.0,-10.5,56.5,10.5,1,1,1,,,8.883690470141133,62.83950685337382,0.8218820403606252,1.0,-1.6163095298588672,6.33950685337382,2021
401411142,2022,8,Clemson,Syracuse,27.0,21.0,6.0,48.0,-14.0,50.0,14.0,1,0,0,,,18.97204651562561,48.602123907406444,0.9315658302262239,1.0,4.97204651562561,-1.397876092593556,2021
401415641,2022,8,SMU,Cincinnati,27.0,29.0,-2.0,56.0,3.5,59.5,-3.5,0,1,0,,,-8.095355749739246,60.73540484043648,0.36040210945835127,1.0,-4.595355749739246,1.2354048404364804,2021
401415640,2022,8,Navy,Houston,20.0,38.0,-18.0,58.0,3.0,50.5,-3.0,0,0,1,,,4.961399798871986,60.78327981296455,0.540220217615899,1.0,7.961399798871986,10.283279812964551,2021
401405121,2022,8,Rutgers,Indiana,24.0,17.0,7.0,41.0,-3.0,48.0,3.0,1,1,0,,,-5.464963195665552,53.40952500917398,0.4276752233661958,1.0,-8.464963195665552,5.409525009173983,2021
401411144,2022,8,Miami,Duke,21.0,45.0,-24.0,66.0,-10.0,59.0,10.0,0,0,1,,,9.792129376493875,53.701831950752265,0.8430486555599802,1.0,-0.20787062350612473,-5.298168049247735,2021
401416629,2022,8,Central Michigan,Bowling Green,18.0,34.0,-16.0,52.0,-6.5,50.5,6.5,0,0,1,,,7.101815421509716,50.77585435418575,0.6256008305316101,1.0,0.6018154215097162,0.27585435418575344,2021
401416626,2022,8,Buffalo,Toledo,34.0,27.0,7.0,61.0,7.0,56.0,-7.0,1,1,1,,,-6.356148136317554,61.981663972102915,0.412986925608647,1.0,0.6438518636824462,5.981663972102915,2021
401416624,2022,8,Ball State,Eastern Michigan,16.0,20.0,-4.0,36.0,-2.5,57.5,2.5,0,0,0,,,3.0420041833617972,60.44252924290378,0.530391190955778,1.0,0.5420041833617972,2.942529242903781,2021
401416625,2022,8,Ohio,Northern Illinois,24.0,17.0,7.0,41.0,2.5,65.5,-2.5,1,1,0,,,0.7407155359130799,63.705959621259446,0.5302522155421195,1.0,3.24071553591308,-1.7940403787405543,2021
401404128,2022,8,Notre Dame,UNLV,44.0,21.0,23.0,65.0,-26.0,46.5,26.0,1,0,1,,,26.4960332804764,48.92191460527502,0.9499898253852684,1.0,0.49603328047640005,2.4219146052750204,2021
401404099,2022,8,Texas Tech,West Virginia,48.0,10.0,38.0,58.0,-5.0,65.5,5.0,1,1,0,,,10.638058145150913,68.9577986043187,0.8140348178030878,1.0,5.638058145150913,3.457798604318697,2021
401426590,2022,8,Louisiana Tech,Rice,41.0,42.0,-1.0,83.0,3.0,57.0,-3.0,0,1,1,130.0,-150.0,-8.603074394024635,62.06292414650735,0.42830466378422954,1.0,-5.603074394024635,5.062924146507349,2021
401415639,2022,8,Tulane,Memphis,38.0,28.0,10.0,66.0,-7.0,55.5,7.0,1,1,1,,,5.3704867000604875,52.25928904433076,0.5834254604046673,1.0,-1.6295132999395125,-3.2407109556692433,2021
401426591,2022,8,UTSA,North Texas,31.0,27.0,4.0,58.0,-10.0,73.0,10.0,1,0,0,,,9.259203515337314,77.34200885589468,0.7031358642800026,1.0,-0.7407964846626864,4.342008855894676,2021
401405117,2022,8,Wisconsin,Purdue,35.0,24.0,11.0,59.0,-1.5,51.5,1.5,1,1,1,,,0.4052397257264315,49.1007088383783,0.7132607951616188,1.0,-1.0947602742735685,-2.399291161621697,2021
401404021,2022,8,Oregon,UCLA,45.0,30.0,15.0,75.0,-7.0,70.5,7.0,1,1,1,,,10.667065997381066,62.25744293918736,0.5272949399103438,1.0,3.6670659973810658,-8.242557060812643,2021
401426356,2022,8,Old Dominion,Georgia Southern,23.0,28.0,-5.0,51.0,-1.5,66.0,1.5,0,0,0,,,-1.2597752010438148,63.93178532022016,0.4708700381755532,1.0,-2.759775201043815,-2.0682146797798424,2021
401405118,2022,8,Maryland,Northwestern,31.0,24.0,7.0,55.0,-14.5,51.0,14.5,1,0,1,,,15.76700138789045,50.49414656948505,0.9179823940585106,1.0,1.2670013878904491,-0.5058534305149465,2021
401404098,2022,8,Oklahoma State,Texas,41.0,34.0,7.0,75.0,6.5,58.5,-6.5,1,1,1,,,-7.176475038485288,52.70780160398814,0.43280005273115585,1.0,-0.6764750384852878,-5.792198396011862,2021
401411145,2022,8,Wake Forest,Boston College,43.0,15.0,28.0,58.0,-20.0,60.0,20.0,1,1,0,,,24.70507489630951,57.459555037108665,0.9714829180627507,1.0,4.705074896309512,-2.5404449628913355,2021
401416627,2022,8,Miami (OH),Western Michigan,10.0,16.0,-6.0,26.0,-7.0,44.0,7.0,0,0,0,-230.0,190.0,5.822448819729331,45.77056970254746,0.7054041785906537,1.0,-1.1775511802706689,1.770569702547462,2021
401404163,2022,8,Liberty,BYU,41.0,14.0,27.0,55.0,7.0,58.0,-7.0,1,1,0,,,-2.0853226816936283,56.817901856856864,0.7002549238981491,1.0,4.914677318306372,-1.1820981431431363,2021
401426588,2022,8,Charlotte,Florida International,15.0,34.0,-19.0,49.0,-13.5,63.5,13.5,0,0,0,,,13.624776193592293,64.49018465519342,0.8243201381024247,1.0,0.12477619359229308,0.990184655193417,2021
401403923,2022,8,LSU,Ole Miss,45.0,20.0,25.0,65.0,0.0,64.0,-0.0,1,1,1,,,5.565307477445369,65.95026276441561,0.8087796124807403,1.0,5.565307477445369,1.950262764415612,2021
401426589,2022,8,UTEP,Florida Atlantic,24.0,21.0,3.0,45.0,3.0,50.5,-3.0,1,1,0,,,0.18125846412962776,52.34234224927222,0.4191300612115847,1.0,3.1812584641296278,1.842342249272221,2021
401403924,2022,8,Missouri,Vanderbilt,17.0,14.0,3.0,31.0,-14.0,49.0,14.0,1,0,0,,,16.371729388733247,47.98905678696272,0.864717263915932,1.0,2.3717293887332467,-1.0109432130372795,2021
401404018,2022,8,Stanford,Arizona State,15.0,14.0,1.0,29.0,-3.0,52.0,3.0,1,0,0,,,14.592495735620053,54.77171918320098,0.89596310897086,1.0,11.592495735620053,2.771719183200979,2021
401415242,2022,8,Colorado State,Hawai'i,17.0,13.0,4.0,30.0,-6.0,46.0,6.0,1,0,0,,,15.37850629640931,52.817616149943774,0.8024541529918059,1.0,9.37850629640931,6.817616149943774,2021
401426357,2022,8,Louisiana,Arkansas State,38.0,18.0,20.0,56.0,-6.5,51.0,6.5,1,1,1,,,7.280898061168507,54.55748367381668,0.6938057815488026,1.0,0.7808980611685072,3.5574836738166766,2021
401426358,2022,8,Texas State,Southern Miss,14.0,20.0,-6.0,34.0,2.5,43.0,-2.5,0,0,0,,,-2.878255968806154,44.37496332017566,0.3276310992121494,1.0,-0.3782559688061542,1.3749633201756595,2021
401415243,2022,8,New Mexico,Fresno State,9.0,41.0,-32.0,50.0,9.5,40.5,-9.5,0,0,1,,,-9.8388745487278,38.42647735423921,0.1476821770311896,1.0,-0.33887454872779976,-2.0735226457607894,2021
401415241,2022,8,Air Force,Boise State,14.0,19.0,-5.0,33.0,-2.5,46.5,2.5,0,0,0,,,8.494625553273107,61.129408540252804,0.802285140866986,1.0,5.9946255532731065,14.629408540252804,2021
401403922,2022,8,Alabama,Mississippi State,30.0,6.0,24.0,36.0,-21.0,61.5,21.0,1,1,0,,,21.335987312263022,52.529554291483585,0.9188290170359514,1.0,0.3359873122630219,-8.970445708516415,2021
401405120,2022,8,Penn State,Minnesota,45.0,17.0,28.0,62.0,-5.5,43.0,5.5,1,1,1,-210.0,175.0,10.258739949976826,32.57459464146742,0.874181759994111,1.0,4.758739949976826,-10.42540535853258,2021
401415642,2022,8,East Carolina,UCF,34.0,13.0,21.0,47.0,5.5,63.5,-5.5,1,1,0,,,-4.46869365571536,65.23539578882395,0.40353843746099427,1.0,1.0313063442846397,1.7353957888239506,2021
401403925,2022,8,South Carolina,Texas A&M,30.0,24.0,6.0,54.0,3.0,44.5,-3.0,1,1,1,,,3.1922537574749965,36.02876505833865,0.6726184263715057,1.0,6.1922537574749965,-8.47123494166135,2021
401404097,2022,8,TCU,Kansas State,38.0,28.0,10.0,66.0,-3.5,54.5,3.5,1,1,1,,,2.3400091263596607,52.96604958004594,0.6612989908424212,1.0,-1.1599908736403393,-1.53395041995406,2021
401411143,2022,8,Louisville,Pittsburgh,24.0,10.0,14.0,34.0,-1.5,55.0,1.5,1,1,0,,,6.331829255207395,64.45929868154113,0.6989597264474814,1.0,4.831829255207395,9.459298681541128,2021
401404020,2022,8,Oregon State,Colorado,42.0,9.0,33.0,51.0,-23.0,47.5,23.0,1,1,1,,,24.766367982219233,51.65393819046835,0.9489153899907469,1.0,1.7663679822192329,4.153938190468352,2021
401415244,2022,8,Wyoming,Utah State,28.0,14.0,14.0,42.0,-5.5,44.5,5.5,1,1,0,,,8.289087697156248,46.517409395922286,0.38458210503051526,1.0,2.7890876971562477,2.017409395922286,2021
401404019,2022,8,California,Washington,21.0,28.0,-7.0,49.0,7.5,54.5,-7.5,0,1,0,,,-8.813364811285856,51.496776524059534,0.3090603550372718,1.0,-1.3133648112858562,-3.003223475940466,2021
401415245,2022,8,Nevada,San Diego State,7.0,23.0,-16.0,30.0,7.5,36.0,-7.5,0,0,0,,,-6.589767536302824,32.53124823507072,0.37761622995533667,1.0,0.9102324636971764,-3.46875176492928,2021
401426359,2022,9,Southern Miss,Louisiana,39.0,24.0,15.0,63.0,2.5,43.0,-2.5,1,1,1,,,-2.653845540524495,46.20831823604106,0.4515732724999263,1.0,-0.15384554052449495,3.208318236041059,2021
401411146,2022,9,NC State,Virginia Tech,22.0,21.0,1.0,43.0,-13.5,39.0,13.5,1,0,1,,,16.040539850025993,38.68007283977516,0.9067027225161848,1.0,2.5405398500259935,-0.319927160224843,2021
401404026,2022,9,Washington State,Utah,17.0,21.0,-4.0,38.0,7.0,56.5,-7.0,0,1,0,,,-8.541774720242238,59.89785971451835,0.21906129901887955,1.0,-1.5417747202422376,3.397859714518347,2021
401415645,2022,9,BYU,East Carolina,24.0,27.0,-3.0,51.0,-3.5,64.0,3.5,0,0,0,,,-4.478702256100894,67.07680583997795,0.4443898048177207,1.0,-7.978702256100894,3.0768058399779505,2021
401426594,2022,9,Florida International,Louisiana Tech,42.0,34.0,8.0,76.0,6.5,57.0,-6.5,1,1,1,,,-6.8770333874888125,61.39688888490685,0.3361259757368149,1.0,-0.37703338748881254,4.396888884906851,2021
401404154,2022,9,UConn,Boston College,13.0,3.0,10.0,16.0,8.0,44.0,-8.0,1,1,0,,,-10.30078114589903,48.0835744422146,0.2268287505226698,1.0,-2.3007811458990304,4.083574442214598,2021
401411147,2022,9,Florida State,Georgia Tech,41.0,16.0,25.0,57.0,-23.5,48.0,23.5,1,1,1,,,23.23189661951244,51.84993758310084,0.9469009528330959,1.0,-0.26810338048755966,3.8499375831008393,2021
401416630,2022,9,Eastern Michigan,Toledo,24.0,27.0,-3.0,51.0,4.0,54.0,-4.0,0,1,0,,,-7.232288522312491,54.8637680957135,0.3471550263404427,1.0,-3.2322885223124906,0.8637680957135032,2021
401403927,2022,9,Auburn,Arkansas,27.0,41.0,-14.0,68.0,4.0,60.0,-4.0,0,0,1,,,-2.7369625506511737,58.644840134000226,0.6049694729186391,1.0,1.2630374493488263,-1.3551598659997737,2021
401404100,2022,9,Iowa State,Oklahoma,13.0,27.0,-14.0,40.0,1.5,58.0,-1.5,0,0,0,,,1.7724232998808995,61.150832688439024,0.7232019215553291,1.0,3.2724232998808995,3.1508326884390243,2021
401404103,2022,9,West Virginia,TCU,31.0,41.0,-10.0,72.0,7.0,69.5,-7.0,0,0,1,,,-12.854436531964827,73.2775724799418,0.2734965362323479,1.0,-5.8544365319648275,3.777572479941796,2021
401404129,2022,9,Syracuse,Notre Dame,24.0,41.0,-17.0,65.0,1.0,48.0,-1.0,0,0,1,,,-2.3602135112350306,50.10341079933182,0.366729989797313,1.0,-1.3602135112350306,2.1034107993318187,2021
401416631,2022,9,Akron,Miami (OH),9.0,27.0,-18.0,36.0,9.0,51.5,-9.0,0,0,0,,,-8.104455893457754,49.70693739083609,0.1425607915191791,1.0,0.8955441065422463,-1.7930626091639112,2021
401405126,2022,9,Penn State,Ohio State,31.0,44.0,-13.0,75.0,15.5,60.5,-15.5,0,1,1,,,-16.484404401481555,58.46306622526145,0.280678048587017,1.0,-0.9844044014815552,-2.03693377473855,2021
401415643,2022,9,Houston,South Florida,42.0,27.0,15.0,69.0,-17.5,59.0,17.5,1,0,1,,,20.54916538971696,58.509337052323275,0.9315686186681247,1.0,3.0491653897169613,-0.490662947676725,2021
401411150,2022,9,Virginia,Miami,12.0,14.0,-2.0,26.0,3.0,48.5,-3.0,0,1,0,,,-2.6563621388329755,45.65751649478585,0.30935651955676835,1.0,0.34363786116702455,-2.8424835052141475,2021
401426593,2022,9,Rice,Charlotte,23.0,56.0,-33.0,79.0,-15.5,61.0,15.5,0,0,1,,,11.702743149486938,61.71150607263265,0.6242167792124369,1.0,-3.7972568505130617,0.7115060726326519,2021
401405123,2022,9,Minnesota,Rutgers,31.0,0.0,31.0,31.0,-14.0,40.5,14.0,1,1,0,,,12.050800284249512,41.44907174952152,0.8336522435243701,1.0,-1.9491997157504883,0.9490717495215222,2021
401426361,2022,9,Georgia State,Old Dominion,31.0,17.0,14.0,48.0,-3.5,54.0,3.5,1,1,0,,,5.641636870260843,56.01803949509138,0.6290575843584947,1.0,2.141636870260843,2.0180394950913794,2021
401405122,2022,9,Iowa,Northwestern,33.0,13.0,20.0,46.0,-11.5,37.5,11.5,1,1,1,,,6.28665745663479,39.531129588783585,0.760145728017722,1.0,-5.21334254336521,2.0311295887835854,2021
401409242,2022,9,Massachusetts,New Mexico State,13.0,23.0,-10.0,36.0,1.0,39.0,-1.0,0,0,0,,,3.520460801637432,48.84317055633001,0.584377672463206,1.0,4.520460801637432,9.843170556330008,2021
401405124,2022,9,Nebraska,Illinois,9.0,26.0,-17.0,35.0,7.5,50.5,-7.5,0,0,0,,,-7.0156826437192805,50.31330370913844,0.5217299573459695,1.0,0.4843173562807195,-0.18669629086156192,2021
401426597,2022,9,Western Kentucky,North Texas,13.0,40.0,-27.0,53.0,-10.0,70.0,10.0,0,0,0,,,8.330108838418205,74.49975528357025,0.7100989054416269,1.0,-1.6698911615817948,4.499755283570252,2021
401415644,2022,9,UCF,Cincinnati,25.0,21.0,4.0,46.0,-1.5,55.5,1.5,1,1,0,,,5.814641402778513,53.82482012721312,0.8123232046763549,1.0,4.314641402778513,-1.6751798727868774,2021
401404024,2022,9,California,Oregon,24.0,42.0,-18.0,66.0,16.5,56.5,-16.5,0,0,1,,,-5.716568658200098,57.398993244779795,0.5193189881180648,1.0,10.783431341799902,0.8989932447797955,2021
401403928,2022,9,Georgia,Florida,42.0,20.0,22.0,62.0,-23.0,56.5,23.0,1,0,1,,,29.15370053787035,59.6403019150063,0.9685651086620138,1.0,6.15370053787035,3.1403019150062974,2021
401415646,2022,9,Navy,Temple,27.0,20.0,7.0,47.0,-14.5,41.5,14.5,1,0,1,,,22.329268096477197,46.87203394352444,0.9256610374294562,1.0,7.829268096477197,5.372033943524443,2021
401415647,2022,9,Tulsa,SMU,34.0,45.0,-11.0,79.0,1.0,63.5,-1.0,0,0,1,,,-4.061476486036405,69.85162535365245,0.5186958582286654,1.0,-3.0614764860364048,6.351625353652452,2021
401411148,2022,9,Louisville,Wake Forest,48.0,21.0,27.0,69.0,3.0,66.0,-3.0,1,1,1,,,-1.964064226320291,73.19491228772802,0.6470586916752843,1.0,1.035935773679709,7.194912287728016,2021
401404102,2022,9,Kansas State,Oklahoma State,48.0,0.0,48.0,48.0,-2.5,57.5,2.5,1,1,0,,,7.133271756973919,58.381035420269555,0.6961834946058174,1.0,4.633271756973919,0.881035420269555,2021
401426363,2022,9,Arkansas State,South Alabama,3.0,31.0,-28.0,34.0,9.0,52.0,-9.0,0,0,0,,,-13.421884647211233,53.2995755644793,0.1745449776976182,1.0,-4.4218846472112325,1.299575564479298,2021
401403929,2022,9,South Carolina,Missouri,10.0,23.0,-13.0,33.0,-3.5,45.5,3.5,0,0,0,,,-1.9349693307935025,46.99450344202022,0.6109878527168174,1.0,-5.4349693307935025,1.4945034420202177,2021
401403930,2022,9,Tennessee,Kentucky,44.0,6.0,38.0,50.0,-10.5,62.5,10.5,1,1,0,,,14.155424572398893,59.465578187374845,0.9347184721051585,1.0,3.6554245723988927,-3.0344218126251548,2021
401426362,2022,9,Marshall,Coastal Carolina,13.0,24.0,-11.0,37.0,-2.5,54.0,2.5,0,0,0,,,4.328040474608675,52.18515646362395,0.6539979016585264,1.0,1.8280404746086747,-1.8148435363760527,2021
401426595,2022,9,Florida Atlantic,UAB,24.0,17.0,7.0,41.0,4.5,45.0,-4.5,1,1,0,,,-7.985448672938008,49.43344596507182,0.31639888084345513,1.0,-3.4854486729380083,4.433445965071819,2021
401415246,2022,9,Boise State,Colorado State,49.0,10.0,39.0,59.0,-25.0,42.5,25.0,1,1,1,,,23.682301335256838,42.283442070545036,0.962415043668986,1.0,-1.3176986647431619,-0.21655792945496444,2021
401404022,2022,9,Arizona,USC,37.0,45.0,-8.0,82.0,14.0,74.0,-14.0,0,1,1,,,-9.276645499650133,66.64649329010481,0.30845734285758275,1.0,4.723354500349867,-7.353506709895186,2021
401404023,2022,9,Colorado,Arizona State,34.0,42.0,-8.0,76.0,13.0,48.5,-13.0,0,1,1,,,-6.826797562846309,48.59082411046696,0.3617223214752091,1.0,6.173202437153691,0.09082411046696137,2021
401403931,2022,9,Texas A&M,Ole Miss,28.0,31.0,-3.0,59.0,3.0,55.5,-3.0,0,0,1,,,-1.3152951960830892,55.97148433180464,0.5744189289657985,1.0,1.6847048039169108,0.4714843318046391,2021
401404101,2022,9,Texas Tech,Baylor,17.0,45.0,-28.0,62.0,-1.5,61.0,1.5,0,0,1,,,9.627366824447467,59.69418717775753,0.725428083216353,1.0,8.127366824447467,-1.3058128222424727,2021
401405125,2022,9,Michigan,Michigan State,29.0,7.0,22.0,36.0,-22.5,55.0,22.5,1,0,0,,,17.763135633547424,52.47348879327831,0.9630073512237962,1.0,-4.736864366452576,-2.5265112067216933,2021
401411149,2022,9,North Carolina,Pittsburgh,42.0,24.0,18.0,66.0,-2.5,65.5,2.5,1,1,1,,,2.251169798962759,71.65541871809032,0.5540062571595472,1.0,-0.24883020103724096,6.155418718090317,2021
401426596,2022,9,UTEP,Middle Tennessee,13.0,24.0,-11.0,37.0,-2.5,52.0,2.5,0,0,0,,,4.828123521675806,53.74524310074751,0.5724541925152794,1.0,2.3281235216758063,1.7452431007475084,2021
401404025,2022,9,UCLA,Stanford,38.0,13.0,25.0,51.0,-16.5,64.5,16.5,1,1,0,,,16.263396327079334,67.53409237021582,0.831849315708502,1.0,-0.23660367292066553,3.0340923702158165,2021
401415249,2022,9,San José State,Nevada,35.0,28.0,7.0,63.0,-24.5,44.5,24.5,1,0,1,,,23.131176436152835,49.95919642867721,0.7641751382242408,1.0,-1.3688235638471653,5.45919642867721,2021
401415248,2022,9,Fresno State,San Diego State,32.0,28.0,4.0,60.0,-10.5,44.5,10.5,1,0,1,,,7.0690933592171845,37.04874244767087,0.6534660914606024,1.0,-3.4309066407828155,-7.451257552329132,2021
401415247,2022,9,Hawai'i,Wyoming,20.0,27.0,-7.0,47.0,11.5,50.5,-11.5,0,1,0,,,-12.999292037577717,55.431238525328645,0.28569145403944324,1.0,-1.4992920375777175,4.931238525328645,2021
401416632,2022,10,Kent State,Ball State,20.0,27.0,-7.0,47.0,-7.0,61.5,7.0,0,0,0,,,11.689879890436305,59.019177081026335,0.5909109817503675,1.0,4.6898798904363055,-2.480822918973665,2021
401416633,2022,10,Ohio,Buffalo,45.0,24.0,21.0,69.0,2.5,61.0,-2.5,1,1,1,,,2.071390843335683,58.04731167305298,0.6501900433128427,1.0,4.571390843335683,-2.952688326947019,2021
401416635,2022,10,Bowling Green,Western Michigan,13.0,9.0,4.0,22.0,-5.0,48.0,5.0,1,0,0,,,3.615477782592022,47.6098781847445,0.640063734109745,1.0,-1.3845222174079779,-0.3901218152554975,2021
401416634,2022,10,Northern Illinois,Central Michigan,22.0,35.0,-13.0,57.0,-4.5,53.5,4.5,0,0,1,,,3.2188575768090257,54.12215031154867,0.6173536938199318,1.0,-1.2811424231909743,0.6221503115486726,2021
401426601,2022,10,Rice,UTEP,37.0,30.0,7.0,67.0,-3.5,47.0,3.5,1,1,1,,,4.741287724770028,51.39360927846818,0.5251048363002951,1.0,1.2412877247700278,4.393609278468183,2021
401426364,2022,10,Coastal Carolina,App State,35.0,28.0,7.0,63.0,3.0,65.5,-3.0,1,1,0,,,-4.887099740620796,72.51895667768305,0.5030252987382369,1.0,-1.8870997406207959,7.01895667768305,2021
401404155,2022,10,UConn,Massachusetts,27.0,10.0,17.0,37.0,-15.0,40.0,15.0,1,1,0,,,22.706728161941488,44.56593143001871,0.7915157041357179,1.0,7.706728161941488,4.565931430018708,2021
401411151,2022,10,Boston College,Duke,31.0,38.0,-7.0,69.0,11.5,47.5,-11.5,0,1,1,,,-10.354665539942483,47.4536922541342,0.5816585024284607,1.0,1.1453344600575175,-0.04630774586580344,2021
401404031,2022,10,Washington,Oregon State,24.0,21.0,3.0,45.0,-4.5,53.5,4.5,1,0,0,,,7.963902723510944,51.16491844581763,0.8155435999767988,1.0,3.4639027235109436,-2.3350815541823735,2021
401404141,2022,10,Army,Air Force,7.0,13.0,-6.0,20.0,7.0,40.5,-7.0,0,1,0,,,-3.8828908915210802,36.63416674324879,0.5184520631410667,1.0,3.1171091084789198,-3.865833256751209,2021
401415649,2022,10,Tulsa,Tulane,13.0,27.0,-14.0,40.0,6.5,56.0,-6.5,0,0,0,,,-9.662286847973581,59.30480467287435,0.3753373239135375,1.0,-3.162286847973581,3.304804672874347,2021
401411156,2022,10,Virginia,North Carolina,28.0,31.0,-3.0,59.0,7.5,61.5,-7.5,0,1,0,,,-9.809722725132833,61.30924668623717,0.2948723567022899,1.0,-2.3097227251328327,-0.19075331376283344,2021
401405129,2022,10,Northwestern,Ohio State,7.0,21.0,-14.0,28.0,37.5,55.5,-37.5,0,1,0,,,-27.82456884937835,61.9949793179832,0.10134139050104539,1.0,9.675431150621652,6.494979317983201,2021
401405128,2022,10,Nebraska,Minnesota,13.0,20.0,-7.0,33.0,14.5,44.5,-14.5,0,1,0,,,-12.684974149315826,40.57557300939817,0.5328453399636834,1.0,1.815025850684174,-3.9244269906018303,2021
401426598,2022,10,Charlotte,Western Kentucky,7.0,59.0,-52.0,66.0,14.5,72.5,-14.5,0,0,0,,,-9.464185797851874,76.71173848875563,0.32908679254428025,1.0,5.035814202148126,4.211738488755628,2021
401404108,2022,10,TCU,Texas Tech,34.0,24.0,10.0,58.0,-8.5,69.0,8.5,1,1,0,,,8.330424929112851,73.30007176552583,0.8689138934144625,1.0,-0.16957507088714863,4.3000717655258285,2021
401403936,2022,10,Missouri,Kentucky,17.0,21.0,-4.0,38.0,-1.0,40.0,1.0,0,0,0,,,4.4394871867421895,43.85370367094251,0.6253895045622091,1.0,3.4394871867421895,3.853703670942508,2021
401403937,2022,10,Texas A&M,Florida,24.0,41.0,-17.0,65.0,-1.5,53.5,1.5,0,0,1,,,-2.476115037268128,54.25002178032328,0.6607192543765184,1.0,-3.976115037268128,0.75002178032328,2021
401405131,2022,10,Wisconsin,Maryland,23.0,10.0,13.0,33.0,-5.0,47.5,5.0,1,1,0,,,-0.2526395005732329,40.31223316504429,0.6404482164832463,1.0,-5.252639500573233,-7.18776683495571,2021
401405130,2022,10,Purdue,Iowa,3.0,24.0,-21.0,27.0,-3.5,39.5,3.5,0,0,0,,,1.3534926458104435,40.47641797514362,0.3886595712014608,1.0,-2.1465073541895565,0.9764179751436188,2021
401411157,2022,10,Virginia Tech,Georgia Tech,27.0,28.0,-1.0,55.0,-4.0,40.5,4.0,0,0,1,,,3.9745637197030526,44.60333266125405,0.5285227107645071,1.0,-0.025436280296947444,4.103332661254051,2021
401415648,2022,10,Temple,South Florida,54.0,28.0,26.0,82.0,3.5,49.0,-3.5,1,1,1,,,-3.1478300269958495,49.048132694630056,0.5250981864267399,1.0,0.35216997300415054,0.04813269463005554,2021
401426366,2022,10,Old Dominion,Marshall,0.0,12.0,-12.0,12.0,3.5,46.5,-3.5,0,0,0,,,1.8796864109713605,49.74949334253509,0.5942351030438596,1.0,5.3796864109713605,3.2494933425350894,2021
401404104,2022,10,Oklahoma,Baylor,35.0,38.0,-3.0,73.0,-3.0,61.5,3.0,0,0,1,,,2.147159756089882,74.13309462145769,0.5383255028323413,1.0,-0.8528402439101179,12.633094621457687,2021
401426600,2022,10,Louisiana Tech,Middle Tennessee,40.0,24.0,16.0,64.0,2.5,63.5,-2.5,1,1,1,,,-3.042283103487895,66.56228609260526,0.48109117790046824,1.0,-0.542283103487895,3.0622860926052624,2021
401426369,2022,10,Southern Miss,Georgia State,14.0,42.0,-28.0,56.0,-2.0,48.0,2.0,0,0,1,,,6.331065745641648,51.47827211205968,0.7336665135488979,1.0,4.331065745641648,3.4782721120596776,2021
401404032,2022,10,Stanford,Washington State,14.0,52.0,-38.0,66.0,3.0,48.5,-3.0,0,0,1,,,2.6542483095446325,57.43524876186352,0.7572256099973216,1.0,5.6542483095446325,8.93524876186352,2021
401415651,2022,10,Memphis,UCF,28.0,35.0,-7.0,63.0,3.0,60.5,-3.0,0,0,1,,,-6.791304122947422,65.06616496692419,0.40174384730219576,1.0,-3.7913041229474223,4.566164966924191,2021
401404030,2022,10,Colorado,Oregon,10.0,49.0,-39.0,59.0,31.0,62.5,-31.0,0,0,0,,,-30.009494437676853,60.91723642444979,0.12599435190520752,1.0,0.9905055623231469,-1.58276357555021,2021
401403933,2022,10,Georgia,Tennessee,27.0,13.0,14.0,40.0,-10.0,65.5,10.0,1,1,0,,,14.97400150792167,68.94188933447792,0.8730478350321276,1.0,4.97400150792167,3.4418893344779207,2021
401404105,2022,10,Iowa State,West Virginia,31.0,14.0,17.0,45.0,-6.5,49.5,6.5,1,1,0,,,11.232963421727998,52.93802054763667,0.7944889718055715,1.0,4.732963421727998,3.4380205476366683,2021
401405132,2022,10,Indiana,Penn State,14.0,45.0,-31.0,59.0,13.5,50.0,-13.5,0,0,1,,,-12.093447862035884,53.304545233639686,0.09099295427372076,1.0,1.4065521379641162,3.3045452336396863,2021
401405127,2022,10,Illinois,Michigan State,15.0,23.0,-8.0,38.0,-16.0,41.0,16.0,0,0,0,,,25.3985444929925,46.093786423725824,0.8829703160179545,1.0,9.3985444929925,5.093786423725824,2021
401411155,2022,10,Pittsburgh,Syracuse,19.0,9.0,10.0,28.0,-3.5,47.5,3.5,1,1,0,,,-2.1774651514123438,46.53664529773987,0.4252268772370088,1.0,-5.677465151412344,-0.9633547022601334,2021
401415252,2022,10,Utah State,New Mexico,27.0,10.0,17.0,37.0,-14.5,42.5,14.5,1,1,0,,,16.40837048429801,44.45857891336959,0.7542368650351904,1.0,1.9083704842980111,1.9585789133695926,2021
401426602,2022,10,UAB,UTSA,38.0,44.0,-6.0,82.0,2.5,53.5,-2.5,0,0,1,,,-1.8446712222552137,53.62079844614829,0.7651752998480024,1.0,0.6553287777447863,0.12079844614829227,2021
401404106,2022,10,Kansas,Oklahoma State,37.0,16.0,21.0,53.0,-3.0,60.5,3.0,1,1,0,,,2.028688448576411,61.91393604170829,0.5029451807929399,1.0,-0.971311551423589,1.4139360417082898,2021
401403932,2022,10,Arkansas,Liberty,19.0,21.0,-2.0,40.0,-14.5,61.5,14.5,0,0,0,,,24.127598887961494,59.96184940758846,0.9479489059365622,1.0,9.627598887961494,-1.5381505924115402,2021
401415650,2022,10,Cincinnati,Navy,20.0,10.0,10.0,30.0,-18.5,43.5,18.5,1,0,0,,,18.618210881214836,47.365606958627,0.8914828995503002,1.0,0.1182108812148357,3.865606958626998,2021
401426599,2022,10,North Texas,Florida International,52.0,14.0,38.0,66.0,-21.5,63.0,21.5,1,1,1,,,23.864433200849838,60.77340608268483,0.9732432637802282,1.0,2.364433200849838,-2.2265939173151708,2021
401426365,2022,10,Georgia Southern,South Alabama,31.0,38.0,-7.0,69.0,3.5,60.5,-3.5,0,0,1,,,-0.2606893422058416,68.06035269032554,0.6063009495651597,1.0,3.2393106577941584,7.560352690325544,2021
401426367,2022,10,Louisiana,Troy,17.0,23.0,-6.0,40.0,3.5,42.5,-3.5,0,0,0,,,-4.663786943456392,44.67911312506482,0.4520148328894199,1.0,-1.163786943456392,2.1791131250648235,2021
401426368,2022,10,UL Monroe,Texas State,31.0,30.0,1.0,61.0,-2.5,52.5,2.5,1,0,1,,,2.783667633488718,54.912799967158584,0.4681604384852782,1.0,0.2836676334887178,2.412799967158584,2021
401415250,2022,10,Boise State,BYU,28.0,31.0,-3.0,59.0,-9.5,54.5,9.5,0,0,1,,,10.579507402899011,44.81627732803659,0.8512046094903737,1.0,1.0795074028990115,-9.683722671963409,2021
401404107,2022,10,Kansas State,Texas,27.0,34.0,-7.0,61.0,3.0,54.5,-3.0,0,0,1,,,5.907934074996204,58.72629809691244,0.578547134951044,1.0,8.907934074996204,4.226298096912437,2021
401415652,2022,10,SMU,Houston,77.0,63.0,14.0,140.0,-3.5,66.0,3.5,1,1,1,,,8.78203518733572,68.11598039177215,0.5710597923428676,1.0,5.282035187335721,2.1159803917721547,2021
401403934,2022,10,LSU,Alabama,32.0,31.0,1.0,63.0,13.5,56.5,-13.5,1,1,1,,,-15.769866873280243,53.03614785685351,0.24428376387735481,1.0,-2.269866873280243,-3.4638521431464895,2021
401415254,2022,10,San Diego State,UNLV,14.0,10.0,4.0,24.0,-5.0,47.0,5.0,1,0,0,,,3.154005913012921,50.20993392041925,0.6177807659465173,1.0,-1.845994086987079,3.209933920419253,2021
401403935,2022,10,Mississippi State,Auburn,39.0,33.0,6.0,72.0,-12.5,50.5,12.5,1,0,1,,,25.428833799554027,42.20323107161638,0.9398485870153854,1.0,12.928833799554027,-8.29676892838362,2021
401405133,2022,10,Rutgers,Michigan,17.0,52.0,-35.0,69.0,26.5,45.0,-26.5,0,0,1,,,-31.163006511421127,48.98810402559025,0.07502415762340661,1.0,-4.663006511421127,3.9881040255902533,2021
401411153,2022,10,Miami,Florida State,3.0,45.0,-42.0,48.0,6.5,54.0,-6.5,0,0,0,,,-13.56182168654798,57.08465590098509,0.38126684391319604,1.0,-7.0618216865479795,3.0846559009850907,2021
401404130,2022,10,Notre Dame,Clemson,35.0,14.0,21.0,49.0,3.5,43.5,-3.5,1,1,1,,,-8.939829873469535,45.80754027884694,0.4388280437041565,1.0,-5.4398298734695345,2.3075402788469432,2021
401404027,2022,10,Utah,Arizona,45.0,20.0,25.0,65.0,-17.5,67.5,17.5,1,1,0,,,18.905676685257493,68.07755204818191,0.9028462895819445,1.0,1.4056766852574931,0.5775520481819143,2021
401403938,2022,10,Vanderbilt,South Carolina,27.0,38.0,-11.0,65.0,6.5,49.0,-6.5,0,0,1,,,-5.268288155492014,51.21046267763405,0.37625378890227573,1.0,1.231711844507986,2.210462677634048,2021
401411154,2022,10,NC State,Wake Forest,30.0,21.0,9.0,51.0,3.0,54.0,-3.0,1,1,0,,,-8.00286231920548,58.69359357937095,0.44481588653368986,1.0,-5.00286231920548,4.693593579370948,2021
401415253,2022,10,Fresno State,Hawai'i,55.0,13.0,42.0,68.0,-27.5,62.0,27.5,1,1,1,,,30.41375451405296,67.4172781194451,0.9403944388880237,1.0,2.913754514052961,5.4172781194451005,2021
401404029,2022,10,USC,California,41.0,35.0,6.0,76.0,-21.0,61.0,21.0,1,0,1,,,16.37401874658712,57.783142830725936,0.8285853584272902,1.0,-4.625981253412881,-3.216857169274064,2021
401415251,2022,10,San José State,Colorado State,28.0,16.0,12.0,44.0,-24.0,44.5,24.0,1,0,0,,,24.275933917108805,45.52073122071816,0.8954617952897512,1.0,0.2759339171088051,1.0207312207181616,2021
401404028,2022,10,Arizona State,UCLA,36.0,50.0,-14.0,86.0,11.0,67.0,-11.0,0,0,1,,,-8.167226653845216,65.39917168265225,0.30038938637886975,1.0,2.8327733461547844,-1.600828317347748,2021
401416637,2022,11,Akron,Eastern Michigan,28.0,34.0,-6.0,62.0,6.5,57.5,-6.5,0,1,1,,,-6.978062227344392,58.74457437603636,0.2574118995905672,1.0,-0.47806222734439174,1.2445743760363612,2021
401416638,2022,11,Miami (OH),Ohio,21.0,37.0,-16.0,58.0,2.5,52.0,-2.5,0,0,1,,,-0.8144318350010096,51.86288680593188,0.5533448448840256,1.0,1.6855681649989904,-0.13711319406812095,2021
401416636,2022,11,Toledo,Ball State,28.0,21.0,7.0,49.0,-13.5,53.5,13.5,1,0,0,,,13.718421980907785,54.519522034212514,0.7792478211163338,1.0,0.21842198090778453,1.019522034212514,2021
401416640,2022,11,Central Michigan,Buffalo,31.0,27.0,4.0,58.0,-2.5,54.0,2.5,1,1,1,,,2.9748111146952465,55.73147982741653,0.7032133107973646,1.0,0.4748111146952465,1.7314798274165284,2021
401416639,2022,11,Western Michigan,Northern Illinois,21.0,24.0,-3.0,45.0,1.0,49.0,-1.0,0,0,0,,,-5.183197572944838,48.59568536989635,0.29265361006371043,1.0,-4.183197572944838,-0.40431463010364865,2021
401416641,2022,11,Bowling Green,Kent State,6.0,40.0,-34.0,46.0,2.5,55.5,-2.5,0,0,0,,,-4.285810945731499,57.086583330646015,0.6675729894471435,1.0,-1.785810945731499,1.5865833306460146,2021
401426370,2022,11,Louisiana,Georgia Southern,36.0,17.0,19.0,53.0,-3.5,63.0,3.5,1,1,0,,,-2.5875341906379354,64.29055603604725,0.5725297491829734,1.0,-6.087534190637935,1.2905560360472492,2021
401415653,2022,11,Memphis,Tulsa,26.0,10.0,16.0,36.0,-6.5,62.5,6.5,1,1,0,,,8.489711133064667,63.456979235224715,0.7647100919675012,1.0,1.9897111330646666,0.9569792352247148,2021
401415654,2022,11,Cincinnati,East Carolina,27.0,25.0,2.0,52.0,-4.5,51.5,4.5,1,0,1,,,8.067423193142616,51.813698971007874,0.7065436430197174,1.0,3.5674231931426164,0.3136989710078737,2021
401404033,2022,11,USC,Colorado,55.0,17.0,38.0,72.0,-34.5,66.0,34.5,1,1,1,,,38.16097928294115,67.68903581966879,0.9754963144414683,1.0,3.660979282941149,1.6890358196687885,2021
401415259,2022,11,UNLV,Fresno State,30.0,37.0,-7.0,67.0,8.5,62.0,-8.5,0,1,1,,,-5.988198285143404,64.81636329028163,0.278447175244449,1.0,2.5118017148565963,2.816363290281629,2021
401411163,2022,11,Virginia,Pittsburgh,7.0,37.0,-30.0,44.0,5.5,41.5,-5.5,0,0,1,,,-4.811279384293784,40.920756857722964,0.43085936848404954,1.0,0.6887206157062158,-0.5792431422770363,2021
401405139,2022,11,Ohio State,Indiana,56.0,14.0,42.0,70.0,-40.5,62.0,40.5,1,1,1,,,39.99957581112,68.46070910826553,0.9725087701235513,1.0,-0.5004241888799967,6.460709108265533,2021
401405138,2022,11,Michigan State,Rutgers,27.0,21.0,6.0,48.0,-10.0,41.0,10.0,1,0,1,,,10.300270856062628,41.295637350320185,0.7336965797471175,1.0,0.30027085606262816,0.29563735032018457,2021
401404131,2022,11,Navy,Notre Dame,32.0,35.0,-3.0,67.0,17.0,40.5,-17.0,0,1,1,,,-10.04995160232841,47.246264566384454,0.15255448198718083,1.0,6.9500483976715905,6.746264566384454,2021
401403939,2022,11,Arkansas,LSU,10.0,13.0,-3.0,23.0,3.5,59.0,-3.5,0,1,0,,,7.447542224381063,57.110225228732276,0.7420734725853165,1.0,10.947542224381063,-1.8897747712677244,2021
401411159,2022,11,Duke,Virginia Tech,24.0,7.0,17.0,31.0,-10.0,49.5,10.0,1,1,0,,,8.9733901130801,48.623880694426866,0.7434340764187735,1.0,-1.0266098869198998,-0.876119305573134,2021
401403942,2022,11,Kentucky,Vanderbilt,21.0,24.0,-3.0,45.0,-17.0,45.5,17.0,0,0,0,,,18.144125500108622,43.747445123608635,0.9153934944254927,1.0,1.144125500108622,-1.7525548763913648,2021
401403945,2022,11,Tennessee,Missouri,66.0,24.0,42.0,90.0,-19.5,57.5,19.5,1,1,1,,,18.73058425675762,59.05739737243799,0.9601370022833648,1.0,-0.76941574324238,1.5573973724379897,2021
401404156,2022,11,UConn,Liberty,36.0,33.0,3.0,69.0,13.5,45.0,-13.5,1,1,1,,,-8.158993443688411,44.56520635297006,0.3405362564986838,1.0,5.341006556311589,-0.4347936470299416,2021
401405134,2022,11,Illinois,Purdue,24.0,31.0,-7.0,55.0,-6.0,44.0,6.0,0,0,1,-260.0,215.0,14.351520484026743,43.91822358969481,0.8808013778463946,1.0,8.351520484026743,-0.08177641030518856,2021
401415656,2022,11,South Florida,SMU,23.0,41.0,-18.0,64.0,17.5,72.5,-17.5,0,0,0,,,-18.764605319632302,67.92706485251303,0.14151400128338357,1.0,-1.2646053196323024,-4.572935147486973,2021
401404112,2022,11,West Virginia,Oklahoma,23.0,20.0,3.0,43.0,8.5,68.5,-8.5,1,1,0,,,-7.681204324796781,71.06426725704567,0.44160849317019096,1.0,0.8187956752032193,2.564267257045671,2021
401426372,2022,11,Georgia State,UL Monroe,28.0,31.0,-3.0,59.0,-13.5,59.5,13.5,0,0,0,,,13.618330293708658,60.73836389528426,0.9323073454033438,1.0,0.11833029370865766,1.2383638952842588,2021
401426607,2022,11,Western Kentucky,Rice,45.0,10.0,35.0,55.0,-13.5,61.0,13.5,1,1,0,,,10.728525461892152,61.13721201351913,0.7947630510645715,1.0,-2.7714745381078476,0.13721201351913237,2021
401415655,2022,11,Houston,Temple,43.0,36.0,7.0,79.0,-20.0,56.0,20.0,1,0,1,,,18.62943903500714,54.650755219795194,0.9528189753493308,1.0,-1.3705609649928583,-1.3492447802048062,2021
401414784,2022,11,Arkansas State,Massachusetts,35.0,33.0,2.0,68.0,-17.5,49.5,17.5,1,0,1,,,23.984874855223133,57.43220797021748,0.8232682258779473,1.0,6.484874855223133,7.932207970217483,2021
401403943,2022,11,Ole Miss,Alabama,24.0,30.0,-6.0,54.0,11.0,65.5,-11.0,0,1,0,,,-7.7490021634876065,67.84543654687944,0.25889475707261694,1.0,3.2509978365123935,2.3454365468794407,2021
401411158,2022,11,Clemson,Louisville,31.0,16.0,15.0,47.0,-7.0,52.0,7.0,1,1,0,,,5.7975475079237535,54.83570286872766,0.6091546401147236,1.0,-1.2024524920762465,2.835702868727658,2021
401405137,2022,11,Michigan,Nebraska,34.0,3.0,31.0,37.0,-30.5,49.5,30.5,1,1,0,,,34.8984383768591,48.93634998228935,0.9873082755343501,1.0,4.398438376859097,-0.5636500177106498,2021
401405135,2022,11,Iowa,Wisconsin,24.0,10.0,14.0,34.0,1.5,35.5,-1.5,1,1,0,,,-0.5817702223976926,36.07722443010556,0.6418430991861149,1.0,0.9182297776023074,0.5772244301055593,2021
401405136,2022,11,Minnesota,Northwestern,31.0,3.0,28.0,34.0,-17.0,41.0,17.0,1,1,0,,,12.956074255118441,40.38336051733282,0.8911904052639362,1.0,-4.043925744881559,-0.6166394826671819,2021
401404110,2022,11,Oklahoma State,Iowa State,20.0,14.0,6.0,34.0,2.5,47.5,-2.5,1,1,0,,,4.115809742301004,43.44877569249423,0.6763123495296713,1.0,6.615809742301004,-4.05122430750577,2021
401404035,2022,11,Washington State,Arizona State,28.0,18.0,10.0,46.0,-9.5,59.5,9.5,1,1,0,,,18.45996110999554,62.91662222090925,0.777582612498388,1.0,8.95996110999554,3.4166222209092467,2021
401411161,2022,11,NC State,Boston College,20.0,21.0,-1.0,41.0,-18.0,41.0,18.0,0,0,0,,,18.304690050545183,45.3220715846342,0.9486255295632978,1.0,0.30469005054518306,4.322071584634202,2021
401415657,2022,11,Tulane,UCF,31.0,38.0,-7.0,69.0,-1.0,54.5,1.0,0,0,1,,,6.683787244049435,61.01843861296891,0.7018609644228309,1.0,5.683787244049435,6.518438612968907,2021
401426606,2022,11,UAB,North Texas,41.0,21.0,20.0,62.0,-6.5,58.0,6.5,1,1,1,,,11.063798063490122,59.63945584066589,0.7949558439729945,1.0,4.563798063490122,1.6394558406658888,2021
401404142,2022,11,Troy,Army,10.0,9.0,1.0,19.0,-8.5,45.5,8.5,1,0,0,,,9.903017196467076,45.99397903676428,0.7838371339392459,1.0,1.4030171964670757,0.49397903676428,2021
401426373,2022,11,Marshall,App State,28.0,21.0,7.0,49.0,2.0,47.5,-2.0,1,1,1,-110.0,-110.0,-10.221158209597737,51.66834672581952,0.59488015277091,1.0,-8.221158209597737,4.168346725819518,2021
401405140,2022,11,Penn State,Maryland,30.0,0.0,30.0,30.0,-10.5,56.5,10.5,1,1,0,,,7.27631320982529,47.415884334884,0.8101121185475912,1.0,-3.2236867901747104,-9.084115665116002,2021
401415256,2022,11,Air Force,New Mexico,35.0,3.0,32.0,38.0,-21.0,37.0,21.0,1,1,1,,,18.31548582849544,47.090565713725816,0.8727126937886891,1.0,-2.68451417150456,10.090565713725816,2021
401426603,2022,11,Middle Tennessee,Charlotte,24.0,14.0,10.0,38.0,-10.0,67.0,10.0,1,0,0,,,4.838117781997229,70.27067567396287,0.719005803573926,1.0,-5.161882218002771,3.27067567396287,2021
401426605,2022,11,UTSA,Louisiana Tech,51.0,7.0,44.0,58.0,-17.5,68.5,17.5,1,1,0,,,20.66115418770854,65.76727890655077,0.9233059935251331,1.0,3.16115418770854,-2.7327210934492285,2021
401411160,2022,11,Georgia Tech,Miami,14.0,35.0,-21.0,49.0,-2.0,43.5,2.0,0,0,1,,,-3.163814823741368,40.531639279536165,0.3806594248082708,1.0,-5.163814823741368,-2.968360720463835,2021
401403941,2022,11,Florida,South Carolina,38.0,6.0,32.0,44.0,-8.0,58.0,8.0,1,1,0,,,6.055303243488556,64.84251336762554,0.5656480930075685,1.0,-1.9446967565114441,6.842513367625543,2021
401426375,2022,11,South Alabama,Texas State,38.0,21.0,17.0,59.0,-16.5,46.0,16.5,1,1,1,,,21.663467933616126,47.8839052454323,0.9009558664617423,1.0,5.1634679336161255,1.8839052454323024,2021
401404109,2022,11,Baylor,Kansas State,3.0,31.0,-28.0,34.0,-2.5,52.5,2.5,0,0,0,,,3.762248706443367,52.263113408618786,0.6515443707341348,1.0,1.262248706443367,-0.23688659138121437,2021
401404111,2022,11,Texas Tech,Kansas,43.0,28.0,15.0,71.0,-3.5,63.5,3.5,1,1,1,,,-0.38737129078458743,68.64042618414624,0.4859635395870193,1.0,-3.8873712907845874,5.140426184146236,2021
401426604,2022,11,Florida International,Florida Atlantic,7.0,52.0,-45.0,59.0,15.5,54.5,-15.5,0,0,1,,,-17.525854052548684,62.51882838000867,0.09694934869407248,1.0,-2.0258540525486843,8.01882838000867,2021
401403944,2022,11,Mississippi State,Georgia,19.0,45.0,-26.0,64.0,16.5,53.0,-16.5,0,0,1,,,-16.4881780668197,52.62792321869443,0.16658035873107024,1.0,0.011821933180300448,-0.372076781305573,2021
401404037,2022,11,Oregon,Washington,34.0,37.0,-3.0,71.0,-12.0,74.0,12.0,0,0,0,,,14.679955731451821,71.40057037144395,0.828758950560964,1.0,2.6799557314518214,-2.5994296285560523,2021
401415258,2022,11,Colorado State,Wyoming,13.0,14.0,-1.0,27.0,8.5,42.5,-8.5,0,1,0,,,-9.909923789801631,44.14022778747785,0.3837367654486553,1.0,-1.4099237898016312,1.6402277874778477,2021
401404113,2022,11,Texas,TCU,10.0,17.0,-7.0,27.0,-7.5,66.0,7.5,0,0,0,,,4.055304015637855,60.83182568986771,0.7341829217486318,1.0,-3.444695984362145,-5.168174310132287,2021
401411164,2022,11,Wake Forest,North Carolina,34.0,36.0,-2.0,70.0,-4.5,79.0,4.5,0,0,0,,,8.105948115813266,74.06089974959033,0.6684620752668813,1.0,3.6059481158132662,-4.939100250409666,2021
401426371,2022,11,Coastal Carolina,Southern Miss,26.0,23.0,3.0,49.0,-5.0,48.0,5.0,1,0,1,,,0.8683885582357949,55.54062182372046,0.5752325167611492,1.0,-4.131611441764205,7.540621823720457,2021
401403940,2022,11,Auburn,Texas A&M,13.0,10.0,3.0,23.0,-1.5,48.5,1.5,1,1,0,,,5.339263399407376,49.980234276037336,0.7224449852162842,1.0,3.8392633994073764,1.4802342760373364,2021
401411162,2022,11,Syracuse,Florida State,3.0,38.0,-35.0,41.0,7.0,51.0,-7.0,0,0,0,,,-7.499981315515321,50.36894983511394,0.45753977475997937,1.0,-0.49998131551532143,-0.6310501648860622,2021
401404036,2022,11,Oregon State,California,38.0,10.0,28.0,48.0,-11.5,47.0,11.5,1,1,1,,,17.245753752505582,50.2254889261301,0.8658094553557643,1.0,5.745753752505582,3.2254889261300974,2021
401404038,2022,11,Utah,Stanford,42.0,7.0,35.0,49.0,-24.0,54.0,24.0,1,1,0,,,25.069656498382937,53.57401422448147,0.9724427154782529,1.0,1.0696564983829369,-0.42598577551852657,2021
401415260,2022,11,San Diego State,San José State,43.0,27.0,16.0,70.0,2.0,41.5,-2.0,1,1,1,,,0.5570546930369233,45.275058205741196,0.4775919927340884,1.0,2.5570546930369233,3.775058205741196,2021
401415255,2022,11,Nevada,Boise State,3.0,41.0,-38.0,44.0,21.0,47.5,-21.0,0,0,0,,,-22.582379362535374,47.04906278257234,0.15625923927240998,1.0,-1.5823793625353737,-0.4509372174276578,2021
401404034,2022,11,UCLA,Arizona,28.0,34.0,-6.0,62.0,-20.0,77.5,20.0,0,0,0,,,23.29360860127133,77.0117961032846,0.9425906354131751,1.0,3.2936086012713304,-0.48820389671540454,2021
401415257,2022,11,Hawai'i,Utah State,34.0,41.0,-7.0,75.0,10.5,55.0,-10.5,0,1,1,,,-13.91246017067753,63.728361473006444,0.17003696471493648,1.0,-3.41246017067753,8.728361473006444,2021
401416643,2022,12,Ball State,Ohio,18.0,32.0,-14.0,50.0,3.5,57.5,-3.5,0,0,0,,,-0.07672238075981586,60.30581913570285,0.6625650846297403,1.0,3.423277619240184,2.8058191357028477,2021
401416642,2022,12,Toledo,Bowling Green,35.0,42.0,-7.0,77.0,-14.5,46.5,14.5,0,0,1,,,13.719564342366041,43.19588923874614,0.8356981499114267,1.0,-0.7804356576339586,-3.3041107612538596,2021
401416644,2022,12,Kent State,Eastern Michigan,24.0,31.0,-7.0,55.0,-7.5,60.0,7.5,0,0,0,,,9.425566367172722,60.33436059805079,0.6462191849002223,1.0,1.9255663671727223,0.3343605980507931,2021
401416646,2022,12,Northern Illinois,Miami (OH),23.0,29.0,-6.0,52.0,-1.0,44.0,1.0,0,0,1,,,4.274947671138706,47.95331398483604,0.6185037036999683,1.0,3.2749476711387064,3.9533139848360435,2021
401416645,2022,12,Central Michigan,Western Michigan,10.0,12.0,-2.0,22.0,-10.0,48.5,10.0,0,0,0,,,13.271802628159858,49.30352372194289,0.7359147295339745,1.0,3.2718026281598576,0.8035237219428879,2021
401415658,2022,12,Tulane,SMU,59.0,24.0,35.0,83.0,-3.5,65.0,3.5,1,1,1,,,8.457694978856269,60.91537332093195,0.8118393228601957,1.0,4.957694978856269,-4.084626679068052,2021
401415659,2022,12,Tulsa,South Florida,48.0,42.0,6.0,90.0,-13.5,57.5,13.5,1,0,1,,,15.779435191216484,60.592609044537745,0.7454645814338501,1.0,2.279435191216484,3.0926090445377454,2021
401415264,2022,12,New Mexico,San Diego State,10.0,34.0,-24.0,44.0,14.5,36.0,-14.5,0,0,1,,,-17.279293945566728,33.482062590652916,0.07771549899282003,1.0,-2.779293945566728,-2.517937409347084,2021
401415661,2022,12,UCF,Navy,14.0,17.0,-3.0,31.0,-15.5,53.0,15.5,0,0,0,,,12.104271200733844,58.52240447249264,0.8891614170292034,1.0,-3.3957287992661556,5.522404472492639,2021
401403954,2022,12,Texas A&M,Massachusetts,20.0,3.0,17.0,23.0,-32.0,46.0,32.0,1,0,0,,,33.59458105951157,50.749308417448965,0.972328665309329,1.0,1.5945810595115688,4.749308417448965,2021
401404114,2022,12,Baylor,TCU,28.0,29.0,-1.0,57.0,2.0,58.0,-2.0,0,1,0,,,-4.126930250112469,57.828322315245835,0.5108680502283527,1.0,-2.126930250112469,-0.17167768475416523,2021
401403955,2022,12,Vanderbilt,Florida,31.0,24.0,7.0,55.0,14.0,58.0,-14.0,1,1,0,,,-13.070522415628016,55.26017416434786,0.42471684422912237,1.0,0.929477584371984,-2.739825835652141,2021
401411169,2022,12,Pittsburgh,Duke,28.0,26.0,2.0,54.0,-7.0,49.0,7.0,1,0,1,,,4.232166365573311,43.56227112349237,0.6153812858866221,1.0,-2.7678336344266894,-5.437728876507627,2021
401405145,2022,12,Michigan,Illinois,19.0,17.0,2.0,36.0,-17.0,41.5,17.0,1,0,0,,,18.057094324046766,42.26379820088807,0.910869507179322,1.0,1.0570943240467656,0.7637982008880684,2021
401411166,2022,12,Florida State,Louisiana,49.0,17.0,32.0,66.0,-25.0,52.5,25.0,1,1,1,,,28.303539593489077,59.466312195241244,0.9692930017747261,1.0,3.303539593489077,6.966312195241244,2021
401405142,2022,12,Nebraska,Wisconsin,14.0,15.0,-1.0,29.0,10.0,40.5,-10.0,0,1,0,,,-13.239416041350768,41.87519290552532,0.360564055713753,1.0,-3.2394160413507684,1.3751929055253171,2021
401405143,2022,12,Purdue,Northwestern,17.0,9.0,8.0,26.0,-17.5,44.5,17.5,1,0,0,,,11.334753772222424,43.64723452062696,0.7922925143096442,1.0,-6.165246227777576,-0.8527654793730406,2021
401404165,2022,12,Liberty,Virginia Tech,22.0,23.0,-1.0,45.0,-10.5,46.5,10.5,0,0,0,,,15.30280560212412,51.28866845856232,0.6837490203985191,1.0,4.8028056021241206,4.78866845856232,2021
401404143,2022,12,Army,UConn,34.0,17.0,17.0,51.0,-10.5,45.0,10.5,1,1,1,,,6.817792837870189,50.03006677870359,0.6486272510683013,1.0,-3.682207162129811,5.030066778703592,2021
401405146,2022,12,Michigan State,Indiana,31.0,39.0,-8.0,70.0,-12.0,47.5,12.0,0,0,1,,,12.172877300960602,49.03101465150992,0.9111092519412816,1.0,0.17287730096060194,1.5310146515099206,2021
401426611,2022,12,Rice,UTSA,7.0,41.0,-34.0,48.0,14.0,56.0,-14.0,0,0,0,,,-14.863097800021606,48.41421816819087,0.1513771793839072,1.0,-0.8630978000216061,-7.585781831809129,2021
401404039,2022,12,Arizona,Washington State,20.0,31.0,-11.0,51.0,4.0,63.0,-4.0,0,0,0,,,1.2241780649139375,71.15063022298955,0.41933963721431555,1.0,5.2241780649139375,8.150630222989548,2021
401415660,2022,12,East Carolina,Houston,3.0,42.0,-39.0,45.0,-6.0,66.5,6.0,0,0,0,,,16.130973841235342,63.707358532567454,0.7959725039020568,1.0,10.130973841235342,-2.7926414674325457,2021
401404117,2022,12,West Virginia,Kansas State,31.0,48.0,-17.0,79.0,8.0,54.5,-8.0,0,0,1,,,-8.725431220759342,50.91022421942201,0.24743527912646568,1.0,-0.7254312207593419,-3.5897757805779875,2021
401404040,2022,12,Arizona State,Oregon State,7.0,31.0,-24.0,38.0,7.5,53.5,-7.5,0,0,0,,,-3.994262862248604,52.43240957437748,0.2644478864977061,1.0,3.505737137751396,-1.0675904256225195,2021
401404132,2022,12,Notre Dame,Boston College,44.0,0.0,44.0,44.0,-20.0,42.0,20.0,1,1,1,,,27.04029550311002,41.898991843544586,0.9606804165393625,1.0,7.04029550311002,-0.10100815645541417,2021
401426376,2022,12,App State,Old Dominion,27.0,14.0,13.0,41.0,-16.0,50.5,16.0,1,0,0,,,16.530248462132228,55.60763952831158,0.8716588194512999,1.0,0.5302484621322279,5.10763952831158,2021
401411165,2022,12,Clemson,Miami,40.0,10.0,30.0,50.0,-19.0,47.5,19.0,1,1,1,,,22.688105413327772,46.53115703543914,0.9103455007434456,1.0,3.688105413327772,-0.9688429645608565,2021
401405147,2022,12,Rutgers,Penn State,10.0,55.0,-45.0,65.0,18.5,45.0,-18.5,0,0,1,,,-21.33200008525629,45.700862233279096,0.08233198060989413,1.0,-2.83200008525629,0.7008622332790964,2021
401426610,2022,12,Middle Tennessee,Florida Atlantic,49.0,21.0,28.0,70.0,5.5,51.0,-5.5,1,1,1,,,-8.74956535743395,51.618568636672876,0.34988787897581053,1.0,-3.2495653574339496,0.618568636672876,2021
401403949,2022,12,Kentucky,Georgia,6.0,16.0,-10.0,22.0,22.5,47.5,-22.5,0,1,0,,,-20.0897338847771,47.18936422202491,0.1285237143526087,1.0,2.4102661152228997,-0.31063577797508657,2021
401426608,2022,12,Charlotte,Louisiana Tech,26.0,21.0,5.0,47.0,2.0,66.5,-2.0,1,1,0,,,-2.0266768156353834,67.81664843732908,0.4435640479460507,1.0,-0.026676815635383377,1.3166484373290785,2021
401426381,2022,12,Troy,UL Monroe,34.0,16.0,18.0,50.0,-15.0,48.5,15.0,1,1,1,,,16.989643381605447,50.49749697324569,0.8976881412570084,1.0,1.9896433816054468,1.9974969732456884,2021
401426379,2022,12,Southern Miss,South Alabama,20.0,27.0,-7.0,47.0,7.5,45.0,-7.5,0,1,1,,,-7.3298403881453345,50.19275768709913,0.4695046428324854,1.0,0.17015961185466555,5.192757687099132,2021
401404116,2022,12,Kansas,Texas,14.0,55.0,-41.0,69.0,9.0,63.5,-9.0,0,0,1,,,-7.3394058335834576,61.03218165572391,0.3102498646439328,1.0,1.6605941664165424,-2.4678183442760897,2021
401405144,2022,12,Maryland,Ohio State,30.0,43.0,-13.0,73.0,26.0,62.5,-26.0,0,1,1,,,-30.554193566109937,69.60886214073766,0.04323913652718263,1.0,-4.554193566109937,7.108862140737656,2021
401411167,2022,12,Louisville,NC State,25.0,10.0,15.0,35.0,-4.0,43.0,4.0,1,1,0,,,6.619263307457205,47.868732565571996,0.7147490930748418,1.0,2.6192633074572047,4.868732565571996,2021
401415663,2022,12,Temple,Cincinnati,3.0,23.0,-20.0,26.0,17.0,49.0,-17.0,0,0,0,,,-15.078912243274834,51.7829458277503,0.13891898557504626,1.0,1.921087756725166,2.7829458277502965,2021
401426613,2022,12,Auburn,Western Kentucky,41.0,17.0,24.0,58.0,-5.0,54.0,5.0,1,1,1,,,14.305024346804325,55.00994452171102,0.8657974423566959,1.0,9.305024346804325,1.0099445217110201,2021
401426609,2022,12,UTEP,Florida International,40.0,6.0,34.0,46.0,-14.0,50.0,14.0,1,1,0,,,14.070341755391496,52.79349263511394,0.9203435541881746,1.0,0.07034175539149601,2.7934926351139424,2021
401405141,2022,12,Minnesota,Iowa,10.0,13.0,-3.0,23.0,-2.0,31.5,2.0,0,0,0,,,-1.3868996749724403,26.12681958670048,0.5632972183298236,1.0,-3.3868996749724403,-5.373180413299519,2021
401426380,2022,12,Texas State,Arkansas State,16.0,13.0,3.0,29.0,-6.0,50.0,6.0,1,0,0,,,7.282647672320174,53.05343094772455,0.5997002032338306,1.0,1.2826476723201736,3.05343094772455,2021
401404041,2022,12,California,Stanford,27.0,20.0,7.0,47.0,-5.0,46.0,5.0,1,1,1,,,5.329730614107037,48.011654363777666,0.6235056092431375,1.0,0.32973061410703686,2.011654363777666,2021
401411168,2022,12,North Carolina,Georgia Tech,17.0,21.0,-4.0,38.0,-21.0,63.0,21.0,0,0,0,,,17.53194313466992,67.81598503498334,0.8911881687396036,1.0,-3.4680568653300803,4.815985034983342,2021
401426377,2022,12,Georgia Southern,Marshall,10.0,23.0,-13.0,33.0,6.0,52.5,-6.0,0,0,0,,,2.1438826041717416,49.61550792913199,0.5553947460368694,1.0,8.143882604171742,-2.8844920708680135,2021
401404115,2022,12,Iowa State,Texas Tech,10.0,14.0,-4.0,24.0,-3.5,47.5,3.5,0,0,0,,,8.583523788118034,50.26003800532891,0.6692882764562936,1.0,5.083523788118034,2.7600380053289086,2021
401415261,2022,12,Wyoming,Boise State,17.0,20.0,-3.0,37.0,14.5,44.5,-14.5,0,1,0,,,-8.658369147225033,45.52242826691449,0.23681953826332333,1.0,5.841630852774967,1.0224282669144884,2021
401403953,2022,12,South Carolina,Tennessee,63.0,38.0,25.0,101.0,22.5,67.0,-22.5,1,1,1,,,-17.37189157880487,71.4113038740106,0.2710690016389336,1.0,5.1281084211951296,4.411303874010599,2021
401403952,2022,12,Missouri,New Mexico State,45.0,14.0,31.0,59.0,-29.0,46.5,29.0,1,1,1,,,33.360230897418504,45.904784644178314,0.9744380498896227,1.0,4.360230897418504,-0.5952153558216864,2021
401404118,2022,12,Oklahoma,Oklahoma State,28.0,13.0,15.0,41.0,-7.0,67.5,7.0,1,1,0,,,4.572413911827938,67.14676125546143,0.6062787584800488,1.0,-2.4275860881720623,-0.3532387445385723,2021
401403947,2022,12,Arkansas,Ole Miss,42.0,27.0,15.0,69.0,1.0,68.0,-1.0,1,1,1,,,3.890692631666653,77.61692518136648,0.7512129843319804,1.0,4.890692631666653,9.616925181366483,2021
401411171,2022,12,Wake Forest,Syracuse,45.0,35.0,10.0,80.0,-9.5,58.5,9.5,1,1,1,,,9.561688511684022,59.710098652747334,0.8596533347970614,1.0,0.06168851168402156,1.2100986527473339,2021
401404044,2022,12,UCLA,USC,45.0,48.0,-3.0,93.0,2.5,77.5,-2.5,0,0,1,,,-1.248735761245066,80.32644605617354,0.5968299001778747,1.0,1.251264238754934,2.8264460561735376,2021
401426612,2022,12,LSU,UAB,41.0,10.0,31.0,51.0,-15.0,50.5,15.0,1,1,1,,,25.06140743886772,51.56670672750824,0.9661977747072863,1.0,10.061407438867722,1.0667067275082402,2021
401415262,2022,12,Air Force,Colorado State,24.0,12.0,12.0,36.0,-21.5,43.0,21.5,1,0,0,,,24.10806235676101,53.021331636234805,0.9527511756814968,1.0,2.6080623567610104,10.021331636234805,2021
401404042,2022,12,Washington,Colorado,54.0,7.0,47.0,61.0,-30.5,60.5,30.5,1,1,1,,,33.29486028728706,63.52900147946702,0.9544591858614582,1.0,2.794860287287058,3.02900147946702,2021
401415265,2022,12,Utah State,San José State,35.0,31.0,4.0,66.0,-1.0,51.0,1.0,1,1,1,,,3.4312458821331484,51.13537234505009,0.5518585081982763,1.0,2.4312458821331484,0.13537234505008655,2021
401415263,2022,12,Nevada,Fresno State,14.0,41.0,-27.0,55.0,22.5,54.0,-22.5,0,0,1,,,-26.219245173226312,51.824567016330164,0.15761254043231648,1.0,-3.7192451732263123,-2.175432983669836,2021
401404043,2022,12,Oregon,Utah,20.0,17.0,3.0,37.0,-1.0,61.5,1.0,1,1,0,,,4.445390413432605,57.123796767101844,0.544290523580323,1.0,3.445390413432605,-4.376203232898156,2021
401415266,2022,12,Hawai'i,UNLV,31.0,25.0,6.0,56.0,11.0,56.5,-11.0,1,1,0,,,-12.978890826091522,60.826863814607044,0.25901221816180364,1.0,-1.9788908260915221,4.326863814607044,2021
401416648,2022,13,Miami (OH),Ball State,18.0,17.0,1.0,35.0,-2.5,45.0,2.5,1,0,0,,,5.77693040376448,47.99470915472451,0.7042132339730643,1.0,3.2769304037644797,2.994709154724511,2021
401416649,2022,13,Ohio,Bowling Green,38.0,14.0,24.0,52.0,-5.5,52.5,5.5,1,1,0,,,9.495064054346756,50.20610280728208,0.7427104957562772,1.0,3.9950640543467557,-2.293897192717921,2021
401403956,2022,13,Ole Miss,Mississippi State,22.0,24.0,-2.0,46.0,-2.5,63.0,2.5,0,0,0,,,3.73547842162158,66.05265761976472,0.517225266675001,1.0,1.23547842162158,3.052657619764716,2021
401416650,2022,13,Eastern Michigan,Central Michigan,38.0,19.0,19.0,57.0,-1.0,53.5,1.0,1,1,1,,,7.7052276231093915,58.97584726915935,0.6347960788188446,1.0,6.7052276231093915,5.4758472691593525,2021
401415665,2022,13,Cincinnati,Tulane,24.0,27.0,-3.0,51.0,1.0,44.0,-1.0,0,0,1,,,-0.5258334586922099,49.032846604380815,0.5743166010435343,1.0,0.4741665413077901,5.032846604380815,2021
401415269,2022,13,Boise State,Utah State,42.0,23.0,19.0,65.0,-16.5,52.0,16.5,1,1,1,,,20.835573182414656,54.99531974809065,0.9038388310669737,1.0,4.335573182414656,2.995319748090651,2021
401404119,2022,13,Texas,Baylor,38.0,27.0,11.0,65.0,-10.0,55.0,10.0,1,1,1,,,11.911721659262813,59.504592460835454,0.8851199760238115,1.0,1.9117216592628132,4.504592460835454,2021
401416651,2022,13,Western Michigan,Toledo,20.0,14.0,6.0,34.0,8.5,50.5,-8.5,1,1,0,,,-12.931439453209052,52.94670258002548,0.23688440735205848,1.0,-4.431439453209052,2.4467025800254802,2021
401404045,2022,13,Arizona,Arizona State,38.0,35.0,3.0,73.0,-4.0,66.5,4.0,1,0,1,,,6.6972496192722595,67.74684253220211,0.777201943336614,1.0,2.6972496192722595,1.246842532202109,2021
401411172,2022,13,North Carolina,NC State,27.0,30.0,-3.0,57.0,-6.5,56.0,6.5,0,0,1,,,4.352493511567243,58.27510597901845,0.5820627476266766,1.0,-2.1475064884327573,2.2751059790184485,2021
401403961,2022,13,Missouri,Arkansas,29.0,27.0,2.0,56.0,3.5,55.5,-3.5,1,1,1,,,-1.9276209368848432,57.915291654411185,0.4576316523105258,1.0,1.5723790631151568,2.4152916544111847,2021
401415268,2022,13,Colorado State,New Mexico,17.0,0.0,17.0,17.0,-7.0,36.0,7.0,1,1,0,,,4.828110908375906,41.66029810595953,0.6305045796027966,1.0,-2.1718890916240943,5.6602981059595265,2021
401405148,2022,13,Iowa,Nebraska,17.0,24.0,-7.0,41.0,-10.5,38.0,10.5,0,0,1,,,5.389232441941875,36.551358891314145,0.7311943892817435,1.0,-5.110767558058125,-1.4486411086858553,2021
401404046,2022,13,California,UCLA,28.0,35.0,-7.0,63.0,11.5,62.5,-11.5,0,1,1,,,-13.221755782031792,61.569316382924185,0.2886151335566377,1.0,-1.7217557820317921,-0.9306836170758146,2021
401403958,2022,13,Florida State,Florida,45.0,38.0,7.0,83.0,-10.0,58.0,10.0,1,0,1,,,10.661700722107247,60.55923868527551,0.865600770290199,1.0,0.6617007221072466,2.55923868527551,2021
401415270,2022,13,Fresno State,Wyoming,30.0,0.0,30.0,30.0,-14.0,50.5,14.0,1,1,0,,,19.290755653551656,45.77693589925169,0.9022455471030425,1.0,5.290755653551656,-4.72306410074831,2021
401405152,2022,13,Maryland,Rutgers,37.0,0.0,37.0,37.0,-14.5,48.5,14.5,1,1,0,,,14.453791297375684,45.18531850052358,0.8709611998885189,1.0,-0.04620870262431609,-3.3146814994764213,2021
401403959,2022,13,Georgia,Georgia Tech,37.0,14.0,23.0,51.0,-36.5,49.0,36.5,1,0,1,,,35.36772589481793,54.970382499996745,0.9775384884364846,1.0,-1.13227410518207,5.970382499996745,2021
401426390,2022,13,Marshall,Georgia State,28.0,23.0,5.0,51.0,-6.5,45.5,6.5,1,0,1,,,1.6203095724444836,50.1162911838062,0.571425491798961,1.0,-4.879690427555516,4.616291183806197,2021
401403962,2022,13,Clemson,South Carolina,30.0,31.0,-1.0,61.0,-14.0,53.0,14.0,0,0,1,,,15.969418888687004,50.63638048116615,0.8857613128961781,1.0,1.969418888687004,-2.3636195188338505,2021
401404166,2022,13,Liberty,New Mexico State,14.0,49.0,-35.0,63.0,-24.0,50.5,24.0,0,0,1,,,21.662704018546435,54.53023689838598,0.8762121032444863,1.0,-2.3372959814535648,4.030236898385979,2021
401404123,2022,13,Oklahoma State,West Virginia,19.0,24.0,-5.0,43.0,-5.5,60.0,5.5,0,0,0,,,0.8738909839616174,56.30148170255061,0.6867888248401987,1.0,-4.626109016038383,-3.6985182974493895,2021
401405153,2022,13,Ohio State,Michigan,23.0,45.0,-22.0,68.0,-9.0,56.0,9.0,0,0,1,,,15.970109624358935,61.305052538077895,0.8801361600357483,1.0,6.970109624358935,5.305052538077895,2021
401426615,2022,13,Florida Atlantic,Western Kentucky,31.0,32.0,-1.0,63.0,7.5,62.0,-7.5,0,1,1,,,-5.116937773604533,61.20467707570085,0.5166016670794521,1.0,2.3830622263954666,-0.7953229242991497,2021
401404144,2022,13,Massachusetts,Army,7.0,44.0,-37.0,51.0,20.0,45.0,-20.0,0,0,1,,,-25.253797916746795,54.13559693420646,0.08062568404102163,1.0,-5.2537979167467945,9.135596934206461,2021
401426389,2022,13,South Alabama,Old Dominion,27.0,20.0,7.0,47.0,-16.5,47.0,16.5,1,0,0,,,21.81508205606487,51.47480356743141,0.9181438520638423,1.0,5.31508205606487,4.474803567431408,2021
401415664,2022,13,Temple,East Carolina,46.0,49.0,-3.0,95.0,9.5,52.0,-9.5,0,1,1,,,-14.62547194667537,54.32031544166169,0.2631799603014657,1.0,-5.12547194667537,2.320315441661691,2021
401416653,2022,13,Buffalo,Kent State,27.0,30.0,-3.0,57.0,-4.5,51.0,4.5,0,0,1,,,-0.809316376205425,52.649644649340914,0.6097221319653534,1.0,-5.309316376205425,1.6496446493409138,2021
401416652,2022,13,Northern Illinois,Akron,12.0,44.0,-32.0,56.0,-9.5,52.0,9.5,0,0,1,,,13.43516645051664,57.13496119418709,0.830964334296489,1.0,3.9351664505166397,5.134961194187092,2021
401426617,2022,13,North Texas,Rice,21.0,17.0,4.0,38.0,-14.5,57.0,14.5,1,0,0,,,18.085198499161443,51.68906482363708,0.9334205199954095,1.0,3.585198499161443,-5.310935176362918,2021
401403960,2022,13,Kentucky,Louisville,26.0,13.0,13.0,39.0,-3.5,42.5,3.5,1,1,0,,,5.584670998516096,43.032426677229225,0.6021552704125435,1.0,2.0846709985160956,0.5324266772292248,2021
401426384,2022,13,Arkansas State,Troy,19.0,48.0,-29.0,67.0,13.5,44.0,-13.5,0,0,1,,,-15.839812739974157,49.716238259118605,0.18354622090300748,1.0,-2.339812739974157,5.7162382591186045,2021
401426616,2022,13,Louisiana Tech,UAB,27.0,37.0,-10.0,64.0,18.0,55.5,-18.0,0,1,1,,,-20.37729770621788,61.95833208470407,0.24193297421745424,1.0,-2.377297706217881,6.458332084704068,2021
401405150,2022,13,Wisconsin,Minnesota,16.0,23.0,-7.0,39.0,-3.0,36.5,3.0,0,0,1,,,-1.575409515576995,37.716913337257616,0.6393518637999511,1.0,-4.575409515576995,1.2169133372576155,2021
401415271,2022,13,San José State,Hawai'i,27.0,14.0,13.0,41.0,-15.0,58.0,15.0,1,0,0,,,15.859555247254209,55.43239505117798,0.8898525085906174,1.0,0.8595552472542085,-2.567604948822023,2021
401426618,2022,13,UTSA,UTEP,34.0,31.0,3.0,65.0,-16.5,56.5,16.5,1,0,1,,,20.418571585714673,57.37042945495793,0.9483285379761026,1.0,3.9185715857146732,0.8704294549579288,2021
401405151,2022,13,Indiana,Purdue,16.0,30.0,-14.0,46.0,10.0,53.0,-10.0,0,0,0,,,-11.87224479816209,52.02223408519475,0.14505108897970792,1.0,-1.8722447981620896,-0.9777659148052535,2021
401411174,2022,13,Duke,Wake Forest,34.0,31.0,3.0,65.0,3.0,67.5,-3.0,1,1,0,,,-7.248794626719792,72.15109445061239,0.42168697008214767,1.0,-4.248794626719792,4.651094450612391,2021
401405149,2022,13,Northwestern,Illinois,3.0,41.0,-38.0,44.0,14.5,38.0,-14.5,0,0,1,,,-19.60130360467752,40.55334049444102,0.12682075034753246,1.0,-5.101303604677518,2.5533404944410165,2021
401415666,2022,13,SMU,Memphis,34.0,31.0,3.0,65.0,-4.5,68.5,4.5,1,0,0,,,5.893982078712606,55.496730918390114,0.7042363786079311,1.0,1.3939820787126056,-13.003269081609886,2021
401403957,2022,13,Alabama,Auburn,49.0,27.0,22.0,76.0,-22.0,51.0,22.0,1,0,1,,,19.468250370859632,53.878392965358984,0.9358438823988182,1.0,-2.531749629140368,2.8783929653589837,2021
401404047,2022,13,Oregon State,Oregon,38.0,34.0,4.0,72.0,-1.0,57.0,1.0,1,1,1,,,3.5663731061191895,55.37021448410785,0.6635966127993495,1.0,2.5663731061191895,-1.6297855158921521,2021
401405154,2022,13,Penn State,Michigan State,35.0,16.0,19.0,51.0,-19.0,54.5,19.0,1,0,0,,,22.141417448892668,52.78356759493553,0.9641640172517071,1.0,3.1414174488926676,-1.7164324050644666,2021
401404048,2022,13,Colorado,Utah,21.0,63.0,-42.0,84.0,29.5,52.0,-29.5,0,0,1,,,-32.81645262254479,50.06103031414305,0.04118731101355977,1.0,-3.3164526225447872,-1.9389696858569465,2021
401404120,2022,13,TCU,Iowa State,62.0,14.0,48.0,76.0,-9.5,45.5,9.5,1,1,1,,,12.777918142047138,40.96613441591249,0.8341475234354139,1.0,3.277918142047138,-4.533865584087508,2021
401426385,2022,13,UL Monroe,Southern Miss,10.0,20.0,-10.0,30.0,3.0,50.0,-3.0,0,0,0,,,-5.096226864824531,53.50531439745093,0.39934391399935226,1.0,-2.096226864824531,3.505314397450931,2021
401426386,2022,13,Texas State,Louisiana,13.0,41.0,-28.0,54.0,5.0,44.0,-5.0,0,0,1,,,-4.574381497002961,41.22110593550616,0.3852763050335414,1.0,0.42561850299703874,-2.7788940644938407,2021
401426614,2022,13,Florida International,Middle Tennessee,28.0,33.0,-5.0,61.0,19.5,54.5,-19.5,0,1,1,,,-22.989576616382443,57.14890306466259,0.07116359678218376,1.0,-3.4895766163824433,2.6489030646625906,2021
401415272,2022,13,UNLV,Nevada,27.0,22.0,5.0,49.0,-12.5,49.0,12.5,1,0,0,,,14.893357434373225,51.62309854238379,0.7483519593165464,1.0,2.3933574343732253,2.6230985423837865,2021
401426382,2022,13,Georgia Southern,App State,51.0,48.0,3.0,99.0,6.5,66.0,-6.5,1,1,1,,,-8.307902658756497,70.37987733595712,0.5735723728337034,1.0,-1.8079026587564968,4.379877335957119,2021
401415667,2022,13,South Florida,UCF,39.0,46.0,-7.0,85.0,20.0,67.5,-20.0,0,1,1,,,-30.87472060689295,66.08237425113022,0.08221708147031889,1.0,-10.87472060689295,-1.4176257488697814,2021
401403963,2022,13,Texas A&M,LSU,38.0,23.0,15.0,61.0,10.0,47.5,-10.0,1,1,1,,,-12.793353546034044,45.823969122021445,0.24549663433247398,1.0,-2.7933535460340444,-1.6760308779785547,2021
401411173,2022,13,Boston College,Syracuse,23.0,32.0,-9.0,55.0,10.5,47.0,-10.5,0,1,1,,,-16.625263405285367,49.39474150637093,0.20313736816354594,1.0,-6.1252634052853665,2.394741506370927,2021
401415668,2022,13,Houston,Tulsa,30.0,37.0,-7.0,67.0,-13.0,67.0,13.0,0,0,0,,,17.88934377573223,64.51548234059005,0.9530785796430588,1.0,4.889343775732229,-2.4845176594099456,2021
401404133,2022,13,USC,Notre Dame,38.0,27.0,11.0,65.0,-4.5,62.5,4.5,1,1,1,,,12.21086239778419,54.11758038267022,0.6759248982510121,1.0,7.71086239778419,-8.38241961732978,2021
401404122,2022,13,Texas Tech,Oklahoma,51.0,48.0,3.0,99.0,1.5,65.5,-1.5,1,1,1,,,4.1226136955108466,66.0386679625164,0.6907491240740585,1.0,5.6226136955108466,0.5386679625163993,2021
401403964,2022,13,Vanderbilt,Tennessee,0.0,56.0,-56.0,56.0,14.0,64.0,-14.0,0,0,0,,,-15.434369158003582,62.77199568121403,0.13649536332259604,1.0,-1.434369158003582,-1.2280043187859704,2021
401404121,2022,13,Kansas State,Kansas,47.0,27.0,20.0,74.0,-12.0,62.0,12.0,1,1,1,,,15.417579173459027,65.05817150823967,0.9049174604650041,1.0,3.4175791734590266,3.058171508239667,2021
401411175,2022,13,Miami,Pittsburgh,16.0,42.0,-26.0,58.0,4.0,44.0,-4.0,0,0,1,,,2.533457770014527,45.21336613561132,0.5024863446763308,1.0,6.533457770014527,1.2133661356113166,2021
401415267,2022,13,San Diego State,Air Force,3.0,13.0,-10.0,16.0,2.0,43.5,-2.0,0,0,0,,,-2.3505722869565377,51.756033161001966,0.34295800512815,1.0,-0.35057228695653775,8.256033161001966,2021
401404051,2022,13,Washington State,Washington,33.0,51.0,-18.0,84.0,2.5,60.0,-2.5,0,0,1,,,-6.711526499765149,66.23330844152957,0.3314599109488291,1.0,-4.211526499765149,6.233308441529573,2021
401404049,2022,13,Stanford,BYU,26.0,35.0,-9.0,61.0,6.5,57.5,-6.5,0,0,1,,,-4.509302342430897,60.47009674218757,0.6329111438863632,1.0,1.990697657569103,2.9700967421875717,2021
401506450,2022,14,Buffalo,Akron,23.0,22.0,1.0,45.0,-12.0,55.0,12.0,1,0,0,,,17.055089737653123,60.62293100069113,0.851182394771861,1.0,5.055089737653123,5.622931000691132,2021
401437032,2022,14,UTSA,North Texas,48.0,27.0,21.0,75.0,-8.5,70.0,8.5,1,1,1,,,7.64663115764038,67.19112533577972,0.8151825480056791,1.0,-0.85336884235962,-2.8088746642202835,2021
401437035,2022,14,USC,Utah,24.0,47.0,-23.0,71.0,-2.5,67.5,2.5,0,0,1,,,1.1544261436702028,61.251195853456736,0.3563784708888917,1.0,-1.3455738563297972,-6.248804146543264,2021
401437030,2022,14,TCU,Kansas State,28.0,31.0,-3.0,59.0,1.0,60.5,-1.0,0,0,0,,,1.687506450559356,61.40077340421371,0.7225023417135,1.0,2.687506450559356,0.9007734042137088,2021
401437033,2022,14,Ohio,Toledo,7.0,17.0,-10.0,24.0,3.5,54.5,-3.5,0,0,0,,,-7.577002735841182,59.12255702131933,0.5130562173136827,1.0,-4.077002735841182,4.622557021319331,2021
401437037,2022,14,Troy,Coastal Carolina,45.0,26.0,19.0,71.0,-6.5,49.0,6.5,1,1,1,,,13.931792108329645,50.40816762935944,0.8277138891725728,1.0,7.431792108329645,1.4081676293594398,2021
401437036,2022,14,Georgia,LSU,50.0,30.0,20.0,80.0,-17.5,52.0,17.5,1,1,1,,,19.756984921222955,57.8987787170458,0.9392909827931628,1.0,2.256984921222955,5.898778717045801,2021
401437034,2022,14,Boise State,Fresno State,16.0,28.0,-12.0,44.0,-3.0,54.5,3.0,0,0,0,,,6.730342527883816,50.681252573262206,0.7723552127509709,1.0,3.730342527883816,-3.8187474267377937,2021
401437008,2022,14,Tulane,UCF,45.0,28.0,17.0,73.0,-3.5,57.5,3.5,1,1,1,,,5.95898443387037,64.0083241727367,0.8571771234390513,1.0,2.45898443387037,6.508324172736707,2021
401437031,2022,14,Michigan,Purdue,43.0,22.0,21.0,65.0,-16.0,54.0,16.0,1,1,1,,,20.267376208400577,50.59764711333455,0.959681365420941,1.0,4.267376208400577,-3.4023528866654473,2021
401437009,2022,14,North Carolina,Clemson,10.0,39.0,-29.0,49.0,7.5,64.0,-7.5,0,0,0,,,-10.986733941492808,60.30057062318661,0.3562726926868079,1.0,-3.4867339414928082,-3.6994293768133915,2021
401404145,2022,15,Army,Navy,20.0,17.0,3.0,37.0,2.5,32.0,-2.5,1,1,1,,,-1.8582468705552415,37.012275174337745,0.6189443355977958,1.0,0.6417531294447585,5.012275174337745,2021
401441993,2022,1,UAB,Miami (OH),24.0,20.0,4.0,44.0,-11.0,46.0,11.0,1,0,0,,,14.469421484339883,46.85477479531489,0.7556813095103101,0.6,3.4694214843398825,0.8547747953148885,2021
401441994,2022,1,Troy,UTSA,18.0,12.0,6.0,30.0,3.0,56.5,-3.0,1,1,0,,,-4.791936645307472,56.33684672008933,0.39260547140574653,0.6,-1.791936645307472,-0.16315327991066653,2021
401441995,2022,1,Louisville,Cincinnati,24.0,7.0,17.0,31.0,-2.5,38.5,2.5,1,1,0,,,2.9691771363373087,38.84337989312194,0.5393202378789476,0.6,0.46917713633730873,0.3433798931219414,2021
401441999,2022,1,Oregon State,Florida,30.0,3.0,27.0,33.0,-7.5,51.5,7.5,1,1,0,,,15.613128448924236,50.181804927091775,0.7120635794010831,0.6,8.113128448924236,-1.3181950729082246,2021
401442038,2022,1,Fresno State,Washington State,29.0,6.0,23.0,35.0,-5.5,54.0,5.5,1,1,0,,,4.325280793517727,53.9915638793975,0.5960183363207904,0.6,-1.1747192064822727,-0.008436120602496544,2021
401442041,2022,1,Southern Miss,Rice,38.0,24.0,14.0,62.0,-6.5,45.5,6.5,1,1,1,,,7.474385980593151,45.17063330302665,0.6961516493293005,0.6,0.9743859805931514,-0.3293666969733522,2021
401441997,2022,1,BYU,SMU,24.0,23.0,1.0,47.0,4.5,65.0,-4.5,1,1,0,,,-1.5682574800701747,64.68248069328926,0.5229599951160444,0.6,2.9317425199298253,-0.3175193067107358,2021
401442001,2022,1,Boise State,North Texas,35.0,32.0,3.0,67.0,-11.5,63.0,11.5,1,0,1,,,12.186939499043083,63.2294892845786,0.739293237585896,0.6,0.686939499043083,0.22948928457859807,2021
401442003,2022,1,UConn,Marshall,14.0,28.0,-14.0,42.0,12.5,42.0,-12.5,0,0,0,,,-6.495730412095385,40.60496161991932,0.2479927575008628,0.6,6.004269587904615,-1.3950383800806776,2021
401442004,2022,1,San José State,Eastern Michigan,27.0,41.0,-14.0,68.0,-3.5,54.0,3.5,0,0,1,,,5.058437172245009,54.90243667112778,0.566949000108409,0.6,1.558437172245009,0.9024366711277807,2021
401442006,2022,1,Toledo,Liberty,21.0,19.0,2.0,40.0,-3.5,51.0,3.5,1,0,0,,,3.0711855883828965,53.62056207980462,0.5968829129801141,0.6,-0.42881441161710354,2.620562079804621,2021
401442039,2022,1,South Alabama,Western Kentucky,23.0,44.0,-21.0,67.0,-3.5,57.5,3.5,0,0,1,,,2.196261607356421,54.51530427103267,0.5734757998393513,0.6,-1.303738392643579,-2.9846957289673313,2021
401442040,2022,1,Air Force,Baylor,30.0,15.0,15.0,45.0,3.5,42.5,-3.5,1,1,1,,,-3.5513473907125808,48.763906538233265,0.44690113983582713,0.6,-0.051347390712580765,6.263906538233265,2021
401442042,2022,1,Houston,Louisiana,23.0,16.0,7.0,39.0,-5.0,56.5,5.0,1,1,0,,,6.719196668874666,58.06289060047831,0.6151193670996462,0.6,1.719196668874666,1.5628906004783119,2021
401442007,2022,1,Missouri,Wake Forest,17.0,27.0,-10.0,44.0,2.5,58.5,-2.5,0,0,0,,,0.8281042251693571,58.69175829508752,0.475173971197571,0.6,3.328104225169357,0.19175829508751718,2021
401442009,2022,1,San Diego State,Middle Tennessee,23.0,25.0,-2.0,48.0,-7.0,47.5,7.0,0,0,1,,,8.753679073745175,44.40420792484054,0.5672939926029565,0.6,1.7536790737451753,-3.0957920751594585,2021
401442037,2022,1,Bowling Green,New Mexico State,19.0,24.0,-5.0,43.0,-3.5,50.5,3.5,0,0,0,,,7.008123653559451,52.279716015169335,0.539565641658305,0.6,3.5081236535594513,1.7797160151693348,2021
401441998,2022,1,Buffalo,Georgia Southern,23.0,21.0,2.0,44.0,6.0,66.5,-6.0,1,1,0,,,-4.400014687501496,66.02776126902529,0.3329800266483579,0.6,1.5999853124985037,-0.47223873097470914,2021
401442000,2022,1,Utah State,Memphis,10.0,38.0,-28.0,48.0,8.0,57.0,-8.0,0,0,0,,,-6.6394270586471045,58.09611445671415,0.3186566983637745,0.6,1.3605729413528955,1.0961144567141474,2021
401442002,2022,1,East Carolina,Coastal Carolina,53.0,29.0,24.0,82.0,-7.5,67.0,7.5,1,1,1,,,11.225404063026025,65.27487799024844,0.7388888699395069,0.6,3.7254040630260246,-1.7251220097515585,2021
401442005,2022,1,Oklahoma State,Wisconsin,17.0,24.0,-7.0,41.0,5.0,45.0,-5.0,0,0,0,,,-1.2910757924328324,43.77547685144137,0.4434603948800314,0.6,3.7089242075671676,-1.2245231485586316,2021
401442008,2022,1,Duke,UCF,30.0,13.0,17.0,43.0,-3.5,62.5,3.5,1,1,0,,,4.406072460621497,60.63869721004668,0.5243395644562249,0.6,0.9060724606214974,-1.8613027899533208,2021
401442030,2022,1,Arkansas,Kansas,55.0,53.0,2.0,108.0,-1.0,70.0,1.0,1,1,1,,,0.11854652154617584,75.90782399475597,0.5607766398144893,0.6,-0.8814534784538242,5.907823994755972,2021
401470891,2022,1,North Carolina,Oregon,27.0,28.0,-1.0,55.0,13.0,76.0,-13.0,0,1,0,,,-14.76242200147804,72.73252137752819,0.26791054300619854,0.6,-1.7624220014780398,-3.2674786224718133,2021
401442031,2022,1,Ole Miss,Texas Tech,25.0,42.0,-17.0,67.0,-4.0,72.5,4.0,0,0,0,,,7.0046475968569375,71.55711939315132,0.5575989944243723,0.6,3.0046475968569375,-0.942880606848675,2021
401442032,2022,1,Minnesota,Syracuse,28.0,20.0,8.0,48.0,-10.5,44.5,10.5,1,0,1,,,12.899967061497314,44.795326760958744,0.8089185969219301,0.6,2.399967061497314,0.2953267609587442,2021
401442033,2022,1,Florida State,Oklahoma,35.0,32.0,3.0,67.0,-10.5,66.5,10.5,1,0,1,,,12.240450885217372,67.05268281702389,0.6914195775840652,0.6,1.7404508852173723,0.5526828170238929,2021
401442034,2022,1,Washington,Texas,27.0,20.0,7.0,47.0,3.5,67.5,-3.5,1,1,0,,,2.482979499632277,64.65846113354104,0.5211034718631644,0.6,5.982979499632277,-2.8415388664589614,2021
401442035,2022,1,NC State,Maryland,12.0,16.0,-4.0,28.0,-2.0,45.5,2.0,0,0,0,,,3.0642171494714243,44.95778729607541,0.5255183879569643,0.6,1.0642171494714243,-0.5422127039245908,2021
401443542,2022,1,UCLA,Pittsburgh,35.0,37.0,-2.0,72.0,-8.5,54.5,8.5,0,0,1,,,12.464843606793545,56.582408859534134,0.6975078335652113,0.6,3.9648436067935453,2.0824088595341337,2021
401442036,2022,1,South Carolina,Notre Dame,38.0,45.0,-7.0,83.0,5.0,50.5,-5.0,0,0,1,,,-3.4527316888146418,49.483272860371855,0.44053297025667615,0.6,1.5472683111853582,-1.016727139628145,2021
401443543,2022,1,Wyoming,Ohio,27.0,30.0,-3.0,57.0,3.0,43.0,-3.0,0,0,1,,,-0.0859755238244655,42.27922374828942,0.4481722993241719,0.6,2.9140244761755345,-0.720776251710582,2021
401442019,2022,1,Clemson,Tennessee,14.0,31.0,-17.0,45.0,-4.5,61.0,4.5,0,0,0,,,6.842982837350862,59.94901726193827,0.5445344965862295,0.6,2.3429828373508617,-1.0509827380617267,2021
401442017,2022,1,Kentucky,Iowa,0.0,21.0,-21.0,21.0,3.0,31.5,-3.0,0,0,0,,,-4.27704243570837,29.005985166124248,0.44020824244590406,0.6,-1.2770424357083696,-2.4940148338757524,2021
401442018,2022,1,Kansas State,Alabama,20.0,45.0,-25.0,65.0,7.5,58.0,-7.5,0,0,1,,,-2.232653709806156,60.815872640272914,0.36534296982097536,0.6,5.267346290193844,2.8158726402729144,2021
401442016,2022,1,Michigan,TCU,45.0,51.0,-6.0,96.0,-8.0,56.0,8.0,0,0,1,,,9.843952815010283,54.572505792746284,0.7805252548018455,0.6,1.843952815010283,-1.4274942072537158,2021
401442015,2022,1,Georgia,Ohio State,42.0,41.0,1.0,83.0,-5.5,62.5,5.5,1,0,1,,,6.145241021853771,64.54479326123945,0.6467472968729184,0.6,0.6452410218537707,2.044793261239448,2021
401442011,2022,1,Illinois,Mississippi State,10.0,19.0,-9.0,29.0,3.5,46.5,-3.5,0,0,0,,,0.35598218498149414,45.48601924014363,0.6124100451618245,0.6,3.855982184981494,-1.0139807598563735,2021
401442012,2022,1,Purdue,LSU,7.0,63.0,-56.0,70.0,15.5,54.5,-15.5,0,0,1,,,-8.720655882335713,55.1003907728786,0.3208566238860899,0.6,6.779344117664287,0.6003907728785975,2021
401442013,2022,1,USC,Tulane,45.0,46.0,-1.0,91.0,-1.5,66.5,1.5,0,0,1,,,2.2010012026197674,61.45631829753867,0.4808657903848025,0.6,0.7010012026197674,-5.043681702461328,2021
401442014,2022,1,Utah,Penn State,21.0,35.0,-14.0,56.0,1.5,55.0,-1.5,0,0,1,,,3.8560487987640135,52.6929350678314,0.4317275372923418,0.6,5.3560487987640135,-2.3070649321686005,2021
401442010,2022,1,Georgia,TCU,65.0,7.0,58.0,72.0,-13.5,61.5,13.5,1,1,1,,,16.014493535582456,60.51234520177843,0.8401515587193462,0.6,2.5144935355824565,-0.9876547982215698,2021
401525434,2023,1,Notre Dame,Navy,42.0,3.0,39.0,45.0,-20.0,50.5,20.0,1,1,0,,,20.91750249707371,50.023886894854684,0.8595633221580393,0.6,0.9175024970737091,-0.47611310514531624,2022
401525450,2023,1,New Mexico State,Massachusetts,30.0,41.0,-11.0,71.0,-8.0,42.5,8.0,0,0,1,,,5.396303206132391,42.30871321400059,0.7295577486148752,0.6,-2.603696793867609,-0.1912867859994094,2022
401532392,2023,1,San Diego State,Ohio,20.0,13.0,7.0,33.0,-3.5,49.0,3.5,1,1,0,,,4.515724398613014,44.97397123305839,0.7004150834970561,0.6,1.0157243986130142,-4.026028766941607,2022
401520147,2023,1,Vanderbilt,Hawai'i,35.0,28.0,7.0,63.0,-18.0,56.0,18.0,1,0,1,-1000.0,625.0,15.66703875020698,53.23266233364031,0.7971846196175026,0.6,-2.332961249793019,-2.767337666359687,2022
401523986,2023,1,USC,San José State,56.0,28.0,28.0,84.0,-30.5,63.5,30.5,1,0,1,,,29.682819251878996,66.46817952967841,0.9180659935814943,0.6,-0.8171807481210038,2.968179529678409,2022
401520146,2023,1,Louisiana Tech,Florida International,22.0,17.0,5.0,39.0,-10.0,59.0,10.0,1,0,0,,,8.509826823331984,56.56969632407988,0.6700951064395235,0.6,-1.4901731766680157,-2.430303675920122,2022
401525816,2023,1,UCF,Kent State,56.0,6.0,50.0,62.0,-33.5,58.5,33.5,1,1,1,,,37.49458815141614,61.33947005280057,0.9703051251059984,0.6,3.9945881514161385,2.8394700528005714,2022
401520174,2023,1,UConn,NC State,14.0,24.0,-10.0,38.0,16.5,48.0,-16.5,0,1,0,,,-19.509255876846968,52.49134823113687,0.12936598799146642,0.6,-3.009255876846968,4.491348231136868,2022
401520148,2023,1,Minnesota,Nebraska,13.0,10.0,3.0,23.0,-7.0,46.0,7.0,1,0,0,,,6.733180172881495,52.08838120382109,0.5934863825662855,0.6,-0.26681982711850516,6.088381203821093,2022
401520176,2023,1,Utah,Florida,24.0,11.0,13.0,35.0,-8.0,48.0,8.0,1,1,0,,,7.916793409164946,49.55260652826728,0.6620414805515651,0.6,-0.08320659083505433,1.5526065282672832,2022
401525463,2023,1,Miami,Miami (OH),38.0,3.0,35.0,41.0,-16.5,45.0,16.5,1,1,0,-900.0,575.0,20.436610995832886,47.95803838937145,0.8565353104927369,0.6,3.9366109958328863,2.9580383893714526,2022
401520163,2023,1,Michigan State,Central Michigan,31.0,7.0,24.0,38.0,-15.0,50.0,15.0,1,1,0,,,16.334061230027093,49.851180951270315,0.7868717766498732,0.6,1.3340612300270926,-0.14881904872968477,2022
401525462,2023,1,Georgia Tech,Louisville,34.0,39.0,-5.0,73.0,8.0,51.5,-8.0,0,1,1,,,-6.856838280338146,53.87335405296779,0.291290392249754,0.6,1.1431617196618538,2.373354052967791,2022
401523988,2023,1,Hawai'i,Stanford,24.0,37.0,-13.0,61.0,2.5,54.5,-2.5,0,0,1,235.0,-285.0,-4.850622998544367,54.675498754235605,0.38838667657063675,0.6,-2.3506229985443667,0.1754987542356048,2022
401525822,2023,1,Oklahoma,Arkansas State,73.0,0.0,73.0,73.0,-36.5,58.0,36.5,1,1,1,-20000.0,3000.0,36.598488787200466,59.04529938822053,0.9861918891780053,0.6,0.09848878720046628,1.0452993882205277,2022
401520160,2023,1,Liberty,Bowling Green,34.0,24.0,10.0,58.0,-7.0,48.0,7.0,1,1,1,-500.0,360.0,6.579246436340049,52.31060000580597,0.6693987084358095,0.6,-0.4207535636599511,4.3106000058059735,2022
401520159,2023,1,Kentucky,Ball State,44.0,14.0,30.0,58.0,-25.5,48.5,25.5,1,1,1,-5000.0,1200.0,25.707160009873267,53.401037145332,0.8928366804487622,0.6,0.20716000987326666,4.901037145331998,2022
401525464,2023,1,Boston College,Northern Illinois,24.0,27.0,-3.0,51.0,-10.0,52.0,10.0,0,0,0,,,11.14387956888512,51.9023771942552,0.6882333082962844,0.6,1.1438795688851204,-0.09762280574479831,2022
401523994,2023,1,TCU,Colorado,42.0,45.0,-3.0,87.0,-20.0,59.0,20.0,0,0,1,,,21.89331583492455,62.156623160957295,0.8586965964401221,0.6,1.8933158349245502,3.1566231609572952,2022
401520179,2023,1,Tennessee,Virginia,49.0,13.0,36.0,62.0,-28.0,58.5,28.0,1,1,1,,,25.993506555670734,56.28641724352834,0.9356489432684868,0.6,-2.0064934443292657,-2.2135827564716593,2022
401520172,2023,1,SMU,Louisiana Tech,38.0,14.0,24.0,52.0,-21.0,66.5,21.0,1,1,0,-1000.0,625.0,22.02167444092035,63.940151384736524,0.9001114934956617,0.6,1.02167444092035,-2.5598486152634763,2022
401520162,2023,1,Michigan,East Carolina,30.0,3.0,27.0,33.0,-34.5,52.0,34.5,1,0,0,,,37.50663477186229,52.59517768790742,0.9875972803138182,0.6,3.006634771862288,0.5951776879074231,2022
401520157,2023,1,Iowa,Utah State,24.0,14.0,10.0,38.0,-24.0,43.5,24.0,1,0,0,-2800.0,1100.0,23.880632087051975,46.707758129114104,0.9151299841150615,0.6,-0.11936791294802518,3.2077581291141044,2022
401520170,2023,1,Purdue,Fresno State,35.0,39.0,-4.0,74.0,-5.5,51.5,5.5,0,0,1,,,7.947989791135994,52.5273618013334,0.6692375066691381,0.6,2.447989791135994,1.0273618013333987,2022
401531387,2023,1,Temple,Akron,24.0,21.0,3.0,45.0,-9.5,55.0,9.5,1,0,0,-420.0,315.0,11.173151310133786,55.34019104898001,0.7398576979014824,0.6,1.673151310133786,0.3401910489800102,2022
401520156,2023,1,Indiana,Ohio State,3.0,23.0,-20.0,26.0,27.5,59.5,-27.5,0,1,0,,,-24.37754033400514,55.01939123605109,0.07376868820413465,0.6,3.1224596659948602,-4.480608763948908,2022
401523997,2023,1,Washington,Boise State,56.0,19.0,37.0,75.0,-14.5,59.0,14.5,1,1,1,,,13.612224111153076,56.089747887014,0.7732535726930232,0.6,-0.8877758888469245,-2.910252112986001,2022
401520180,2023,1,Wisconsin,Buffalo,38.0,17.0,21.0,55.0,-24.0,55.0,24.0,1,0,0,,,24.803539260643106,59.5797656849868,0.9095450267595171,0.6,0.803539260643106,4.579765684986803,2022
401520151,2023,1,Auburn,Massachusetts,59.0,14.0,45.0,73.0,-39.0,53.5,39.0,1,1,1,,,38.60541858639141,52.901949773912186,0.9580996875144182,0.6,-0.39458141360859145,-0.598050226087814,2022
401520181,2023,1,Western Kentucky,South Florida,41.0,24.0,17.0,65.0,-13.0,71.5,13.0,1,1,0,-480.0,350.0,12.171653935567289,69.85465728389352,0.7469064070736489,0.6,-0.8283460644327114,-1.6453427161064837,2022
401525824,2023,1,Texas,Rice,37.0,10.0,27.0,47.0,-35.5,58.5,35.5,1,0,0,,,38.616794775351345,58.375683509828065,0.99,0.6,3.1167947753513445,-0.12431649017193536,2022
401523991,2023,1,North Texas,California,21.0,58.0,-37.0,79.0,9.0,57.5,-9.0,0,0,1,,,-13.31446140573303,58.31000032970786,0.3532501267706154,0.6,-4.314461405733031,0.8100003297078615,2022
401523996,2023,1,USC,Nevada,66.0,14.0,52.0,80.0,-38.0,63.5,38.0,1,1,1,,,41.179411549793436,64.63561405044568,0.9701693557421167,0.6,3.1794115497934357,1.1356140504456818,2022
401525819,2023,1,Houston,UTSA,17.0,14.0,3.0,31.0,0.0,61.0,-0.0,1,1,0,,,-0.923625071537973,60.133805855047896,0.43939285081562174,0.6,-0.923625071537973,-0.8661941449521038,2022
401525817,2023,1,Baylor,Texas State,31.0,42.0,-11.0,73.0,-27.0,59.0,27.0,0,0,1,-5000.0,1300.0,25.893236614947728,62.90854452620832,0.9489763318493998,0.6,-1.1067633850522718,3.908544526208317,2022
401520175,2023,1,UL Monroe,Army,17.0,13.0,4.0,30.0,8.5,47.5,-8.5,1,1,0,240.0,-290.0,-7.506087347913358,52.70406828673147,0.31192974615672175,0.6,0.9939126520866424,5.20406828673147,2022
401523990,2023,1,Colorado State,Washington State,24.0,50.0,-26.0,74.0,8.5,53.5,-8.5,0,0,1,360.0,-500.0,-5.291890977120595,50.96895606596918,0.27868833889791217,0.6,3.2081090228794054,-2.5310439340308193,2022
401520173,2023,1,Texas A&M,New Mexico,52.0,10.0,42.0,62.0,-38.0,49.0,38.0,1,1,1,,,39.451928844018546,50.465801311992976,0.9814045213020264,0.6,1.4519288440185463,1.4658013119929763,2022
401520167,2023,1,North Carolina,South Carolina,31.0,17.0,14.0,48.0,2.5,62.5,-2.5,1,1,0,,,-2.418763044701689,53.97976864966539,0.5112545698131501,0.6,0.08123695529831121,-8.520231350334612,2022
401525825,2023,1,Wyoming,Texas Tech,35.0,33.0,2.0,68.0,13.5,53.5,-13.5,1,1,1,,,-17.15686221529741,55.129197070337064,0.19454031610886585,0.6,-3.6568622152974086,1.6291970703370637,2022
401520155,2023,1,Illinois,Toledo,30.0,28.0,2.0,58.0,-10.0,49.5,10.0,1,0,1,,,7.201564939412961,51.73773088096002,0.7046510742906821,0.6,-2.798435060587039,2.2377308809600223,2022
401520169,2023,1,Penn State,West Virginia,38.0,15.0,23.0,53.0,-20.5,53.5,20.5,1,1,0,,,21.25160875774925,51.27629867597037,0.8619234551103345,0.6,0.7516087577492492,-2.2237013240296335,2022
401520149,2023,1,Alabama,Middle Tennessee,56.0,7.0,49.0,63.0,-39.5,51.5,39.5,1,1,1,,,43.22731819169321,53.251675813500995,0.9797501938671653,0.6,3.7273181916932074,1.751675813500995,2022
401525467,2023,1,Virginia Tech,Old Dominion,36.0,17.0,19.0,53.0,-17.0,47.5,17.0,1,1,1,-750.0,500.0,20.303642667813502,47.84567728280437,0.8233057807434474,0.6,3.3036426678135022,0.3456772828043668,2022
401531347,2023,1,Tulane,South Alabama,37.0,17.0,20.0,54.0,-6.0,51.0,6.0,1,1,1,-250.0,210.0,7.056414801402881,53.552792943218904,0.6550216039689437,0.6,1.0564148014028811,2.552792943218904,2022
401523995,2023,1,UCLA,Coastal Carolina,27.0,13.0,14.0,40.0,-15.5,67.5,15.5,1,0,0,-750.0,500.0,14.726116248433392,65.99785217068799,0.808858394264795,0.6,-0.7738837515666077,-1.5021478293120083,2022
401520171,2023,1,Rutgers,Northwestern,24.0,7.0,17.0,31.0,-7.0,40.5,7.0,1,1,0,,,9.01501793305372,42.39753469492645,0.6579858275008843,0.6,2.01501793305372,1.897534694926449,2022
401532573,2023,1,San José State,Oregon State,17.0,42.0,-25.0,59.0,14.0,56.5,-14.0,0,0,1,600.0,-950.0,-14.245456199291846,62.194151314199644,0.20824666983491608,0.6,-0.24545619929184603,5.694151314199644,2022
401520182,2023,1,Florida State,LSU,45.0,24.0,21.0,69.0,2.5,55.5,-2.5,1,1,1,,,-6.268993515527674,51.03968982449876,0.30410970211962574,0.6,-3.768993515527674,-4.460310175501242,2022
401525468,2023,1,Duke,Clemson,28.0,7.0,21.0,35.0,12.5,57.5,-12.5,1,1,0,,,-13.94812878654512,58.940735416702964,0.25676951302730766,0.6,-1.4481287865451193,1.4407354167029638,2022
401520195,2023,2,Kansas,Illinois,34.0,23.0,11.0,57.0,-4.0,57.5,4.0,1,1,0,-180.0,155.0,1.9110960322314146,59.38167409558383,0.38356880990416325,0.75,-2.0889039677685854,1.8816740955838327,2022
401520216,2023,2,Wake Forest,Vanderbilt,36.0,20.0,16.0,56.0,-9.5,56.5,9.5,1,1,0,-470.0,345.0,7.276328972500293,62.141025198487924,0.6358859664943725,0.75,-2.223671027499707,5.641025198487924,2022
401525498,2023,2,Virginia,James Madison,35.0,36.0,-1.0,71.0,6.0,39.5,-6.0,0,1,1,210.0,-250.0,-6.364386440131751,40.13580087292239,0.4759177268882807,0.75,-0.36438644013175114,0.6358008729223883,2022
401520191,2023,2,Georgia,Ball State,45.0,3.0,42.0,48.0,-42.0,53.0,42.0,1,0,0,,,40.185713708849185,55.50165374686895,0.9784114452202609,0.75,-1.8142862911508146,2.5016537468689535,2022
401520215,2023,2,Virginia Tech,Purdue,17.0,24.0,-7.0,41.0,-1.5,49.0,1.5,0,0,0,-130.0,110.0,5.230094638368415,51.24340196433386,0.7267194779553872,0.75,3.7300946383684153,2.243401964333863,2022
401523999,2023,2,Baylor,Utah,13.0,20.0,-7.0,33.0,7.0,45.5,-7.0,0,0,0,250.0,-300.0,-6.5135666404591515,42.74840824240651,0.3320225265129573,0.75,0.48643335954084854,-2.751591757593488,2022
401525436,2023,2,NC State,Notre Dame,24.0,45.0,-21.0,69.0,7.0,49.0,-7.0,0,0,1,270.0,-340.0,-5.552706716300153,43.124187658916455,0.39903821948006785,0.75,1.4472932836998469,-5.875812341083545,2022
401520188,2023,2,Colorado,Nebraska,36.0,14.0,22.0,50.0,-3.0,56.5,3.0,1,1,0,-150.0,130.0,-0.47649626200796646,53.15401790464264,0.3591990406752176,0.75,-3.4764962620079665,-3.345982095357357,2022
401525829,2023,2,Kansas State,Troy,42.0,13.0,29.0,55.0,-15.0,50.0,15.0,1,1,1,-850.0,550.0,12.131915850185639,49.390921546554345,0.7366618891390412,0.75,-2.8680841498143614,-0.6090784534456546,2022
401520194,2023,2,Iowa State,Iowa,13.0,20.0,-7.0,33.0,3.5,35.5,-3.5,0,0,0,160.0,-185.0,-5.6350600409938005,36.4779874525328,0.47170241053068396,0.75,-2.1350600409938005,0.9779874525328012,2022
401520201,2023,2,Miami,Texas A&M,48.0,33.0,15.0,81.0,2.5,50.0,-2.5,1,1,1,175.0,-210.0,4.612519676077094,49.41559853739488,0.6467412109877132,0.75,7.112519676077094,-0.5844014626051219,2022
401526833,2023,2,Massachusetts,Miami (OH),28.0,41.0,-13.0,69.0,7.0,44.0,-7.0,0,0,1,175.0,-210.0,-10.558610676650442,43.87564332812486,0.2282114047910756,0.75,-3.558610676650442,-0.12435667187514099,2022
401520202,2023,2,Michigan,UNLV,35.0,7.0,28.0,42.0,-37.5,57.5,37.5,1,0,0,,,37.244015215888126,58.029161446869345,0.9859311149531408,0.75,-0.25598478411187386,0.5291614468693453,2022
401520214,2023,2,Tulane,Ole Miss,20.0,37.0,-17.0,57.0,13.0,61.0,-13.0,0,0,0,310.0,-415.0,-16.321746971722106,63.07017400695965,0.40045260916640457,0.75,-3.3217469717221064,2.070174006959647,2022
401520207,2023,2,Northwestern,UTEP,38.0,7.0,31.0,45.0,-1.0,39.5,1.0,1,1,1,-115.0,-105.0,8.744281445887712,40.69492680415493,0.7199774892356107,0.75,7.744281445887712,1.1949268041549317,2022
401525497,2023,2,Syracuse,Western Michigan,48.0,7.0,41.0,55.0,-24.5,56.5,24.5,1,1,0,-1600.0,800.0,24.636022641965226,53.95227090079673,0.8544719644841136,0.75,0.1360226419652264,-2.5477290992032735,2022
401531395,2023,2,UTSA,Texas State,20.0,13.0,7.0,33.0,-14.0,66.5,14.0,1,0,0,,335.0,14.58646909122283,68.02132203929429,0.7635139696491269,0.75,0.5864690912228294,1.52132203929429,2022
401531411,2023,2,East Carolina,Marshall,13.0,31.0,-18.0,44.0,3.0,43.5,-3.0,0,0,1,-105.0,-115.0,-3.774693656958087,42.594352006594086,0.3629470657397723,0.75,-0.7746936569580871,-0.9056479934059141,2022
401520184,2023,2,Arkansas,Kent State,28.0,6.0,22.0,34.0,-38.5,57.5,38.5,1,0,0,,,40.527000133594825,57.379669884568266,0.957291442496419,0.75,2.027000133594825,-0.12033011543173444,2022
401524004,2023,2,Washington,Tulsa,43.0,10.0,33.0,53.0,-34.0,67.0,34.0,1,0,0,,,33.2562266288177,64.57947748029886,0.9513527781321008,0.75,-0.7437733711823,-2.4205225197011373,2022
401525495,2023,2,North Carolina,App State,40.0,34.0,6.0,74.0,-19.5,58.0,19.5,1,0,1,-800.0,525.0,23.053712533663557,60.39747147304948,0.8368638472169753,0.75,3.553712533663557,2.397471473049478,2022
401525830,2023,2,Oklahoma,SMU,28.0,11.0,17.0,39.0,-16.5,68.5,16.5,1,1,0,-950.0,600.0,16.873418638399432,62.02261613434799,0.8223627624417259,0.75,0.373418638399432,-6.477383865652008,2022
401531419,2023,2,Florida Atlantic,Ohio,10.0,17.0,-7.0,27.0,-3.5,62.0,3.5,0,0,0,-200.0,170.0,-1.0338948773941237,51.23674074397572,0.41779410169866327,0.75,-4.533894877394124,-10.763259256024277,2022
401520198,2023,2,Liberty,New Mexico State,33.0,17.0,16.0,50.0,-9.5,54.5,9.5,1,1,0,-550.0,390.0,7.699489922639916,54.12486984681591,0.7087180756607099,0.75,-1.8005100773600837,-0.37513015318408804,2022
401531378,2023,2,Georgia Southern,UAB,49.0,35.0,14.0,84.0,-6.5,63.5,6.5,1,1,1,-230.0,190.0,11.779438482368267,62.79114567592313,0.6497687266340881,0.75,5.279438482368267,-0.7088543240768672,2022
401531842,2023,2,Old Dominion,Louisiana,38.0,31.0,7.0,69.0,6.5,51.0,-6.5,1,1,1,220.0,,-7.860037855498909,44.24541914747525,0.36800824868427345,0.75,-1.3600378554989092,-6.754580852524747,2022
401520189,2023,2,Florida International,North Texas,46.0,39.0,7.0,85.0,10.5,51.5,-10.5,1,1,1,410.0,-585.0,-13.03131216056512,47.839209151153824,0.2599018699545131,0.75,-2.53131216056512,-3.660790848846176,2022
401525496,2023,2,Pittsburgh,Cincinnati,21.0,27.0,-6.0,48.0,-6.5,44.5,6.5,0,0,1,-300.0,250.0,7.175765323263553,47.72315885142968,0.5837898756014672,0.75,0.675765323263553,3.2231588514296803,2022
401520183,2023,2,Alabama,Texas,24.0,34.0,-10.0,58.0,-7.5,53.5,7.5,0,0,1,-300.0,250.0,3.7409530107200126,47.946202246738785,0.7005892323869831,0.75,-3.7590469892799874,-5.553797753261215,2022
401524002,2023,2,Texas Tech,Oregon,30.0,38.0,-8.0,68.0,4.5,68.5,-4.5,0,0,0,205.0,-245.0,0.5414400285441232,67.10786630649767,0.6305227015194945,0.75,5.041440028544123,-1.3921336935023305,2022
401525827,2023,2,Boise State,UCF,16.0,18.0,-2.0,34.0,3.0,58.5,-3.0,0,1,0,135.0,-160.0,-2.26387826398941,54.883728797616556,0.4544596652374035,0.75,0.73612173601059,-3.6162712023834445,2022
401525831,2023,2,Rice,Houston,43.0,41.0,2.0,84.0,7.0,51.0,-7.0,1,1,1,275.0,-350.0,-11.577076212234662,51.789075398483604,0.20831230052485544,0.75,-4.577076212234662,0.7890753984836039,2022
401531427,2023,2,Arkansas State,Memphis,3.0,37.0,-34.0,40.0,21.0,57.5,-21.0,0,0,0,800.0,-1600.0,-19.009279517501096,53.710689366767525,0.16087858103552588,0.75,1.9907204824989044,-3.789310633232475,2022
401520192,2023,2,Georgia State,UConn,35.0,14.0,21.0,49.0,-3.0,54.5,3.0,1,1,0,-160.0,135.0,0.928135311721455,48.913162371930085,0.6880979513687064,0.75,-2.071864688278545,-5.586837628069915,2022
401520206,2023,2,Missouri,Middle Tennessee,23.0,19.0,4.0,42.0,-21.0,47.0,21.0,1,0,0,-1600.0,800.0,20.264953557045633,48.02342452970886,0.8898311749887398,0.75,-0.735046442954367,1.023424529708862,2022
401520200,2023,2,Maryland,Charlotte,38.0,20.0,18.0,58.0,-24.5,50.0,24.5,1,0,1,-3500.0,1100.0,23.880060655022213,50.047158530794945,0.9138936357475071,0.75,-0.6199393449777872,0.047158530794945364,2022
401520210,2023,2,Rutgers,Temple,36.0,7.0,29.0,43.0,-7.5,43.5,7.5,1,1,0,-400.0,300.0,14.858365741555524,45.19979903873492,0.8320940221439233,0.75,7.358365741555524,1.6997990387349233,2022
401520205,2023,2,Mississippi State,Arizona,31.0,24.0,7.0,55.0,-9.0,60.0,9.0,1,0,0,-420.0,315.0,8.977270964236011,51.90774142471019,0.7931378656883215,0.75,-0.022729035763989103,-8.092258575289812,2022
401524001,2023,2,San Diego State,UCLA,10.0,35.0,-25.0,45.0,13.5,49.0,-13.5,0,0,0,400.0,-575.0,-15.242394817231366,51.355213942019326,0.48101989462712597,0.75,-1.7423948172313661,2.3552139420193257,2022
401520204,2023,2,Minnesota,Eastern Michigan,25.0,6.0,19.0,31.0,-19.5,48.0,19.5,1,0,0,-1300.0,725.0,19.081858009904835,49.572953846632,0.8891724890767336,0.75,-0.4181419900951653,1.5729538466319966,2022
401520217,2023,2,Washington State,Wisconsin,31.0,22.0,9.0,53.0,5.5,57.5,-5.5,1,1,0,155.0,-180.0,-4.079257689599602,56.571655592108684,0.5830272107748734,0.75,1.4207423104003976,-0.9283444078913163,2022
401525493,2023,2,Florida State,Southern Miss,66.0,13.0,53.0,79.0,-31.0,54.0,31.0,1,1,1,-10000.0,1600.0,33.89040857873375,53.42989962123004,0.9429418613179162,0.75,2.890408578733748,-0.5701003787699577,2022
401520186,2023,2,California,Auburn,10.0,14.0,-4.0,24.0,5.0,55.5,-5.0,0,1,0,225.0,-275.0,-4.830193261611633,54.127813968403146,0.5164640525515849,0.75,0.1698067383883668,-1.3721860315968541,2022
401524003,2023,2,USC,Stanford,56.0,10.0,46.0,66.0,-28.5,70.0,28.5,1,1,0,-10000.0,1600.0,29.98153502910932,70.60294523340511,0.9330025820109027,0.75,1.4815350291093203,0.6029452334051086,2022
401523998,2023,2,Arizona State,Oklahoma State,15.0,27.0,-12.0,42.0,2.5,53.5,-2.5,0,0,0,145.0,-170.0,-0.8552021561921941,52.886977832494686,0.5311351267741354,0.75,1.644797843807806,-0.6130221675053136,2022
401531428,2023,3,Memphis,Navy,28.0,24.0,4.0,52.0,-12.0,46.5,12.0,1,0,1,-650.0,450.0,11.158369669747024,42.35965357947848,0.8422831228198625,0.9,-0.8416303302529755,-4.140346420521517,2022
401531396,2023,3,UTSA,Army,29.0,37.0,-8.0,66.0,-7.0,41.5,7.0,0,0,1,-285.0,235.0,9.749785199452802,41.77554310625262,0.8140258640415894,0.9,2.749785199452802,0.2755431062526199,2022
401520231,2023,3,Maryland,Virginia,42.0,14.0,28.0,56.0,-16.0,48.0,16.0,1,1,1,-625.0,430.0,16.38970531318474,51.32915408911904,0.8643828871885231,0.9,0.38970531318474144,3.3291540891190365,2022
401532581,2023,3,Air Force,Utah State,39.0,21.0,18.0,60.0,-8.5,45.5,8.5,1,1,1,-380.0,290.0,6.464175857333232,54.44167756155546,0.7088561624611784,0.9,-2.035824142666768,8.941677561555458,2022
401520249,2023,3,Wisconsin,Georgia Southern,35.0,14.0,21.0,49.0,-20.5,65.5,20.5,1,1,0,-900.0,575.0,20.558558079986227,65.55031760240541,0.8725323971922023,0.9,0.058558079986227085,0.050317602405414164,2022
401520235,2023,3,Mississippi State,LSU,14.0,41.0,-27.0,55.0,9.5,54.0,-9.5,0,0,1,300.0,-400.0,-8.992931975101897,52.88608825170574,0.4125487341348173,0.9,0.5070680248981034,-1.1139117482942567,2022
401520236,2023,3,Missouri,Kansas State,30.0,27.0,3.0,57.0,3.5,49.0,-3.5,1,1,1,190.0,-230.0,-3.639156199674784,46.18601714325673,0.44085257172295617,0.9,-0.1391561996747841,-2.813982856743273,2022
401525504,2023,3,Old Dominion,Wake Forest,24.0,27.0,-3.0,51.0,14.0,61.0,-14.0,0,1,0,475.0,-700.0,-13.606775424619656,59.70903285826208,0.25952685553321003,0.9,0.3932245753803443,-1.290967141737923,2022
401520226,2023,3,Illinois,Penn State,13.0,30.0,-17.0,43.0,14.0,47.5,-14.0,0,0,0,475.0,-700.0,-21.668412336602128,47.706389921206494,0.17711208418361205,0.9,-7.6684123366021275,0.2063899212064939,2022
401525838,2023,3,Ohio,Iowa State,10.0,7.0,3.0,17.0,2.5,41.5,-2.5,1,1,0,110.0,-130.0,-7.741733332521312,43.24001627317882,0.26646086989017137,0.9,-5.241733332521312,1.7400162731788171,2022
401520222,2023,3,Buffalo,Liberty,27.0,55.0,-28.0,82.0,3.0,54.0,-3.0,0,0,1,150.0,-175.0,-4.710449954300079,57.80622812656841,0.5256047829664846,0.9,-1.7104499543000786,3.8062281265684135,2022
401525500,2023,3,Boston College,Florida State,29.0,31.0,-2.0,60.0,25.0,47.5,-25.0,0,1,1,1600.0,-10000.0,-22.619642906120124,49.88281756427897,0.09259780183244243,0.9,2.3803570938798764,2.382817564278973,2022
401520230,2023,3,Indiana,Louisville,14.0,21.0,-7.0,35.0,10.0,50.0,-10.0,0,1,0,280.0,-360.0,-19.050817292842147,50.594560846181196,0.19581169142126487,0.9,-9.050817292842147,0.5945608461811958,2022
401526834,2023,3,Eastern Michigan,Massachusetts,19.0,17.0,2.0,36.0,-8.0,49.5,8.0,1,0,0,-410.0,305.0,8.189327672712468,49.293407377275805,0.7294677316965578,0.9,0.18932767271246753,-0.20659262272419454,2022
401525437,2023,3,Notre Dame,Central Michigan,41.0,17.0,24.0,58.0,-35.0,51.0,35.0,1,0,1,,,43.57238225816184,49.97744628909146,0.984620296981803,0.9,8.572382258161838,-1.0225537109085394,2022
401520246,2023,3,UConn,Florida International,17.0,24.0,-7.0,41.0,-7.0,44.0,7.0,0,0,0,-410.0,305.0,7.122084586140172,43.5031358108051,0.6904827144671125,0.9,0.12208458614017204,-0.49686418919490194,2022
401520244,2023,3,South Florida,Alabama,3.0,17.0,-14.0,20.0,34.5,60.5,-34.5,0,1,0,2500.0,-20000.0,-38.90655856508427,62.33548281996123,0.05599316957094259,0.9,-4.406558565084268,1.8354828199612285,2022
401520225,2023,3,Georgia,South Carolina,24.0,14.0,10.0,38.0,-26.5,53.5,26.5,1,0,0,-7000.0,1300.0,19.57765468210815,51.05499363265903,0.9223800198131347,0.9,-6.92234531789185,-2.445006367340973,2022
401520223,2023,3,Duke,Northwestern,38.0,14.0,24.0,52.0,-17.0,48.0,17.0,1,1,1,-1200.0,700.0,14.269955626801842,48.00898624657725,0.7211727833683428,0.9,-2.730044373198158,0.008986246577251222,2022
401524009,2023,3,Oregon State,San Diego State,26.0,9.0,17.0,35.0,-24.5,48.5,24.5,1,0,0,-2500.0,1000.0,22.148592359479903,47.37828118195677,0.8937855787886866,0.9,-2.3514076405200974,-1.1217188180432274,2022
401520227,2023,3,Iowa,Western Michigan,41.0,10.0,31.0,51.0,-28.5,43.0,28.5,1,1,1,-6500.0,1300.0,26.552535143408704,39.874471483818674,0.9552992434173253,0.9,-1.9474648565912958,-3.125528516181326,2022
401531412,2023,3,App State,East Carolina,43.0,28.0,15.0,71.0,-7.5,48.0,7.5,1,1,1,-370.0,285.0,10.89431086017995,46.496112245112556,0.8393767222529894,0.9,3.3943108601799494,-1.5038877548874439,2022
401520239,2023,3,North Carolina,Minnesota,31.0,13.0,18.0,44.0,-7.0,52.0,7.0,1,1,0,-285.0,235.0,8.355516176548045,52.331035032352524,0.6338026093616992,0.9,1.3555161765480452,0.3310350323525242,2022
401520243,2023,3,Rutgers,Virginia Tech,35.0,16.0,19.0,51.0,-6.5,37.5,6.5,1,1,1,-185.0,160.0,13.192067610454803,36.03665859681479,0.7271649400627788,0.9,6.692067610454803,-1.4633414031852112,2022
401525842,2023,3,Tulsa,Oklahoma,17.0,66.0,-49.0,83.0,28.0,59.0,-28.0,0,0,1,1200.0,-5000.0,-31.749975173320053,60.24481024286764,0.05199424363431894,0.9,-3.7499751733200526,1.2448102428676435,2022
401531348,2023,3,Southern Miss,Tulane,3.0,21.0,-18.0,24.0,7.5,47.5,-7.5,0,0,0,360.0,-500.0,-10.358426610076783,48.14727751573728,0.2003141901207212,0.9,-2.8584266100767834,0.6472775157372794,2022
401520240,2023,3,Ohio State,Western Kentucky,63.0,10.0,53.0,73.0,-29.5,64.5,29.5,1,1,1,-6500.0,1300.0,34.707707994471846,61.21886248982407,0.9789710334969496,0.9,5.207707994471846,-3.281137510175931,2022
401520245,2023,3,Texas A&M,UL Monroe,47.0,3.0,44.0,50.0,-36.5,53.5,36.5,1,1,0,-20000.0,2500.0,39.43594619233085,51.01382753294278,0.9850711639229308,0.9,2.935946192330853,-2.486172467057223,2022
401520233,2023,3,Michigan State,Washington,7.0,41.0,-34.0,48.0,15.0,57.5,-15.0,0,0,0,500.0,-750.0,-13.94687127415999,52.657667272158236,0.31775858697374554,0.9,1.0531287258400095,-4.8423327278417645,2022
401531403,2023,3,Charlotte,Georgia State,25.0,41.0,-16.0,66.0,6.0,52.0,-6.0,0,0,1,205.0,-245.0,-2.984917988951858,51.692808641486,0.3258899054401508,0.9,3.015082011048142,-0.3071913585139967,2022
401532403,2023,3,Toledo,San José State,21.0,17.0,4.0,38.0,-9.0,56.5,9.0,1,0,0,-300.0,250.0,9.543216359104012,52.56113846061703,0.7039062686695199,0.9,0.5432163591040116,-3.9388615393829696,2022
401520229,2023,3,Louisiana Tech,North Texas,37.0,40.0,-3.0,77.0,-4.5,66.5,4.5,0,0,1,-180.0,155.0,4.961493882879761,64.04043203874635,0.5772474510194922,0.9,0.46149388287976123,-2.4595679612536543,2022
401520237,2023,3,Nebraska,Northern Illinois,35.0,11.0,24.0,46.0,-11.5,43.0,11.5,1,1,1,-500.0,360.0,10.431820199600038,42.457987345242806,0.7207861984374946,0.9,-1.068179800399962,-0.542012654757194,2022
401525839,2023,3,Oklahoma State,South Alabama,7.0,33.0,-26.0,40.0,-7.0,49.0,7.0,0,0,0,-290.0,240.0,7.99085113076695,47.32523349170818,0.655059754897608,0.9,0.9908511307669503,-1.6747665082918175,2022
401531848,2023,3,Troy,James Madison,14.0,16.0,-2.0,30.0,-2.5,46.0,2.5,0,0,0,-125.0,105.0,6.023370485091048,45.053577169553506,0.7442683333492064,0.9,3.523370485091048,-0.9464228304464939,2022
401520247,2023,3,UNLV,Vanderbilt,40.0,37.0,3.0,77.0,4.5,57.0,-4.5,1,1,1,175.0,-210.0,-3.545203647396331,53.09974692181208,0.4660033095660653,0.9,0.9547963526036689,-3.900253078187923,2022
401520224,2023,3,Florida,Tennessee,29.0,16.0,13.0,45.0,5.0,56.0,-5.0,1,1,0,215.0,-260.0,-16.51896459815221,55.12513036422928,0.2366572611818445,0.9,-11.518964598152209,-0.8748696357707217,2022
401525835,2023,3,Cincinnati,Miami (OH),24.0,31.0,-7.0,55.0,-14.0,44.0,14.0,0,0,1,-625.0,430.0,15.184518783471688,41.235539339733954,0.8450701358102184,0.9,1.1845187834716882,-2.764460660266046,2022
401531379,2023,3,UAB,Louisiana,21.0,41.0,-20.0,62.0,-2.0,59.0,2.0,0,0,1,-130.0,100.0,-0.2706600611263501,65.46787702486166,0.5350095125077453,0.9,-2.27066006112635,6.467877024861664,2022
401525503,2023,3,West Virginia,Pittsburgh,17.0,6.0,11.0,23.0,-2.5,47.5,2.5,1,1,0,105.0,-125.0,6.167138153610641,46.18900197870223,0.6272479404043281,0.9,3.667138153610641,-1.3109980212977703,2022
401520241,2023,3,Ole Miss,Georgia Tech,48.0,23.0,25.0,71.0,-17.0,61.5,17.0,1,1,1,-1400.0,750.0,19.579626231913473,61.70749100137914,0.8571264710883032,0.9,2.5796262319134726,0.20749100137913956,2022
401520228,2023,3,Kentucky,Akron,35.0,3.0,32.0,38.0,-25.5,48.5,25.5,1,1,0,-3500.0,1100.0,26.574837411047046,50.18117893702232,0.9501634861605592,0.9,1.0748374110470458,1.6811789370223167,2022
401520220,2023,3,Arkansas,BYU,31.0,38.0,-7.0,69.0,-7.5,47.5,7.5,0,0,1,-390.0,295.0,8.733481405617626,41.29176224928658,0.7462220649094943,0.9,1.233481405617626,-6.2082377507134225,2022
401520242,2023,3,Purdue,Syracuse,20.0,35.0,-15.0,55.0,1.0,56.5,-1.0,0,0,0,120.0,-140.0,-2.541671422009772,55.82067663165508,0.5395539220606329,0.9,-1.541671422009772,-0.6793233683449174,2022
401520232,2023,3,Michigan,Bowling Green,31.0,6.0,25.0,37.0,-41.0,53.5,41.0,1,0,0,,,44.07547183363954,57.773445897947965,0.99,0.9,3.07547183363954,4.2734458979479655,2022
401520238,2023,3,New Mexico,New Mexico State,17.0,27.0,-10.0,44.0,-3.0,52.5,3.0,0,0,0,-110.0,-110.0,2.6147080147807173,51.222981958735865,0.3335898135826108,0.9,-0.38529198521928265,-1.2770180412641352,2022
401524008,2023,3,Oregon,Hawai'i,55.0,10.0,45.0,65.0,-38.0,68.0,38.0,1,1,0,,,41.32989643580177,66.45665008733272,0.9839269715133476,0.9,3.3298964358017713,-1.5433499126672814,2022
401525501,2023,3,Clemson,Florida Atlantic,48.0,14.0,34.0,62.0,-25.0,51.5,25.0,1,1,1,-2500.0,1050.0,26.89670860570328,52.08390315547793,0.9583257663507039,0.9,1.8967086057032816,0.5839031554779268,2022
401525836,2023,3,Houston,TCU,13.0,36.0,-23.0,49.0,7.0,64.0,-7.0,0,0,0,260.0,-320.0,-7.218073168411317,60.54549526233803,0.30712552003680876,0.9,-0.2180731684113173,-3.4545047376619706,2022
401525840,2023,3,Texas,Wyoming,31.0,10.0,21.0,41.0,-31.0,48.5,31.0,1,0,0,-10000.0,1600.0,35.21266484793364,48.377669398373186,0.9559352309088464,0.9,4.212664847933638,-0.12233060162681397,2022
401524007,2023,3,Colorado,Colorado State,43.0,35.0,8.0,78.0,-24.0,63.5,24.0,1,0,1,-2200.0,1000.0,30.31344572205928,57.560251340242495,0.8943689786291177,0.9,6.3134457220592815,-5.939748659757505,2022
401524005,2023,3,Arizona State,Fresno State,0.0,29.0,-29.0,29.0,3.5,48.0,-3.5,0,0,0,145.0,-170.0,0.9094420566386381,47.58979582367509,0.5840497198209601,0.9,4.409442056638638,-0.41020417632491046,2022
401525837,2023,3,Nevada,Kansas,24.0,31.0,-7.0,55.0,28.5,58.0,-28.5,0,1,0,,,-27.94332150744709,51.09262576359709,0.09486084014350805,0.9,0.5566784925529085,-6.907374236402909,2022
401520219,2023,3,Arizona,UTEP,31.0,10.0,21.0,41.0,-18.5,57.5,18.5,1,1,0,-950.0,600.0,21.781534547595328,57.81717129556527,0.9017280016502327,0.9,3.281534547595328,0.3171712955652666,2022
401531849,2023,4,Coastal Carolina,Georgia State,17.0,30.0,-13.0,47.0,-6.5,63.0,6.5,0,0,0,-240.0,200.0,4.534138397951927,60.34899818460223,0.4985269527893582,1.0,-1.965861602048073,-2.6510018153977697,2022
401520266,2023,4,Purdue,Wisconsin,17.0,38.0,-21.0,55.0,6.0,54.0,-6.0,0,0,1,220.0,-270.0,-10.43881969436449,55.404513833387334,0.20387547779662077,1.0,-4.43881969436449,1.404513833387334,2022
401525505,2023,4,Virginia,NC State,21.0,24.0,-3.0,45.0,8.0,47.0,-8.0,0,1,0,285.0,-370.0,-14.445246351883043,51.244015264112356,0.17931591306587924,1.0,-6.445246351883043,4.244015264112356,2022
401532583,2023,4,San Diego State,Boise State,31.0,34.0,-3.0,65.0,4.5,47.5,-4.5,0,1,1,225.0,-275.0,-7.564852339087795,46.776646015017235,0.3877609613003925,1.0,-3.0648523390877953,-0.723353984982765,2022
401532584,2023,4,San José State,Air Force,20.0,45.0,-25.0,65.0,6.5,45.0,-6.5,0,0,1,160.0,-185.0,-1.0309658121891312,52.72100511855787,0.5582085448410273,1.0,5.469034187810869,7.721005118557869,2022
401520271,2023,4,Troy,Western Kentucky,27.0,24.0,3.0,51.0,-3.5,57.0,3.5,1,0,0,-150.0,130.0,6.128598968540673,59.02321695379181,0.769571277676921,1.0,2.6285989685406728,2.0232169537918097,2022
401525845,2023,4,Cincinnati,Oklahoma,6.0,20.0,-14.0,26.0,14.0,57.0,-14.0,0,0,0,375.0,-525.0,-19.590958540800116,50.14120947982002,0.13233253438261344,1.0,-5.590958540800116,-6.85879052017998,2022
401520260,2023,4,Michigan,Rutgers,31.0,7.0,24.0,38.0,-23.5,43.0,23.5,1,1,0,-2800.0,1100.0,22.12353430586327,43.733020815470866,0.8845818916386042,1.0,-1.37646569413673,0.7330208154708657,2022
401525849,2023,4,TCU,SMU,34.0,17.0,17.0,51.0,-7.0,63.0,7.0,1,1,0,-230.0,190.0,4.339678427172757,58.577272773771426,0.7081401780101846,1.0,-2.660321572827243,-4.422727226228574,2022
401525507,2023,4,Clemson,Florida State,24.0,31.0,-7.0,55.0,2.0,55.0,-2.0,0,0,0,105.0,-125.0,-2.3984640200428577,52.428356706951625,0.4451164471678044,1.0,-0.39846402004285775,-2.571643293048375,2022
401525511,2023,4,Marshall,Virginia Tech,24.0,17.0,7.0,41.0,-6.0,41.5,6.0,1,1,0,-300.0,250.0,-2.002845776515551,43.90224054729802,0.5080328863622404,1.0,-8.002845776515551,2.402240547298021,2022
401520274,2023,4,Vanderbilt,Kentucky,28.0,45.0,-17.0,73.0,13.0,50.0,-13.0,0,0,1,400.0,-575.0,-11.184749487213525,50.76993268883281,0.2288214197956522,1.0,1.8152505127864753,0.7699326888328102,2022
401520268,2023,4,Syracuse,Army,29.0,16.0,13.0,45.0,-13.0,50.5,13.0,1,0,0,-550.0,390.0,14.122095429399055,45.63561831390475,0.7905165182501653,1.0,1.1220954293990548,-4.86438168609525,2022
401520270,2023,4,Texas A&M,Auburn,27.0,10.0,17.0,37.0,-9.0,51.5,9.0,1,1,0,-275.0,225.0,6.133247788441109,52.07540729990088,0.5441824003694958,1.0,-2.8667522115588913,0.5754072999008812,2022
401531338,2023,4,Northern Illinois,Tulsa,14.0,22.0,-8.0,36.0,-4.0,54.5,4.0,0,0,0,-175.0,150.0,7.449552486841965,52.45535708843961,0.7942132226028605,1.0,3.4495524868419647,-2.0446429115603877,2022
401532406,2023,4,Toledo,Western Michigan,49.0,31.0,18.0,80.0,-21.5,52.0,21.5,1,0,1,-1200.0,700.0,24.81063307184588,52.81894912639343,0.8981422908682435,1.0,3.3106330718458814,0.8189491263934272,2022
401531871,2023,4,Ball State,Georgia Southern,3.0,40.0,-37.0,43.0,6.0,61.5,-6.0,0,0,0,225.0,-275.0,-13.3710289971147,63.185296271168355,0.35400931613010195,1.0,-7.371028997114699,1.6852962711683546,2022
401520261,2023,4,Michigan State,Maryland,9.0,31.0,-22.0,40.0,7.5,52.5,-7.5,0,0,0,180.0,-220.0,-7.976005689453607,51.01802953763844,0.42708130882739526,1.0,-0.4760056894536069,-1.4819704623615593,2022
401524015,2023,4,Oregon,Colorado,42.0,6.0,36.0,48.0,-21.0,70.0,21.0,1,1,0,-1200.0,700.0,26.89381777850644,73.80835710458719,0.9107983051244194,1.0,5.893817778506438,3.808357104587188,2022
401525506,2023,4,Louisville,Boston College,56.0,28.0,28.0,84.0,-13.5,53.5,13.5,1,1,1,-625.0,430.0,15.723692103221813,59.55554947582856,0.872111685197019,1.0,2.223692103221813,6.055549475828563,2022
401524017,2023,4,Utah,UCLA,14.0,7.0,7.0,21.0,-3.0,51.0,3.0,1,1,0,-240.0,200.0,3.475989383175018,47.729592109631575,0.5783864486630563,1.0,0.47598938317501815,-3.270407890368425,2022
401525847,2023,4,Kansas,BYU,38.0,27.0,11.0,65.0,-9.5,54.5,9.5,1,1,1,-320.0,260.0,11.994541657505927,45.612109304905914,0.7298496393739875,1.0,2.494541657505927,-8.887890695094086,2022
401520272,2023,4,UConn,Duke,7.0,41.0,-34.0,48.0,22.0,45.0,-22.0,0,0,1,850.0,-1800.0,-30.619707255065844,46.56039338236689,0.037165570288535836,1.0,-8.619707255065844,1.5603933823668896,2022
401525850,2023,4,West Virginia,Texas Tech,20.0,13.0,7.0,33.0,5.5,54.5,-5.5,1,1,0,170.0,-200.0,-1.995571420237673,57.00478717374282,0.7022033100289399,1.0,3.504428579762327,2.5047871737428196,2022
401526835,2023,4,Massachusetts,New Mexico,31.0,34.0,-3.0,65.0,-3.5,48.5,3.5,0,0,1,-130.0,110.0,10.916792345365042,46.49434367580915,0.7227397486693807,1.0,7.416792345365042,-2.005656324190852,2022
401532405,2023,4,Bowling Green,Ohio,7.0,38.0,-31.0,45.0,13.0,45.0,-13.0,0,0,0,280.0,-360.0,-10.182586369745687,37.35136847329268,0.4007090320643791,1.0,2.817413630254313,-7.6486315267073195,2022
401525509,2023,4,Temple,Miami,7.0,41.0,-34.0,48.0,23.5,46.0,-23.5,0,0,1,1100.0,-3300.0,-24.37228010715793,44.01373474596493,0.15668976531095627,1.0,-0.8722801071579305,-1.986265254035068,2022
401520250,2023,4,Alabama,Ole Miss,24.0,10.0,14.0,34.0,-7.0,55.5,7.0,1,1,0,-260.0,215.0,6.965878393931261,51.60500244703015,0.7119903382323205,1.0,-0.03412160606873904,-3.8949975529698477,2022
401520263,2023,4,Nebraska,Louisiana Tech,28.0,14.0,14.0,42.0,-21.0,45.0,21.0,1,0,0,-1000.0,625.0,23.97099271820022,47.737314958483445,0.9240193822619471,1.0,2.9709927182002183,2.737314958483445,2022
401520255,2023,4,Illinois,Florida Atlantic,23.0,17.0,6.0,40.0,-16.5,45.5,16.5,1,0,0,-585.0,410.0,10.622750822366864,50.013005516165165,0.8333104693234018,1.0,-5.877249177633136,4.513005516165165,2022
401520269,2023,4,Tennessee,UTSA,45.0,14.0,31.0,59.0,-24.5,59.5,24.5,1,1,0,-1400.0,750.0,25.234524147124745,56.31116178784697,0.8928094596211363,1.0,0.7345241471247448,-3.18883821215303,2022
401525846,2023,4,Iowa State,Oklahoma State,34.0,27.0,7.0,61.0,-3.5,36.0,3.5,1,1,1,-150.0,130.0,5.806573578648463,38.341183521137054,0.7170119648847083,1.0,2.3065735786484627,2.3411835211370544,2022
401531423,2023,4,South Florida,Rice,42.0,29.0,13.0,71.0,2.5,57.5,-2.5,1,1,1,105.0,-125.0,-0.13556591602056223,52.465998483740385,0.5892673840831775,1.0,2.3644340839794378,-5.034001516259615,2022
401531876,2023,4,South Alabama,Central Michigan,30.0,34.0,-4.0,64.0,-16.0,47.5,16.0,0,0,1,-700.0,475.0,24.02136423137291,43.636182658856285,0.9303473778644189,1.0,8.02136423137291,-3.863817341143715,2022
401525508,2023,4,Wake Forest,Georgia Tech,16.0,30.0,-14.0,46.0,-3.5,58.5,3.5,0,0,0,-240.0,200.0,3.6354239209308883,65.83521236147301,0.592077225869319,1.0,0.1354239209308883,7.335212361473012,2022
401520275,2023,4,Florida International,Liberty,6.0,38.0,-32.0,44.0,10.0,52.0,-10.0,0,0,0,305.0,-410.0,-11.571778446239644,55.28492871190471,0.4101095872950742,1.0,-1.5717784462396445,3.284928711904712,2022
401520258,2023,4,LSU,Arkansas,34.0,31.0,3.0,65.0,-18.0,56.0,18.0,1,0,1,-950.0,600.0,17.790626990088974,47.8862676110541,0.8366258794354418,1.0,-0.20937300991102603,-8.113732388945898,2022
401520251,2023,4,Florida,Charlotte,22.0,7.0,15.0,29.0,-27.5,48.5,27.5,1,0,0,-6500.0,1300.0,29.832520726158094,47.13773477670608,0.9718370669168371,1.0,2.3325207261580942,-1.3622652232939174,2022
401520262,2023,4,Middle Tennessee,Colorado State,23.0,31.0,-8.0,54.0,-4.0,50.0,4.0,0,0,1,-130.0,110.0,-2.595872392212243,50.93885791696587,0.5019361327302231,1.0,-6.595872392212243,0.9388579169658726,2022
401531877,2023,4,Texas State,Nevada,35.0,24.0,11.0,59.0,-17.0,59.5,17.0,1,0,0,-800.0,525.0,13.830483024601808,64.94447203794783,0.7350880602069163,1.0,-3.169516975398192,5.444472037947833,2022
401531874,2023,4,Arkansas State,Southern Miss,44.0,37.0,7.0,81.0,7.0,46.5,-7.0,1,1,1,190.0,-230.0,-10.552512405543997,44.05139223010531,0.23925957457902464,1.0,-3.5525124055439967,-2.448607769894693,2022
401524019,2023,4,Washington State,Oregon State,38.0,35.0,3.0,73.0,3.0,58.0,-3.0,1,1,1,110.0,-130.0,-7.8519084858276305,58.2331031632025,0.43994734426799986,1.0,-4.8519084858276305,0.23310316320250024,2022
401524016,2023,4,Stanford,Arizona,20.0,21.0,-1.0,41.0,13.0,59.5,-13.0,0,1,0,290.0,-380.0,-13.375125893350969,56.01177666580964,0.22871398778224722,1.0,-0.3751258933509689,-3.4882233341903586,2022
401531870,2023,4,Wyoming,App State,22.0,19.0,3.0,41.0,-3.0,45.0,3.0,1,0,0,-130.0,110.0,1.9806310780487906,44.43597072792977,0.5085387396980645,1.0,-1.0193689219512094,-0.5640292720702291,2022
401520267,2023,4,South Carolina,Mississippi State,37.0,30.0,7.0,67.0,-6.0,47.0,6.0,1,1,1,-210.0,175.0,9.971071338145897,53.82479379578951,0.6645029108747554,1.0,3.9710713381458973,6.82479379578951,2022
401520264,2023,4,Northwestern,Minnesota,37.0,34.0,3.0,71.0,10.5,39.5,-10.5,1,1,1,350.0,-480.0,-10.085447692025566,38.664149892976525,0.527317326009409,1.0,0.414552307974434,-0.8358501070234752,2022
401531875,2023,4,Louisiana,Buffalo,45.0,38.0,7.0,83.0,-10.5,57.5,10.5,1,0,1,-340.0,270.0,10.759098119842049,60.196491400694384,0.889217149339502,1.0,0.259098119842049,2.6964914006943843,2022
401520265,2023,4,Penn State,Iowa,31.0,0.0,31.0,31.0,-14.0,38.0,14.0,1,1,0,-575.0,400.0,15.891933873416232,35.9570957903078,0.7482388428983523,1.0,1.8919338734162316,-2.042904209692203,2022
401520259,2023,4,Missouri,Memphis,34.0,27.0,7.0,61.0,-6.5,52.5,6.5,1,1,1,-275.0,225.0,5.384983600119745,50.24927653041641,0.638142126186777,1.0,-1.115016399880255,-2.2507234695835905,2022
401521330,2023,4,Notre Dame,Ohio State,14.0,17.0,-3.0,31.0,3.0,55.5,-3.0,0,0,0,130.0,-150.0,-2.422490922509629,55.00588540672945,0.3854789660634086,1.0,0.5775090774903711,-0.4941145932705524,2022
401525844,2023,4,Baylor,Texas,6.0,38.0,-32.0,44.0,17.5,49.5,-17.5,0,0,0,425.0,-600.0,-23.518452910705307,55.89856473799872,0.1244028938764806,1.0,-6.018452910705307,6.3985647379987185,2022
401520252,2023,4,Georgia,UAB,49.0,21.0,28.0,70.0,-41.0,57.0,41.0,1,0,1,,,42.8946986018922,60.4334707758478,0.9844730159205715,1.0,1.8946986018922019,3.433470775847802,2022
401520256,2023,4,Indiana,Akron,29.0,27.0,2.0,56.0,-16.5,46.0,16.5,1,0,1,-900.0,575.0,19.598852697345855,45.10067780494923,0.9315359806662524,1.0,3.098852697345855,-0.8993221950507717,2022
401525510,2023,4,Pittsburgh,North Carolina,24.0,41.0,-17.0,65.0,7.0,49.5,-7.0,0,0,1,200.0,-240.0,-10.176210562424846,44.99818969489984,0.3877308112775968,1.0,-3.1762105624248456,-4.5018103051001574,2022
401525848,2023,4,Kansas State,UCF,44.0,31.0,13.0,75.0,-6.5,52.5,6.5,1,1,1,-260.0,215.0,6.531429234333762,52.85538456353539,0.7626054817094686,1.0,0.031429234333762324,0.35538456353538805,2022
401531872,2023,4,Utah State,James Madison,38.0,45.0,-7.0,83.0,5.0,52.5,-5.0,0,0,1,190.0,-230.0,-8.97082379962587,54.30446066096556,0.4858416821607435,1.0,-3.9708237996258706,1.8044606609655602,2022
401520273,2023,4,UTEP,UNLV,28.0,45.0,-17.0,73.0,-2.0,49.5,2.0,0,0,1,120.0,-140.0,-1.495322457674848,48.69803242445431,0.2679010454472227,1.0,-3.495322457674848,-0.8019675755456888,2022
401532407,2023,4,Fresno State,Kent State,53.0,10.0,43.0,63.0,-27.0,47.0,27.0,1,1,1,-5000.0,1300.0,23.135984788608496,50.335714959635574,0.9487472430219939,1.0,-3.8640152113915036,3.335714959635574,2022
401524018,2023,4,Washington,California,59.0,32.0,27.0,91.0,-20.0,55.5,20.0,1,1,1,-1500.0,775.0,18.77432016070902,55.308143149183834,0.8916813456685222,1.0,-1.2256798392909793,-0.19185685081616555,2022
401524014,2023,4,Arizona State,USC,28.0,42.0,-14.0,70.0,34.0,62.0,-34.0,0,1,1,,,-27.770670736464087,64.79606717257495,0.15155002784842556,1.0,6.229329263535913,2.7960671725749506,2022
401520253,2023,4,Hawai'i,New Mexico State,20.0,17.0,3.0,37.0,-4.0,55.0,4.0,1,0,0,-140.0,120.0,13.14083706276819,55.326253860638616,0.625425754622859,1.0,9.14083706276819,0.32625386063861583,2022
401520277,2023,5,Western Kentucky,Middle Tennessee,31.0,10.0,21.0,41.0,-5.5,60.0,5.5,1,1,0,-225.0,185.0,5.575236872204794,60.624538802193946,0.6272334757976341,1.0,0.07523687220479403,0.6245388021939462,2022
401531339,2023,5,Tulsa,Temple,48.0,26.0,22.0,74.0,-3.5,54.5,3.5,1,1,1,-170.0,145.0,2.1181869712831256,56.22270106377519,0.54618281765517,1.0,-1.3818130287168744,1.7227010637751903,2022
401525512,2023,5,NC State,Louisville,10.0,13.0,-3.0,23.0,3.0,55.5,-3.0,0,0,0,145.0,-170.0,-0.9019770954888391,58.3560373952222,0.32694290154143124,1.0,2.098022904511161,2.8560373952222022,2022
401520278,2023,5,UTEP,Louisiana Tech,10.0,24.0,-14.0,34.0,1.0,52.5,-1.0,0,0,0,-110.0,-110.0,-2.7868199096360575,56.965659932120225,0.3826324252947901,1.0,-1.7868199096360575,4.465659932120225,2022
401524020,2023,5,Oregon State,Utah,21.0,7.0,14.0,28.0,-3.0,44.5,3.0,1,1,0,-150.0,130.0,3.6826313013153733,41.047418814478505,0.4733884206369684,1.0,0.6826313013153733,-3.4525811855214954,2022
401525851,2023,5,BYU,Cincinnati,35.0,27.0,8.0,62.0,-2.5,48.0,2.5,1,1,1,-135.0,115.0,10.988502515962042,46.30424398106653,0.7155962682354262,1.0,8.488502515962042,-1.6957560189334728,2022
401520292,2023,5,UConn,Utah State,33.0,34.0,-1.0,67.0,4.5,51.0,-4.5,0,1,1,165.0,-195.0,-5.80246262971201,50.42392961162973,0.41636795715554775,1.0,-1.3024626297120099,-0.5760703883702689,2022
401520287,2023,5,Northwestern,Penn State,13.0,41.0,-28.0,54.0,25.5,46.0,-25.5,0,0,1,1100.0,-3300.0,-20.572688860529915,47.009811607296605,0.222588217518802,1.0,4.927311139470085,1.009811607296605,2022
401531880,2023,5,James Madison,South Alabama,31.0,23.0,8.0,54.0,-3.5,52.0,3.5,1,1,1,-165.0,140.0,6.678236276678691,55.839685772537585,0.48271293658209,1.0,3.1782362766786907,3.8396857725375853,2022
401531370,2023,5,Tulane,UAB,35.0,23.0,12.0,58.0,-22.0,57.0,22.0,1,0,1,-1400.0,750.0,19.177253138414716,57.774729548381764,0.8902121414293599,1.0,-2.8227468615852835,0.7747295483817638,2022
401520282,2023,5,Kentucky,Florida,33.0,14.0,19.0,47.0,-2.5,46.5,2.5,1,1,1,-140.0,120.0,11.235127597747855,45.37687987306547,0.8098864186595434,1.0,8.735127597747855,-1.1231201269345306,2022
401525514,2023,5,Syracuse,Clemson,14.0,31.0,-17.0,45.0,7.0,53.5,-7.0,0,0,0,220.0,-270.0,-3.2990078134112886,51.65994542025266,0.5644851168187448,1.0,3.7009921865887114,-1.8400545797473384,2022
401524023,2023,5,Colorado,USC,41.0,48.0,-7.0,89.0,21.5,74.5,-21.5,0,1,1,750.0,-1400.0,-14.454869822815706,68.37511057570674,0.09830068291128177,1.0,7.045130177184294,-6.124889424293258,2022
401520279,2023,5,Arkansas,Texas A&M,22.0,34.0,-12.0,56.0,6.5,54.5,-6.5,0,0,1,210.0,-250.0,-8.70846234350603,53.434798802760334,0.44551934105226876,1.0,-2.2084623435060298,-1.0652011972396664,2022
401532412,2023,5,Akron,Buffalo,10.0,13.0,-3.0,23.0,-2.5,55.5,2.5,0,0,0,-140.0,120.0,-0.24109865924234697,53.6404606179032,0.4784958000574928,1.0,-2.741098659242347,-1.8595393820967985,2022
401520284,2023,5,Minnesota,Louisiana,35.0,24.0,11.0,59.0,-10.0,47.5,10.0,1,1,1,,,11.33639016880835,50.315917071051345,0.8598792658923473,1.0,1.3363901688083502,2.815917071051345,2022
401532410,2023,5,Central Michigan,Eastern Michigan,26.0,23.0,3.0,49.0,-7.5,47.5,7.5,1,0,1,-300.0,250.0,4.592080443369841,44.65333500735414,0.38779673861725195,1.0,-2.9079195566301594,-2.846664992645863,2022
401525513,2023,5,Boston College,Virginia,27.0,24.0,3.0,51.0,-3.0,55.0,3.0,1,0,0,-160.0,135.0,7.329171758314331,53.435139548872684,0.7268855322000015,1.0,4.329171758314331,-1.5648604511273163,2022
401532413,2023,5,Kent State,Miami (OH),3.0,23.0,-20.0,26.0,14.5,49.5,-14.5,0,0,0,430.0,-625.0,-13.693438523944835,44.17330458775119,0.19302386945835776,1.0,0.8065614760551654,-5.32669541224881,2022
401524022,2023,5,California,Arizona State,24.0,21.0,3.0,45.0,-11.5,49.5,11.5,1,0,0,-440.0,330.0,16.22483096506702,44.69427126305301,0.8245078119993275,1.0,4.724830965067021,-4.805728736946989,2022
401520280,2023,5,Auburn,Georgia,20.0,27.0,-7.0,47.0,14.5,47.0,-14.5,0,1,0,475.0,-700.0,-14.60801113118376,48.25359395116925,0.16171291851294145,1.0,-0.10801113118376016,1.2535939511692504,2022
401525854,2023,5,Texas,Kansas,40.0,14.0,26.0,54.0,-17.0,63.0,17.0,1,1,0,-800.0,525.0,19.499213660737563,64.68242286951833,0.9180640002973898,1.0,2.4992136607375635,1.6824228695183336,2022
401520289,2023,5,Purdue,Illinois,44.0,19.0,25.0,63.0,-1.0,53.0,1.0,1,1,1,-115.0,-105.0,-2.408752029364262,53.672518196684535,0.5746437270747818,1.0,-3.408752029364262,0.6725181966845355,2022
401525855,2023,5,Texas Tech,Houston,49.0,28.0,21.0,77.0,-10.0,51.5,10.0,1,1,1,-390.0,295.0,9.75586446481527,52.61788037669585,0.6731127660909809,1.0,-0.2441355351847303,1.117880376695851,2022
401526836,2023,5,Massachusetts,Arkansas State,28.0,52.0,-24.0,80.0,-1.5,55.0,1.5,0,0,1,-120.0,100.0,-0.900047501882931,53.101447165841996,0.5211367233557278,1.0,-2.400047501882931,-1.8985528341580036,2022
401525515,2023,5,Georgia Tech,Bowling Green,27.0,38.0,-11.0,65.0,-22.5,52.5,22.5,0,0,1,-1200.0,700.0,21.52211469776025,51.09727193928059,0.8958325466512354,1.0,-0.9778853022397485,-1.4027280607194115,2022
401525856,2023,5,UCF,Baylor,35.0,36.0,-1.0,71.0,-11.5,56.0,11.5,0,0,1,-450.0,335.0,15.380738111072073,61.91195525359195,0.8650684672076191,1.0,3.8807381110720733,5.911955253591948,2022
401531424,2023,5,Navy,South Florida,30.0,44.0,-14.0,74.0,-4.0,54.5,4.0,0,0,1,-185.0,160.0,1.842145877482107,62.13164269968392,0.6079467934326399,1.0,-2.157854122517893,7.631642699683923,2022
401532409,2023,5,Western Michigan,Ball State,42.0,24.0,18.0,66.0,-1.0,52.0,1.0,1,1,1,-115.0,-105.0,2.760604451063684,51.152973590589404,0.5882977672502245,1.0,1.760604451063684,-0.8470264094105957,2022
401531881,2023,5,Marshall,Old Dominion,41.0,35.0,6.0,76.0,-14.0,47.0,14.0,1,0,1,-585.0,410.0,12.990988022493738,49.34233591084101,0.811655343559629,1.0,-1.0090119775062618,2.3423359108410082,2022
401520283,2023,5,Maryland,Indiana,44.0,17.0,27.0,61.0,-14.0,50.0,14.0,1,1,1,-625.0,430.0,18.20805612393884,48.585313360635126,0.843403062852895,1.0,4.208056123938839,-1.4146866393648736,2022
401520286,2023,5,Nebraska,Michigan,7.0,45.0,-38.0,52.0,17.5,40.0,-17.5,0,0,1,575.0,-900.0,-20.793080872953965,36.30865485408535,0.11524739175015007,1.0,-3.293080872953965,-3.691345145914653,2022
401532411,2023,5,Toledo,Northern Illinois,35.0,33.0,2.0,68.0,-13.5,50.0,13.5,1,0,1,-525.0,375.0,14.378091071665251,47.712318655711165,0.8051948201100434,1.0,0.878091071665251,-2.287681344288835,2022
401532586,2023,5,UNLV,Hawai'i,44.0,20.0,24.0,64.0,-11.0,59.0,11.0,1,1,1,-440.0,330.0,6.579504564070295,56.32230823942438,0.7875772871339681,1.0,-4.420495435929705,-2.6776917605756196,2022
401532588,2023,5,Wyoming,New Mexico,35.0,26.0,9.0,61.0,-14.0,41.0,14.0,1,0,1,,,18.317948312362333,42.63488808723389,0.8840693173897325,1.0,4.317948312362333,1.6348880872338896,2022
401531429,2023,5,Memphis,Boise State,35.0,32.0,3.0,67.0,-3.5,59.5,3.5,1,0,1,-170.0,145.0,3.6046461794218625,55.295424000693416,0.6675354926754248,1.0,0.1046461794218625,-4.204575999306584,2022
401520293,2023,5,Vanderbilt,Missouri,21.0,38.0,-17.0,59.0,13.5,56.0,-13.5,0,0,1,390.0,-550.0,-18.297797741445216,58.09529804355516,0.14217188811923498,1.0,-4.7977977414452155,2.095298043555161,2022
401520288,2023,5,Ole Miss,LSU,55.0,49.0,6.0,104.0,3.0,65.5,-3.0,1,1,1,130.0,-150.0,-4.638664646979445,68.45650864536394,0.2808217468718006,1.0,-1.6386646469794446,2.9565086453639395,2022
401524024,2023,5,Stanford,Oregon,6.0,42.0,-36.0,48.0,27.0,61.0,-27.0,0,0,0,1200.0,-4000.0,-32.552039810549545,57.65884464280109,0.04366179797761874,1.0,-5.5520398105495445,-3.3411553571989074,2022
401525852,2023,5,Oklahoma,Iowa State,50.0,20.0,30.0,70.0,-20.0,48.5,20.0,1,1,1,-1300.0,725.0,19.620713148892445,50.036047647805994,0.9324908685892688,1.0,-0.37928685110755467,1.5360476478059937,2022
401531414,2023,5,Rice,East Carolina,24.0,17.0,7.0,41.0,-3.0,48.5,3.0,1,1,0,-145.0,125.0,-3.0430721809969032,43.35598046872728,0.28718250259734757,1.0,-6.043072180996903,-5.144019531272718,2022
401531879,2023,5,Georgia State,Troy,7.0,28.0,-21.0,35.0,-1.0,51.5,1.0,0,0,0,-115.0,-105.0,-5.223030747934742,48.89713261364683,0.44274101369007346,1.0,-6.223030747934742,-2.602867386353168,2022
401531883,2023,5,Southern Miss,Texas State,36.0,50.0,-14.0,86.0,7.0,60.5,-7.0,0,0,1,215.0,-260.0,-4.3551337561365715,64.3729657863101,0.5536917416121117,1.0,2.6448662438634285,3.872965786310104,2022
401531878,2023,5,Georgia Southern,Coastal Carolina,38.0,28.0,10.0,66.0,-6.0,62.0,6.0,1,1,1,-230.0,190.0,7.52865792009639,59.88208351512229,0.5957559780670189,1.0,1.5286579200963901,-2.1179164848777106,2022
401520291,2023,5,Tennessee,South Carolina,41.0,20.0,21.0,61.0,-13.0,63.0,13.0,1,1,0,-490.0,355.0,16.09040943987463,59.033132982370944,0.872178201363654,1.0,3.0904094398746302,-3.966867017629056,2022
401531404,2023,5,SMU,Charlotte,34.0,16.0,18.0,50.0,-23.5,56.0,23.5,1,0,0,-1800.0,850.0,24.63758324377115,54.41284740318352,0.9582862786061104,1.0,1.1375832437711502,-1.5871525968164804,2022
401520281,2023,5,Iowa,Michigan State,26.0,16.0,10.0,42.0,-12.0,36.5,12.0,1,0,1,-470.0,345.0,12.869062561828642,36.294441069811526,0.5658190600489872,1.0,0.8690625618286418,-0.2055589301884737,2022
401525438,2023,5,Duke,Notre Dame,14.0,21.0,-7.0,35.0,5.5,52.5,-5.5,0,0,0,180.0,-220.0,-9.770170537917991,46.6186054830754,0.4072722190204403,1.0,-4.270170537917991,-5.881394516924601,2022
401531882,2023,5,UL Monroe,App State,40.0,41.0,-1.0,81.0,13.5,53.0,-13.5,0,1,1,390.0,-550.0,-15.723133576048205,57.76670216788201,0.11730477681856573,1.0,-2.2231335760482054,4.766702167882009,2022
401525516,2023,5,Virginia Tech,Pittsburgh,38.0,21.0,17.0,59.0,2.5,40.0,-2.5,1,1,1,110.0,-130.0,-0.1916434521005277,41.316398987472056,0.6303948977369519,1.0,2.3083565478994723,1.3163989874720556,2022
401525853,2023,5,TCU,West Virginia,21.0,24.0,-3.0,45.0,-11.0,51.0,11.0,0,0,0,-435.0,325.0,9.033423193025262,44.0559012010273,0.8413010390947036,1.0,-1.9665768069747376,-6.944098798972703,2022
401532589,2023,5,Air Force,San Diego State,49.0,10.0,39.0,59.0,-11.0,44.0,11.0,1,1,1,-430.0,320.0,13.8549638678038,49.76737498713877,0.8674464921737014,1.0,2.8549638678038,5.767374987138773,2022
401520285,2023,5,Mississippi State,Alabama,17.0,40.0,-23.0,57.0,14.0,46.5,-14.0,0,0,1,430.0,-625.0,-21.549994353902054,48.412176901140406,0.11314748241726728,1.0,-7.549994353902054,1.9121769011404055,2022
401524021,2023,5,Arizona,Washington,24.0,31.0,-7.0,55.0,17.5,68.5,-17.5,0,1,0,575.0,-900.0,-16.1114313360464,65.4004000371843,0.18610800122897944,1.0,1.388568663953599,-3.0995999628157023,2022
401532587,2023,5,Fresno State,Nevada,27.0,9.0,18.0,36.0,-24.5,53.0,24.5,1,0,0,-2200.0,1000.0,21.698510915377508,59.60731282317076,0.8955831557176002,1.0,-2.8014890846224922,6.6073128231707585,2022
401520297,2023,6,New Mexico State,Florida International,34.0,17.0,17.0,51.0,-6.5,49.5,6.5,1,1,1,-235.0,195.0,8.34617662086258,49.68064568367849,0.7583285240992095,1.0,1.8461766208625807,0.18064568367849176,2022
401520295,2023,6,Louisiana Tech,Western Kentucky,28.0,35.0,-7.0,63.0,6.0,59.0,-6.0,0,0,1,185.0,-225.0,-7.167227571010699,57.77778186854315,0.2682353282975954,1.0,-1.1672275710106987,-1.2222181314568488,2022
401525857,2023,6,Oklahoma State,Kansas State,29.0,21.0,8.0,50.0,11.5,54.0,-11.5,1,1,0,340.0,-460.0,-8.677916517393589,57.15284516794493,0.23872707713874636,1.0,2.822083482606411,3.152845167944932,2022
401520301,2023,6,Illinois,Nebraska,7.0,20.0,-13.0,27.0,-3.0,41.5,3.0,0,0,0,-170.0,145.0,2.556917479106734,47.64092134795591,0.5579361772996285,1.0,-0.44308252089326583,6.14092134795591,2022
401520307,2023,6,Ohio State,Maryland,37.0,17.0,20.0,54.0,-17.0,57.0,17.0,1,1,0,-1200.0,700.0,18.2228227110773,51.657480054506834,0.8306375804694714,1.0,1.2228227110772991,-5.342519945493166,2022
401520304,2023,6,Mississippi State,Western Michigan,41.0,28.0,13.0,69.0,-21.0,55.0,21.0,1,0,1,-1500.0,775.0,23.032268384465905,51.564879910400236,0.9057323124276483,1.0,2.0322683844659046,-3.4351200895997636,2022
401525861,2023,6,Texas,Oklahoma,30.0,34.0,-4.0,64.0,-4.0,61.5,4.0,0,0,1,-230.0,190.0,7.745656838747654,54.67060207265707,0.6703677116434998,1.0,3.745656838747654,-6.8293979273429315,2022
401520305,2023,6,Missouri,LSU,39.0,49.0,-10.0,88.0,6.5,63.5,-6.5,0,0,1,165.0,-195.0,-1.0032903238810524,60.800728627035184,0.40044421330810215,1.0,5.496709676118948,-2.699271372964816,2022
401526837,2023,6,Massachusetts,Toledo,24.0,41.0,-17.0,65.0,19.0,55.5,-19.0,0,1,1,650.0,-1100.0,-13.44822305637439,62.34006523321359,0.3639284119617931,1.0,5.55177694362561,6.840065233213593,2022
401520311,2023,6,Wisconsin,Rutgers,24.0,13.0,11.0,37.0,-13.0,44.0,13.0,1,0,0,-525.0,375.0,14.853681861526121,46.234525817364904,0.830578664936305,1.0,1.8536818615261215,2.2345258173649043,2022
401520298,2023,6,Army,Boston College,24.0,27.0,-3.0,51.0,-2.0,47.0,2.0,0,0,1,-145.0,125.0,4.550079696761446,53.32718139024494,0.7019223694507023,1.0,2.550079696761446,6.327181390244938,2022
401532415,2023,6,Buffalo,Central Michigan,37.0,13.0,24.0,50.0,2.5,52.0,-2.5,1,1,0,125.0,-145.0,-0.7068975392292969,52.25294204221744,0.7041902768940417,1.0,1.7931024607707031,0.2529420422174411,2022
401531389,2023,6,Temple,UTSA,34.0,49.0,-15.0,83.0,14.0,56.5,-14.0,0,0,1,425.0,-600.0,-13.819379211545305,61.95136707636339,0.2627470739832861,1.0,0.18062078845469465,5.45136707636339,2022
401525521,2023,6,NC State,Marshall,48.0,41.0,7.0,89.0,-6.5,44.0,6.5,1,1,1,-250.0,210.0,13.186046598902557,48.19462620619484,0.7994461979935298,1.0,6.686046598902557,4.19462620619484,2022
401524028,2023,6,UCLA,Washington State,25.0,17.0,8.0,42.0,-3.5,59.5,3.5,1,1,0,-150.0,130.0,2.842782683197612,59.02599560539045,0.6149466350417101,1.0,-0.657217316802388,-0.4740043946095511,2022
401532418,2023,6,Akron,Northern Illinois,14.0,55.0,-41.0,69.0,4.0,42.5,-4.0,0,0,1,160.0,-185.0,-9.3860214240554,45.0913796502509,0.259596285247344,1.0,-5.3860214240554,2.5913796502509,2022
401525517,2023,6,Clemson,Wake Forest,17.0,12.0,5.0,29.0,-21.0,53.0,21.0,1,0,0,-1500.0,775.0,22.22398985641666,51.010106996529366,0.9087123315386791,1.0,1.2239898564166616,-1.989893003470634,2022
401532416,2023,6,Miami (OH),Bowling Green,27.0,0.0,27.0,27.0,-7.5,43.0,7.5,1,1,0,-410.0,305.0,6.9552737396627355,40.965731125433635,0.7286319915754612,1.0,-0.5447262603372645,-2.034268874566365,2022
401531884,2023,6,Louisiana,Texas State,34.0,30.0,4.0,64.0,-1.0,66.5,1.0,1,1,0,-135.0,115.0,6.795304012605255,67.89674222729462,0.7971964699897355,1.0,5.795304012605255,1.3967422272946237,2022
401532414,2023,6,Eastern Michigan,Ball State,24.0,10.0,14.0,34.0,-2.0,43.5,2.0,1,1,0,-130.0,110.0,0.11689941290849792,45.93493551129833,0.4105021319267733,1.0,-1.883100587091502,2.4349355112983275,2022
401520302,2023,6,Iowa,Purdue,20.0,14.0,6.0,34.0,-2.0,38.5,2.0,1,1,0,-130.0,110.0,-3.6904541688597474,37.13927895837229,0.5237277313673511,1.0,-5.690454168859747,-1.3607210416277127,2022
401520310,2023,6,Texas A&M,Alabama,20.0,26.0,-6.0,46.0,2.5,45.5,-2.5,0,0,1,-105.0,-115.0,4.390498630819309,52.61037938575998,0.634059579027231,1.0,6.890498630819309,7.110379385759977,2022
401532417,2023,6,Ohio,Kent State,42.0,17.0,25.0,59.0,-24.0,45.5,24.0,1,1,1,-4000.0,1200.0,25.0302890920011,50.327343429369584,0.9327371435116841,1.0,1.0302890920011016,4.827343429369584,2022
401531433,2023,6,Navy,North Texas,27.0,24.0,3.0,51.0,-6.5,60.0,6.5,1,0,0,-240.0,200.0,6.68229464457856,70.18230752050457,0.5883190660309137,1.0,0.18229464457856004,10.182307520504565,2022
401525518,2023,6,Florida State,Virginia Tech,39.0,17.0,22.0,56.0,-24.0,52.5,24.0,1,0,1,-2800.0,1100.0,24.559489241841746,56.2225287757164,0.9008930285454602,1.0,0.5594892418417459,3.7225287757163983,2022
401525520,2023,6,North Carolina,Syracuse,40.0,7.0,33.0,47.0,-9.0,59.0,9.0,1,1,0,-370.0,285.0,12.369865162154664,61.43657126964186,0.8081863029127536,1.0,3.369865162154664,2.4365712696418598,2022
401531380,2023,6,UAB,South Florida,56.0,35.0,21.0,91.0,3.0,67.5,-3.0,1,1,1,145.0,-170.0,-1.4281519026064893,65.95868898448425,0.703267918144848,1.0,1.5718480973935107,-1.5413110155157455,2022
401520299,2023,6,Florida,Vanderbilt,38.0,14.0,24.0,52.0,-18.5,51.0,18.5,1,1,1,-1000.0,625.0,14.219202657674792,48.05345633280682,0.7735380242704417,1.0,-4.280797342325208,-2.9465436671931826,2022
401525860,2023,6,Kansas,UCF,51.0,22.0,29.0,73.0,2.0,64.5,-2.0,1,1,1,105.0,-125.0,0.825752945573377,60.54250209673311,0.5443283105429161,1.0,2.825752945573377,-3.9574979032668907,2022
401531887,2023,6,Troy,Arkansas State,37.0,3.0,34.0,40.0,-15.5,52.5,15.5,1,1,0,-800.0,525.0,15.328259612571447,55.146963955500034,0.8797409905558127,1.0,-0.17174038742855302,2.646963955500034,2022
401520309,2023,6,Rice,UConn,31.0,38.0,-7.0,69.0,-10.0,47.5,10.0,0,0,1,-380.0,290.0,4.147955531604902,50.27425931916279,0.6900163490354165,1.0,-5.852044468395098,2.7742593191627876,2022
401531340,2023,6,Florida Atlantic,Tulsa,20.0,17.0,3.0,37.0,-2.5,54.5,2.5,1,1,0,-150.0,130.0,6.165768511665789,50.12873268492149,0.6286931989176558,1.0,3.6657685116657888,-4.371267315078512,2022
401524026,2023,6,Arizona State,Colorado,24.0,27.0,-3.0,51.0,3.0,58.5,-3.0,0,0,0,150.0,-175.0,-1.670250907477506,66.69990247070339,0.7104273890164208,1.0,1.329749092522494,8.199902470703393,2022
401531886,2023,6,Southern Miss,Old Dominion,13.0,17.0,-4.0,30.0,-3.0,56.5,3.0,0,0,0,-125.0,105.0,6.961641900423978,57.02436909880302,0.6670650026246452,1.0,3.9616419004239782,0.524369098803021,2022
401531885,2023,6,UL Monroe,South Alabama,7.0,55.0,-48.0,62.0,11.0,50.5,-11.0,0,0,1,315.0,-420.0,-17.281679115111405,51.787021846864164,0.18051126326221867,1.0,-6.281679115111405,1.2870218468641639,2022
401520300,2023,6,Georgia,Kentucky,51.0,13.0,38.0,64.0,-14.5,46.5,14.5,1,1,1,-675.0,460.0,8.556585274329505,45.05057178799736,0.8059517579615763,1.0,-5.943414725670495,-1.449428212002637,2022
401520308,2023,6,Ole Miss,Arkansas,27.0,20.0,7.0,47.0,-13.5,62.0,13.5,1,0,0,-460.0,340.0,12.350455719764716,60.71013358249637,0.6506684012587441,1.0,-1.1495442802352844,-1.2898664175036316,2022
401520303,2023,6,Minnesota,Michigan,10.0,52.0,-42.0,62.0,18.5,46.0,-18.5,0,0,1,750.0,-1400.0,-23.625689563510527,47.20029798072847,0.09050818987117712,1.0,-5.125689563510527,1.2002979807284717,2022
401525439,2023,6,Louisville,Notre Dame,33.0,20.0,13.0,53.0,6.0,54.5,-6.0,1,1,0,200.0,-240.0,-8.59118945713554,54.76007751496379,0.37524386005266147,1.0,-2.59118945713554,0.2600775149637897,2022
401532592,2023,6,Boise State,San José State,35.0,27.0,8.0,62.0,-7.5,57.0,7.5,1,1,1,-350.0,275.0,13.295901091773384,50.31183152808471,0.7932084832667008,1.0,5.795901091773384,-6.68816847191529,2022
401525858,2023,6,Baylor,Texas Tech,14.0,39.0,-25.0,53.0,2.5,59.5,-2.5,0,0,0,100.0,-120.0,-10.818205725401363,63.92992603090075,0.2379349027154219,1.0,-8.318205725401363,4.429926030900752,2022
401525519,2023,6,Miami,Georgia Tech,20.0,23.0,-3.0,43.0,-19.0,57.0,19.0,0,0,0,-1300.0,725.0,18.84566258074642,55.39830612218038,0.8425770058612861,1.0,-0.15433741925357936,-1.6016938778196206,2022
401532591,2023,6,Wyoming,Fresno State,24.0,19.0,5.0,43.0,6.0,42.5,-6.0,1,1,1,180.0,-220.0,0.09549226939492339,43.64917911467646,0.4602054692181629,1.0,6.095492269394923,1.149179114676457,2022
401532590,2023,6,Utah State,Colorado State,44.0,24.0,20.0,68.0,3.0,62.0,-3.0,1,1,1,125.0,-145.0,-0.5314734236750525,60.98762212882296,0.40473275809540776,1.0,2.4685265763249475,-1.012377871177037,2022
401525859,2023,6,Iowa State,TCU,27.0,14.0,13.0,41.0,6.5,52.5,-6.5,1,1,0,210.0,-250.0,-5.599052362560328,47.97193643936546,0.518812191424733,1.0,0.9009476374396721,-4.528063560634543,2022
401524027,2023,6,California,Oregon State,40.0,52.0,-12.0,92.0,7.5,51.0,-7.5,0,0,1,275.0,-350.0,-8.016475432788232,49.21252577454626,0.4694183579062498,1.0,-0.5164754327882317,-1.7874742254537423,2022
401524025,2023,6,USC,Arizona,43.0,41.0,2.0,84.0,-21.0,69.5,21.0,1,0,1,-1900.0,900.0,18.833552967234766,61.41577800847463,0.906575165934989,1.0,-2.166447032765234,-8.084221991525368,2022
401520313,2023,7,Middle Tennessee,Louisiana Tech,31.0,23.0,8.0,54.0,-3.0,54.0,3.0,1,1,0,-150.0,130.0,5.196681978738256,47.4284893636295,0.6313497695059955,1.0,2.1966819787382557,-6.571510636370498,2022
401531888,2023,7,App State,Coastal Carolina,24.0,27.0,-3.0,51.0,-4.5,59.0,4.5,0,0,0,-225.0,185.0,8.492505091274136,62.60874770315209,0.6224499417003313,1.0,3.992505091274136,3.6087477031520905,2022
401520314,2023,7,Florida International,UTEP,14.0,27.0,-13.0,41.0,-3.5,43.0,3.5,0,0,0,-105.0,-115.0,0.27668861472873285,41.3325013945237,0.5287015246070685,1.0,-3.223311385271267,-1.6674986054762968,2022
401525862,2023,7,Houston,West Virginia,41.0,39.0,2.0,80.0,3.0,49.5,-3.0,1,1,1,120.0,-140.0,-4.842350322968562,49.778956433546306,0.4478256911793407,1.0,-1.8423503229685618,0.2789564335463055,2022
401531415,2023,7,East Carolina,SMU,10.0,31.0,-21.0,41.0,11.5,48.5,-11.5,0,0,0,330.0,-440.0,-14.230007241348703,44.5856068286639,0.336184704400187,1.0,-2.7300072413487033,-3.9143931713361013,2022
401531371,2023,7,Memphis,Tulane,21.0,31.0,-10.0,52.0,4.5,54.5,-4.5,0,0,0,135.0,-160.0,-8.444708944047232,50.51476687235644,0.4914757620280335,1.0,-3.944708944047232,-3.9852331276435606,2022
401532594,2023,7,Utah State,Fresno State,32.0,37.0,-5.0,69.0,5.5,55.5,-5.5,0,1,1,215.0,-260.0,-6.358106660863541,56.154306016568185,0.33211267996705934,1.0,-0.858106660863541,0.6543060165681851,2022
401524029,2023,7,Colorado,Stanford,43.0,46.0,-3.0,89.0,-13.0,59.0,13.0,0,0,1,-460.0,340.0,17.449485499437042,59.304889063327906,0.7985719392106695,1.0,4.449485499437042,0.3048890633279058,2022
401520324,2023,7,Rutgers,Michigan State,27.0,24.0,3.0,51.0,-4.5,40.0,4.5,1,0,1,-220.0,180.0,-0.45179477082538355,40.42329090431075,0.3573148843580479,1.0,-4.9517947708253836,0.4232909043107469,2022
401520327,2023,7,Vanderbilt,Georgia,20.0,37.0,-17.0,57.0,32.5,55.0,-32.5,0,1,1,2500.0,-20000.0,-25.205900234015502,65.88630206047817,0.07094044392349344,1.0,7.294099765984498,10.886302060478172,2022
401532422,2023,7,Eastern Michigan,Kent State,28.0,14.0,14.0,42.0,-7.5,40.0,7.5,1,1,1,-400.0,300.0,6.502382912769868,35.61977066316413,0.8019687359942099,1.0,-0.9976170872301324,-4.380229336835868,2022
401520323,2023,7,Purdue,Ohio State,7.0,41.0,-34.0,48.0,17.5,53.0,-17.5,0,0,0,700.0,-1200.0,-26.308589606497474,58.717017819605935,0.01458661968259898,1.0,-8.808589606497474,5.717017819605935,2022
401531890,2023,7,James Madison,Georgia Southern,41.0,13.0,28.0,54.0,-6.0,59.5,6.0,1,1,0,-175.0,150.0,8.394391272478256,62.3321240171435,0.5926613174356821,1.0,2.3943912724782557,2.8321240171434994,2022
401525524,2023,7,Florida State,Syracuse,41.0,3.0,38.0,44.0,-19.5,53.0,19.5,1,1,0,-900.0,575.0,21.80064435546712,54.81229335642378,0.9604023020083887,1.0,2.3006443554671208,1.8122933564237798,2022
401520321,2023,7,Michigan,Indiana,52.0,7.0,45.0,59.0,-33.5,45.5,33.5,1,1,1,,,33.48180180944675,40.54142421483152,0.9690397125401705,1.0,-0.01819819055324956,-4.9585757851684775,2022
401531390,2023,7,North Texas,Temple,45.0,14.0,31.0,59.0,-6.0,68.0,6.0,1,1,0,-270.0,220.0,8.057639990650054,73.82551569859751,0.7629957920347467,1.0,2.0576399906500544,5.825515698597513,2022
401520316,2023,7,Alabama,Arkansas,24.0,21.0,3.0,45.0,-19.5,45.5,19.5,1,0,0,-1200.0,700.0,22.33892802724113,41.456665672284075,0.9134441644212272,1.0,2.8389280272411312,-4.043334327715925,2022
401525863,2023,7,Cincinnati,Iowa State,10.0,30.0,-20.0,40.0,-5.0,43.0,5.0,0,0,0,-185.0,160.0,3.98218180920989,41.88066546055191,0.32675762647219836,1.0,-1.01781819079011,-1.11933453944809,2022
401531405,2023,7,Charlotte,Navy,0.0,14.0,-14.0,14.0,3.0,44.5,-3.0,0,0,0,135.0,-160.0,-10.837466950665814,41.46263770596486,0.22687292168807563,1.0,-7.837466950665814,-3.037362294035141,2022
401532419,2023,7,Ball State,Toledo,6.0,13.0,-7.0,19.0,17.5,48.0,-17.5,0,1,0,525.0,-800.0,-17.48073680163153,49.3279406100675,0.11888340061315526,1.0,0.01926319836847057,1.3279406100675004,2022
401524033,2023,7,Utah,California,34.0,14.0,20.0,48.0,-9.0,42.5,9.0,1,1,1,-525.0,375.0,8.134087227118766,41.05313486133343,0.62890149227293,1.0,-0.8659127728812344,-1.446865138666567,2022
401525865,2023,7,TCU,BYU,44.0,11.0,33.0,55.0,-5.0,53.5,5.0,1,1,1,-210.0,175.0,7.873228013165916,49.594190817037614,0.7828204820088067,1.0,2.8732280131659156,-3.905809182962386,2022
401525864,2023,7,Oklahoma State,Kansas,39.0,32.0,7.0,71.0,3.0,53.5,-3.0,1,1,1,150.0,-175.0,-7.254518269600584,55.72233398758438,0.2786888829893231,1.0,-4.254518269600584,2.2223339875843777,2022
401520320,2023,7,Maryland,Illinois,24.0,27.0,-3.0,51.0,-13.0,52.0,13.0,0,0,0,-600.0,425.0,13.077036931405713,50.72151803979429,0.8257933041462249,1.0,0.0770369314057131,-1.2784819602057098,2022
401520317,2023,7,Army,Troy,0.0,19.0,-19.0,19.0,6.5,42.0,-6.5,0,0,0,170.0,-200.0,-3.0762307962560063,52.96471160903015,0.562627412252805,1.0,3.4237692037439937,10.964711609030147,2022
401531420,2023,7,South Florida,Florida Atlantic,14.0,56.0,-42.0,70.0,-2.5,61.5,2.5,0,0,1,-140.0,120.0,2.9093819941758152,63.96979046132588,0.5461845185952636,1.0,0.4093819941758152,2.4697904613258785,2022
401532420,2023,7,Central Michigan,Akron,17.0,10.0,7.0,27.0,-10.5,44.0,10.5,1,0,0,-470.0,345.0,5.2410564672055395,40.35536629898802,0.5877004325112225,1.0,-5.2589435327944605,-3.6446337010119834,2022
401525527,2023,7,Virginia Tech,Wake Forest,30.0,13.0,17.0,43.0,-1.5,48.5,1.5,1,1,0,-120.0,100.0,3.8526093989396704,44.42825832949241,0.6996375012478435,1.0,2.3526093989396704,-4.071741670507592,2022
401520325,2023,7,South Carolina,Florida,39.0,41.0,-2.0,80.0,1.0,50.0,-1.0,0,0,1,-125.0,105.0,2.1896942103855523,59.757566602994316,0.5586988802186575,1.0,3.1896942103855523,9.757566602994316,2022
401524034,2023,7,Washington,Oregon,36.0,33.0,3.0,69.0,-3.5,67.0,3.5,1,0,1,-150.0,130.0,6.28612728616536,56.91089465957665,0.5220533684145409,1.0,2.7861272861653603,-10.089105340423352,2022
401520322,2023,7,Penn State,Massachusetts,63.0,0.0,63.0,63.0,-42.0,54.5,42.0,1,1,1,,,37.41234612732125,50.3454969536846,0.9629950431749283,1.0,-4.58765387267875,-4.154503046315398,2022
401532423,2023,7,Western Michigan,Miami (OH),21.0,34.0,-13.0,55.0,7.5,44.5,-7.5,0,0,1,260.0,-320.0,-7.097117351601703,42.93133574202823,0.23361329909528442,1.0,0.4028826483982968,-1.5686642579717684,2022
401520326,2023,7,Tennessee,Texas A&M,20.0,13.0,7.0,33.0,-3.0,54.0,3.0,1,1,0,-160.0,135.0,3.988219759890536,59.570104121244455,0.6765462698268931,1.0,0.9882197598905358,5.570104121244455,2022
401532421,2023,7,Buffalo,Bowling Green,14.0,24.0,-10.0,38.0,-3.0,44.5,3.0,0,0,0,-220.0,180.0,0.5918785298353089,45.80993739754558,0.6533279941949678,1.0,-2.408121470164691,1.309937397545582,2022
401520328,2023,7,Wisconsin,Iowa,6.0,15.0,-9.0,21.0,-8.0,33.5,8.0,0,0,0,-380.0,290.0,5.887825086721023,30.633203673407742,0.6471976230783079,1.0,-2.1121749132789773,-2.866796326592258,2022
401532424,2023,7,Northern Illinois,Ohio,23.0,13.0,10.0,36.0,5.5,45.0,-5.5,1,1,0,220.0,-270.0,-3.95032521141794,35.208592838142096,0.5814140752591208,1.0,1.54967478858206,-9.791407161857904,2022
401532597,2023,7,Nevada,UNLV,27.0,45.0,-18.0,72.0,7.5,51.5,-7.5,0,0,1,290.0,-380.0,-7.497572582141914,45.97323393161345,0.2717423298287953,1.0,0.0024274178580858674,-5.52676606838655,2022
401532596,2023,7,New Mexico,San José State,24.0,52.0,-28.0,76.0,6.0,54.5,-6.0,0,0,1,255.0,-310.0,-6.537213037407407,54.28230679071858,0.3294738885300518,1.0,-0.5372130374074073,-0.21769320928142122,2022
401525525,2023,7,Pittsburgh,Louisville,38.0,21.0,17.0,59.0,7.0,45.0,-7.0,1,1,1,260.0,-320.0,-10.768812818963376,50.127733711795045,0.21765426098398513,1.0,-3.768812818963376,5.127733711795045,2022
401532598,2023,7,Air Force,Wyoming,34.0,27.0,7.0,61.0,-13.0,41.0,13.0,1,0,1,-415.0,310.0,7.503871821610899,45.976691288565846,0.6827683037314923,1.0,-5.496128178389101,4.976691288565846,2022
401531889,2023,7,Georgia State,Marshall,41.0,24.0,17.0,65.0,-1.5,54.5,1.5,1,1,1,-105.0,-115.0,6.223744264854763,57.880984415914135,0.5785614890034799,1.0,4.723744264854763,3.380984415914135,2022
401525866,2023,7,Texas Tech,Kansas State,21.0,38.0,-17.0,59.0,-1.0,57.5,1.0,0,0,1,-115.0,-105.0,-1.1179357339673044,57.33433977110049,0.460649761342081,1.0,-2.1179357339673044,-0.1656602288995117,2022
401520319,2023,7,LSU,Auburn,48.0,18.0,30.0,66.0,-11.0,60.0,11.0,1,1,1,-440.0,330.0,7.830720677522925,53.14337836198149,0.6829372596656965,1.0,-3.169279322477075,-6.85662163801851,2022
401524030,2023,7,Washington State,Arizona,6.0,44.0,-38.0,50.0,-8.0,56.5,8.0,0,0,0,-300.0,250.0,8.752262478397395,50.02489081094163,0.7392654078564368,1.0,0.7522624783973946,-6.475109189058372,2022
401531891,2023,7,Texas State,UL Monroe,21.0,20.0,1.0,41.0,-19.0,64.5,19.0,1,0,0,-800.0,525.0,25.642444946355997,60.82671736371955,0.945917623341733,1.0,6.642444946355997,-3.6732826362804474,2022
401524031,2023,7,Notre Dame,USC,48.0,20.0,28.0,68.0,-3.0,61.0,3.0,1,1,1,-125.0,105.0,4.9592164309559745,61.7310192798079,0.6214022461962969,1.0,1.9592164309559745,0.7310192798079029,2022
401520318,2023,7,Kentucky,Missouri,21.0,38.0,-17.0,59.0,-2.0,50.5,2.0,0,0,1,-135.0,115.0,2.165532642348907,50.60920486230252,0.6295650365952856,1.0,0.1655326423489072,0.10920486230251925,2022
401525526,2023,7,North Carolina,Miami,41.0,31.0,10.0,72.0,-2.5,57.5,2.5,1,1,1,-185.0,160.0,5.5183128663805,58.96029810908492,0.5926972166177173,1.0,3.0183128663804997,1.460298109084917,2022
401525523,2023,7,Duke,NC State,24.0,3.0,21.0,27.0,-3.5,42.5,3.5,1,1,0,-175.0,150.0,5.202959957139474,41.26650976652023,0.7055234737325768,1.0,1.7029599571394742,-1.2334902334797704,2022
401524032,2023,7,Oregon State,UCLA,36.0,24.0,12.0,60.0,-4.0,53.5,4.0,1,1,1,-185.0,160.0,3.5827821554923798,51.70617242034621,0.6970164460273536,1.0,-0.41721784450762023,-1.7938275796537866,2022
401531381,2023,7,UTSA,UAB,41.0,20.0,21.0,61.0,-8.5,66.5,8.5,1,1,0,-330.0,265.0,7.277116333001704,59.98024274129461,0.765878514828798,1.0,-1.222883666998296,-6.51975725870539,2022
401532593,2023,7,Colorado State,Boise State,31.0,30.0,1.0,61.0,7.5,59.0,-7.5,1,1,1,250.0,-300.0,-4.264602724737706,56.05738865273038,0.2702483636202029,1.0,3.2353972752622937,-2.9426113472696187,2022
401532595,2023,7,Hawai'i,San Diego State,34.0,41.0,-7.0,75.0,6.0,52.0,-6.0,0,0,1,190.0,-230.0,-1.8577681638638843,47.25062735671042,0.3341583869486902,1.0,4.142231836136116,-4.749372643289583,2022
401520330,2023,8,Liberty,Middle Tennessee,42.0,35.0,7.0,77.0,-16.0,56.5,16.0,1,0,1,-675.0,460.0,19.62072036876672,55.757543277080366,0.8788077396055857,1.0,3.620720368766719,-0.7424567229196342,2022
401531892,2023,8,South Alabama,Southern Miss,55.0,3.0,52.0,58.0,-18.5,51.0,18.5,1,1,1,-1100.0,650.0,20.130620535752154,54.05538875341077,0.9094387580656158,1.0,1.6306205357521542,3.0553887534107673,2022
401520332,2023,8,UTEP,New Mexico State,7.0,28.0,-21.0,35.0,3.0,49.0,-3.0,0,0,0,125.0,-145.0,-4.950069803891596,48.572858707185716,0.3260720013104781,1.0,-1.950069803891596,-0.4271412928142837,2022
401531341,2023,8,Tulsa,Rice,10.0,42.0,-32.0,52.0,-3.5,56.5,3.5,0,0,0,-160.0,135.0,3.487515085257388,57.426518122411025,0.6409884498464962,1.0,-0.012484914742612041,0.926518122411025,2022
401531893,2023,8,Marshall,James Madison,9.0,20.0,-11.0,29.0,5.0,49.5,-5.0,0,0,0,145.0,-170.0,-0.7878738094472197,52.3145775712176,0.6650171567923993,1.0,4.21212619055278,2.8145775712175976,2022
401531391,2023,8,Temple,SMU,0.0,55.0,-55.0,55.0,24.0,53.0,-24.0,0,0,1,700.0,-1200.0,-24.232782011279077,53.542140077825835,0.22990548821051998,1.0,-0.2327820112790775,0.5421400778258345,2022
401525528,2023,8,Georgia Tech,Boston College,23.0,38.0,-15.0,61.0,-6.0,57.0,6.0,0,0,1,-235.0,195.0,12.871094004505304,56.89781710969639,0.8426980561985262,1.0,6.871094004505304,-0.1021828903036095,2022
401532428,2023,8,Ohio,Western Michigan,20.0,17.0,3.0,37.0,-16.5,52.0,16.5,1,0,0,-750.0,500.0,28.99414950184422,49.5764907378304,0.9206780407837953,1.0,12.49414950184422,-2.4235092621696026,2022
401520334,2023,8,Arkansas,Mississippi State,3.0,7.0,-4.0,10.0,-7.0,45.5,7.0,0,0,0,-245.0,205.0,10.343215520863279,49.70306276597047,0.7794806651231642,1.0,3.3432155208632786,4.203062765970472,2022
401520343,2023,8,Ohio State,Penn State,20.0,12.0,8.0,32.0,-4.0,47.0,4.0,1,1,0,-180.0,155.0,7.5757296600159565,56.9778939355607,0.7971367602194002,1.0,3.5757296600159565,9.9778939355607,2022
401531434,2023,8,Navy,Air Force,6.0,17.0,-11.0,23.0,10.5,34.5,-10.5,0,0,0,325.0,-435.0,-8.535420257197734,35.004544428847076,0.27551865561182376,1.0,1.9645797428022664,0.5045444288470762,2022
401525868,2023,8,Cincinnati,Baylor,29.0,32.0,-3.0,61.0,-2.5,50.5,2.5,0,0,1,-145.0,125.0,2.194064588461435,47.14603582322764,0.5792709996075841,1.0,-0.30593541153856485,-3.353964176772358,2022
401520337,2023,8,Indiana,Rutgers,14.0,31.0,-17.0,45.0,6.0,39.5,-6.0,0,0,1,185.0,-225.0,-1.7138191777498255,40.157946112666025,0.4868211415341831,1.0,4.2861808222501745,0.6579461126660249,2022
401525871,2023,8,Oklahoma,UCF,31.0,29.0,2.0,60.0,-17.0,68.0,17.0,1,0,0,-1000.0,625.0,13.830214640869615,71.04120088607483,0.9440405939801404,1.0,-3.169785359130385,3.041200886074833,2022
401531382,2023,8,UAB,Memphis,21.0,45.0,-24.0,66.0,7.5,62.0,-7.5,0,0,1,250.0,-300.0,-8.947381374627664,60.16500568739856,0.42456330092575845,1.0,-1.447381374627664,-1.834994312601438,2022
401532429,2023,8,Bowling Green,Akron,41.0,14.0,27.0,55.0,-7.0,37.0,7.0,1,1,1,-320.0,260.0,7.190645239101529,34.537918820643426,0.6731904583992315,1.0,0.19064523910152875,-2.4620811793565736,2022
401531894,2023,8,Georgia Southern,UL Monroe,38.0,28.0,10.0,66.0,-16.0,61.0,16.0,1,0,1,-800.0,525.0,13.918680394482436,53.99504081773882,0.9082457875747034,1.0,-2.081319605517564,-7.004959182261182,2022
401531406,2023,8,East Carolina,Charlotte,7.0,10.0,-3.0,17.0,-6.0,38.5,6.0,0,0,0,-245.0,205.0,13.61845795264214,36.58722023960842,0.7490189851951724,1.0,7.6184579526421405,-1.9127797603915795,2022
401525872,2023,8,West Virginia,Oklahoma State,34.0,48.0,-14.0,82.0,-3.0,48.5,3.0,0,0,1,-150.0,130.0,1.40757502939126,46.99656895973461,0.6538045514038499,1.0,-1.59242497060874,-1.50343104026539,2022
401525532,2023,8,Wake Forest,Pittsburgh,21.0,17.0,4.0,38.0,3.0,45.0,-3.0,1,1,0,-105.0,-115.0,1.2297117272395042,48.59483003998271,0.512162145895912,1.0,4.229711727239504,3.5948300399827104,2022
401520341,2023,8,Missouri,South Carolina,34.0,12.0,22.0,46.0,-7.0,57.5,7.0,1,1,0,-300.0,250.0,13.68635959731262,51.39346507927012,0.8765360926750048,1.0,6.68635959731262,-6.106534920729878,2022
401532430,2023,8,Kent State,Buffalo,6.0,24.0,-18.0,30.0,6.5,44.0,-6.5,0,0,0,210.0,-250.0,-11.533184359556792,41.00318277482698,0.16748411878511366,1.0,-5.033184359556792,-2.996817225173018,2022
401532426,2023,8,Northern Illinois,Eastern Michigan,20.0,13.0,7.0,33.0,-12.0,43.0,12.0,1,0,0,-480.0,350.0,9.461815480470177,39.006538596527704,0.7040374667335524,1.0,-2.538184519529823,-3.9934614034722955,2022
401520342,2023,8,Nebraska,Northwestern,17.0,9.0,8.0,26.0,-10.5,40.0,10.5,1,0,0,-460.0,340.0,3.112756867935242,42.90320046871786,0.5589478600058674,1.0,-7.387243132064758,2.9032004687178627,2022
401531372,2023,8,Tulane,North Texas,35.0,28.0,7.0,63.0,-20.5,64.5,20.5,1,0,0,-1400.0,750.0,19.805378218029357,61.88801820366691,0.8663088059952213,1.0,-0.6946217819706426,-2.6119817963330902,2022
401520336,2023,8,Illinois,Wisconsin,21.0,25.0,-4.0,46.0,3.0,41.0,-3.0,0,0,1,130.0,-150.0,-10.232026270072808,40.66448552641984,0.18087473703970955,1.0,-7.232026270072808,-0.3355144735801616,2022
401532425,2023,8,Ball State,Central Michigan,24.0,17.0,7.0,41.0,5.0,42.0,-5.0,1,1,0,180.0,-220.0,-1.0299031203020217,37.86673720934469,0.5072706912558069,1.0,3.9700968796979783,-4.1332627906553085,2022
401524035,2023,8,Oregon,Washington State,38.0,24.0,14.0,62.0,-19.0,61.5,19.0,1,0,1,-1300.0,725.0,22.474464798440128,59.04970190792072,0.9542916485271653,1.0,3.4744647984401276,-2.4502980920792794,2022
401520344,2023,8,UConn,South Florida,21.0,24.0,-3.0,45.0,-1.0,57.0,1.0,0,0,0,-110.0,-110.0,2.61742795954478,58.251646541047364,0.47100791714292417,1.0,1.6174279595447798,1.2516465410473643,2022
401520338,2023,8,Iowa,Minnesota,10.0,12.0,-2.0,22.0,-3.0,30.5,3.0,0,0,0,-175.0,150.0,-3.345605080290321,27.17361395163873,0.5597441719958838,1.0,-6.345605080290321,-3.3263860483612717,2022
401520333,2023,8,Alabama,Tennessee,34.0,20.0,14.0,54.0,-8.5,47.5,8.5,1,1,1,-350.0,275.0,12.71446052840599,47.748944875497074,0.7604524408940787,1.0,4.21446052840599,0.24894487549707378,2022
401532427,2023,8,Miami (OH),Toledo,17.0,21.0,-4.0,38.0,2.5,46.5,-2.5,0,0,0,100.0,-120.0,3.3863318810876626,48.03069238161672,0.6617618677591572,1.0,5.886331881087663,1.530692381616717,2022
401525869,2023,8,Houston,Texas,24.0,31.0,-7.0,55.0,23.0,60.5,-23.0,0,1,0,900.0,-1900.0,-21.496057217845085,59.21619642772156,0.21152439656444474,1.0,1.5039427821549154,-1.2838035722784369,2022
401531397,2023,8,Florida Atlantic,UTSA,10.0,36.0,-26.0,46.0,2.5,59.0,-2.5,0,0,0,120.0,-140.0,-0.4623187862467981,61.38487770154901,0.38525409184405557,1.0,2.037681213753202,2.3848777015490086,2022
401532600,2023,8,New Mexico,Hawai'i,42.0,21.0,21.0,63.0,1.5,59.5,-1.5,1,1,1,115.0,-135.0,-2.0800462690793413,62.075708203554484,0.46080877599126446,1.0,-0.5800462690793413,2.575708203554484,2022
401525531,2023,8,North Carolina,Virginia,27.0,31.0,-4.0,58.0,-24.0,57.5,24.0,0,0,1,-2200.0,1000.0,27.76549434927387,59.07036736888733,0.9614779812479017,1.0,3.765494349273869,1.5703673688873323,2022
401532599,2023,8,UNLV,Colorado State,25.0,23.0,2.0,48.0,-6.5,60.0,6.5,1,0,0,-275.0,225.0,10.166092285480039,57.77062334786533,0.7488430001641749,1.0,3.6660922854800386,-2.2293766521346683,2022
401531896,2023,8,Arkansas State,Coastal Carolina,17.0,27.0,-10.0,44.0,8.5,59.5,-8.5,0,0,0,270.0,-340.0,-8.639733071565228,53.53623044391939,0.20463073959350161,1.0,-0.13973307156522807,-5.9637695560806065,2022
401525870,2023,8,Kansas State,TCU,41.0,3.0,38.0,44.0,-5.5,60.0,5.5,1,1,0,-230.0,190.0,7.9350140023987485,59.04632767791916,0.6988204554749741,1.0,2.4350140023987485,-0.9536723220808412,2022
401520335,2023,8,Auburn,Ole Miss,21.0,28.0,-7.0,49.0,6.5,55.5,-6.5,0,0,0,190.0,-230.0,-2.786463462556368,54.44824305888814,0.6552060442254526,1.0,3.713536537443632,-1.0517569411118615,2022
401525867,2023,8,BYU,Texas Tech,27.0,14.0,13.0,41.0,3.0,50.0,-3.0,1,1,0,130.0,-150.0,-0.4713640971415103,46.37734145664883,0.4174056208618451,1.0,2.5286359028584897,-3.6226585433511715,2022
401531895,2023,8,Old Dominion,App State,28.0,21.0,7.0,49.0,6.0,56.5,-6.0,1,1,0,180.0,-220.0,-2.303725470377359,57.51527564904298,0.5306763649803392,1.0,3.696274529622641,1.0152756490429766,2022
401532602,2023,8,San José State,Utah State,42.0,21.0,21.0,63.0,-4.0,64.5,4.0,1,1,0,-185.0,160.0,0.6605267621884265,64.99916902643176,0.5215131557106273,1.0,-3.3394732378115735,0.4991690264317583,2022
401520340,2023,8,Michigan State,Michigan,0.0,49.0,-49.0,49.0,25.5,47.0,-25.5,0,0,1,1100.0,-2800.0,-31.554857445910926,42.96680875537517,0.09975741537116715,1.0,-6.054857445910926,-4.033191244624831,2022
401525530,2023,8,Florida State,Duke,38.0,20.0,18.0,58.0,-14.0,49.0,14.0,1,1,1,-650.0,450.0,12.890137679271561,53.41489598849412,0.757271590489793,1.0,-1.109862320728439,4.4148959884941235,2022
401520339,2023,8,LSU,Army,62.0,0.0,62.0,62.0,-33.0,60.5,33.0,1,1,1,-10000.0,1600.0,38.533113871543414,59.76921159436402,0.9717546484238614,1.0,5.533113871543414,-0.7307884056359768,2022
401531897,2023,8,Louisiana,Georgia State,17.0,20.0,-3.0,37.0,-3.0,62.0,3.0,0,0,0,-170.0,145.0,6.8752521343948745,62.88709831420257,0.6779158178989206,1.0,3.8752521343948745,0.8870983142025679,2022
401525529,2023,8,Miami,Clemson,28.0,20.0,8.0,48.0,6.5,44.5,-6.5,1,1,1,130.0,-150.0,-10.847072730524772,47.119043285409575,0.39481576289214904,1.0,-4.347072730524772,2.6190432854095747,2022
401524037,2023,8,USC,Utah,32.0,34.0,-2.0,66.0,-7.0,52.0,7.0,0,0,1,-245.0,205.0,3.114744534957347,52.624960452472166,0.583988725153261,1.0,-3.885255465042653,0.6249604524721661,2022
401532601,2023,8,San Diego State,Nevada,0.0,6.0,-6.0,6.0,-11.0,48.5,11.0,0,0,0,-480.0,350.0,10.136826475551315,49.82665656286334,0.7761674420487921,1.0,-0.8631735244486851,1.3266565628633415,2022
401524038,2023,8,Washington,Arizona State,15.0,7.0,8.0,22.0,-28.0,60.0,28.0,1,0,0,-10000.0,1600.0,22.427803411054064,53.82300444637828,0.939268084863162,1.0,-5.5721965889459355,-6.1769955536217225,2022
401524036,2023,8,Stanford,UCLA,7.0,42.0,-35.0,49.0,17.0,51.5,-17.0,0,0,0,550.0,-850.0,-15.552204082264193,54.70781335997401,0.2412179581361892,1.0,1.4477959177358066,3.2078133599740113,2022
401520345,2023,9,Louisiana Tech,New Mexico State,24.0,27.0,-3.0,51.0,-3.0,55.0,3.0,0,0,0,-130.0,110.0,3.488473360227418,55.48652469295922,0.5005337179208122,1.0,0.48847336022741805,0.48652469295922174,2022
401520346,2023,9,Western Kentucky,Liberty,29.0,42.0,-13.0,71.0,4.0,61.5,-4.0,0,0,1,185.0,-225.0,-1.4757350091740227,67.17935179494532,0.5162993532281903,1.0,2.5242649908259773,5.679351794945319,2022
401525533,2023,9,Virginia Tech,Syracuse,38.0,10.0,28.0,48.0,-2.5,47.0,2.5,1,1,1,-145.0,125.0,4.907922400904309,45.800234596181504,0.664372057366782,1.0,2.407922400904309,-1.1997654038184962,2022
401531929,2023,9,Georgia Southern,Georgia State,44.0,27.0,17.0,71.0,1.0,63.5,-1.0,1,1,1,-110.0,-110.0,-3.3400957989019155,66.84927040481189,0.3505112881463178,1.0,-2.3400957989019155,3.3492704048118895,2022
401531407,2023,9,Charlotte,Florida Atlantic,16.0,38.0,-22.0,54.0,3.5,45.0,-3.5,0,0,1,145.0,-170.0,-9.089052706419615,50.03313430472045,0.3254385972427995,1.0,-5.589052706419615,5.033134304720448,2022
401531342,2023,9,SMU,Tulsa,69.0,10.0,59.0,79.0,-20.5,55.0,20.5,1,1,1,-1300.0,725.0,24.663358890714882,51.68054995709034,0.946714543508824,1.0,4.163358890714882,-3.319450042909658,2022
401520356,2023,9,Northwestern,Maryland,33.0,27.0,6.0,60.0,14.5,49.0,-14.5,1,1,1,430.0,-625.0,-16.10092955072334,52.403542394730565,0.12163947929032118,1.0,-1.6009295507233396,3.4035423947305645,2022
401520359,2023,9,Texas A&M,South Carolina,30.0,17.0,13.0,47.0,-17.0,51.5,17.0,1,0,0,-750.0,500.0,14.43730094369405,49.447227364718124,0.8935033472376874,1.0,-2.5626990563059504,-2.052772635281876,2022
401520358,2023,9,Penn State,Indiana,33.0,24.0,9.0,57.0,-31.0,45.0,31.0,1,0,1,-10000.0,1600.0,22.67596013706655,46.473785218374246,0.9491657149570637,1.0,-8.32403986293345,1.4737852183742461,2022
401520349,2023,9,Army,Massachusetts,14.0,21.0,-7.0,35.0,-10.0,49.0,10.0,0,0,0,-360.0,280.0,14.636691498958719,57.917656289320654,0.8167682003753469,1.0,4.636691498958719,8.917656289320654,2022
401525874,2023,9,Kansas,Oklahoma,38.0,33.0,5.0,71.0,7.0,67.0,-7.0,1,1,1,280.0,-360.0,1.3107706294232884,65.0711175895351,0.492973765244113,1.0,8.310770629423288,-1.9288824104648938,2022
401525875,2023,9,Kansas State,Houston,41.0,0.0,41.0,41.0,-18.5,60.5,18.5,1,1,0,-950.0,600.0,27.293806270303598,59.967998801629896,0.9459049539171146,1.0,8.793806270303598,-0.5320011983701036,2022
401525878,2023,9,UCF,West Virginia,28.0,41.0,-13.0,69.0,-6.5,59.0,6.5,0,0,1,-275.0,225.0,6.3223920570566445,60.492323387280656,0.7752464011212892,1.0,-0.17760794294335547,1.4923233872806563,2022
401520351,2023,9,Boston College,UConn,21.0,14.0,7.0,35.0,-14.5,49.0,14.5,1,0,0,-650.0,450.0,9.447530610989546,51.51025283058601,0.7810176069346227,1.0,-5.052469389010454,2.510252830586012,2022
401525536,2023,9,Wake Forest,Florida State,16.0,41.0,-25.0,57.0,21.0,53.0,-21.0,0,0,1,775.0,-1500.0,-20.670555929712815,54.339355027717794,0.0644629963283684,1.0,0.3294440702871846,1.3393550277177937,2022
401532431,2023,9,Eastern Michigan,Western Michigan,21.0,45.0,-24.0,66.0,3.0,49.5,-3.0,0,0,1,130.0,-150.0,8.021246630715503,50.67151196503498,0.699173768090553,1.0,11.021246630715503,1.1715119650349806,2022
401525534,2023,9,NC State,Clemson,24.0,17.0,7.0,41.0,10.0,44.5,-10.0,1,1,0,275.0,-350.0,-7.6593858011006715,49.344450010188424,0.3104010744382938,1.0,2.3406141988993285,4.8444500101884245,2022
401531430,2023,9,North Texas,Memphis,42.0,45.0,-3.0,87.0,6.5,69.5,-6.5,0,1,1,220.0,-270.0,-3.186383658639916,63.47309037910335,0.4062340952714045,1.0,3.313616341360084,-6.026909620896653,2022
401525535,2023,9,Louisville,Duke,23.0,0.0,23.0,23.0,-5.0,47.0,5.0,1,1,0,-235.0,195.0,1.3870518256925162,52.95781922394366,0.5906034617602404,1.0,-3.612948174307484,5.957819223943659,2022
401525877,2023,9,Texas,BYU,35.0,6.0,29.0,41.0,-20.5,49.5,20.5,1,1,0,-1200.0,700.0,22.103043582849658,53.681258105216344,0.9467802854740173,1.0,1.6030435828496579,4.181258105216344,2022
401531398,2023,9,UTSA,East Carolina,41.0,27.0,14.0,68.0,-17.5,48.0,17.5,1,0,1,-1000.0,625.0,14.604720422065265,48.27177373001757,0.7907141456341698,1.0,-2.895279577934735,0.2717737300175713,2022
401525873,2023,9,Baylor,Iowa State,18.0,30.0,-12.0,48.0,3.0,46.5,-3.0,0,0,1,130.0,-150.0,-5.068971328802161,48.32216941266635,0.32527932138762183,1.0,-2.068971328802161,1.822169412666348,2022
401531898,2023,9,App State,Southern Miss,48.0,38.0,10.0,86.0,-16.0,55.5,16.0,1,0,1,-850.0,550.0,15.391513366426329,55.322298610351375,0.8827121935049695,1.0,-0.6084866335736709,-0.17770138964862525,2022
401520350,2023,9,Auburn,Mississippi State,27.0,13.0,14.0,40.0,-6.5,40.0,6.5,1,1,0,-245.0,205.0,4.661491447874663,38.61264339184996,0.518270919991519,1.0,-1.8385085521253366,-1.3873566081500428,2022
401520352,2023,9,Florida,Georgia,20.0,43.0,-23.0,63.0,14.0,50.5,-14.0,0,0,1,430.0,-625.0,-17.75418960868037,48.69461274755144,0.14055705284136816,1.0,-3.7541896086803703,-1.8053872524485612,2022
401520354,2023,9,Minnesota,Michigan State,27.0,12.0,15.0,39.0,-6.5,41.0,6.5,1,1,0,-270.0,220.0,1.03768114851602,46.77953245105076,0.5840518762845207,1.0,-5.46231885148398,5.779532451050763,2022
401525440,2023,9,Notre Dame,Pittsburgh,58.0,7.0,51.0,65.0,-21.0,46.5,21.0,1,1,1,-1500.0,775.0,22.53340237951344,46.479791572669406,0.9500366703365986,1.0,1.53340237951344,-0.020208427330594247,2022
401532432,2023,9,Ohio,Miami (OH),16.0,30.0,-14.0,46.0,-7.5,39.0,7.5,0,0,1,-300.0,250.0,11.389233651656854,39.44819465602208,0.64783764344884,1.0,3.8892336516568538,0.44819465602208197,2022
401520355,2023,9,Nebraska,Purdue,31.0,14.0,17.0,45.0,1.5,39.5,-1.5,1,1,1,100.0,-120.0,-5.06380247985933,37.41522230256342,0.4154055379339729,1.0,-3.56380247985933,-2.0847776974365786,2022
401525538,2023,9,Miami,Virginia,29.0,26.0,3.0,55.0,-19.0,48.0,19.0,1,0,1,-1100.0,650.0,24.27908031941405,49.604156851263895,0.9108613952818988,1.0,5.279080319414049,1.6041568512638946,2022
401524044,2023,9,Utah,Oregon,6.0,35.0,-29.0,41.0,6.5,47.5,-6.5,0,0,0,195.0,-235.0,-6.799994261602385,41.47152931006455,0.42719502104147694,1.0,-0.29999426160238496,-6.028470689935453,2022
401524041,2023,9,California,USC,49.0,50.0,-1.0,99.0,10.5,67.5,-10.5,0,1,1,305.0,-410.0,-4.888706806746526,67.58429745335668,0.31032224260333463,1.0,5.611293193253474,0.08429745335668315,2022
401531373,2023,9,Rice,Tulane,28.0,30.0,-2.0,58.0,10.0,55.0,-10.0,0,1,1,320.0,-430.0,-7.08880552918498,60.49798586328643,0.3680829885299973,1.0,2.91119447081502,5.497985863286431,2022
401531902,2023,9,South Alabama,Louisiana,20.0,33.0,-13.0,53.0,-11.5,55.0,11.5,0,0,0,-440.0,330.0,18.77393102247279,58.72059475904438,0.8905889377862043,1.0,7.273931022472791,3.7205947590443813,2022
401531901,2023,9,UL Monroe,Arkansas State,24.0,34.0,-10.0,58.0,-1.0,55.5,1.0,0,0,1,-120.0,100.0,-5.239690602085207,54.45306309536415,0.24749557651041537,1.0,-6.239690602085207,-1.0469369046358494,2022
401532607,2023,9,Boise State,Wyoming,32.0,7.0,25.0,39.0,-4.5,48.5,4.5,1,1,0,-185.0,160.0,9.80708026942408,45.26955306135872,0.8221888059850754,1.0,5.30708026942408,-3.230446938641279,2022
401531899,2023,9,Coastal Carolina,Marshall,34.0,6.0,28.0,40.0,3.5,47.0,-3.5,1,1,0,140.0,-165.0,-3.770197030777819,47.789203207069235,0.5121207526608111,1.0,-0.270197030777819,0.7892032070692352,2022
401524042,2023,9,Stanford,Washington,33.0,42.0,-9.0,75.0,28.0,62.0,-28.0,0,1,1,1300.0,-5000.0,-24.588550167915,60.16691537734177,0.03711731868756577,1.0,3.411449832085001,-1.8330846226582267,2022
401520353,2023,9,Kentucky,Tennessee,27.0,33.0,-6.0,60.0,3.5,50.0,-3.5,0,0,1,150.0,-175.0,-0.46066192092573255,55.69185015916309,0.46632199534274243,1.0,3.0393380790742675,5.691850159163089,2022
401532603,2023,9,Colorado State,Air Force,13.0,30.0,-17.0,43.0,14.5,47.5,-14.5,0,0,0,430.0,-625.0,-16.541296505587994,51.07642389919831,0.3130673437930201,1.0,-2.0412965055879937,3.5764238991983106,2022
401531903,2023,9,Texas State,Troy,13.0,31.0,-18.0,44.0,6.5,53.5,-6.5,0,0,0,220.0,-270.0,-9.801264261685123,51.73576548070571,0.2751482955475701,1.0,-3.301264261685123,-1.7642345192942912,2022
401520360,2023,9,Wisconsin,Ohio State,10.0,24.0,-14.0,34.0,14.5,48.0,-14.5,0,1,0,450.0,-650.0,-20.055025860574638,48.86194151429656,0.09497816452115077,1.0,-5.555025860574638,0.8619415142965607,2022
401520357,2023,9,Ole Miss,Vanderbilt,33.0,7.0,26.0,40.0,-24.0,63.0,24.0,1,1,0,-3300.0,1100.0,23.967958461914815,59.31706669423901,0.9231667567643658,1.0,-0.03204153808518484,-3.68293330576099,2022
401524043,2023,9,UCLA,Colorado,28.0,16.0,12.0,44.0,-14.0,60.5,14.0,1,0,0,-750.0,500.0,13.836581278900354,63.25599723089832,0.8515493432049305,1.0,-0.16341872109964584,2.7559972308983234,2022
401524040,2023,9,Arizona State,Washington State,38.0,27.0,11.0,65.0,4.0,48.5,-4.0,1,1,1,175.0,-210.0,-7.598048201369788,48.81524573451186,0.5803951572820938,1.0,-3.598048201369788,0.315245734511862,2022
401531900,2023,9,James Madison,Old Dominion,30.0,27.0,3.0,57.0,-19.5,48.0,19.5,1,0,1,-1400.0,750.0,21.58579165483192,52.27810714620231,0.7346683362853147,1.0,2.085791654831919,4.278107146202309,2022
401525537,2023,9,Georgia Tech,North Carolina,46.0,42.0,4.0,88.0,12.5,65.0,-12.5,1,1,1,350.0,-480.0,-11.169337397192727,64.44985821254897,0.2162735881698439,1.0,1.3306626028072728,-0.5501417874510253,2022
401525876,2023,9,Oklahoma State,Cincinnati,45.0,13.0,32.0,58.0,-7.5,53.0,7.5,1,1,1,-310.0,255.0,15.07404598460964,48.887649116705674,0.8907522221853629,1.0,7.57404598460964,-4.112350883294326,2022
401532604,2023,9,Nevada,New Mexico,34.0,24.0,10.0,58.0,1.0,49.5,-1.0,1,1,1,100.0,-120.0,-4.460411566051828,50.31406128203585,0.3421651914882322,1.0,-3.460411566051828,0.8140612820358513,2022
401532606,2023,9,Fresno State,UNLV,31.0,24.0,7.0,55.0,-10.5,55.5,10.5,1,0,0,-340.0,270.0,11.848494744595115,57.275106590106176,0.8463437756473255,1.0,1.348494744595115,1.7751065901061764,2022
401524039,2023,9,Arizona,Oregon State,27.0,24.0,3.0,51.0,3.0,57.5,-3.0,1,1,0,130.0,-150.0,3.6453385016177977,55.256750802508286,0.7400274001904248,1.0,6.645338501617798,-2.243249197491714,2022
401532605,2023,9,Hawai'i,San José State,0.0,35.0,-35.0,35.0,10.0,57.0,-10.0,0,0,0,315.0,-420.0,-10.380242090217186,51.94309520373905,0.21500346854161784,1.0,-0.3802420902171857,-5.056904796260952,2022
401532433,2023,10,Central Michigan,Northern Illinois,37.0,31.0,6.0,68.0,6.5,48.0,-6.5,1,1,1,180.0,-220.0,-12.088895125194181,55.66834186020361,0.3416473773316141,1.0,-5.588895125194181,7.668341860203611,2022
401532434,2023,10,Toledo,Buffalo,31.0,13.0,18.0,44.0,-14.5,47.0,14.5,1,1,0,-750.0,500.0,14.702852488572113,45.6434248591909,0.7481803087817589,1.0,0.20285248857211258,-1.356575140809099,2022
401532435,2023,10,Bowling Green,Ball State,24.0,21.0,3.0,45.0,-4.5,39.5,4.5,1,0,1,-220.0,180.0,-3.2492740916536373,41.35377412360794,0.36758290295882057,1.0,-7.749274091653637,1.8537741236079412,2022
401532436,2023,10,Akron,Kent State,31.0,27.0,4.0,58.0,-3.5,39.0,3.5,1,1,1,-170.0,145.0,7.654677512328488,35.547096996294506,0.7257894387570941,1.0,4.154677512328488,-3.4529030037054937,2022
401525879,2023,10,Texas Tech,TCU,35.0,28.0,7.0,63.0,-2.5,59.0,2.5,1,1,1,-150.0,130.0,0.12164863538345383,58.59967884204231,0.5266478384525235,1.0,-2.378351364616546,-0.4003211579576913,2022
401531904,2023,10,Troy,South Alabama,28.0,10.0,18.0,38.0,-6.5,43.5,6.5,1,1,0,-210.0,175.0,8.653226634680834,43.80332519005469,0.5387907563401316,1.0,2.153226634680834,0.30332519005469294,2022
401525539,2023,10,Duke,Wake Forest,24.0,21.0,3.0,45.0,-7.0,41.0,7.0,1,0,1,-270.0,220.0,3.777214423855778,36.445775437557195,0.8106650935134554,1.0,-3.222785576144222,-4.554224562442805,2022
401525540,2023,10,Syracuse,Boston College,10.0,17.0,-7.0,27.0,1.0,47.0,-1.0,0,0,0,-140.0,120.0,-8.06491195405815,58.08948295541832,0.465428594153648,1.0,-7.06491195405815,11.089482955418319,2022
401532609,2023,10,Wyoming,Colorado State,24.0,15.0,9.0,39.0,-6.0,44.0,6.0,1,1,0,-235.0,195.0,11.57354329888309,44.55304472263527,0.6880471909550452,1.0,5.57354329888309,0.5530447226352706,2022
401520374,2023,10,Ole Miss,Texas A&M,38.0,35.0,3.0,73.0,-3.0,52.5,3.0,1,0,1,-160.0,135.0,8.45481028427506,55.10346158901221,0.66608423946326,1.0,5.4548102842750605,2.6034615890122126,2022
401520365,2023,10,Indiana,Wisconsin,20.0,14.0,6.0,34.0,9.5,45.5,-9.5,1,1,0,275.0,-350.0,-8.858513546896646,46.3023054234703,0.21529071790203239,1.0,0.6414864531033544,0.8023054234703011,2022
401520377,2023,10,Tennessee,UConn,59.0,3.0,56.0,62.0,-35.0,55.5,35.0,1,1,1,,,35.345766843860964,56.46576506230552,0.99,1.0,0.34576684386096446,0.9657650623055218,2022
401520375,2023,10,Rutgers,Ohio State,16.0,35.0,-19.0,51.0,19.0,43.0,-19.0,0,0,1,650.0,-1100.0,-18.564034031198414,47.91268857177344,0.10977283738510174,1.0,0.435965968801586,4.912688571773437,2022
401520369,2023,10,Michigan State,Nebraska,20.0,17.0,3.0,37.0,3.0,34.5,-3.0,1,1,1,120.0,-140.0,-5.278523571372718,36.11456082399923,0.4660864489734857,1.0,-2.278523571372718,1.614560823999227,2022
401520363,2023,10,Florida,Arkansas,36.0,39.0,-3.0,75.0,-3.0,49.0,3.0,0,0,1,-235.0,195.0,5.974909278712191,45.39023021914909,0.6462522636978112,1.0,2.9749092787121914,-3.609769780850911,2022
401525441,2023,10,Clemson,Notre Dame,31.0,23.0,8.0,54.0,3.0,44.5,-3.0,1,1,1,135.0,-160.0,1.0362641787468334,40.91910103159114,0.4583514786958933,1.0,4.036264178746833,-3.58089896840886,2022
401525884,2023,10,Texas,Kansas State,33.0,30.0,3.0,63.0,-3.5,49.0,3.5,1,0,1,-210.0,175.0,9.325817367673961,48.71914662135986,0.6958600173607612,1.0,5.825817367673961,-0.2808533786401384,2022
401531392,2023,10,Temple,Navy,32.0,18.0,14.0,50.0,7.0,46.0,-7.0,1,1,1,210.0,-250.0,-6.6510337768740575,45.48841831563327,0.3220941563903505,1.0,0.3489662231259425,-0.5115816843667318,2022
401525542,2023,10,Virginia,Georgia Tech,17.0,45.0,-28.0,62.0,-1.0,56.0,1.0,0,0,1,-125.0,105.0,6.311168357117512,61.39002799570008,0.4851055207406952,1.0,5.311168357117512,5.3900279957000805,2022
401524049,2023,10,Utah,Arizona State,55.0,3.0,52.0,58.0,-10.5,39.0,10.5,1,1,1,-430.0,320.0,12.907460161275235,34.67588548691565,0.7716964585251642,1.0,2.4074601612752353,-4.3241145130843535,2022
401520361,2023,10,Air Force,Army,3.0,23.0,-20.0,26.0,-18.0,32.0,18.0,0,0,0,-1200.0,700.0,18.21490584691423,27.93415112389889,0.8340476108314077,1.0,0.2149058469142311,-4.065848876101111,2022
401531399,2023,10,North Texas,UTSA,29.0,37.0,-8.0,66.0,7.5,71.0,-7.5,0,0,0,260.0,-320.0,-1.351551387015859,71.27734294559953,0.4304029699603756,1.0,6.148448612984141,0.27734294559952843,2022
401531908,2023,10,Arkansas State,Louisiana,37.0,17.0,20.0,54.0,7.0,59.5,-7.0,1,1,0,290.0,-380.0,-1.7653986440861091,52.56904510257935,0.2719406817791012,1.0,5.234601355913891,-6.930954897420648,2022
401531425,2023,10,Memphis,South Florida,59.0,50.0,9.0,109.0,-13.5,68.0,13.5,1,0,1,-550.0,390.0,10.93188919666637,64.83964917363957,0.8188910792754247,1.0,-2.5681108033336297,-3.1603508263604283,2022
401531383,2023,10,UAB,Florida Atlantic,45.0,42.0,3.0,87.0,1.0,59.0,-1.0,1,1,1,-105.0,-115.0,-4.408994687221015,67.59719261889497,0.4133433297824055,1.0,-3.408994687221015,8.597192618894965,2022
401525880,2023,10,Baylor,Houston,24.0,25.0,-1.0,49.0,-2.5,58.5,2.5,0,0,0,-170.0,145.0,3.8138011384997554,57.06158379390406,0.7321687583314098,1.0,1.3138011384997554,-1.438416206095937,2022
401525543,2023,10,Louisville,Virginia Tech,34.0,3.0,31.0,37.0,-10.0,48.5,10.0,1,1,0,-390.0,295.0,8.328368645608228,52.919722494946924,0.7031800865475957,1.0,-1.6716313543917725,4.4197224949469245,2022
401525883,2023,10,Oklahoma State,Oklahoma,27.0,24.0,3.0,51.0,5.0,62.5,-5.0,1,1,0,180.0,-220.0,-5.9268757710905025,57.91470704518895,0.32786368487275525,1.0,-0.9268757710905025,-4.585292954811052,2022
401525541,2023,10,Pittsburgh,Florida State,7.0,24.0,-17.0,31.0,21.5,50.0,-21.5,0,1,0,800.0,-1600.0,-25.9886076631499,45.24008557237878,0.03867438283699651,1.0,-4.4886076631498995,-4.759914427621219,2022
401525881,2023,10,Cincinnati,UCF,26.0,28.0,-2.0,54.0,3.5,60.0,-3.5,0,1,0,170.0,-200.0,-10.228311071598938,59.297740847896236,0.33668088427970017,1.0,-6.728311071598938,-0.702259152103764,2022
401520373,2023,10,Northwestern,Iowa,7.0,10.0,-3.0,17.0,5.0,31.0,-5.0,0,1,0,175.0,-210.0,-8.031590302237433,24.363352372994058,0.3550544410510088,1.0,-3.031590302237433,-6.636647627005942,2022
401520370,2023,10,Minnesota,Illinois,26.0,27.0,-1.0,53.0,-2.0,44.0,2.0,0,0,1,-120.0,100.0,-0.9013003230987691,40.29159284696124,0.5400212480508826,1.0,-2.901300323098769,-3.7084071530387632,2022
401531907,2023,10,Old Dominion,Coastal Carolina,24.0,28.0,-4.0,52.0,-1.0,51.5,1.0,0,0,1,-110.0,-110.0,3.6607866363201502,51.36204653118207,0.46356434880585823,1.0,2.6607866363201502,-0.13795346881793336,2022
401520367,2023,10,Maryland,Penn State,15.0,51.0,-36.0,66.0,8.5,50.5,-8.5,0,0,1,310.0,-415.0,-7.465772038222292,49.42653176355256,0.22937512658881717,1.0,1.0342279617777077,-1.0734682364474395,2022
401520364,2023,10,Georgia,Missouri,30.0,21.0,9.0,51.0,-14.5,55.5,14.5,1,0,0,-700.0,475.0,12.722355473782825,52.139981136002994,0.8804286590020485,1.0,-1.7776445262171752,-3.3600188639970057,2022
401531374,2023,10,East Carolina,Tulane,10.0,13.0,-3.0,23.0,17.0,44.5,-17.0,0,1,0,525.0,-800.0,-22.75037927488888,44.89577875095697,0.24408584927689647,1.0,-5.7503792748888785,0.39577875095697124,2022
401531906,2023,10,Georgia State,James Madison,14.0,42.0,-28.0,56.0,6.0,53.0,-6.0,0,0,1,180.0,-220.0,-1.8529774444301772,56.956023410864304,0.7021355300925018,1.0,4.147022555569823,3.9560234108643044,2022
401531343,2023,10,Tulsa,Charlotte,26.0,33.0,-7.0,59.0,-4.0,48.0,4.0,0,0,1,-175.0,150.0,4.7992549057874685,49.70118680653348,0.6212759757935491,1.0,0.7992549057874685,1.701186806533478,2022
401532610,2023,10,Nevada,Hawai'i,14.0,27.0,-13.0,41.0,-3.0,50.0,3.0,0,0,0,-180.0,155.0,-6.015457341469286,44.6239921311547,0.45948499721038727,1.0,-9.015457341469286,-5.376007868845299,2022
401531909,2023,10,Southern Miss,UL Monroe,24.0,7.0,17.0,31.0,-3.0,56.0,3.0,1,1,0,-135.0,115.0,5.60057641485186,53.76574506196855,0.7221592241322679,1.0,2.6005764148518598,-2.234254938031448,2022
401520379,2023,10,Vanderbilt,Auburn,15.0,31.0,-16.0,46.0,12.5,50.0,-12.5,0,0,0,360.0,-500.0,-21.027554616669153,48.295522149710145,0.11308856102835872,1.0,-8.527554616669153,-1.7044778502898552,2022
401531910,2023,10,Texas State,Georgia Southern,45.0,24.0,21.0,69.0,-2.5,68.5,2.5,1,1,1,105.0,-125.0,-0.1587977500317126,69.0102236446834,0.5479151557857609,1.0,-2.6587977500317126,0.510223644683407,2022
401524047,2023,10,Oregon,California,63.0,19.0,44.0,82.0,-26.5,61.5,26.5,1,1,1,-2200.0,1000.0,25.732623889713633,60.76376178287332,0.9562566202679381,1.0,-0.7673761102863672,-0.736238217126683,2022
401520366,2023,10,Liberty,Louisiana Tech,56.0,30.0,26.0,86.0,-14.0,59.0,14.0,1,1,1,-900.0,575.0,17.038598583235515,60.0015953542081,0.8344660414127356,1.0,3.0385985832355153,1.0015953542080993,2022
401520372,2023,10,New Mexico State,Middle Tennessee,13.0,7.0,6.0,20.0,-3.0,55.5,3.0,1,1,0,-160.0,135.0,6.876851063778077,55.63635604844629,0.7991694998403389,1.0,3.8768510637780773,0.13635604844628801,2022
401531905,2023,10,App State,Marshall,31.0,9.0,22.0,40.0,-3.0,57.5,3.0,1,1,0,-175.0,150.0,2.0928860985786253,56.70980161446077,0.5735852004885185,1.0,-0.9071139014213747,-0.7901983855392274,2022
401532611,2023,10,New Mexico,UNLV,14.0,56.0,-42.0,70.0,15.0,58.0,-15.0,0,0,1,295.0,-390.0,-13.893123456144725,57.39890875756392,0.27193704267166885,1.0,1.1068765438552752,-0.6010912424360768,2022
401532612,2023,10,San Diego State,Utah State,24.0,32.0,-8.0,56.0,2.0,56.5,-2.0,0,0,0,115.0,-135.0,2.208394007478093,57.81849876328325,0.6775131286811342,1.0,4.208394007478093,1.3184987632832517,2022
401525882,2023,10,Iowa State,Kansas,21.0,28.0,-7.0,49.0,-2.5,53.5,2.5,0,0,0,-135.0,115.0,-0.0670406957622407,52.02992386444301,0.43753665779802997,1.0,-2.5670406957622407,-1.4700761355569867,2022
401525885,2023,10,West Virginia,BYU,37.0,7.0,30.0,44.0,-12.5,49.0,12.5,1,1,0,-410.0,305.0,13.773441828067153,48.48318852824391,0.7501606236384092,1.0,1.2734418280671527,-0.5168114717560925,2022
401531440,2023,10,Rice,SMU,31.0,36.0,-5.0,67.0,13.0,59.0,-13.0,0,1,1,335.0,-450.0,-12.038025404882502,57.40788112547329,0.15850969274077298,1.0,0.961974595117498,-1.5921188745267116,2022
401520368,2023,10,Michigan,Purdue,41.0,13.0,28.0,54.0,-31.0,54.0,31.0,1,0,0,-20000.0,3000.0,30.57593116317188,52.631221258918195,0.9508679444383675,1.0,-0.4240688368281198,-1.3687787410818046,2022
401520371,2023,10,Mississippi State,Kentucky,3.0,24.0,-21.0,27.0,5.5,44.5,-5.5,0,0,0,155.0,-180.0,-3.8542855763060713,43.26881892945627,0.48468374532378655,1.0,1.6457144236939287,-1.2311810705437267,2022
401524048,2023,10,USC,Washington,42.0,52.0,-10.0,94.0,3.0,76.0,-3.0,0,0,1,140.0,-165.0,-3.8959956580814534,74.23760601717404,0.5678712451361146,1.0,-0.8959956580814534,-1.7623939828259552,2022
401520362,2023,10,Alabama,LSU,42.0,28.0,14.0,70.0,-3.0,60.5,3.0,1,1,1,-150.0,130.0,-1.975773283088608,61.165565315751465,0.4730036983737264,1.0,-4.975773283088608,0.6655653157514649,2022
401525544,2023,10,NC State,Miami,20.0,6.0,14.0,26.0,6.5,44.0,-6.5,1,1,0,160.0,-185.0,-8.590375136948154,45.80264100495315,0.40892442915512095,1.0,-2.090375136948154,1.802641004953152,2022
401520378,2023,10,UTEP,Western Kentucky,13.0,21.0,-8.0,34.0,10.0,54.0,-10.0,0,1,0,275.0,-350.0,-14.442558277846548,51.756957865759446,0.17372995046017167,1.0,-4.4425582778465476,-2.2430421342405538,2022
401524050,2023,10,Washington State,Stanford,7.0,10.0,-3.0,17.0,-14.0,58.0,14.0,0,0,0,-575.0,400.0,10.196431837604461,59.03831414984229,0.7866388178067639,1.0,-3.803568162395539,1.038314149842293,2022
401532608,2023,10,Fresno State,Boise State,37.0,30.0,7.0,67.0,-2.5,53.5,2.5,1,1,1,-150.0,130.0,1.512796871575547,53.103762791821545,0.41325122672663617,1.0,-0.9872031284244529,-0.3962372081784551,2022
401524046,2023,10,Colorado,Oregon State,19.0,26.0,-7.0,45.0,13.0,60.5,-13.0,0,1,0,390.0,-550.0,-6.218865221873802,56.0507492398127,0.43536645935179324,1.0,6.781134778126198,-4.449250760187297,2022
401524045,2023,10,Arizona,UCLA,27.0,10.0,17.0,37.0,2.5,49.0,-2.5,1,1,0,120.0,-140.0,-1.8331389885062694,51.075662590951744,0.606643492209291,1.0,0.6668610114937306,2.075662590951744,2022
401532437,2023,11,Northern Illinois,Ball State,17.0,20.0,-3.0,37.0,-8.0,43.0,8.0,0,0,0,-390.0,295.0,13.917792252310582,44.14064385570429,0.8386054160817742,1.0,5.917792252310582,1.1406438557042904,2022
401532438,2023,11,Western Michigan,Central Michigan,38.0,28.0,10.0,66.0,-3.0,58.0,3.0,1,1,1,-175.0,150.0,1.8822255877727572,60.29203156331589,0.6400589633837588,1.0,-1.1177744122272428,2.292031563315888,2022
401532439,2023,11,Buffalo,Ohio,10.0,20.0,-10.0,30.0,9.5,45.0,-9.5,0,0,0,240.0,-290.0,-7.42496622716824,44.03285733855372,0.536200064850819,1.0,2.07503377283176,-0.9671426614462817,2022
401532441,2023,11,Miami (OH),Akron,19.0,0.0,19.0,19.0,-17.0,37.5,17.0,1,1,0,-900.0,575.0,12.87761496944118,37.87295300331616,0.8392822509985833,1.0,-4.122385030558821,0.3729530033161623,2022
401532442,2023,11,Kent State,Bowling Green,19.0,49.0,-30.0,68.0,11.0,41.5,-11.0,0,0,1,250.0,-300.0,-15.53045473467499,45.39780503982734,0.19196930251547237,1.0,-4.53045473467499,3.8978050398273396,2022
401532440,2023,11,Toledo,Eastern Michigan,49.0,23.0,26.0,72.0,-20.0,45.0,20.0,1,1,1,-1100.0,650.0,16.984181748231176,46.84026624780864,0.8391502302249974,1.0,-3.015818251768824,1.8402662478086427,2022
401525546,2023,11,Louisville,Virginia,31.0,24.0,7.0,55.0,-20.0,49.5,20.0,1,0,1,-1300.0,725.0,14.661514435151478,50.99637672602833,0.8953516376856623,1.0,-5.338485564848522,1.4963767260283305,2022
401531911,2023,11,Louisiana,Southern Miss,31.0,34.0,-3.0,65.0,-7.5,52.5,7.5,0,0,1,-470.0,345.0,9.457543465668422,56.196739525683626,0.9081404486721738,1.0,1.9575434656684223,3.6967395256836255,2022
401531437,2023,11,SMU,North Texas,45.0,21.0,24.0,66.0,-20.5,67.0,20.5,1,1,0,-750.0,500.0,18.300403270647045,65.52358998685234,0.9314479132465314,1.0,-2.1995967293529546,-1.4764100131476567,2022
401532618,2023,11,UNLV,Wyoming,34.0,14.0,20.0,48.0,-3.0,48.0,3.0,1,1,0,-200.0,170.0,9.299153963760636,43.43906277792355,0.7827080917968767,1.0,6.299153963760636,-4.560937222076447,2022
401520386,2023,11,Kentucky,Alabama,21.0,49.0,-28.0,70.0,10.5,47.0,-10.5,0,0,1,360.0,-500.0,-6.137234658724236,48.86207396306314,0.2843886941565318,1.0,4.362765341275764,1.862073963063139,2022
401520394,2023,11,Penn State,Michigan,15.0,24.0,-9.0,39.0,4.0,44.5,-4.0,0,0,0,180.0,-220.0,-5.293889453775485,41.69792591077073,0.44570530524939483,1.0,-1.2938894537754848,-2.802074089229272,2022
401520396,2023,11,South Carolina,Vanderbilt,47.0,6.0,41.0,53.0,-13.0,53.5,13.0,1,1,0,-575.0,400.0,10.395462770133971,50.21659363869976,0.7556176999081576,1.0,-2.604537229866029,-3.283406361300237,2022
401520392,2023,11,Nebraska,Maryland,10.0,13.0,-3.0,23.0,1.5,42.5,-1.5,0,0,0,105.0,-125.0,-5.140226315287766,42.80843044811373,0.2957635675856278,1.0,-3.640226315287766,0.3084304481137323,2022
401520383,2023,11,Illinois,Indiana,48.0,45.0,3.0,93.0,-4.5,44.0,4.5,1,0,1,-210.0,175.0,1.1909050703599857,46.10637157530866,0.675035646156551,1.0,-3.3090949296400143,2.106371575308657,2022
401531393,2023,11,South Florida,Temple,27.0,23.0,4.0,50.0,-7.0,69.5,7.0,1,0,0,-285.0,235.0,11.585553881565385,62.22485782551769,0.8687891447331177,1.0,4.585553881565385,-7.275142174482312,2022
401525548,2023,11,Clemson,Georgia Tech,42.0,21.0,21.0,63.0,-14.5,53.5,14.5,1,1,1,-675.0,460.0,13.867468355195385,52.846395005931086,0.8058300395711949,1.0,-0.6325316448046152,-0.6536049940689139,2022
401525547,2023,11,Boston College,Virginia Tech,22.0,48.0,-26.0,70.0,2.5,48.0,-2.5,0,0,1,125.0,-145.0,-5.9070733848577115,49.54649766668092,0.39199589099917104,1.0,-3.4070733848577115,1.5464976666809207,2022
401525888,2023,11,Kansas,Texas Tech,13.0,16.0,-3.0,29.0,-3.5,62.5,3.5,0,0,0,-195.0,165.0,4.1210546385628986,63.372337565190165,0.6814982565361232,1.0,0.6210546385628986,0.8723375651901648,2022
401531344,2023,11,Tulane,Tulsa,24.0,22.0,2.0,46.0,-25.0,53.0,25.0,1,0,0,-2500.0,1000.0,23.81897931832783,50.011471110610394,0.9578345194690322,1.0,-1.1810206816721696,-2.988528889389606,2022
401520388,2023,11,Liberty,Old Dominion,38.0,10.0,28.0,48.0,-14.0,59.5,14.0,1,1,0,-585.0,410.0,18.214332146699988,56.20579355531082,0.8139839768639802,1.0,4.214332146699988,-3.2942064446891806,2022
401531408,2023,11,Charlotte,Memphis,38.0,44.0,-6.0,82.0,10.0,51.5,-10.0,0,1,1,315.0,-420.0,-18.175087039344007,51.491057751129404,0.05780166543394413,1.0,-8.175087039344007,-0.008942248870596359,2022
401525551,2023,11,Wake Forest,NC State,6.0,26.0,-20.0,32.0,2.0,43.5,-2.0,0,0,0,100.0,-120.0,-5.81154058584592,41.577570043886766,0.341120732491992,1.0,-3.81154058584592,-1.922429956113234,2022
401520385,2023,11,James Madison,UConn,44.0,6.0,38.0,50.0,-25.0,47.5,25.0,1,1,1,-6500.0,1300.0,27.140799340605824,50.48236329356118,0.8804475963566618,1.0,2.140799340605824,2.9823632935611784,2022
401531915,2023,11,UL Monroe,Troy,14.0,45.0,-31.0,59.0,21.5,46.0,-21.5,0,0,1,900.0,-1900.0,-22.690049716499185,49.66553876521033,0.04408993850731914,1.0,-1.1900497164991855,3.6655387652103286,2022
401531913,2023,11,Georgia State,App State,14.0,42.0,-28.0,56.0,-3.0,62.5,3.0,0,0,0,-145.0,125.0,14.3683935521761,64.58107141022403,0.7234926376563457,1.0,11.3683935521761,2.081071410224027,2022
401524052,2023,11,Colorado,Arizona,31.0,34.0,-3.0,65.0,8.0,55.5,-8.0,0,1,1,275.0,-350.0,-5.685482916245316,55.624515021978425,0.21606639932696461,1.0,2.3145170837546836,0.12451502197842501,2022
401532615,2023,11,Utah State,Nevada,41.0,24.0,17.0,65.0,-14.5,54.0,14.5,1,1,1,-800.0,525.0,18.44042472519374,56.87300139334286,0.8942979153599966,1.0,3.94042472519374,2.873001393342861,2022
401525889,2023,11,Kansas State,Baylor,59.0,25.0,34.0,84.0,-21.0,55.5,21.0,1,1,1,-1800.0,850.0,28.329322674014406,52.894313650694265,0.9746628788494598,1.0,7.329322674014406,-2.605686349305735,2022
401531384,2023,11,Navy,UAB,31.0,6.0,25.0,37.0,3.0,51.5,-3.0,1,1,0,120.0,-140.0,2.59342310198428,60.388169787596965,0.6141061853576275,1.0,5.59342310198428,8.888169787596965,2022
401531912,2023,11,Coastal Carolina,Texas State,31.0,23.0,8.0,54.0,3.0,55.5,-3.0,1,1,0,110.0,-130.0,1.8748697892068487,58.15295238330864,0.7052091157764078,1.0,4.874869789206849,2.6529523833086373,2022
401520384,2023,11,Iowa,Rutgers,22.0,0.0,22.0,22.0,-1.0,27.5,1.0,1,1,0,-120.0,100.0,-7.242759949790797,31.729288210607834,0.42911071053575855,1.0,-8.242759949790797,4.229288210607834,2022
401520391,2023,11,Missouri,Tennessee,36.0,7.0,29.0,43.0,2.0,59.0,-2.0,1,1,0,115.0,-135.0,3.88643029685654,59.51815707293707,0.3726303761827039,1.0,5.88643029685654,0.5181570729370719,2022
401520395,2023,11,Purdue,Minnesota,49.0,30.0,19.0,79.0,2.0,48.5,-2.0,1,1,1,105.0,-125.0,-4.38191145223394,51.53878422720526,0.22947307184151813,1.0,-2.3819114522339397,3.0387842272052623,2022
401520398,2023,11,Wisconsin,Northwestern,10.0,24.0,-14.0,34.0,-12.0,44.0,12.0,0,0,0,-460.0,340.0,11.134282128625943,44.19388554982831,0.8237893650439652,1.0,-0.8657178713740574,0.19388554982830897,2022
401525550,2023,11,Florida State,Miami,27.0,20.0,7.0,47.0,-14.5,50.5,14.5,1,0,0,-650.0,450.0,18.778612864138406,51.79133985572214,0.8411529145538038,1.0,4.278612864138406,1.2913398557221427,2022
401524056,2023,11,Washington,Utah,35.0,28.0,7.0,63.0,-9.5,48.5,9.5,1,0,1,-320.0,260.0,9.984389382915811,50.83029720093893,0.74892187870495,1.0,0.48438938291581124,2.3302972009389293,2022
401525892,2023,11,UCF,Oklahoma State,45.0,3.0,42.0,48.0,2.0,64.0,-2.0,1,1,0,115.0,-135.0,1.5768934977846985,70.44514729380508,0.743047434225592,1.0,3.5768934977846985,6.4451472938050784,2022
401525552,2023,11,Syracuse,Pittsburgh,28.0,13.0,15.0,41.0,3.0,38.0,-3.0,1,1,1,130.0,-150.0,0.6976956289745644,35.79975426028568,0.5186966838774019,1.0,3.6976956289745644,-2.200245739714319,2022
401520390,2023,11,Middle Tennessee,Florida International,40.0,6.0,34.0,46.0,-10.5,51.5,10.5,1,1,0,-430.0,320.0,6.323317291699479,49.835106760425724,0.6812493653125746,1.0,-4.176682708300521,-1.6648932395742762,2022
401520399,2023,11,Western Kentucky,New Mexico State,29.0,38.0,-9.0,67.0,-5.0,53.5,5.0,0,0,1,-200.0,170.0,2.689998405369261,54.891706624096095,0.5068777398122545,1.0,-2.310001594630739,1.391706624096095,2022
401524051,2023,11,California,Washington State,42.0,39.0,3.0,81.0,-2.0,60.0,2.0,1,1,1,-125.0,105.0,-1.7163857239596298,60.45814308296725,0.45838261114306655,1.0,-3.71638572395963,0.45814308296724704,2022
401520380,2023,11,Arkansas,Auburn,10.0,48.0,-38.0,58.0,-2.0,47.0,2.0,0,0,1,-125.0,105.0,0.6274719767752515,49.70701058123694,0.40051419343364286,1.0,-1.3725280232247485,2.7070105812369434,2022
401531416,2023,11,Florida Atlantic,East Carolina,7.0,22.0,-15.0,29.0,-7.5,45.0,7.5,0,0,0,-310.0,255.0,7.545810065332899,47.81356061428744,0.7116737497341437,1.0,0.04581006533289944,2.8135606142874394,2022
401531916,2023,11,South Alabama,Arkansas State,21.0,14.0,7.0,35.0,-15.0,55.5,15.0,1,0,0,-575.0,400.0,17.853780073488657,60.3761671046804,0.8830844489566773,1.0,2.8537800734886574,4.876167104680398,2022
401524054,2023,11,Oregon State,Stanford,62.0,17.0,45.0,79.0,-21.5,52.5,21.5,1,1,1,-1800.0,850.0,23.971153875381148,51.812898614843384,0.8924215629571433,1.0,2.471153875381148,-0.6871013851566161,2022
401532617,2023,11,Colorado State,San Diego State,22.0,19.0,3.0,41.0,-3.5,46.5,3.5,1,0,0,-175.0,150.0,-0.1909164320041561,49.72690213056192,0.4593368796577891,1.0,-3.690916432004156,3.2269021305619177,2022
401525887,2023,11,Houston,Cincinnati,14.0,24.0,-10.0,38.0,-3.0,54.0,3.0,0,0,0,-160.0,135.0,7.172234041898252,56.41216450732566,0.5998075127725084,1.0,4.172234041898252,2.412164507325663,2022
401520382,2023,11,Georgia,Ole Miss,52.0,17.0,35.0,69.0,-11.0,59.0,11.0,1,1,1,-440.0,330.0,9.650488724365317,55.618985875008434,0.8352194886672464,1.0,-1.3495112756346828,-3.381014124991566,2022
401525890,2023,11,Oklahoma,West Virginia,59.0,20.0,39.0,79.0,-13.0,59.5,13.0,1,1,1,-490.0,355.0,13.98837364047388,52.46078606311028,0.849401001027829,1.0,0.9883736404738794,-7.039213936889723,2022
401531914,2023,11,Marshall,Georgia Southern,38.0,33.0,5.0,71.0,1.5,56.5,-1.5,1,1,1,100.0,-120.0,-1.1979645240539376,58.64638062811317,0.6275576095319568,1.0,0.3020354759460624,2.146380628113171,2022
401520389,2023,11,LSU,Florida,52.0,35.0,17.0,87.0,-16.0,67.5,16.0,1,1,1,-750.0,500.0,12.707564567785205,64.60754007198094,0.8386178500319981,1.0,-3.292435432214795,-2.892459928019065,2022
401525891,2023,11,TCU,Texas,26.0,29.0,-3.0,55.0,13.0,56.0,-13.0,0,1,0,350.0,-480.0,-20.715520107425828,54.76016099956253,0.10552243035396763,1.0,-7.715520107425828,-1.2398390004374704,2022
401531400,2023,11,UTSA,Rice,34.0,14.0,20.0,48.0,-13.5,55.0,13.5,1,1,0,-550.0,390.0,16.393182792786845,57.06981467894178,0.8745889281312644,1.0,2.8931827927868454,2.069814678941782,2022
401520397,2023,11,Texas A&M,Mississippi State,51.0,10.0,41.0,61.0,-16.5,40.5,16.5,1,1,1,-1100.0,650.0,14.443881241992102,45.01277079046667,0.8418516334222468,1.0,-2.056118758007898,4.512770790466668,2022
401520393,2023,11,Ohio State,Michigan State,38.0,3.0,35.0,41.0,-32.0,48.0,32.0,1,1,0,-20000.0,2400.0,38.45165154967148,48.21457150322708,0.9832079919509471,1.0,6.451651549671482,0.2145715032270772,2022
401525549,2023,11,North Carolina,Duke,47.0,45.0,2.0,92.0,-10.0,53.5,10.0,1,0,1,-525.0,375.0,12.815987357205614,47.5592838159487,0.7790583932757579,1.0,2.815987357205614,-5.940716184051297,2022
401524055,2023,11,UCLA,Arizona State,7.0,17.0,-10.0,24.0,-14.0,45.5,14.0,0,0,0,-850.0,550.0,13.855965859329492,38.99950818377274,0.7909593989656212,1.0,-0.14403414067050768,-6.50049181622726,2022
401532616,2023,11,Boise State,New Mexico,42.0,14.0,28.0,56.0,-27.5,59.5,27.5,1,1,0,-7000.0,1300.0,30.99174642233062,62.66828853878569,0.9403004327055238,1.0,3.491746422330621,3.1682885387856885,2022
401525886,2023,11,BYU,Iowa State,13.0,45.0,-32.0,58.0,7.5,41.5,-7.5,0,0,1,240.0,-290.0,-10.907318239641695,39.739772505060806,0.22338365117240314,1.0,-3.407318239641695,-1.760227494939194,2022
401524053,2023,11,Oregon,USC,36.0,27.0,9.0,63.0,-16.5,77.5,16.5,1,0,0,-800.0,525.0,14.166523499646281,74.16860596056264,0.7611885129561715,1.0,-2.3334765003537186,-3.331394039437356,2022
401532614,2023,11,San José State,Fresno State,42.0,18.0,24.0,60.0,-2.5,51.5,2.5,1,1,1,-130.0,110.0,8.824204596204355,55.7602175174572,0.6070207902774732,1.0,6.324204596204355,4.2602175174572,2022
401532613,2023,11,Hawai'i,Air Force,27.0,13.0,14.0,40.0,20.5,46.5,-20.5,1,1,0,725.0,-1300.0,-19.453052128587903,53.14798106227626,0.20023410309940712,1.0,1.0469478714120974,6.6479810622762585,2022
401532443,2023,12,Bowling Green,Toledo,31.0,32.0,-1.0,63.0,10.0,49.5,-10.0,0,1,1,315.0,-420.0,-8.245870276248562,49.5232706143774,0.3173670072927988,1.0,1.7541297237514382,0.02327061437740241,2022
401532444,2023,12,Northern Illinois,Western Michigan,24.0,0.0,24.0,24.0,-4.0,56.5,4.0,1,1,0,-210.0,175.0,4.399987616039211,56.328735937221374,0.6319514930333451,1.0,0.39998761603921107,-0.17126406277862571,2022
401532445,2023,12,Eastern Michigan,Akron,30.0,27.0,3.0,57.0,-3.0,39.5,3.0,1,0,1,-185.0,160.0,-7.564469054927642,36.18050349169036,0.3571514340197678,1.0,-10.564469054927642,-3.3194965083096406,2022
401532447,2023,12,Miami (OH),Buffalo,23.0,10.0,13.0,33.0,-7.5,37.0,7.5,1,1,0,-350.0,275.0,7.881532408174233,40.25615871912902,0.7041117720639145,1.0,0.38153240817423306,3.2561587191290187,2022
401532446,2023,12,Ohio,Central Michigan,34.0,20.0,14.0,54.0,-10.5,50.0,10.5,1,1,1,-390.0,295.0,13.301992077409215,50.73317974382836,0.7983621913357788,1.0,2.8019920774092153,0.7331797438283587,2022
401525553,2023,12,Pittsburgh,Boston College,24.0,16.0,8.0,40.0,-2.5,46.5,2.5,1,1,0,-140.0,120.0,-6.8265534668503545,53.652669879066316,0.4034536296594697,1.0,-9.326553466850354,7.152669879066316,2022
401531401,2023,12,UTSA,South Florida,49.0,21.0,28.0,70.0,-14.5,66.5,14.5,1,1,1,-800.0,525.0,16.418020158912878,66.4044280850601,0.9040943644799764,1.0,1.9180201589128778,-0.09557191493989592,2022
401524057,2023,12,Washington State,Colorado,56.0,14.0,42.0,70.0,-4.0,59.0,4.0,1,1,1,-185.0,160.0,3.1705816160719276,59.496885797932336,0.6986316468776902,1.0,-0.8294183839280724,0.496885797932336,2022
401531431,2023,12,Memphis,SMU,34.0,38.0,-4.0,72.0,9.5,64.5,-9.5,0,1,1,270.0,-340.0,-8.08840699634459,56.639411582879504,0.373658690151673,1.0,1.41159300365541,-7.860588417120496,2022
401520403,2023,12,Army,Coastal Carolina,28.0,21.0,7.0,49.0,1.0,40.5,-1.0,1,1,1,145.0,-170.0,-3.994502636765077,50.61014576839994,0.25814700926188017,1.0,-2.994502636765077,10.110145768399939,2022
401520412,2023,12,Mississippi State,Southern Miss,41.0,20.0,21.0,61.0,-18.5,48.5,18.5,1,1,1,-650.0,450.0,12.130581889187349,49.1852751128206,0.8001138565031879,1.0,-6.369418110812651,0.685275112820598,2022
401531417,2023,12,Navy,East Carolina,10.0,0.0,10.0,10.0,-2.0,30.5,2.0,1,1,0,-145.0,125.0,1.8229636360711863,38.00372200147706,0.6589132830009342,1.0,-0.17703636392881372,7.503722001477058,2022
401520417,2023,12,Penn State,Rutgers,27.0,6.0,21.0,33.0,-19.5,40.0,19.5,1,1,0,-1200.0,700.0,17.656089153451546,40.71519608444608,0.9193839987529651,1.0,-1.8439108465484537,0.7151960844460774,2022
401520416,2023,12,Ole Miss,UL Monroe,35.0,3.0,32.0,38.0,-36.0,60.5,36.0,1,0,0,,,32.86183905851477,56.82314930177534,0.99,1.0,-3.138160941485232,-3.676850698224662,2022
401520410,2023,12,Maryland,Michigan,24.0,31.0,-7.0,55.0,17.5,51.0,-17.5,0,1,1,750.0,-1400.0,-22.60216345896935,53.53630637205903,0.0544270704945789,1.0,-5.1021634589693505,2.5363063720590304,2022
401520414,2023,12,Northwestern,Purdue,23.0,15.0,8.0,38.0,-2.5,47.5,2.5,1,1,0,115.0,-135.0,1.9044194860106893,46.94906382970719,0.6828266676539527,1.0,-0.5955805139893107,-0.5509361702928075,2022
401520405,2023,12,Indiana,Michigan State,21.0,24.0,-3.0,45.0,-3.5,46.5,3.5,0,0,0,-165.0,140.0,-1.4449274537037287,48.35052982914548,0.287218105660877,1.0,-4.944927453703729,1.8505298291454793,2022
401525558,2023,12,Miami,Louisville,31.0,38.0,-7.0,69.0,-1.0,46.0,1.0,0,0,1,-115.0,-105.0,-1.5508453355999476,51.23545279248603,0.404907835081706,1.0,-2.5508453355999476,5.235452792486029,2022
401525893,2023,12,BYU,Oklahoma,24.0,31.0,-7.0,55.0,24.5,58.5,-24.5,0,1,0,1100.0,-3300.0,-13.992777324953327,61.319112573635365,0.19759061841329906,1.0,10.507222675046673,2.8191125736353655,2022
401531375,2023,12,Florida Atlantic,Tulane,8.0,24.0,-16.0,32.0,9.0,47.0,-9.0,0,0,0,270.0,-340.0,-15.168781109472567,46.44193931850037,0.1795212750235712,1.0,-6.168781109472567,-0.558060681499633,2022
401520408,2023,12,Liberty,Massachusetts,49.0,25.0,24.0,74.0,-25.5,63.5,25.5,1,0,1,-10000.0,1600.0,24.695255957648456,65.31263287395213,0.8797242930180037,1.0,-0.804744042351544,1.8126328739521256,2022
401532448,2023,12,Ball State,Kent State,34.0,3.0,31.0,37.0,-10.5,43.0,10.5,1,1,0,-525.0,375.0,14.966607037462822,40.686904929318565,0.9101060311055429,1.0,4.466607037462822,-2.3130950706814346,2022
401520411,2023,12,Middle Tennessee,UTEP,34.0,30.0,4.0,64.0,-8.0,48.5,8.0,1,0,1,-300.0,250.0,1.7415826160401604,48.70116707211478,0.6167275012345022,1.0,-6.25841738395984,0.20116707211477802,2022
401531918,2023,12,James Madison,App State,23.0,26.0,-3.0,49.0,-10.0,56.5,10.0,0,0,0,-400.0,300.0,17.802352759768247,66.55300561795507,0.6435622180575402,1.0,7.802352759768247,10.053005617955066,2022
401532620,2023,12,Wyoming,Hawai'i,42.0,9.0,33.0,51.0,-13.0,45.0,13.0,1,1,1,-585.0,410.0,5.082554775161608,53.18204672342074,0.6536029006898586,1.0,-7.917445224838392,8.18204672342074,2022
401531409,2023,12,Charlotte,Rice,7.0,28.0,-21.0,35.0,1.0,46.5,-1.0,0,0,0,105.0,-125.0,-2.3151200843738446,45.82317260144256,0.4347013911609309,1.0,-1.3151200843738446,-0.6768273985574425,2022
401525899,2023,12,West Virginia,Cincinnati,42.0,21.0,21.0,63.0,-5.0,52.0,5.0,1,1,1,-245.0,205.0,2.4312649828546604,53.024283914890425,0.651846729101925,1.0,-2.5687350171453396,1.0242839148904253,2022
401524058,2023,12,Arizona,Utah,42.0,18.0,24.0,60.0,-2.5,47.0,2.5,1,1,1,-115.0,-105.0,5.622915334924125,50.57733727366066,0.43979033219295305,1.0,3.1229153349241248,3.5773372736606603,2022
401525555,2023,12,Virginia,Duke,30.0,27.0,3.0,57.0,3.0,45.5,-3.0,1,1,1,150.0,-175.0,-9.4741759454726,48.86937455359213,0.2547609808000798,1.0,-6.4741759454726004,3.369374553592131,2022
401531919,2023,12,Arkansas State,Texas State,77.0,31.0,46.0,108.0,3.0,59.5,-3.0,1,1,1,150.0,-175.0,0.9418077505779454,56.90363441260472,0.4879978885492173,1.0,3.9418077505779454,-2.596365587395283,2022
401531385,2023,12,UAB,Temple,34.0,24.0,10.0,58.0,-8.5,61.0,8.5,1,1,0,-290.0,240.0,3.5129863083374184,64.46883255870968,0.7708026605327299,1.0,-4.987013691662582,3.4688325587096784,2022
401532621,2023,12,Colorado State,Nevada,30.0,20.0,10.0,50.0,-12.5,45.0,12.5,1,0,1,-480.0,350.0,7.45012174723223,49.096271795938804,0.7123162911217293,1.0,-5.04987825276777,4.096271795938804,2022
401531345,2023,12,Tulsa,North Texas,28.0,35.0,-7.0,63.0,2.0,69.5,-2.0,0,0,0,100.0,-120.0,-1.1520552180731412,65.36947619624046,0.2842443282453346,1.0,0.8479447819268588,-4.130523803759544,2022
401525559,2023,12,Virginia Tech,NC State,28.0,35.0,-7.0,63.0,-2.5,41.0,2.5,0,0,1,-140.0,120.0,-3.283763761239764,42.0449836062123,0.3577775165488377,1.0,-5.783763761239764,1.0449836062122984,2022
401525897,2023,12,TCU,Baylor,42.0,17.0,25.0,59.0,-13.0,62.0,13.0,1,1,0,-575.0,400.0,10.466364254407566,55.83518973336727,0.8508652624940412,1.0,-2.5336357455924343,-6.164810266632728,2022
401520406,2023,12,Iowa,Illinois,15.0,13.0,2.0,28.0,-3.0,33.5,3.0,1,0,0,-145.0,125.0,1.0810172618069671,30.278740741189353,0.6185977039112307,1.0,-1.9189827381930329,-3.2212592588106475,2022
401531921,2023,12,Troy,Louisiana,31.0,24.0,7.0,55.0,-15.5,47.5,15.5,1,0,1,-800.0,525.0,14.618150874332596,49.518219782470965,0.8195756670342269,1.0,-0.8818491256674044,2.0182197824709647,2022
401525554,2023,12,Clemson,North Carolina,31.0,20.0,11.0,51.0,-8.0,59.5,8.0,1,1,0,-300.0,250.0,10.323155795329557,55.720747475773585,0.6009717259786398,1.0,2.3231557953295567,-3.7792525242264148,2022
401532624,2023,12,Air Force,UNLV,27.0,31.0,-4.0,58.0,-3.0,46.5,3.0,0,0,1,-150.0,130.0,3.912374887087499,59.23602928239942,0.682314146281279,1.0,0.9123748870874988,12.736029282399421,2022
401520419,2023,12,Tennessee,Georgia,10.0,38.0,-28.0,48.0,9.0,59.0,-9.0,0,0,0,300.0,-400.0,-7.427291650365191,60.75349755314081,0.22073654871068354,1.0,1.5727083496348087,1.7534975531408108,2022
401524062,2023,12,USC,UCLA,20.0,38.0,-18.0,58.0,-5.0,62.5,5.0,0,0,0,-250.0,210.0,2.859616513434208,57.40250431780764,0.744843714294659,1.0,-2.140383486565792,-5.09749568219236,2022
401525442,2023,12,Notre Dame,Wake Forest,45.0,7.0,38.0,52.0,-23.5,47.5,23.5,1,1,1,-3500.0,1100.0,21.494274653746867,48.76075121671648,0.9359578656118781,1.0,-2.005725346253133,1.2607512167164785,2022
401520415,2023,12,Ohio State,Minnesota,37.0,3.0,34.0,40.0,-27.5,51.5,27.5,1,1,0,-10000.0,1600.0,32.19438928883258,57.550233113173405,0.968335043426119,1.0,4.694389288832582,6.050233113173405,2022
401524059,2023,12,Arizona State,Oregon,13.0,49.0,-36.0,62.0,24.5,53.5,-24.5,0,0,1,1000.0,-2500.0,-29.591946973985888,52.79449971084695,0.029689233987247786,1.0,-5.091946973985888,-0.7055002891530506,2022
401525894,2023,12,Houston,Oklahoma State,30.0,43.0,-13.0,73.0,6.5,57.5,-6.5,0,0,1,195.0,-235.0,-12.661413028819485,53.32135195529996,0.5391285799319158,1.0,-6.161413028819485,-4.17864804470004,2022
401520404,2023,12,Auburn,New Mexico State,10.0,31.0,-21.0,41.0,-25.0,48.0,25.0,0,0,0,-2800.0,1100.0,27.504148359609644,51.00246660033442,0.9746798392795346,1.0,2.504148359609644,3.0024666003344223,2022
401525898,2023,12,Texas Tech,UCF,24.0,23.0,1.0,47.0,-2.0,59.0,2.0,1,0,0,-135.0,115.0,5.658416520493582,58.03104316468733,0.7368373493561665,1.0,3.6584165204935823,-0.9689568353126674,2022
401531920,2023,12,South Alabama,Marshall,28.0,0.0,28.0,28.0,-10.0,45.0,10.0,1,1,0,-430.0,320.0,14.369194250987952,47.31160229277299,0.8724050067386369,1.0,4.369194250987952,2.3116022927729887,2022
401531917,2023,12,Georgia Southern,Old Dominion,17.0,20.0,-3.0,37.0,-5.5,62.5,5.5,0,0,0,-235.0,195.0,7.6815621202037345,62.357384947004356,0.7017269190753301,1.0,2.1815621202037345,-0.14261505299564448,2022
401524061,2023,12,Stanford,California,15.0,27.0,-12.0,42.0,7.0,53.5,-7.0,0,0,0,210.0,-250.0,-6.159825305812939,50.01175455444937,0.39936809364935305,1.0,0.8401746941870609,-3.488245445550632,2022
401532619,2023,12,Utah State,Boise State,10.0,45.0,-35.0,55.0,5.0,63.5,-5.0,0,0,0,145.0,-170.0,-14.030796893111997,63.22913076585969,0.23311410706965058,1.0,-9.030796893111997,-0.2708692341403065,2022
401525896,2023,12,Kansas,Kansas State,27.0,31.0,-4.0,58.0,7.0,60.5,-7.0,0,1,0,275.0,-350.0,-7.354957168121253,64.38042096942641,0.2687478471957817,1.0,-0.35495716812125266,3.8804209694264102,2022
401520402,2023,12,Arkansas,Florida International,44.0,20.0,24.0,64.0,-26.5,49.5,26.5,1,0,1,-10000.0,1600.0,30.07004283446173,52.31375891598399,0.9763713608654983,1.0,3.5700428344617308,2.813758915983989,2022
401520418,2023,12,South Carolina,Kentucky,17.0,14.0,3.0,31.0,-2.5,52.5,2.5,1,1,0,-105.0,-115.0,2.915488864968954,56.2880932576438,0.5970052377625643,1.0,0.4154888649689541,3.7880932576438013,2022
401520422,2023,12,Wisconsin,Nebraska,24.0,17.0,7.0,41.0,-7.0,36.5,7.0,1,0,1,-225.0,185.0,6.87011730416149,44.05936461582898,0.6219510200676056,1.0,-0.12988269583850975,7.559364615828983,2022
401520413,2023,12,Missouri,Florida,33.0,31.0,2.0,64.0,-12.5,55.0,12.5,1,0,1,-460.0,340.0,12.045956681116795,52.971832540929,0.8175802111115267,1.0,-0.4540433188832047,-2.0281674590709997,2022
401524060,2023,12,Oregon State,Washington,20.0,22.0,-2.0,42.0,-1.0,62.0,1.0,0,0,0,-120.0,100.0,11.91216645126549,60.402432525149926,0.7124098206008682,1.0,10.91216645126549,-1.5975674748500737,2022
401520409,2023,12,LSU,Georgia State,56.0,14.0,42.0,70.0,-32.0,75.0,32.0,1,1,0,-20000.0,2400.0,34.14564397295959,74.44589809873081,0.9851968897156227,1.0,2.14564397295959,-0.5541019012691919,2022
401525895,2023,12,Iowa State,Texas,16.0,26.0,-10.0,42.0,6.5,44.5,-6.5,0,0,0,255.0,-310.0,-5.217701717440717,44.1292261141142,0.5313312118851711,1.0,1.2822982825592826,-0.3707738858857965,2022
401525557,2023,12,Georgia Tech,Syracuse,31.0,22.0,9.0,53.0,-6.0,51.5,6.0,1,1,1,-245.0,205.0,10.715145544372517,48.4627377065405,0.8669764852378717,1.0,4.7151455443725165,-3.0372622934594986,2022
401532622,2023,12,Fresno State,New Mexico,17.0,25.0,-8.0,42.0,-22.0,58.5,22.0,0,0,0,-2500.0,1000.0,22.447602940264073,60.61317692731712,0.9034170536451515,1.0,0.44760294026407266,2.11317692731712,2022
401532623,2023,12,San José State,San Diego State,24.0,13.0,11.0,37.0,-16.5,48.0,16.5,1,0,0,-700.0,475.0,13.35259266324742,51.030857825752854,0.8637853606858719,1.0,-3.1474073367525808,3.030857825752854,2022
401532450,2023,13,Western Michigan,Bowling Green,10.0,34.0,-24.0,44.0,3.0,51.5,-3.0,0,0,0,100.0,-120.0,-3.360832567122483,51.47971044742309,0.5679549218864905,1.0,-0.360832567122483,-0.02028955257691223,2022
401532449,2023,13,Buffalo,Eastern Michigan,11.0,24.0,-13.0,35.0,-5.5,38.0,5.5,0,0,0,-240.0,200.0,1.0505226631888034,37.70958013035073,0.5592203496487523,1.0,-4.449477336811197,-0.2904198696492699,2022
401520424,2023,13,Mississippi State,Ole Miss,7.0,17.0,-10.0,24.0,10.0,55.0,-10.0,0,0,0,335.0,-450.0,-10.310590877097976,53.419242919108385,0.24678901552400362,1.0,-0.31059087709797595,-1.5807570808916154,2022
401532452,2023,13,Akron,Ohio,14.0,25.0,-11.0,39.0,16.0,42.0,-16.0,0,1,0,430.0,-625.0,-22.7149709855288,37.01445005670148,0.1004816115409478,1.0,-6.714970985528801,-4.985549943298523,2022
401520425,2023,13,Nebraska,Iowa,10.0,13.0,-3.0,23.0,-3.0,26.0,3.0,0,0,0,-120.0,100.0,-6.262416879023208,22.5211024506927,0.23702721405056565,1.0,-9.262416879023208,-3.4788975493073018,2022
401531394,2023,13,Temple,Memphis,21.0,45.0,-24.0,66.0,13.5,65.0,-13.5,0,0,1,350.0,-480.0,-20.10928628868193,66.34180819466938,0.08978690649716917,1.0,-6.609286288681929,1.3418081946693832,2022
401532451,2023,13,Central Michigan,Toledo,17.0,32.0,-15.0,49.0,10.0,54.5,-10.0,0,0,0,360.0,-500.0,-20.723180739564725,56.709284460208366,0.06629501843248746,1.0,-10.723180739564725,2.209284460208366,2022
401525560,2023,13,Boston College,Miami,20.0,45.0,-25.0,65.0,10.0,50.0,-10.0,0,0,1,275.0,-350.0,-6.937499291594539,49.34736228986296,0.36479194625367456,1.0,3.0625007084054614,-0.6526377101370429,2022
401525900,2023,13,Oklahoma,TCU,69.0,45.0,24.0,114.0,-10.0,65.5,10.0,1,1,1,-400.0,300.0,12.562209887275,63.32612728758992,0.9136665806044365,1.0,2.5622098872749994,-2.1738727124100805,2022
401532629,2023,13,New Mexico,Utah State,41.0,44.0,-3.0,85.0,4.5,58.5,-4.5,0,1,1,275.0,-350.0,-6.722989981585211,63.817470064522574,0.3263467735016474,1.0,-2.2229899815852114,5.317470064522574,2022
401531376,2023,13,Tulane,UTSA,29.0,16.0,13.0,45.0,-3.5,53.5,3.5,1,1,0,-145.0,125.0,8.272494392433412,51.834170393214514,0.6704438984520413,1.0,4.772494392433412,-1.6658296067854863,2022
401532625,2023,13,Boise State,Air Force,27.0,19.0,8.0,46.0,-6.5,45.0,6.5,1,1,1,-220.0,180.0,8.877586180142394,39.50833226870121,0.735378417593343,1.0,2.3775861801423943,-5.49166773129879,2022
401520426,2023,13,Arkansas,Missouri,14.0,48.0,-34.0,62.0,10.0,53.5,-10.0,0,0,1,250.0,-300.0,-5.04036100792693,58.34210761988688,0.27183840600369036,1.0,4.95963899207307,4.842107619886882,2022
401520435,2023,13,Michigan State,Penn State,0.0,42.0,-42.0,42.0,23.5,43.0,-23.5,0,0,0,750.0,-1400.0,-30.858005180280813,42.804214481937784,0.06172898949049934,1.0,-7.358005180280813,-0.1957855180622161,2022
401525901,2023,13,Texas,Texas Tech,57.0,7.0,50.0,64.0,-16.0,53.5,16.0,1,1,1,-625.0,430.0,13.326863049123086,52.77531743942505,0.86732862623316,1.0,-2.6731369508769145,-0.7246825605749478,2022
401524063,2023,13,Oregon,Oregon State,31.0,7.0,24.0,38.0,-14.0,61.0,14.0,1,1,0,-650.0,450.0,15.93552358837708,52.605911631979474,0.8909459768244616,1.0,1.9355235883770803,-8.394088368020526,2022
401520432,2023,13,Louisville,Kentucky,31.0,38.0,-7.0,69.0,-7.5,47.5,7.5,0,0,1,-285.0,235.0,8.424349750162515,43.64619456285683,0.7069818821395327,1.0,0.9243497501625146,-3.8538054371431727,2022
401525906,2023,13,UCF,Houston,27.0,13.0,14.0,40.0,-15.5,61.0,15.5,1,0,0,-575.0,400.0,18.205843194625132,57.17815175973793,0.8524177247470455,1.0,2.705843194625132,-3.821848240262071,2022
401520438,2023,13,Purdue,Indiana,35.0,31.0,4.0,66.0,-6.5,55.5,6.5,1,0,1,-130.0,110.0,4.073808700770771,57.24884002048514,0.6022203038530685,1.0,-2.426191299229229,1.7488400204851402,2022
401520443,2023,13,Massachusetts,UConn,18.0,31.0,-13.0,49.0,-2.5,51.0,2.5,0,0,0,,-130.0,1.6228768860637715,51.58221111583578,0.47514507287048774,1.0,-0.8771231139362285,0.5822111158357828,2022
401520434,2023,13,Michigan,Ohio State,30.0,24.0,6.0,54.0,-3.0,47.0,3.0,1,1,1,-180.0,155.0,5.353622636045442,45.877279982782774,0.547826942761265,1.0,2.3536226360454418,-1.122720017217226,2022
401520433,2023,13,LSU,Texas A&M,42.0,30.0,12.0,72.0,-11.0,68.0,11.0,1,1,1,-415.0,310.0,13.755803472866294,67.96242997257977,0.8459336439355221,1.0,2.755803472866294,-0.03757002742023019,2022
401531435,2023,13,SMU,Navy,59.0,14.0,45.0,73.0,-20.5,46.0,20.5,1,1,1,-1600.0,800.0,24.359027086476413,47.065465372708225,0.9177186783195501,1.0,3.859027086476413,1.0654653727082248,2022
401532454,2023,13,Ball State,Miami (OH),15.0,17.0,-2.0,32.0,4.0,34.0,-4.0,0,1,0,200.0,-240.0,-8.621112300576335,33.954146800593556,0.22354777427381706,1.0,-4.6211123005763355,-0.04585319940644439,2022
401532453,2023,13,Kent State,Northern Illinois,27.0,37.0,-10.0,64.0,20.5,45.0,-20.5,0,1,1,600.0,-950.0,-22.468041618419146,47.18518065729964,0.08969723220567971,1.0,-1.9680416184191465,2.1851806572996395,2022
401525561,2023,13,Duke,Pittsburgh,30.0,19.0,11.0,49.0,-4.5,41.0,4.5,1,1,1,-230.0,190.0,5.844132641604,39.2473432805836,0.7335777375132781,1.0,1.3441326416040003,-1.7526567194164002,2022
401531927,2023,13,Southern Miss,Troy,17.0,35.0,-18.0,52.0,17.5,48.5,-17.5,0,0,1,550.0,-850.0,-20.972985734570425,51.36033005958896,0.09308692535334609,1.0,-3.4729857345704254,2.8603300595889607,2022
401531421,2023,13,Rice,Florida Atlantic,24.0,21.0,3.0,45.0,-3.0,47.0,3.0,1,0,0,-150.0,130.0,0.11149368111895264,51.37236986392191,0.7027329182953193,1.0,-2.8885063188810474,4.372369863921911,2022
401525563,2023,13,Syracuse,Wake Forest,35.0,31.0,4.0,66.0,-2.0,43.5,2.0,1,1,1,-130.0,110.0,-1.1899637177484137,41.073909467599826,0.6213874411178189,1.0,-3.1899637177484137,-2.426090532400174,2022
401531346,2023,13,East Carolina,Tulsa,27.0,29.0,-2.0,56.0,-3.0,44.0,3.0,0,0,1,-165.0,140.0,1.7031315752445928,38.59092455573172,0.6437070129454264,1.0,-1.2968684247554072,-5.409075444268282,2022
401531925,2023,13,Old Dominion,Georgia State,25.0,24.0,1.0,49.0,-1.5,50.5,1.5,1,0,0,-150.0,130.0,0.13319693663117382,45.13001178836098,0.5400596216135298,1.0,-1.3668030633688262,-5.3699882116390185,2022
401531386,2023,13,North Texas,UAB,45.0,42.0,3.0,87.0,-2.5,73.5,2.5,1,1,1,-150.0,130.0,0.06484171449482279,73.16192396247791,0.5719302483380658,1.0,-2.435158285505177,-0.3380760375220859,2022
401520428,2023,13,Florida International,Western Kentucky,28.0,41.0,-13.0,69.0,11.5,54.0,-11.5,0,0,1,290.0,-380.0,-12.641236394533879,54.51694193438203,0.13742734930365008,1.0,-1.1412363945338786,0.5169419343820323,2022
401524067,2023,13,Utah,Colorado,23.0,17.0,6.0,40.0,-21.5,43.5,21.5,1,0,0,-2800.0,1100.0,24.046546625004332,46.70176427011963,0.8782747632670971,1.0,2.546546625004332,3.2017642701196323,2022
401531926,2023,13,Louisiana,UL Monroe,52.0,21.0,31.0,73.0,-12.5,53.0,12.5,1,1,1,-525.0,375.0,14.151444530588568,51.75881914167252,0.9330557373112907,1.0,1.6514445305885683,-1.241180858327482,2022
401532628,2023,13,UNLV,San José State,31.0,37.0,-6.0,68.0,-1.0,58.0,1.0,0,0,1,-160.0,135.0,6.474561043661732,51.18638901978747,0.6778420474077365,1.0,5.474561043661732,-6.81361098021253,2022
401525905,2023,13,Oklahoma State,BYU,40.0,34.0,6.0,74.0,-15.5,55.5,15.5,1,0,1,-950.0,600.0,14.72987186239459,57.49031125228839,0.7583313156145142,1.0,-0.7701281376054094,1.990311252288393,2022
401520444,2023,13,UTEP,Liberty,28.0,42.0,-14.0,70.0,18.0,54.5,-18.0,0,1,1,600.0,-950.0,-13.51274244790186,56.40969526696607,0.20941567074076892,1.0,4.487257552098139,1.909695266966068,2022
401525564,2023,13,Virginia,Virginia Tech,17.0,55.0,-38.0,72.0,1.0,53.5,-1.0,0,0,1,105.0,-125.0,-5.231420677859379,55.20845274678717,0.22340865912738675,1.0,-4.231420677859379,1.7084527467871666,2022
401520436,2023,13,Minnesota,Wisconsin,14.0,28.0,-14.0,42.0,3.0,46.0,-3.0,0,0,0,105.0,-125.0,-7.930584045537927,47.015548704194266,0.2868400794705452,1.0,-4.930584045537927,1.0155487041942663,2022
401520431,2023,13,Illinois,Northwestern,43.0,45.0,-2.0,88.0,-6.0,47.0,6.0,0,0,1,-220.0,180.0,2.4092161618844123,45.8671070291413,0.4668588252136489,1.0,-3.5907838381155877,-1.1328929708586983,2022
401531922,2023,13,App State,Georgia Southern,55.0,27.0,28.0,82.0,-10.5,63.5,10.5,1,1,1,-350.0,275.0,11.234170634417415,67.3984356900136,0.9031061536830549,1.0,0.7341706344174153,3.8984356900135992,2022
401524064,2023,13,Arizona State,Arizona,23.0,59.0,-36.0,82.0,13.0,50.0,-13.0,0,0,1,370.0,-510.0,-16.064083448911727,48.26356193410857,0.10998416346324182,1.0,-3.0640834489117275,-1.7364380658914271,2022
401520439,2023,13,Rutgers,Maryland,24.0,42.0,-18.0,66.0,2.0,45.5,-2.0,0,0,1,105.0,-125.0,-1.74707200560819,52.87157698936586,0.5015671064587314,1.0,0.2529279943918099,7.371576989365863,2022
401531924,2023,13,Marshall,Arkansas State,35.0,21.0,14.0,56.0,1.0,52.0,-1.0,1,1,1,-140.0,120.0,2.773818078491492,54.92562650541983,0.7345167838905629,1.0,3.773818078491492,2.925626505419828,2022
401520442,2023,13,Tennessee,Vanderbilt,48.0,24.0,24.0,72.0,-27.0,58.0,27.0,1,0,1,-5000.0,1300.0,32.457709975467296,57.327566674058765,0.955487667020935,1.0,5.457709975467296,-0.6724333259412347,2022
401520427,2023,13,Auburn,Alabama,24.0,27.0,-3.0,51.0,14.0,48.0,-14.0,0,1,1,475.0,-700.0,-19.9448029868014,51.86170106467989,0.12326122891762205,1.0,-5.944802986801399,3.8617010646798917,2022
401531923,2023,13,Coastal Carolina,James Madison,14.0,56.0,-42.0,70.0,4.0,51.0,-4.0,0,0,1,275.0,-350.0,0.7467509830761259,55.41506536368069,0.6207316320096534,1.0,4.746750983076126,4.415065363680689,2022
401524068,2023,13,Washington,Washington State,24.0,21.0,3.0,45.0,-14.5,64.5,14.5,1,0,0,-950.0,600.0,18.59025529932699,66.37908758666777,0.8881972272626746,1.0,4.090255299326991,1.8790875866677652,2022
401531928,2023,13,Texas State,South Alabama,52.0,44.0,8.0,96.0,6.5,57.0,-6.5,1,1,1,180.0,-220.0,-6.3579045429655805,58.54044334067686,0.2011348802017258,1.0,0.1420954570344195,1.540443340676859,2022
401525902,2023,13,Baylor,West Virginia,31.0,34.0,-3.0,65.0,13.0,54.5,-13.0,0,1,1,215.0,-260.0,-12.012466662403954,52.4852741168024,0.45586877226388633,1.0,0.9875333375960462,-2.014725883197599,2022
401520429,2023,13,Florida,Florida State,15.0,24.0,-9.0,39.0,6.5,48.5,-6.5,0,0,0,205.0,-245.0,-10.84394597272306,42.850433296065106,0.37661273317073785,1.0,-4.343945972723059,-5.6495667039348945,2022
401524065,2023,13,Stanford,Notre Dame,23.0,56.0,-33.0,79.0,26.0,50.5,-26.0,0,0,1,1100.0,-3300.0,-28.518062921804027,45.443415951139244,0.050426307376959856,1.0,-2.5180629218040274,-5.056584048860756,2022
401520430,2023,13,Georgia Tech,Georgia,23.0,31.0,-8.0,54.0,25.0,59.5,-25.0,0,1,0,1000.0,-2500.0,-27.712039467464987,60.8051790320727,0.05400721959899788,1.0,-2.7120394674649866,1.3051790320727008,2022
401520441,2023,13,South Carolina,Clemson,7.0,16.0,-9.0,23.0,7.5,48.0,-7.5,0,0,0,235.0,-285.0,-8.5018377740493,43.693943384395794,0.5227032974469924,1.0,-1.0018377740492994,-4.306056615604206,2022
401525903,2023,13,Cincinnati,Kansas,16.0,49.0,-33.0,65.0,7.5,59.0,-7.5,0,0,1,190.0,-230.0,-8.194768581342556,59.43631819007415,0.24450501033947747,1.0,-0.6947685813425561,0.43631819007414663,2022
401531410,2023,13,South Florida,Charlotte,48.0,14.0,34.0,62.0,-7.0,57.0,7.0,1,1,1,-200.0,170.0,9.842937548287601,50.233691079888125,0.8217389935124214,1.0,2.842937548287601,-6.766308920111875,2022
401525904,2023,13,Kansas State,Iowa State,35.0,42.0,-7.0,77.0,-9.5,46.0,9.5,0,0,1,-480.0,350.0,14.269049180498182,47.12802086202432,0.7770901772383396,1.0,4.7690491804981825,1.1280208620243215,2022
401525562,2023,13,NC State,North Carolina,39.0,20.0,19.0,59.0,3.0,56.0,-3.0,1,1,1,115.0,-135.0,-0.4410778155852091,53.80851801448892,0.5419243100907241,1.0,2.558922184414791,-2.191481985511082,2022
401532630,2023,13,Nevada,Wyoming,6.0,42.0,-36.0,48.0,11.5,42.0,-11.5,0,0,1,335.0,-450.0,-16.416366339486444,43.33372965888567,0.07994373279136209,1.0,-4.916366339486444,1.333729658885673,2022
401532627,2023,13,San Diego State,Fresno State,33.0,18.0,15.0,51.0,4.5,47.0,-4.5,1,1,1,175.0,-210.0,-1.3703986904772334,51.18613932381381,0.5008425058462485,1.0,3.1296013095227666,4.186139323813812,2022
401524066,2023,13,UCLA,California,7.0,33.0,-26.0,40.0,-9.5,50.5,9.5,0,0,0,-430.0,320.0,5.519240344291054,50.06648761966262,0.6789203153668587,1.0,-3.9807596557089457,-0.43351238033738326,2022
401532626,2023,13,Hawai'i,Colorado State,27.0,24.0,3.0,51.0,5.5,54.0,-5.5,1,1,0,180.0,-220.0,3.4343227266803584,58.88147620345075,0.5318091198641319,1.0,8.934322726680358,4.881476203450752,2022
401539476,2023,14,Liberty,New Mexico State,49.0,35.0,14.0,84.0,-9.5,58.0,9.5,1,1,1,-410.0,305.0,12.32616410737143,62.037051064552145,0.8608249460482218,1.0,2.8261641073714294,4.037051064552145,2022
401539475,2023,14,Washington,Oregon,34.0,31.0,3.0,65.0,10.0,65.5,-10.0,1,1,0,270.0,-340.0,-6.289637182292959,60.376378727494924,0.4439250742276017,1.0,3.7103628177070407,-5.123621272505076,2022
401539479,2023,14,Texas,Oklahoma State,49.0,21.0,28.0,70.0,-14.5,57.5,14.5,1,1,1,-625.0,430.0,14.583646951805644,51.382283048381815,0.910972685518642,1.0,0.08364695180564397,-6.117716951618185,2022
401539481,2023,14,Toledo,Miami (OH),14.0,23.0,-9.0,37.0,-7.0,43.0,7.0,0,0,0,-320.0,260.0,4.216115212023194,40.7260733454379,0.6379880298525265,1.0,-2.783884787976806,-2.2739266545621035,2022
401539482,2023,14,UNLV,Boise State,20.0,44.0,-24.0,64.0,2.5,62.0,-2.5,0,0,1,130.0,-150.0,-3.8056917339549203,57.028830627296216,0.5380264905359169,1.0,-1.3056917339549203,-4.971169372703784,2022
401539484,2023,14,Troy,App State,49.0,23.0,26.0,72.0,-5.5,53.0,5.5,1,1,1,-240.0,200.0,5.543251702641688,54.78514871316415,0.7208433333268048,1.0,0.04325170264168765,1.7851487131641477,2022
401539477,2023,14,Tulane,SMU,14.0,26.0,-12.0,40.0,-2.5,47.5,2.5,0,0,0,-185.0,160.0,8.695147069688549,46.54459645514954,0.5821076548436528,1.0,6.195147069688549,-0.9554035448504621,2022
401539483,2023,14,Alabama,Georgia,27.0,24.0,3.0,51.0,5.0,53.5,-5.0,1,1,0,175.0,-210.0,-3.3700836488393615,49.51574895310358,0.5039052186795985,1.0,1.6299163511606385,-3.984251046896418,2022
401539480,2023,14,Iowa,Michigan,0.0,26.0,-26.0,26.0,21.0,36.0,-21.0,0,0,0,1000.0,-2200.0,-26.313755322107788,34.517720694494244,0.062098113958766216,1.0,-5.313755322107788,-1.482279305505756,2022
401539478,2023,14,Florida State,Louisville,16.0,6.0,10.0,22.0,1.5,45.5,-1.5,1,1,0,-165.0,140.0,3.5985175955727255,49.50507880904614,0.7744825684145974,1.0,5.0985175955727255,4.0050788090461396,2022
401520445,2023,15,Army,Navy,17.0,11.0,6.0,28.0,-2.5,28.0,2.5,1,1,0,130.0,-150.0,0.5443348237548316,30.69313259609395,0.4606768929329955,1.0,-1.9556651762451684,2.6931325960939496,2022
401551733,2023,1,Ohio,Georgia Southern,41.0,21.0,20.0,62.0,1.5,48.5,-1.5,1,1,1,145.0,-170.0,-1.9359922110035586,47.01802205548742,0.5624282237343459,0.6,-0.43599221100355856,-1.481977944512579,2022
401551731,2023,1,App State,Miami (OH),13.0,9.0,4.0,22.0,-6.5,41.0,6.5,1,0,0,-210.0,175.0,3.6576269411121367,37.3512296308284,0.55880024570338,0.6,-2.8423730588878633,-3.6487703691716007,2022
401551732,2023,1,Fresno State,New Mexico State,37.0,10.0,27.0,47.0,3.0,52.5,-3.0,1,1,0,150.0,-175.0,-2.681909276916939,52.784999886811235,0.4191090781861708,0.6,0.3180907230830612,0.2849998868112351,2022
401551752,2023,1,Boise State,UCLA,22.0,35.0,-13.0,57.0,6.5,46.0,-6.5,0,0,1,115.0,-135.0,-8.397331709820243,43.35162901949671,0.42953659578874265,0.6,-1.897331709820243,-2.6483709805032873,2022
401551753,2023,1,Texas Tech,California,34.0,14.0,20.0,48.0,-3.5,54.5,3.5,1,1,0,-145.0,125.0,3.5283236367011854,52.52740151224787,0.5138314617572979,0.6,0.02832363670118543,-1.9725984877521299,2022
401551469,2023,1,Old Dominion,Western Kentucky,35.0,38.0,-3.0,73.0,-4.0,49.0,4.0,0,0,1,-130.0,110.0,4.700647081209545,47.05629986933885,0.5100161074080867,0.6,0.7006470812095449,-1.9437001306611492,2022
401551735,2023,1,Marshall,UTSA,17.0,35.0,-18.0,52.0,7.0,47.0,-7.0,0,0,1,290.0,,-4.29215615053036,47.767273328425915,0.3064854887453243,0.6,2.70784384946964,0.7672733284259152,2022
401551737,2023,1,Syracuse,South Florida,0.0,45.0,-45.0,45.0,-3.0,56.0,3.0,0,0,0,100.0,-120.0,1.290289291993445,54.081048133713594,0.6190028935545849,0.6,-1.709710708006555,-1.918951866286406,2022
401551754,2023,1,UCF,Georgia Tech,17.0,30.0,-13.0,47.0,-6.0,66.5,6.0,0,0,0,175.0,-210.0,3.624914692318193,66.44902041033556,0.6215200374824107,0.6,-2.375085307681807,-0.050979589664436276,2022
401551739,2023,1,Duke,Troy,17.0,10.0,7.0,27.0,7.0,44.0,-7.0,1,1,0,-300.0,250.0,-7.680213292751499,44.22721296626628,0.4266895136908996,0.6,-0.6802132927514988,0.22721296626627918,2022
401551741,2023,1,Northern Illinois,Arkansas State,21.0,19.0,2.0,40.0,2.5,54.0,-2.5,1,1,0,-110.0,-110.0,1.5416251244450203,51.262070591883955,0.5663129935362916,0.6,4.04162512444502,-2.7379294081160452,2022
401551742,2023,1,Air Force,James Madison,31.0,21.0,10.0,52.0,-2.5,44.5,2.5,1,1,1,135.0,-160.0,4.3252802462496405,47.423084146951176,0.5131169065748307,0.6,1.8252802462496405,2.923084146951176,2022
401551743,2023,1,Utah State,Georgia State,22.0,45.0,-23.0,67.0,-2.0,58.0,2.0,0,0,1,-110.0,-110.0,4.50447443899998,55.89968429352998,0.5695616361549396,0.6,2.5044744389999796,-2.1003157064700204,2022
401551755,2023,1,Eastern Michigan,South Alabama,10.0,59.0,-49.0,69.0,18.0,43.0,-18.0,0,0,1,500.0,-750.0,-20.622075131624367,46.480744191037864,0.15146379635306945,0.6,-2.622075131624367,3.4807441910378643,2022
401551744,2023,1,Northwestern,Utah,14.0,7.0,7.0,21.0,6.5,44.5,-6.5,1,1,0,225.0,-275.0,-5.44600073176005,40.51219149484459,0.3835594871719369,0.6,1.0539992682399504,-3.9878085051554066,2022
401551746,2023,1,San José State,Coastal Carolina,14.0,24.0,-10.0,38.0,-7.5,48.0,7.5,0,0,0,-360.0,280.0,5.85425647267972,48.85928667886687,0.5729483158415969,0.6,-1.6457435273202803,0.8592866788668729,2022
401551756,2023,1,Minnesota,Bowling Green,30.0,24.0,6.0,54.0,-2.5,45.0,2.5,1,1,1,-180.0,155.0,1.962898151905566,44.815300193418864,0.555674020930083,0.6,-0.5371018480944341,-0.18469980658113627,2022
401551748,2023,1,Rice,Texas State,21.0,45.0,-24.0,66.0,3.5,58.5,-3.5,0,0,1,165.0,-195.0,-1.028096778057018,60.57359619595453,0.5113312012586131,0.6,2.471903221942982,2.0735961959545293,2022
401551757,2023,1,UNLV,Kansas,36.0,49.0,-13.0,85.0,8.0,64.5,-8.0,0,0,1,375.0,-525.0,-7.031418801444558,63.94307810952913,0.3365478773051445,0.6,0.9685811985554418,-0.5569218904708677,2022
401551758,2023,1,Tulane,Virginia Tech,20.0,41.0,-21.0,61.0,13.5,43.5,-13.5,0,0,1,235.0,-285.0,-16.271506303194176,45.14546370535346,0.28686078162324724,0.6,-2.771506303194176,1.6454637053534569,2022
401551761,2023,1,West Virginia,North Carolina,30.0,10.0,20.0,40.0,-4.5,62.0,4.5,1,1,0,-160.0,135.0,3.772376342565769,55.12701027379548,0.46077769629353604,0.6,-0.727623657434231,-6.872989726204523,2022
401581109,2023,1,USC,Louisville,42.0,28.0,14.0,70.0,4.5,58.0,-4.5,1,1,1,260.0,-320.0,2.147100504618056,62.95651910497805,0.530484073764485,0.6,6.647100504618056,4.9565191049780495,2022
401551749,2023,1,Oklahoma State,Texas A&M,31.0,23.0,8.0,54.0,-4.0,56.0,4.0,1,1,0,130.0,-150.0,7.406792960017025,56.10472987739395,0.3989599974839277,0.6,3.4067929600170253,0.10472987739395023,2022
401551750,2023,1,Boston College,SMU,23.0,14.0,9.0,37.0,13.5,49.0,-13.5,1,1,0,325.0,-435.0,-12.552730976364577,49.34494973754976,0.1874669682798144,0.6,0.9472690236354229,0.34494973754976144,2022
401551762,2023,1,Miami,Rutgers,24.0,31.0,-7.0,55.0,3.0,41.0,-3.0,0,0,1,-135.0,115.0,-3.1153239049291446,41.11040634536858,0.5303364413499916,0.6,-0.11532390492914457,0.11040634536858107,2022
401551764,2023,1,Kansas State,NC State,28.0,19.0,9.0,47.0,-3.0,48.5,3.0,1,1,0,-170.0,145.0,-2.3567050032067822,48.463576187497814,0.5400795888708169,0.6,-5.356705003206782,-0.036423812502185626,2022
401551765,2023,1,Oklahoma,Arizona,24.0,38.0,-14.0,62.0,2.5,59.5,-2.5,0,0,1,125.0,-145.0,-0.3465612092353214,56.909817863527564,0.5767082023022947,0.6,2.1534387907646786,-2.5901821364724356,2022
401551766,2023,1,Kentucky,Clemson,35.0,38.0,-3.0,73.0,3.5,44.5,-3.5,0,1,1,225.0,-275.0,-0.9762155983431309,44.28186858678108,0.48532686056072716,0.6,2.523784401656869,-0.21813141321892004,2022
401551798,2023,1,Notre Dame,Oregon State,40.0,8.0,32.0,48.0,-5.5,40.5,5.5,1,1,1,210.0,-250.0,7.093248942318026,40.09941175100436,0.6306715494451776,0.6,1.5932489423180263,-0.40058824899563916,2022
401551767,2023,1,Iowa State,Memphis,26.0,36.0,-10.0,62.0,-10.5,58.0,10.5,0,0,1,-340.0,270.0,10.996091767033349,57.52473380316286,0.7287867241649486,0.6,0.4960917670333487,-0.4752661968371399,2022
401551768,2023,1,Ohio State,Missouri,3.0,14.0,-11.0,17.0,-4.0,51.0,4.0,0,0,0,125.0,-145.0,4.9627662751742925,53.89080559494992,0.5963116790304227,0.6,0.9627662751742925,2.890805594949917,2022
401551769,2023,1,Penn State,Ole Miss,25.0,38.0,-13.0,63.0,-5.5,53.0,5.5,0,0,1,-180.0,155.0,3.6749289457319385,50.21096423816971,0.6248013885808139,0.6,-1.8250710542680615,-2.7890357618302914,2022
401551770,2023,1,Maryland,Auburn,31.0,13.0,18.0,44.0,4.0,47.5,-4.0,1,1,0,120.0,-140.0,-4.51589273948998,44.573053624235044,0.45103017007105406,0.6,-0.5158927394899804,-2.926946375764956,2022
401551773,2023,1,Florida State,Georgia,3.0,63.0,-60.0,66.0,23.5,47.0,-23.5,0,0,1,700.0,-1200.0,-20.542897531213967,46.03885867834478,0.3008341275263726,0.6,2.957102468786033,-0.9611413216552194,2022
401554566,2023,1,Wyoming,Toledo,16.0,15.0,1.0,31.0,-4.5,43.5,4.5,1,0,0,-130.0,110.0,7.286563115408645,43.780636662293354,0.6118032189564598,0.6,2.7865631154086454,0.2806366622933538,2022
401551778,2023,1,LSU,Wisconsin,35.0,31.0,4.0,66.0,-9.5,59.5,9.5,1,0,1,-380.0,290.0,9.795387412503754,58.49033654602431,0.7412731911769078,0.6,0.29538741250375367,-1.0096634539756906,2022
401551782,2023,1,Oregon,Liberty,45.0,6.0,39.0,51.0,-18.5,71.5,18.5,1,1,0,-750.0,500.0,17.29640232494238,67.48410154360013,0.8762026831278891,0.6,-1.203597675057619,-4.015898456399867,2022
401551780,2023,1,Tennessee,Iowa,35.0,0.0,35.0,35.0,-4.5,37.0,4.5,1,1,0,-320.0,260.0,3.643230254284596,36.39468665000762,0.5529311405852443,0.6,-0.856769745715404,-0.6053133499923788,2022
401551786,2023,1,Michigan,Alabama,27.0,20.0,7.0,47.0,-2.0,46.0,2.0,1,1,1,-125.0,105.0,7.733875499894492,44.014062819805744,0.6574390830555422,0.6,5.733875499894492,-1.9859371801942558,2022
401551788,2023,1,Washington,Texas,37.0,31.0,6.0,68.0,3.0,61.5,-3.0,1,1,1,155.0,-180.0,-1.609460988473715,59.28462453350433,0.407333236693935,0.6,1.390539011526285,-2.215375466495672,2022
401551789,2023,1,Michigan,Washington,34.0,13.0,21.0,47.0,-5.5,55.5,5.5,1,1,0,,,8.985759403256093,53.81743288290168,0.7030459669217498,0.6,3.4857594032560932,-1.6825671170983227,2022
401635525,2024,1,Georgia Tech,Florida State,24.0,21.0,3.0,45.0,10.0,54.5,-10.0,1,1,0,345.0,-470.0,-8.531094347786052,54.424181414084124,0.3950703259048217,0.6,1.468905652213948,-0.07581858591587576,2023
401643696,2024,1,Nevada,SMU,24.0,29.0,-5.0,53.0,28.0,55.5,-28.0,0,1,0,1100.0,-3500.0,-26.854435111747925,53.300058862233755,0.051086859622083425,0.6,1.1455648882520748,-2.1999411377662454,2023
401640998,2024,1,Jacksonville State,Coastal Carolina,27.0,55.0,-28.0,82.0,-3.5,54.5,3.5,0,0,1,-170.0,145.0,3.949166284028177,54.53401157727558,0.6051516742687331,0.6,0.44916628402817693,0.03401157727557802,2023
401628448,2024,1,Minnesota,North Carolina,17.0,19.0,-2.0,36.0,2.0,52.5,-2.0,0,0,0,-135.0,115.0,0.872376543092761,52.66880664946983,0.5668759359527442,0.6,2.872376543092761,0.16880664946982904,2023
401628328,2024,1,Oklahoma,Temple,51.0,3.0,48.0,54.0,-43.0,57.5,43.0,1,1,0,,,43.76277354640791,60.39533459110599,0.9798879398790269,0.6,0.7627735464079066,2.8953345911059927,2023
401628453,2024,1,Michigan State,Florida Atlantic,16.0,10.0,6.0,26.0,-12.0,45.0,12.0,1,0,0,-480.0,350.0,13.46543650509256,47.156418535805834,0.7578090903879864,0.6,1.4654365050925602,2.156418535805834,2023
401628461,2024,1,Wisconsin,Western Michigan,28.0,14.0,14.0,42.0,-24.0,57.0,24.0,1,0,0,-3300.0,1100.0,20.556327697655462,58.87630664430372,0.8210350626708105,0.6,-3.443672302344538,1.8763066443037175,2023
401634300,2024,1,Stanford,TCU,27.0,34.0,-7.0,61.0,8.0,58.5,-8.0,0,1,1,250.0,-300.0,-8.11366485839689,60.0360142021462,0.33643132849710206,0.6,-0.11366485839688956,1.5360142021461982,2023
401628457,2024,1,West Virginia,Penn State,12.0,34.0,-22.0,46.0,7.5,48.0,-7.5,0,0,0,290.0,-380.0,-6.478026417341836,50.515657964806145,0.3079395764772607,0.6,1.0219735826581644,2.5156579648061452,2023
401628323,2024,1,Georgia,Clemson,34.0,3.0,31.0,37.0,-10.5,49.0,10.5,1,1,0,-600.0,425.0,13.447214897695353,45.58372373049252,0.786288582645081,0.6,2.9472148976953534,-3.4162762695074775,2023
401628333,2024,1,Vanderbilt,Virginia Tech,34.0,27.0,7.0,61.0,13.0,49.0,-13.0,1,1,1,390.0,-550.0,-11.752535037232118,49.240978231861774,0.2590903673666578,0.6,1.2474649627678822,0.24097823186177436,2023
401628451,2024,1,Maryland,UConn,50.0,7.0,43.0,57.0,-19.0,45.5,19.0,1,1,1,-1500.0,775.0,17.246491402102716,44.82532330267978,0.8839424741966817,0.6,-1.7535085978972837,-0.6746766973202227,2023
401634305,2024,1,Pittsburgh,Kent State,55.0,24.0,31.0,79.0,-23.5,55.5,23.5,1,1,1,-3300.0,1100.0,22.6792889190953,55.86855178541796,0.9301585379811229,0.6,-0.8207110809047009,0.3685517854179565,2023
401628322,2024,1,Florida,Miami,17.0,41.0,-24.0,58.0,2.5,54.5,-2.5,0,0,1,115.0,-135.0,-2.429528330400766,53.46049753768105,0.5510672350962402,0.6,0.07047166959923379,-1.03950246231895,2023
401628331,2024,1,Texas,Colorado State,52.0,0.0,52.0,52.0,-35.0,62.5,35.0,1,1,0,,,35.68745675100911,61.89413789102832,0.96703413048952,0.6,0.6874567510091083,-0.605862108971678,2023
401628449,2024,1,Indiana,Florida International,31.0,7.0,24.0,38.0,-25.5,51.0,25.5,1,0,0,-1800.0,850.0,29.894614283770288,53.14886059219457,0.9219005869857242,0.6,4.394614283770288,2.1488605921945734,2023
401634304,2024,1,Syracuse,Ohio,38.0,22.0,16.0,60.0,-17.0,45.0,17.0,1,0,1,-1000.0,625.0,16.34681986429874,46.1404947271164,0.6512896921632765,0.6,-0.653180135701259,1.1404947271163977,2023
401629039,2024,1,Massachusetts,Eastern Michigan,14.0,28.0,-14.0,42.0,-2.5,51.0,2.5,0,0,0,-160.0,135.0,0.7321327530219057,53.46322793081138,0.3957645150371674,0.6,-1.7678672469780943,2.463227930811378,2023
401628455,2024,1,Ohio State,Akron,52.0,6.0,46.0,58.0,-49.5,56.0,49.5,1,0,1,,,50.444364411645836,59.227179084987846,0.9816529236570686,0.6,0.9443644116458358,3.2271790849878457,2023
401628454,2024,1,Nebraska,UTEP,40.0,7.0,33.0,47.0,-27.5,48.5,27.5,1,1,0,-8000.0,1400.0,29.173351641043453,50.309024544632074,0.9494187324568377,0.6,1.6733516410434532,1.8090245446320736,2023
401644683,2024,1,Northwestern,Miami (OH),13.0,6.0,7.0,19.0,-3.0,39.5,3.0,1,1,0,-185.0,160.0,1.901803925264541,39.559342027678085,0.5483351765991517,0.6,-1.098196074735459,0.05934202767808472,2023
401643700,2024,1,Georgia Southern,Boise State,45.0,56.0,-11.0,101.0,13.0,57.5,-13.0,0,1,1,320.0,-430.0,-17.787349747897867,58.67406261244517,0.14330007859739566,0.6,-4.787349747897867,1.1740626124451694,2023
401628329,2024,1,South Carolina,Old Dominion,23.0,19.0,4.0,42.0,-20.5,49.5,20.5,1,0,0,-1600.0,800.0,23.084954849869014,50.2060453261267,0.9167573549358318,0.6,2.584954849869014,0.7060453261266986,2023
401643775,2024,1,South Alabama,North Texas,38.0,52.0,-14.0,90.0,-6.0,61.5,6.0,0,0,1,-210.0,175.0,6.071364862259011,65.8921464715746,0.6904674080867872,0.6,0.07136486225901084,4.3921464715746055,2023
401628319,2024,1,Alabama,Western Kentucky,63.0,0.0,63.0,63.0,-34.0,59.5,34.0,1,1,1,,,35.93333361464216,58.99066496025029,0.9618629220977495,0.6,1.9333336146421587,-0.5093350397497076,2023
401636611,2024,1,Houston,UNLV,7.0,27.0,-20.0,34.0,-3.0,56.0,3.0,0,0,0,-130.0,110.0,5.1281861941275535,54.96783373872559,0.713100689754613,0.6,2.1281861941275535,-1.032166261274412,2023
401641039,2024,1,Rice,Sam Houston,14.0,34.0,-20.0,48.0,-9.5,49.0,9.5,0,0,0,-390.0,295.0,5.217217933713491,48.41706028410673,0.5125942255123099,0.6,-4.282782066286509,-0.5829397158932679,2023
401643701,2024,1,Troy,Nevada,26.0,28.0,-2.0,54.0,-7.5,44.5,7.5,0,0,1,-550.0,390.0,3.0967484738599182,46.289029450859516,0.698104308999065,0.6,-4.403251526140082,1.7890294508595161,2023
401628452,2024,1,Michigan,Fresno State,30.0,10.0,20.0,40.0,-21.0,45.0,21.0,1,0,0,-1800.0,850.0,21.534133627832052,47.28638580044798,0.9314848914705551,0.6,0.5341336278320519,2.286385800447981,2023
401628459,2024,1,Hawai'i,UCLA,13.0,16.0,-3.0,29.0,13.5,52.0,-13.5,0,1,0,425.0,-600.0,-16.405599418447164,48.790342329908796,0.13980809898046476,0.6,-2.9055994184471636,-3.209657670091204,2023
401628332,2024,1,Texas A&M,Notre Dame,13.0,23.0,-10.0,36.0,-3.0,47.0,3.0,0,0,0,-145.0,125.0,5.780370373841074,48.311825012754696,0.577543725225478,0.6,2.780370373841074,1.3118250127546958,2023
401628324,2024,1,Kentucky,Southern Miss,31.0,0.0,31.0,31.0,-25.5,50.0,25.5,1,1,0,-6500.0,1300.0,27.20944736235978,51.39346137053268,0.9410539295663845,0.6,1.7094473623597786,1.3934613705326768,2023
401643774,2024,1,Charlotte,James Madison,7.0,30.0,-23.0,37.0,6.5,47.5,-6.5,0,0,0,230.0,-280.0,-4.405392511238865,45.72893245372621,0.32693753007194437,0.6,2.0946074887611346,-1.771067546273791,2023
401634302,2024,1,Georgia Tech,Georgia State,35.0,12.0,23.0,47.0,-20.5,55.5,20.5,1,1,0,-1900.0,900.0,20.462174796861444,55.773345935683935,0.8721005345206929,0.6,-0.03782520313855642,0.2733459356839347,2023
401636609,2024,1,Arizona State,Wyoming,48.0,7.0,41.0,55.0,-6.5,47.0,6.5,1,1,1,-250.0,210.0,9.204329045381776,47.44308332974408,0.6739042073422385,0.6,2.704329045381776,0.44308332974407705,2023
401636608,2024,1,Arizona,New Mexico,61.0,39.0,22.0,100.0,-28.0,60.0,28.0,1,0,1,,,25.01995680401327,60.957458830716554,0.9425831201696054,0.6,-2.980043195986731,0.9574588307165541,2023
401628334,2024,1,LSU,USC,20.0,27.0,-7.0,47.0,-4.0,67.0,4.0,0,0,0,175.0,-210.0,5.310477917287933,64.68140680251798,0.6961172223316586,0.6,1.3104779172879333,-2.3185931974820164,2023
401634306,2024,1,Florida State,Boston College,13.0,28.0,-15.0,41.0,-16.5,51.5,16.5,0,0,0,-850.0,550.0,13.469645885679656,50.20715216044974,0.8091128973157221,0.6,-3.0303541143203443,-1.2928478395502623,2023
401634765,2024,2,SMU,BYU,15.0,18.0,-3.0,33.0,-13.0,56.0,13.0,0,0,0,-490.0,355.0,14.885795466209254,55.896053212307066,0.8439714212726452,0.75,1.8857954662092542,-0.10394678769293364,2023
401635533,2024,2,Northwestern,Duke,20.0,26.0,-6.0,46.0,-2.5,37.5,2.5,0,0,1,-120.0,100.0,-0.4606217397714274,36.34158546320318,0.34523409900298063,0.75,-2.9606217397714274,-1.158414536796819,2023
401645323,2024,2,Florida Atlantic,Army,7.0,24.0,-17.0,31.0,-1.0,41.5,1.0,0,0,0,-165.0,140.0,6.480544303024203,35.38153491421295,0.47122153439016756,0.75,5.480544303024203,-6.118465085787051,2023
401628471,2024,2,Rutgers,Akron,49.0,17.0,32.0,66.0,-24.5,42.0,24.5,1,1,1,-2200.0,1000.0,22.936793135666935,43.09446308911565,0.9084285483345179,0.75,-1.5632068643330648,1.0944630891156493,2023
401628470,2024,2,Penn State,Bowling Green,34.0,27.0,7.0,61.0,-34.0,51.5,34.0,1,0,1,-20000.0,3000.0,31.010676625940825,49.933691052878,0.9412201797211952,0.75,-2.9893233740591754,-1.5663089471220033,2023
401643784,2024,2,Memphis,Troy,38.0,17.0,21.0,55.0,-18.5,56.0,18.5,1,1,0,-1000.0,625.0,18.473546231309477,54.598218077414934,0.7790324704713634,0.75,-0.02645376869052285,-1.4017819225850658,2023
401628347,2024,2,Michigan,Texas,12.0,31.0,-19.0,43.0,6.5,42.0,-6.5,0,0,1,235.0,-285.0,-11.701586283605934,37.34725554964601,0.42206989551702095,0.75,-5.201586283605934,-4.6527444503539925,2023
401628336,2024,2,Oklahoma State,Arkansas,39.0,31.0,8.0,70.0,-10.0,61.0,10.0,1,0,1,-290.0,240.0,5.8515279561701945,62.14085954887407,0.5854346192011164,0.75,-4.1484720438298055,1.1408595488740687,2023
401636616,2024,2,Tulane,Kansas State,27.0,34.0,-7.0,61.0,9.0,47.5,-9.0,0,1,1,290.0,-380.0,-5.010763207429091,46.67486253422538,0.36556243328835925,0.75,3.9892367925709094,-0.8251374657746169,2023
401635538,2024,2,Cincinnati,Pittsburgh,27.0,28.0,-1.0,55.0,-2.0,62.0,2.0,0,0,0,-125.0,105.0,-3.8906781637533134,64.2841663024513,0.39164229017877217,0.75,-5.890678163753313,2.284166302451297,2023
401635534,2024,2,Syracuse,Georgia Tech,31.0,28.0,3.0,59.0,3.0,60.5,-3.0,1,1,0,130.0,-150.0,-4.108219094955301,57.91337052283998,0.3831457066972096,0.75,-1.1082190949553006,-2.5866294771600167,2023
401645324,2024,2,Navy,Temple,38.0,11.0,27.0,49.0,-11.5,42.0,11.5,1,1,1,-585.0,410.0,13.267083611946713,43.981143301923034,0.8127775868010323,0.75,1.7670836119467133,1.9811433019230336,2023
401628337,2024,2,Auburn,California,14.0,21.0,-7.0,35.0,-12.5,52.5,12.5,0,0,0,-575.0,400.0,14.94609132777223,54.34720754936326,0.7605186402750777,0.75,2.44609132777223,1.8472075493632616,2023
401628977,2024,2,Notre Dame,Northern Illinois,14.0,16.0,-2.0,30.0,-28.0,47.5,28.0,0,0,0,-10000.0,1600.0,29.729193360562753,44.85387757361833,0.9514633480164664,0.75,1.7291933605627534,-2.646122426381673,2023
401636618,2024,2,Utah,Baylor,23.0,12.0,11.0,35.0,-15.0,54.0,15.0,1,0,0,-800.0,525.0,12.509482570051336,54.85777981095995,0.7137107323375547,0.75,-2.490517429948664,0.857779810959947,2023
401628465,2024,2,Maryland,Michigan State,24.0,27.0,-3.0,51.0,-8.0,44.5,8.0,0,0,1,-390.0,295.0,7.098606716000382,43.79754934400476,0.6636226643020604,0.75,-0.9013932839996182,-0.7024506559952428,2023
401628473,2024,2,Washington,Eastern Michigan,30.0,9.0,21.0,39.0,-24.5,49.0,24.5,1,0,0,-2500.0,1000.0,22.913541487263405,49.98918409894724,0.8295921798632714,0.75,-1.5864585127365949,0.9891840989472414,2023
401635535,2024,2,Louisville,Jacksonville State,49.0,14.0,35.0,63.0,-29.0,56.0,29.0,1,1,1,-8000.0,1400.0,28.071549592895877,56.27402732794933,0.9106270685238461,0.75,-0.9284504071041226,0.2740273279493266,2023
401635537,2024,2,North Carolina,Charlotte,38.0,20.0,18.0,58.0,-21.0,47.5,21.0,1,0,1,-1900.0,900.0,19.15256343497178,46.258670167523206,0.856475862758061,0.75,-1.8474365650282216,-1.2413298324767936,2023
401628340,2024,2,Kentucky,South Carolina,6.0,31.0,-25.0,37.0,-9.5,41.5,9.5,0,0,0,-350.0,275.0,7.887572454215594,43.69464395187433,0.6879418410819025,0.75,-1.6124275457844064,2.1946439518743333,2023
401629040,2024,2,Toledo,Massachusetts,38.0,23.0,15.0,61.0,-17.5,51.0,17.5,1,0,1,-1200.0,700.0,17.869752730309937,49.94111297666929,0.8801236220382066,0.75,0.36975273030993705,-1.058887023330712,2023
401628464,2024,2,Iowa,Iowa State,19.0,20.0,-1.0,39.0,-3.0,36.0,3.0,0,0,1,-150.0,130.0,2.075467948773022,36.95001715235037,0.5813995662870723,0.75,-0.9245320512269779,0.9500171523503695,2023
401643783,2024,2,Texas State,UTSA,49.0,10.0,39.0,59.0,-2.5,59.0,2.5,1,1,0,-110.0,-110.0,5.307129016477097,56.961514323231384,0.43020822109640156,0.75,2.807129016477097,-2.038485676768616,2023
401628342,2024,2,Ole Miss,Middle Tennessee,52.0,3.0,49.0,55.0,-42.0,61.5,42.0,1,1,0,,,43.19070707462785,64.91063997957662,0.9749486947127288,0.75,1.190707074627852,3.410639979576615,2023
401635540,2024,2,Virginia Tech,Marshall,31.0,14.0,17.0,45.0,-21.0,53.5,21.0,1,0,0,-1500.0,775.0,20.012420989971567,51.83290068381836,0.7111761938641417,0.75,-0.9875790100284334,-1.6670993161816412,2023
401643781,2024,2,Ohio,South Alabama,27.0,20.0,7.0,47.0,-1.0,55.0,1.0,1,1,0,105.0,-125.0,2.044849211276956,50.18450469683341,0.397161920860853,0.75,1.044849211276956,-4.815495303166593,2023
401640979,2024,2,Florida International,Central Michigan,52.0,16.0,36.0,68.0,3.5,52.0,-3.5,1,1,1,185.0,-225.0,-0.8334174363278808,48.293504552989624,0.2942513488558651,0.75,2.666582563672119,-3.7064954470103757,2023
401643778,2024,2,Old Dominion,East Carolina,14.0,20.0,-6.0,34.0,-2.0,54.0,2.0,0,0,0,-115.0,-105.0,4.537296420776017,57.146548724513806,0.6146705933797487,0.75,2.537296420776017,3.1465487245138064,2023
401636617,2024,2,UCF,Sam Houston,45.0,14.0,31.0,59.0,-21.5,54.0,21.5,1,1,1,-1800.0,850.0,17.457946181719866,55.09097606100502,0.7956850883799764,0.75,-4.042053818280134,1.0909760610050228,2023
401643779,2024,2,Arkansas State,Tulsa,28.0,24.0,4.0,52.0,-9.0,66.0,9.0,1,0,0,-300.0,250.0,10.83099619304486,65.06643388402749,0.7582307121042895,0.75,1.8309961930448608,-0.9335661159725106,2023
401643708,2024,2,Nevada,Georgia Southern,17.0,20.0,-3.0,37.0,1.0,56.0,-1.0,0,0,0,-115.0,-105.0,1.698594798143719,58.55150110351725,0.5728542193341049,0.75,2.698594798143719,2.5515011035172535,2023
401628335,2024,2,Alabama,South Florida,42.0,16.0,26.0,58.0,-30.5,64.5,30.5,1,0,0,-20000.0,2500.0,29.886634945621868,64.07238666700047,0.9667563448476921,0.75,-0.6133650543781322,-0.42761333299952753,2023
401628344,2024,2,Missouri,Buffalo,38.0,0.0,38.0,38.0,-32.0,51.5,32.0,1,1,0,,,37.136489547862446,49.64400115491763,0.9689786748285338,0.75,5.136489547862446,-1.8559988450823681,2023
401643705,2024,2,Air Force,San José State,7.0,17.0,-10.0,24.0,-3.0,44.5,3.0,0,0,0,-195.0,165.0,6.004026735550513,46.97184971235574,0.5864303229683523,0.75,3.0040267355505126,2.4718497123557412,2023
401628462,2024,2,Illinois,Kansas,23.0,17.0,6.0,40.0,5.5,58.5,-5.5,1,1,0,170.0,-200.0,-6.948761921288533,59.67763383918161,0.4283026941439676,0.75,-1.4487619212885328,1.1776338391816097,2023
401643780,2024,2,UL Monroe,UAB,32.0,6.0,26.0,38.0,11.0,55.0,-11.0,1,1,0,390.0,-550.0,-11.474229335499626,51.87558258806152,0.18619695777214862,0.75,-0.47422933549962565,-3.124417411938481,2023
401635639,2024,2,Wake Forest,Virginia,30.0,31.0,-1.0,61.0,1.0,55.5,-1.0,0,0,1,-115.0,-105.0,-1.6998128610633274,58.97559326658016,0.5844687630773439,0.75,-0.6998128610633274,3.4755932665801623,2023
401628346,2024,2,NC State,Tennessee,10.0,51.0,-41.0,61.0,8.5,60.5,-8.5,0,0,1,295.0,-390.0,-6.825402219842733,57.40107315611302,0.3104983203862405,0.75,1.6745977801572671,-3.0989268438869786,2023
401628467,2024,2,Nebraska,Colorado,28.0,10.0,18.0,38.0,-6.5,55.0,6.5,1,1,0,-280.0,230.0,9.152143971960484,58.577497273276414,0.7185916364332119,0.75,2.6521439719604842,3.577497273276414,2023
401628468,2024,2,Ohio State,Western Michigan,56.0,0.0,56.0,56.0,-37.0,54.5,37.0,1,1,1,,,32.49753956120817,53.720347770208534,0.9413543819663832,0.75,-4.502460438791829,-0.7796522297914663,2023
401628345,2024,2,Oklahoma,Houston,16.0,12.0,4.0,28.0,-27.5,49.5,27.5,1,0,0,-10000.0,1600.0,26.230216171199785,50.44769589603269,0.9411585423369873,0.75,-1.2697838288002146,0.9476958960326911,2023
401635532,2024,2,Clemson,App State,66.0,20.0,46.0,86.0,-17.0,52.0,17.0,1,1,1,-900.0,575.0,17.722565879343552,51.43429112204766,0.8504075395970243,0.75,0.7225658793435521,-0.5657088779523392,2023
401628469,2024,2,Oregon,Boise State,37.0,34.0,3.0,71.0,-18.0,61.5,18.0,1,0,1,-1400.0,750.0,14.629845146686746,61.69142505291233,0.7939866268207956,0.75,-3.370154853313254,0.19142505291232936,2023
401636859,2024,2,Washington State,Texas Tech,37.0,16.0,21.0,53.0,2.5,66.0,-2.5,1,1,0,-135.0,115.0,-3.6386296820404365,64.4638362273567,0.45884344717392406,0.75,-1.1386296820404365,-1.536163772643306,2023
401640989,2024,2,New Mexico State,Liberty,24.0,30.0,-6.0,54.0,22.0,54.0,-22.0,0,1,0,850.0,-1800.0,-21.354614592947126,56.33747064459975,0.24189841024218425,0.75,0.6453854070528742,2.3374706445997475,2023
401643709,2024,2,San Diego State,Oregon State,0.0,21.0,-21.0,21.0,5.5,53.5,-5.5,0,0,0,180.0,-220.0,-5.385299102257682,52.66039759174172,0.3490959940357464,0.75,0.11470089774231784,-0.8396024082582798,2023
401628343,2024,2,Arizona State,Mississippi State,30.0,23.0,7.0,53.0,-6.5,58.5,6.5,1,1,0,-225.0,185.0,9.08529297647882,54.215021499977084,0.7633478271919212,0.75,2.5852929764788204,-4.284978500022916,2023
401628472,2024,2,USC,Utah State,48.0,0.0,48.0,48.0,-29.5,64.0,29.5,1,1,0,-10000.0,1600.0,30.780638961145385,63.23500485254822,0.948062730610108,0.75,1.2806389611453852,-0.7649951474517778,2023
401636867,2024,3,Texas State,Arizona State,28.0,31.0,-3.0,59.0,-3.0,58.5,3.0,0,0,1,100.0,-120.0,-1.6125771108053408,60.33558564726753,0.3380402503235153,0.9,-4.612577110805341,1.8355856472675285,2023
401636863,2024,3,Kansas,UNLV,20.0,23.0,-3.0,43.0,-9.5,57.5,9.5,0,0,0,-280.0,230.0,11.414644453742028,57.77309625722067,0.7167013785781379,0.9,1.914644453742028,0.2730962572206721,2023
401636864,2024,3,Kansas State,Arizona,31.0,7.0,24.0,38.0,-7.0,61.0,7.0,1,1,0,-270.0,220.0,11.797138450346697,60.75974477707608,0.6919796014772804,0.9,4.797138450346697,-0.24025522292392054,2023
401635546,2024,3,NC State,Louisiana Tech,30.0,20.0,10.0,50.0,-20.5,48.0,20.5,1,0,1,-1800.0,850.0,21.291207321498003,46.5882971776635,0.9298159557480303,0.9,0.7912073214980033,-1.4117028223365011,2023
401628479,2024,3,Michigan,Arkansas State,28.0,18.0,10.0,46.0,-21.5,47.5,21.5,1,0,0,-2200.0,1000.0,16.0386744894396,50.69413381448816,0.939116043408696,0.9,-5.4613255105604,3.1941338144881612,2023
401636869,2024,3,Tulsa,Oklahoma State,10.0,45.0,-35.0,55.0,17.5,63.5,-17.5,0,0,0,750.0,-1400.0,-25.97708384060925,60.491856211147535,0.06608346749235813,0.9,-8.47708384060925,-3.0081437888524647,2023
401635542,2024,3,Florida State,Memphis,12.0,20.0,-8.0,32.0,-7.0,54.5,7.0,0,0,0,-280.0,230.0,2.6159512408080605,51.51270294813052,0.45430729799591774,0.9,-4.3840487591919395,-2.987297051869483,2023
401628350,2024,3,Wisconsin,Alabama,10.0,42.0,-32.0,52.0,14.5,47.0,-14.5,0,0,1,500.0,-750.0,-17.00328395453113,45.74088970752551,0.07644807300589221,0.9,-2.503283954531131,-1.2591102924744888,2023
401636868,2024,3,Texas Tech,North Texas,66.0,21.0,45.0,87.0,-11.0,70.5,11.0,1,1,1,-390.0,295.0,16.88529667372777,72.25464530835197,0.8445612920503622,0.9,5.885296673727769,1.754645308351968,2023
401628475,2024,3,Illinois,Central Michigan,30.0,9.0,21.0,39.0,-21.0,50.0,21.0,1,0,0,-1300.0,725.0,27.24384365640089,52.524560366862964,0.9667196834605547,0.9,6.243843656400891,2.524560366862964,2023
401628359,2024,3,South Carolina,LSU,33.0,36.0,-3.0,69.0,6.5,48.5,-6.5,0,1,1,220.0,-270.0,-4.436026780401596,46.2434687456992,0.41415796709894065,0.9,2.063973219598404,-2.2565312543008034,2023
401636865,2024,3,Miami (OH),Cincinnati,16.0,27.0,-11.0,43.0,3.0,47.5,-3.0,0,0,0,120.0,-140.0,1.7986945225055937,43.893241116620324,0.7587647260980347,0.9,4.798694522505594,-3.606758883379676,2023
401628357,2024,3,Missouri,Boston College,27.0,21.0,6.0,48.0,-14.5,52.0,14.5,1,0,0,-800.0,525.0,10.593396712671526,49.27533152759646,0.8255220964962279,0.9,-3.9066032873284744,-2.7246684724035433,2023
401629041,2024,3,Buffalo,Massachusetts,34.0,3.0,31.0,37.0,-3.5,46.0,3.5,1,1,0,-195.0,165.0,6.5214884172830585,45.62222697345598,0.6712174556672331,0.9,3.0214884172830585,-0.3777730265440198,2023
401643786,2024,3,Temple,Coastal Carolina,20.0,28.0,-8.0,48.0,17.0,52.0,-17.0,0,1,0,600.0,-950.0,-22.942798015076825,54.89110799139367,0.06340118972203977,0.9,-5.942798015076825,2.8911079913936675,2023
401628978,2024,3,Purdue,Notre Dame,7.0,66.0,-59.0,73.0,7.0,47.0,-7.0,0,0,1,325.0,-435.0,-15.449889739795204,51.0893090390353,0.22146483600337502,0.9,-8.449889739795204,4.0893090390352995,2023
401628358,2024,3,Oklahoma,Tulane,34.0,19.0,15.0,53.0,-13.0,49.0,13.0,1,1,1,-600.0,425.0,15.28450855305579,48.49989649297672,0.8724162289697923,0.9,2.2845085530557903,-0.5001035070232831,2023
401628484,2024,3,Washington,Washington State,19.0,24.0,-5.0,43.0,-6.0,54.0,6.0,0,0,0,-200.0,170.0,4.643271839347839,55.21448394781432,0.5638239094961549,0.9,-1.3567281606521613,1.2144839478143226,2023
401628353,2024,3,Florida,Texas A&M,20.0,33.0,-13.0,53.0,3.0,45.5,-3.0,0,0,1,170.0,-200.0,1.8839800987716977,48.12346441690445,0.5181355394708703,0.9,4.883980098771698,2.623464416904447,2023
401635547,2024,3,Pittsburgh,West Virginia,38.0,34.0,4.0,72.0,2.0,61.5,-2.0,1,1,1,120.0,-140.0,-0.8545444020422357,59.92165017117466,0.5473317570229396,0.9,1.1454555979577643,-1.5783498288253384,2023
401635544,2024,3,Miami,Ball State,62.0,0.0,62.0,62.0,-36.5,56.0,36.5,1,1,1,,,36.64009964497405,57.510433940621304,0.9625169744882284,0.9,0.14009964497405036,1.5104339406213043,2023
401628483,2024,3,Oregon State,Oregon,14.0,49.0,-35.0,63.0,19.0,50.0,-19.0,0,0,1,525.0,-800.0,-26.898135091483397,53.65400125499072,0.1451177204315774,0.9,-7.898135091483397,3.6540012549907175,2023
401628481,2024,3,Minnesota,Nevada,27.0,0.0,27.0,27.0,-17.0,44.0,17.0,1,1,0,-800.0,525.0,13.662178022617022,42.104276355713644,0.8738591507539558,0.9,-3.337821977382978,-1.895723644286356,2023
401643785,2024,3,East Carolina,App State,19.0,21.0,-2.0,40.0,1.5,59.5,-1.5,0,0,0,110.0,-130.0,-0.41805887137160225,60.90137066609283,0.5162509598362812,0.9,1.0819411286283978,1.4013706660928307,2023
401628477,2024,3,Iowa,Troy,38.0,21.0,17.0,59.0,-24.0,39.0,24.0,1,0,1,-2000.0,950.0,25.714636670022504,38.91480818622856,0.8655513845180078,0.9,1.7146366700225038,-0.08519181377143781,2023
401628351,2024,3,Arkansas,UAB,37.0,27.0,10.0,64.0,-23.5,61.0,23.5,1,0,1,-2200.0,1000.0,21.164643899309947,62.362851539525415,0.876903116594238,0.9,-2.3353561006900527,1.3628515395254155,2023
401636870,2024,3,Utah State,Utah,21.0,38.0,-17.0,59.0,20.0,43.0,-20.0,0,1,1,850.0,-1800.0,-29.49965841504938,40.037564875697655,0.0953599807890779,0.9,-9.499658415049382,-2.9624351243023455,2023
401635548,2024,3,Old Dominion,Virginia Tech,17.0,37.0,-20.0,54.0,16.5,47.5,-16.5,0,0,1,450.0,-650.0,-22.676850340524872,46.1520705731229,0.10754015260439465,0.9,-6.176850340524872,-1.3479294268771014,2023
401640990,2024,3,Liberty,UTEP,28.0,10.0,18.0,38.0,-24.0,57.5,24.0,1,0,0,-2200.0,1000.0,26.895895363076903,56.45515034842924,0.9221698046964517,0.9,2.895895363076903,-1.0448496515707575,2023
401640980,2024,3,Florida Atlantic,Florida International,38.0,20.0,18.0,58.0,-3.5,45.0,3.5,1,1,1,-210.0,175.0,0.9046845200629687,45.187056294528574,0.5196312906772279,0.9,-2.5953154799370313,0.18705629452857409,2023
401629030,2024,3,Duke,UConn,26.0,21.0,5.0,47.0,-16.0,46.5,16.0,1,0,1,-850.0,550.0,15.237673755317923,46.482206118420066,0.8171643910759956,0.9,-0.7623262446820771,-0.017793881579933668,2023
401628355,2024,3,Wake Forest,Ole Miss,6.0,40.0,-34.0,46.0,20.5,66.0,-20.5,0,0,0,1000.0,-2200.0,-25.331068868783163,69.43581138378347,0.08019294305701982,0.9,-4.831068868783163,3.4358113837834736,2023
401643789,2024,3,Southern Miss,South Florida,24.0,49.0,-25.0,73.0,10.5,58.5,-10.5,0,0,1,345.0,-470.0,-18.688222552662406,58.75634816393585,0.08972799610902846,0.9,-8.188222552662406,0.25634816393584714,2023
401640999,2024,3,Eastern Michigan,Jacksonville State,37.0,34.0,3.0,71.0,2.5,53.5,-2.5,1,1,1,-130.0,110.0,0.14437650224980825,61.98878522980701,0.504350600597385,0.9,2.6443765022498082,8.488785229807007,2023
401628362,2024,3,Georgia State,Vanderbilt,36.0,32.0,4.0,68.0,9.0,45.0,-9.0,1,1,1,310.0,-415.0,-11.483701331830549,43.44299762679325,0.21724026661768162,0.9,-2.4837013318305488,-1.5570023732067497,2023
401641040,2024,3,Sam Houston,Hawai'i,31.0,13.0,18.0,44.0,-4.0,48.5,4.0,1,1,0,-195.0,165.0,1.7006562377633956,46.932813004843226,0.5506088204591797,0.9,-2.2993437622366044,-1.5671869951567743,2023
401628361,2024,3,Texas,UTSA,56.0,7.0,49.0,63.0,-35.5,56.5,35.5,1,1,1,,,34.15193080579015,55.95314929587677,0.9269425719580122,0.9,-1.3480691942098488,-0.54685070412323,2023
401641024,2024,3,Middle Tennessee,Western Kentucky,21.0,49.0,-28.0,70.0,7.5,54.0,-7.5,0,0,1,230.0,-280.0,-8.462886118293707,50.26168997274337,0.46281407873386743,0.9,-0.9628861182937065,-3.738310027256631,2023
401628354,2024,3,Kentucky,Georgia,12.0,13.0,-1.0,25.0,22.0,45.5,-22.0,0,1,0,1000.0,-2500.0,-24.172648340898938,42.84771956404941,0.07544551473610238,0.9,-2.172648340898938,-2.652280435950587,2023
401636866,2024,3,TCU,UCF,34.0,35.0,-1.0,69.0,-2.5,61.5,2.5,0,0,1,-110.0,-110.0,4.987138890763074,55.96256803557178,0.6946111962599575,0.9,2.487138890763074,-5.537431964428222,2023
401628356,2024,3,Mississippi State,Toledo,17.0,41.0,-24.0,58.0,-10.5,57.5,10.5,0,0,1,-500.0,360.0,14.127411203311926,57.071608492125115,0.7368021922375445,0.9,3.627411203311926,-0.4283915078748848,2023
401628476,2024,3,UCLA,Indiana,13.0,42.0,-29.0,55.0,3.5,46.5,-3.5,0,0,1,130.0,-150.0,-4.271258363113173,42.157800033286,0.647655529210018,0.9,-0.7712583631131729,-4.3421999667139985,2023
401636860,2024,3,Baylor,Air Force,31.0,3.0,28.0,34.0,-17.0,41.0,17.0,1,1,0,-700.0,475.0,22.36162254730231,36.38148197727969,0.719807384891103,0.9,5.361622547302311,-4.618518022720309,2023
401636861,2024,3,Colorado State,Colorado,9.0,28.0,-19.0,37.0,7.5,59.5,-7.5,0,0,0,250.0,-300.0,-19.175289287505233,57.93632498738268,0.23187123815679353,0.9,-11.675289287505233,-1.563675012617317,2023
401628352,2024,3,Auburn,New Mexico,45.0,19.0,26.0,64.0,-24.0,58.0,24.0,1,1,1,,,24.401539935309394,56.84504073082316,0.9298549792221777,0.9,0.401539935309394,-1.1549592691768424,2023
401628360,2024,3,Tennessee,Kent State,71.0,0.0,71.0,71.0,-49.5,62.5,49.5,1,1,1,,,47.43845392297234,61.740245254564876,0.9860891809468869,0.9,-2.061546077027657,-0.7597547454351243,2023
401636862,2024,3,Houston,Rice,33.0,7.0,26.0,40.0,-4.5,45.0,4.5,1,1,0,-210.0,175.0,7.425699741066591,47.762944422277585,0.7229253288398284,0.9,2.925699741066591,2.7629444222775845,2023
401628478,2024,3,Virginia,Maryland,13.0,27.0,-14.0,40.0,-3.0,55.5,3.0,0,0,0,120.0,-140.0,3.0633267271648985,53.72168915284761,0.4449608786607042,0.9,0.06332672716489851,-1.7783108471523903,2023
401636871,2024,3,Wyoming,BYU,14.0,34.0,-20.0,48.0,9.5,39.5,-9.5,0,0,1,305.0,-410.0,-12.795068637609784,39.32129604874699,0.14355264324955963,0.9,-3.295068637609784,-0.17870395125301286,2023
401641033,2024,3,Fresno State,New Mexico State,48.0,0.0,48.0,48.0,-20.0,48.0,20.0,1,1,0,-1400.0,750.0,15.758158814446173,50.423911848312315,0.8408829395665888,0.9,-4.241841185553827,2.423911848312315,2023
401635541,2024,3,California,San Diego State,31.0,10.0,21.0,41.0,-19.5,48.5,19.5,1,1,0,-1100.0,650.0,20.41562435245823,47.695859433704804,0.8771202482839633,0.9,0.9156243524582308,-0.8041405662951959,2023
401643790,2024,4,App State,South Alabama,14.0,48.0,-34.0,62.0,-7.5,62.5,7.5,0,0,0,-285.0,235.0,7.323671746844892,68.08021509291859,0.2516332223020996,1.0,-0.17632825315510825,5.580215092918593,2023
401634766,2024,4,Syracuse,Stanford,24.0,26.0,-2.0,50.0,-7.5,57.0,7.5,0,0,0,-330.0,265.0,2.904000808953967,59.9249129536212,0.5718115752003383,1.0,-4.595999191046033,2.9249129536212024,2023
401628485,2024,4,Nebraska,Illinois,24.0,31.0,-7.0,55.0,-8.0,42.0,8.0,0,0,1,-350.0,275.0,4.971371553224999,48.551194970547165,0.5317397597861511,1.0,-3.0286284467750013,6.551194970547165,2023
401643714,2024,4,Washington State,San José State,54.0,52.0,2.0,106.0,-13.0,55.5,13.0,1,0,1,-550.0,390.0,19.421116779350804,56.008653695255795,0.773878179046344,1.0,6.421116779350804,0.508653695255795,2023
401635552,2024,4,Clemson,NC State,59.0,35.0,24.0,94.0,-19.0,44.0,19.0,1,1,1,-1100.0,650.0,17.974575091567928,48.21767985383132,0.7243005187764515,1.0,-1.025424908432072,4.217679853831321,2023
401636879,2024,4,West Virginia,Kansas,32.0,28.0,4.0,60.0,-1.5,56.0,1.5,1,1,1,-120.0,100.0,2.4390369693513994,50.348115379396006,0.4202169006375471,1.0,0.9390369693513994,-5.651884620603994,2023
401635556,2024,4,North Carolina,James Madison,50.0,70.0,-20.0,120.0,-10.0,48.0,10.0,0,0,1,-415.0,310.0,12.561110565400803,42.33284226998509,0.6788444366087795,1.0,2.561110565400803,-5.667157730014907,2023
401643791,2024,4,Louisiana,Tulane,33.0,41.0,-8.0,74.0,1.5,53.5,-1.5,0,0,1,100.0,-120.0,-0.327055171114363,49.853116871784174,0.5355263688555424,1.0,1.172944828885637,-3.6468831282158263,2023
401628486,2024,4,Indiana,Charlotte,52.0,14.0,38.0,66.0,-28.5,50.0,28.5,1,1,1,-8000.0,1400.0,30.864035526222903,51.80258461928412,0.951331459330492,1.0,2.364035526222903,1.8025846192841186,2023
401628492,2024,4,Ohio State,Marshall,49.0,14.0,35.0,63.0,-39.0,51.5,39.0,1,0,1,,,41.99902225643375,55.60798202029329,0.9791723273697237,1.0,2.999022256433747,4.107982020293292,2023
401645328,2024,4,Army,Rice,37.0,14.0,23.0,51.0,-7.0,44.0,7.0,1,1,1,-285.0,235.0,8.500658774540995,48.18203454615425,0.7270604493429901,1.0,1.5006587745409945,4.182034546154249,2023
401628367,2024,4,Mississippi State,Florida,28.0,45.0,-17.0,73.0,6.5,58.0,-6.5,0,0,1,215.0,-260.0,-5.553623276646875,56.56137684101128,0.38592650643453946,1.0,0.9463767233531248,-1.4386231589887188,2023
401636873,2024,4,Cincinnati,Houston,34.0,0.0,34.0,34.0,-3.5,48.0,3.5,1,1,0,-170.0,145.0,1.822670150353114,42.91765648138532,0.4916326613928099,1.0,-1.677329849646886,-5.082343518614678,2023
401628364,2024,4,Kentucky,Ohio,41.0,6.0,35.0,47.0,-19.0,42.0,19.0,1,1,1,-1200.0,700.0,20.295997673709532,42.84131680073991,0.8564420086409736,1.0,1.2959976737095324,0.8413168007399108,2023
401644735,2024,4,Central Michigan,Ball State,37.0,34.0,3.0,71.0,-6.5,51.0,6.5,1,0,1,-245.0,205.0,2.420158898099526,49.44000754154705,0.4792657849859162,1.0,-4.079841101900474,-1.5599924584529532,2023
401635558,2024,4,Coastal Carolina,Virginia,24.0,43.0,-19.0,67.0,3.5,52.0,-3.5,0,0,1,145.0,-170.0,-9.478609290511418,58.09501581892041,0.4146777063675059,1.0,-5.978609290511418,6.095015818920409,2023
401636875,2024,4,Iowa State,Arkansas State,52.0,7.0,45.0,59.0,-20.5,52.0,20.5,1,1,1,-1600.0,800.0,16.0795545117345,52.0860680556206,0.8293424531938494,1.0,-4.4204454882655,0.0860680556206006,2023
401643715,2024,4,Temple,Utah State,45.0,29.0,16.0,74.0,6.5,53.5,-6.5,1,1,1,205.0,-245.0,-8.583538068720022,60.66905144432799,0.30741339477853385,1.0,-2.0835380687200225,7.169051444327991,2023
401641000,2024,4,Jacksonville State,Southern Miss,44.0,7.0,37.0,51.0,-6.0,59.5,6.0,1,1,0,-230.0,190.0,2.6491021647504613,59.00887582216795,0.5113133044950303,1.0,-3.3508978352495387,-0.49112417783204876,2023
401628363,2024,4,Auburn,Arkansas,14.0,24.0,-10.0,38.0,-2.5,54.0,2.5,0,0,0,-135.0,115.0,1.5206625441992756,56.83960096318179,0.6024102898921929,1.0,-0.9793374558007244,2.8396009631817876,2023
401628979,2024,4,Notre Dame,Miami (OH),28.0,3.0,25.0,31.0,-27.0,44.0,27.0,1,0,0,-7000.0,1300.0,33.114198482098956,41.103817707919035,0.9817165430650843,1.0,6.114198482098956,-2.8961822920809652,2023
401628493,2024,4,Penn State,Kent State,56.0,0.0,56.0,56.0,-48.5,57.5,48.5,1,1,0,,,49.40478715895274,60.34789559309408,0.9828445426521429,1.0,0.9047871589527432,2.84789559309408,2023
401635554,2024,4,Louisville,Georgia Tech,31.0,19.0,12.0,50.0,-8.5,56.0,8.5,1,1,0,-330.0,265.0,8.934629646576026,55.37529425709154,0.6569940113761692,1.0,0.43462964657602576,-0.6247057429084606,2023
401645329,2024,4,Navy,Memphis,56.0,44.0,12.0,100.0,8.5,47.5,-8.5,1,1,1,275.0,-350.0,-5.2443243130231325,53.020564131600025,0.3112186315133728,1.0,3.2556756869768675,5.520564131600025,2023
401644736,2024,4,Northern Illinois,Buffalo,20.0,23.0,-3.0,43.0,-13.0,42.5,13.0,0,0,1,-550.0,390.0,16.067303226578417,46.82024006616104,0.7474745356763706,1.0,3.0673032265784173,4.320240066161041,2023
401628489,2024,4,Michigan,USC,27.0,24.0,3.0,51.0,4.0,44.5,-4.0,1,1,1,160.0,-185.0,0.36589654584654685,44.511114265877964,0.7181668974858867,1.0,4.365896545846547,0.011114265877964158,2023
401628494,2024,4,Virginia Tech,Rutgers,23.0,26.0,-3.0,49.0,-3.0,45.0,3.0,0,0,1,-150.0,130.0,3.626789962987917,46.06792841311032,0.6049211355410176,1.0,0.626789962987917,1.067928413110323,2023
401636877,2024,4,Texas Tech,Arizona State,30.0,22.0,8.0,52.0,-4.5,58.5,4.5,1,1,0,-200.0,170.0,2.3567643540637597,61.224119497386404,0.5880227026653884,1.0,-2.1432356459362403,2.724119497386404,2023
401628365,2024,4,LSU,UCLA,34.0,17.0,17.0,51.0,-21.5,56.5,21.5,1,0,0,-2200.0,1000.0,13.901049853453634,54.63846072566194,0.8564893488707503,1.0,-7.5989501465463665,-1.8615392743380568,2023
401636876,2024,4,Oklahoma State,Utah,19.0,22.0,-3.0,41.0,1.0,53.5,-1.0,0,0,0,-105.0,-115.0,3.1241905257034963,50.060835847496364,0.6808403075038167,1.0,4.124190525703496,-3.4391641525036363,2023
401635553,2024,4,Middle Tennessee,Duke,17.0,45.0,-28.0,62.0,15.0,51.0,-15.0,0,0,1,475.0,-700.0,-22.903280537670916,53.03964448364817,0.10386293903749091,1.0,-7.903280537670916,2.0396444836481677,2023
401628368,2024,4,Missouri,Vanderbilt,30.0,27.0,3.0,57.0,-18.0,52.0,18.0,1,0,1,-950.0,600.0,20.68263134156308,51.547184663392756,0.8877367148149379,1.0,2.6826313415630807,-0.4528153366072445,2023
401641028,2024,4,Colorado State,UTEP,27.0,17.0,10.0,44.0,-8.5,49.0,8.5,1,1,0,-330.0,265.0,10.627317294313311,46.95515407056809,0.8486927186921204,1.0,2.127317294313311,-2.044845929431908,2023
401635557,2024,4,SMU,TCU,66.0,42.0,24.0,108.0,2.5,59.0,-2.5,1,1,1,115.0,-135.0,-9.859173236541494,56.79071512023109,0.4968448125280112,1.0,-7.359173236541494,-2.2092848797689086,2023
401640991,2024,4,Liberty,East Carolina,35.0,24.0,11.0,59.0,-7.5,54.5,7.5,1,1,1,-290.0,240.0,7.703546169042514,59.269835305339456,0.616906978456047,1.0,0.20354616904251444,4.7698353053394555,2023
401628491,2024,4,Washington,Northwestern,24.0,5.0,19.0,29.0,-12.0,43.0,12.0,1,1,0,-500.0,360.0,6.460821372742728,49.98176884705646,0.6083127218223856,1.0,-5.539178627257272,6.981768847056458,2023
401641034,2024,4,Sam Houston,New Mexico State,31.0,11.0,20.0,42.0,-15.5,44.5,15.5,1,1,0,-750.0,500.0,22.86269048396651,50.47418386509228,0.9001300916781568,1.0,7.36269048396651,5.974183865092279,2023
401629031,2024,4,UConn,Florida Atlantic,48.0,14.0,34.0,62.0,-1.0,46.0,1.0,1,1,1,-115.0,-105.0,6.205247847167188,52.94879781839621,0.5394359887913197,1.0,5.205247847167188,6.9487978183962085,2023
401635555,2024,4,South Florida,Miami,15.0,50.0,-35.0,65.0,16.5,64.5,-16.5,0,0,1,575.0,-900.0,-16.585285180480028,65.90619595923269,0.09772255176751678,1.0,-0.08528518048002809,1.40619595923269,2023
401635551,2024,4,Florida State,California,14.0,9.0,5.0,23.0,-3.0,44.5,3.0,1,1,0,-145.0,125.0,-2.031027090958875,43.66494919222708,0.5000459556800962,1.0,-5.031027090958875,-0.8350508077729231,2023
401641008,2024,4,Louisiana Tech,Tulsa,20.0,23.0,-3.0,43.0,-2.5,56.5,2.5,0,0,0,-135.0,115.0,-2.1161499697969095,56.06904708683897,0.4710567494115411,1.0,-4.6161499697969095,-0.430952913161029,2023
401641037,2024,4,Western Kentucky,Toledo,26.0,21.0,5.0,47.0,2.5,61.0,-2.5,1,1,0,110.0,-130.0,-0.15574478224558996,61.218292506180774,0.41818265671235577,1.0,2.34425521775441,0.21829250618077367,2023
401643716,2024,4,North Texas,Wyoming,44.0,17.0,27.0,61.0,-6.5,55.0,6.5,1,1,1,-270.0,220.0,1.9977607804043744,56.300235415481794,0.5553776261414501,1.0,-4.502239219595626,1.3002354154817937,2023
401628372,2024,4,Texas A&M,Bowling Green,26.0,20.0,6.0,46.0,-21.5,50.5,21.5,1,0,0,-2200.0,1000.0,24.019933163152782,50.81088493824844,0.9431674773245851,1.0,2.519933163152782,0.3108849382484422,2023
401628487,2024,4,Minnesota,Iowa,14.0,31.0,-17.0,45.0,3.0,35.0,-3.0,0,0,1,125.0,-145.0,-6.302360068234789,38.612084027664956,0.4056350755059683,1.0,-3.3023600682347887,3.612084027664956,2023
401628370,2024,4,South Carolina,Akron,50.0,7.0,43.0,57.0,-26.0,41.5,26.0,1,1,1,-5000.0,1200.0,30.873186179350327,42.120586954226674,0.9793502264888327,1.0,4.873186179350327,0.620586954226674,2023
401628369,2024,4,Oklahoma,Tennessee,15.0,25.0,-10.0,40.0,6.5,57.0,-6.5,0,0,0,215.0,-260.0,-2.4487831708736145,53.95798552057384,0.5573843470484073,1.0,4.0512168291263855,-3.0420144794261574,2023
401628366,2024,4,Ole Miss,Georgia Southern,52.0,13.0,39.0,65.0,-35.0,68.5,35.0,1,1,0,,,35.35587788854525,59.81747056069803,0.9609078642297991,1.0,0.35587788854525115,-8.682529439301973,2023
401636874,2024,4,Colorado,Baylor,38.0,31.0,7.0,69.0,-2.0,51.5,2.0,1,1,1,-125.0,105.0,5.852986080996731,49.535227024518235,0.47930794855309666,1.0,3.8529860809967307,-1.9647729754817647,2023
401628371,2024,4,Texas,UL Monroe,51.0,3.0,48.0,54.0,-44.0,53.5,44.0,1,1,1,,,45.268629044248314,55.50332728680673,0.99,1.0,1.2686290442483141,2.00332728680673,2023
401628490,2024,4,Boston College,Michigan State,23.0,19.0,4.0,42.0,-4.5,45.5,4.5,1,0,0,-200.0,170.0,6.114356683229097,44.736066205862556,0.5703064599312522,1.0,1.6143566832290972,-0.7639337941374436,2023
401643711,2024,4,New Mexico,Fresno State,21.0,38.0,-17.0,59.0,13.5,60.0,-13.5,0,0,0,425.0,-600.0,-19.252382273925566,50.24886427373047,0.026269593866324704,1.0,-5.752382273925566,-9.751135726269531,2023
401643717,2024,4,Oregon State,Purdue,38.0,21.0,17.0,59.0,-2.5,50.5,2.5,1,1,1,-130.0,110.0,-1.7555839395651027,57.13321064489777,0.5521622525849945,1.0,-4.255583939565103,6.633210644897773,2023
401636872,2024,4,BYU,Kansas State,38.0,9.0,29.0,47.0,7.0,49.5,-7.0,1,1,0,215.0,-260.0,-2.197693473870327,41.67362797214742,0.5369729038919834,1.0,4.802306526129673,-7.826372027852578,2023
401645331,2024,5,Temple,Army,14.0,42.0,-28.0,56.0,11.0,47.0,-11.0,0,0,1,375.0,-525.0,-10.604200886180548,49.10707811195959,0.1863631868239231,1.0,0.3957991138194519,2.107078111959588,2023
401634767,2024,5,Miami,Virginia Tech,38.0,34.0,4.0,72.0,-18.0,55.5,18.0,1,0,1,-1100.0,650.0,18.186705879623723,58.09859034841408,0.783771988424246,1.0,0.1867058796237231,2.5985903484140778,2023
401628501,2024,5,Rutgers,Washington,21.0,18.0,3.0,39.0,-1.0,45.5,1.0,1,1,0,-130.0,110.0,9.877502654049563,43.40238851911799,0.586929419216752,1.0,8.877502654049563,-2.0976114808820085,2023
401628499,2024,5,Purdue,Nebraska,10.0,28.0,-18.0,38.0,10.0,47.0,-10.0,0,0,0,295.0,-390.0,-16.123809929711204,50.30052854693831,0.1091670466654516,1.0,-6.123809929711204,3.3005285469383097,2023
401628497,2024,5,Michigan,Minnesota,27.0,24.0,3.0,51.0,-10.5,34.5,10.5,1,0,1,-380.0,290.0,3.260257088935555,32.15082732903555,0.6939970418764803,1.0,-7.239742911064445,-2.3491726709644496,2023
401635564,2024,5,NC State,Northern Illinois,24.0,17.0,7.0,41.0,-7.0,46.5,7.0,1,0,0,-270.0,220.0,7.39980051003357,48.95238020874692,0.6494374899552302,1.0,0.39980051003357,2.4523802087469235,2023
401645332,2024,5,UAB,Navy,18.0,41.0,-23.0,59.0,4.5,56.5,-4.5,0,0,1,150.0,-175.0,-3.9896442686037275,55.431133762273376,0.5277915465163746,1.0,0.5103557313962725,-1.068866237726624,2023
401628377,2024,5,Ole Miss,Kentucky,17.0,20.0,-3.0,37.0,-14.5,51.5,14.5,0,0,0,-1000.0,625.0,12.218053151673484,53.644566828730014,0.7981533705310474,1.0,-2.281946848326516,2.1445668287300137,2023
401629032,2024,5,UConn,Buffalo,47.0,3.0,44.0,50.0,-6.0,44.5,6.0,1,1,1,-270.0,220.0,5.305034643449304,46.58052453140982,0.47656001196295483,1.0,-0.6949653565506964,2.0805245314098215,2023
401645337,2024,5,Tulane,South Florida,45.0,10.0,35.0,55.0,-4.0,60.5,4.0,1,1,0,-210.0,175.0,-0.9428054272956308,66.29194571146431,0.5240769050639605,1.0,-4.942805427295631,5.791945711464308,2023
401628496,2024,5,Indiana,Maryland,42.0,28.0,14.0,70.0,-7.5,49.5,7.5,1,1,1,-275.0,225.0,11.172865912462427,52.9762297571249,0.5817515949978218,1.0,3.672865912462427,3.476229757124898,2023
401635560,2024,5,Boston College,Western Kentucky,21.0,20.0,1.0,41.0,-7.5,48.0,7.5,1,0,0,-550.0,390.0,13.975997315786465,48.82859249122807,0.8259402074490421,1.0,6.475997315786465,0.828592491228072,2023
401636880,2024,5,Baylor,BYU,28.0,34.0,-6.0,62.0,-3.0,46.5,3.0,0,0,1,-160.0,135.0,3.7622679461223343,46.55749486259504,0.6549233602292193,1.0,0.7622679461223343,0.05749486259504266,2023
401636883,2024,5,Kansas State,Oklahoma State,42.0,20.0,22.0,62.0,-6.0,58.0,6.0,1,1,1,-200.0,170.0,8.577902242656751,61.761262198445095,0.6848703754911971,1.0,2.5779022426567515,3.7612621984450954,2023
401643793,2024,5,James Madison,Ball State,63.0,7.0,56.0,70.0,-22.0,56.5,22.0,1,1,1,-1400.0,750.0,14.057398257165529,56.97929430527785,0.7619705456611733,1.0,-7.942601742834471,0.4792943052778469,2023
401641041,2024,5,Sam Houston,Texas State,40.0,39.0,1.0,79.0,11.0,55.5,-11.0,1,1,1,260.0,-320.0,-14.44384724420027,55.364184745814065,0.30627073232410673,1.0,-3.4438472442002706,-0.13581525418593543,2023
401643794,2024,5,Marshall,Western Michigan,27.0,20.0,7.0,47.0,-3.5,53.5,3.5,1,1,0,-150.0,130.0,1.242043057930247,58.3809193632211,0.5328685836858552,1.0,-2.257956942069753,4.880919363221103,2023
401628980,2024,5,Notre Dame,Louisville,31.0,24.0,7.0,55.0,-6.5,45.0,6.5,1,1,1,-240.0,200.0,7.30361923763289,41.48949567589963,0.7746359979544535,1.0,0.8036192376328897,-3.510504324100367,2023
401628373,2024,5,Texas A&M,Arkansas,21.0,17.0,4.0,38.0,-6.5,50.5,6.5,1,0,0,-200.0,170.0,5.993193395735789,47.78240281577007,0.6104950164016338,1.0,-0.5068066042642112,-2.7175971842299305,2023
401644738,2024,5,Ohio,Akron,30.0,10.0,20.0,40.0,-8.0,46.5,8.0,1,1,0,-510.0,370.0,1.938703279983411,52.97434283811429,0.6306178262273706,1.0,-6.061296720016589,6.474342838114289,2023
401643720,2024,5,UNLV,Fresno State,59.0,14.0,45.0,73.0,-2.5,50.5,2.5,1,1,1,-135.0,115.0,8.834617228982307,50.892325665420024,0.6170167577499187,1.0,6.334617228982307,0.39232566542002445,2023
401635659,2024,5,Wake Forest,Louisiana,38.0,41.0,-3.0,79.0,-3.0,60.0,3.0,0,0,1,-170.0,145.0,4.813573414564383,62.97355403181537,0.6109890917413665,1.0,1.8135734145643827,2.973554031815368,2023
401644739,2024,5,Kent State,Eastern Michigan,33.0,52.0,-19.0,85.0,14.0,46.0,-14.0,0,0,1,475.0,-700.0,-12.278560391990771,48.91187372225194,0.13642146469698438,1.0,1.721439608009229,2.91187372225194,2023
401628375,2024,5,Auburn,Oklahoma,21.0,27.0,-6.0,48.0,-2.0,43.0,2.0,0,0,1,110.0,-130.0,5.254736232214937,46.98569690433203,0.4779859059189378,1.0,3.2547362322149374,3.9856969043320305,2023
401636882,2024,5,Kansas,TCU,27.0,38.0,-11.0,65.0,-1.5,58.5,1.5,0,0,1,-125.0,105.0,3.8036414098967417,61.14411977479555,0.5140490885135675,1.0,2.3036414098967417,2.6441197747955485,2023
401629043,2024,5,Miami (OH),Massachusetts,23.0,20.0,3.0,43.0,-14.5,44.5,14.5,1,0,0,-950.0,600.0,15.891531941298402,44.141673550798146,0.9019918963177724,1.0,1.3915319412984015,-0.3583264492018543,2023
401628502,2024,5,USC,Wisconsin,38.0,21.0,17.0,59.0,-13.5,50.0,13.5,1,1,1,-750.0,500.0,15.871195158960637,52.257030962831834,0.8414065069634217,1.0,2.371195158960637,2.257030962831834,2023
401643792,2024,5,Georgia State,Georgia Southern,21.0,38.0,-17.0,59.0,-3.5,57.0,3.5,0,0,1,-165.0,140.0,1.6505226413464278,58.557668260936936,0.45031826542278586,1.0,-1.8494773586535722,1.5576682609369357,2023
401643721,2024,5,Central Michigan,San Diego State,22.0,21.0,1.0,43.0,-2.5,47.0,2.5,1,0,0,-135.0,115.0,-2.4071204239882125,48.925714881247046,0.4960441637657272,1.0,-4.9071204239882125,1.9257148812470462,2023
401636885,2024,5,UCF,Colorado,21.0,48.0,-27.0,69.0,-12.5,60.5,12.5,0,0,1,-650.0,450.0,7.4256072572149705,64.90513231036084,0.6655259877894,1.0,-5.0743927427850295,4.405132310360841,2023
401635562,2024,5,Duke,North Carolina,21.0,20.0,1.0,41.0,1.5,55.5,-1.5,1,1,0,-140.0,120.0,-1.4720778884535037,57.58536788951084,0.5057751358380784,1.0,0.027922111546496264,2.0853678895108416,2023
401645334,2024,5,East Carolina,UTSA,30.0,20.0,10.0,50.0,-2.5,53.5,2.5,1,1,0,-185.0,160.0,1.8374312180778851,56.594535285998404,0.6094891047590831,1.0,-0.6625687819221149,3.094535285998404,2023
401628378,2024,5,Texas,Mississippi State,35.0,13.0,22.0,48.0,-37.0,59.0,37.0,1,0,0,,,33.74106131847502,58.15503208893253,0.9776747586455099,1.0,-3.258938681524981,-0.8449679110674708,2023
401643795,2024,5,Bowling Green,Old Dominion,27.0,30.0,-3.0,57.0,-11.0,51.5,11.0,0,0,1,-380.0,290.0,5.257081717122231,49.115679922736525,0.569112787162418,1.0,-5.742918282877769,-2.3843200772634745,2023
401640981,2024,5,Florida International,Louisiana Tech,17.0,10.0,7.0,27.0,2.0,48.5,-2.0,1,1,0,130.0,-150.0,1.5889947471802266,44.203174015407896,0.7153261151664694,1.0,3.5889947471802266,-4.296825984592104,2023
401643796,2024,5,Troy,UL Monroe,9.0,13.0,-4.0,22.0,-6.0,46.0,6.0,0,0,0,-280.0,230.0,2.544367491722289,44.065566179327334,0.7345073588816388,1.0,-3.455632508277711,-1.9344338206726661,2023
401635561,2024,5,Clemson,Stanford,40.0,14.0,26.0,54.0,-24.0,58.0,24.0,1,1,0,-1900.0,900.0,23.75865434703603,62.00796207807867,0.9132099196650565,1.0,-0.2413456529639717,4.00796207807867,2023
401645336,2024,5,North Texas,Tulsa,52.0,20.0,32.0,72.0,-7.0,65.5,7.0,1,1,1,-245.0,205.0,0.963225853599381,64.41748060606454,0.6107282709499704,1.0,-6.036774146400619,-1.0825193939354563,2023
401636881,2024,5,Houston,Iowa State,0.0,20.0,-20.0,20.0,16.5,43.0,-16.5,0,0,0,450.0,-650.0,-17.88707777319154,38.11390456854687,0.16340806276923153,1.0,-1.387077773191539,-4.886095431453128,2023
401645333,2024,5,Rice,Charlotte,20.0,21.0,-1.0,41.0,-4.0,48.0,4.0,0,0,0,-250.0,210.0,4.0993830496061605,51.282003774483094,0.5913578271308485,1.0,0.09938304960616051,3.282003774483094,2023
401641025,2024,5,Memphis,Middle Tennessee,24.0,7.0,17.0,31.0,-27.0,61.5,27.0,1,0,0,-4000.0,1200.0,32.769436946808966,63.353148403095474,0.9575630539448935,1.0,5.769436946808966,1.8531484030954744,2023
401628498,2024,5,Michigan State,Ohio State,7.0,38.0,-31.0,45.0,23.5,48.5,-23.5,0,0,0,1100.0,-3300.0,-25.772649677459697,52.10113162939791,0.0770417052097251,1.0,-2.2726496774596967,3.601131629397912,2023
401628374,2024,5,Alabama,Georgia,41.0,34.0,7.0,75.0,2.0,50.0,-2.0,1,1,1,110.0,-130.0,-3.131387515621628,50.44619491036206,0.5810588798092341,1.0,-1.1313875156216282,0.4461949103620597,2023
401628495,2024,5,Penn State,Illinois,21.0,7.0,14.0,28.0,-19.0,48.5,19.0,1,0,0,-1100.0,650.0,17.127815057656104,49.44393585075866,0.9582283667417011,1.0,-1.872184942343896,0.9439358507586633,2023
401628376,2024,5,LSU,South Alabama,42.0,10.0,32.0,52.0,-21.0,64.5,21.0,1,1,0,-1800.0,850.0,25.407509425138283,70.45634428233559,0.8952754104440293,1.0,4.407509425138283,5.956344282335593,2023
401636884,2024,5,Texas Tech,Cincinnati,44.0,41.0,3.0,85.0,-3.0,60.0,3.0,1,0,1,-145.0,125.0,5.10935057647743,61.520373885723004,0.7558725459668655,1.0,2.1093505764774303,1.5203738857230036,2023
401643718,2024,5,Wyoming,Air Force,31.0,19.0,12.0,50.0,4.0,33.0,-4.0,1,1,1,160.0,-185.0,-1.7000884253896897,30.459054958137166,0.30805477726564434,1.0,2.2999115746103103,-2.540945041862834,2023
401641035,2024,5,New Mexico State,New Mexico,40.0,50.0,-10.0,90.0,9.5,54.5,-9.5,0,0,1,275.0,-350.0,-9.38743171245437,57.14202388945931,0.5583872227086795,1.0,0.11256828754562953,2.6420238894593098,2023
401635563,2024,5,SMU,Florida State,42.0,16.0,26.0,58.0,-6.0,46.5,6.0,1,1,1,-240.0,200.0,13.960549824225435,45.87101999646811,0.7880359314564601,1.0,7.960549824225435,-0.6289800035318933,2023
401643719,2024,5,Boise State,Washington State,45.0,24.0,21.0,69.0,-6.5,66.0,6.5,1,1,1,-285.0,235.0,4.277596417573045,70.03329391652026,0.5288391115277296,1.0,-2.2224035824269546,4.033293916520265,2023
401636886,2024,5,Utah,Arizona,10.0,23.0,-13.0,33.0,-7.5,47.5,7.5,0,0,0,-480.0,350.0,13.74140111232672,44.95564195507466,0.6862981868530257,1.0,6.24140111232672,-2.544358044925339,2023
401628500,2024,5,UCLA,Oregon,13.0,34.0,-21.0,47.0,23.5,54.0,-23.5,0,1,0,1100.0,-3500.0,-13.37299564499617,50.85522335837538,0.24984310499210177,1.0,10.12700435500383,-3.144776641624617,2023
401643797,2024,6,Troy,Texas State,17.0,38.0,-21.0,55.0,14.5,56.0,-14.5,0,0,0,450.0,-650.0,-12.081629952630434,56.02986734508677,0.6656519346436927,1.0,2.4183700473695655,0.029867345086771024,2023
401641029,2024,6,UTEP,Sam Houston,21.0,41.0,-20.0,62.0,10.0,49.5,-10.0,0,0,1,320.0,-430.0,-12.030280836145833,51.88981266157236,0.19940210012357867,1.0,-2.030280836145833,2.389812661572357,2023
401636891,2024,6,TCU,Houston,19.0,30.0,-11.0,49.0,-16.5,52.0,16.5,0,0,0,-850.0,550.0,11.436601433723656,49.53239307243357,0.8468305753427325,1.0,-5.063398566276344,-2.467606927566429,2023
401634779,2024,6,UNLV,Syracuse,41.0,44.0,-3.0,85.0,-5.5,55.5,5.5,0,0,1,-250.0,210.0,7.820174439699295,53.181976615900645,0.7488103016867619,1.0,2.3201744396992954,-2.318023384099355,2023
401628506,2024,6,Oregon,Michigan State,31.0,10.0,21.0,41.0,-22.5,53.0,22.5,1,0,0,-2500.0,1000.0,25.764270183499953,49.88316496834981,0.9277881372429219,1.0,3.264270183499953,-3.11683503165019,2023
401628383,2024,6,Texas A&M,Missouri,41.0,10.0,31.0,51.0,-2.5,47.5,2.5,1,1,1,-140.0,120.0,2.910072141605987,44.61053231421484,0.5014233042295542,1.0,0.41007214160598693,-2.8894676857851564,2023
401643722,2024,6,Air Force,Navy,7.0,34.0,-27.0,41.0,10.0,37.0,-10.0,0,0,1,275.0,-350.0,-9.292807302369228,39.89925280657762,0.37443099720610273,1.0,0.7071926976307719,2.8992528065776213,2023
401628509,2024,6,Wisconsin,Purdue,52.0,6.0,46.0,58.0,-12.0,44.5,12.0,1,1,1,-550.0,390.0,12.280321178648359,46.744123327752234,0.8465028967626147,1.0,0.28032117864835904,2.2441233277522343,2023
401628510,2024,6,Penn State,UCLA,27.0,11.0,16.0,38.0,-29.5,47.5,29.5,1,0,0,-10000.0,1600.0,27.578067121676906,47.49436869528955,0.9762735375925218,1.0,-1.9219328783230942,-0.005631304710448148,2023
401629044,2024,6,Northern Illinois,Massachusetts,34.0,20.0,14.0,54.0,-14.0,41.0,14.0,1,0,1,-950.0,600.0,11.830158633012791,42.63046763098971,0.919192429680805,1.0,-2.1698413669872085,1.6304676309897133,2023
401635567,2024,6,Virginia,Boston College,24.0,14.0,10.0,38.0,-2.0,52.5,2.0,1,1,0,-145.0,125.0,-3.055243805957666,49.270240648114026,0.46591211060342974,1.0,-5.055243805957666,-3.229759351885974,2023
401635571,2024,6,Louisville,SMU,27.0,34.0,-7.0,61.0,-7.0,55.0,7.0,0,0,1,-270.0,220.0,10.667823465705636,50.65890031420623,0.5401740412505547,1.0,3.667823465705636,-4.341099685793772,2023
401635572,2024,6,North Carolina,Pittsburgh,24.0,34.0,-10.0,58.0,2.5,62.5,-2.5,0,0,0,120.0,-140.0,2.853609755609643,67.04153237922924,0.4556280186658994,1.0,5.353609755609643,4.541532379229238,2023
401635638,2024,6,NC State,Wake Forest,30.0,34.0,-4.0,64.0,-4.0,52.5,4.0,0,0,1,-195.0,165.0,2.237588187906919,47.62302953259189,0.566713508999682,1.0,-1.762411812093081,-4.876970467408107,2023
401645339,2024,6,Tulsa,Army,7.0,49.0,-42.0,56.0,14.0,50.5,-14.0,0,0,1,330.0,-440.0,-15.512818845184507,50.46431062215775,0.2541593881959876,1.0,-1.5128188451845066,-0.03568937784225312,2023
401645338,2024,6,UAB,Tulane,20.0,71.0,-51.0,91.0,20.0,52.0,-20.0,0,0,1,475.0,-700.0,-18.421113512382444,57.228653571562646,0.2646504672661455,1.0,1.578886487617556,5.228653571562646,2023
401644741,2024,6,Ball State,Western Michigan,42.0,45.0,-3.0,87.0,10.0,58.0,-10.0,0,1,1,280.0,-360.0,-10.651246917940668,54.69453850643464,0.15583758132275097,1.0,-0.6512469179406679,-3.3054614935653603,2023
401643799,2024,6,Marshall,App State,52.0,37.0,15.0,89.0,-3.0,56.5,3.0,1,1,1,-145.0,125.0,1.8537939963868928,53.325200259389604,0.5118558385484178,1.0,-1.1462060036131072,-3.1747997406103963,2023
401635573,2024,6,Stanford,Virginia Tech,7.0,31.0,-24.0,38.0,8.5,49.5,-8.5,0,0,0,255.0,-310.0,-5.954686541900396,46.54252417373479,0.4390908443600582,1.0,2.5453134580996037,-2.9574758262652097,2023
401644684,2024,6,Toledo,Miami (OH),30.0,20.0,10.0,50.0,-4.5,43.5,4.5,1,1,1,-250.0,210.0,1.640006137243052,42.288729210278305,0.5138741942584861,1.0,-2.859993862756948,-1.211270789721695,2023
401629033,2024,6,UConn,Temple,29.0,20.0,9.0,49.0,-17.5,49.5,17.5,1,0,0,-800.0,525.0,19.871660961712937,47.09588563855346,0.9229513429006112,1.0,2.371660961712937,-2.4041143614465383,2023
401644740,2024,6,Akron,Bowling Green,20.0,27.0,-7.0,47.0,16.5,48.5,-16.5,0,1,0,475.0,-700.0,-18.662922907212973,47.33712116212809,0.10380529209169854,1.0,-2.162922907212973,-1.162878837871908,2023
401628381,2024,6,Georgia,Auburn,31.0,13.0,18.0,44.0,-21.0,50.5,21.0,1,0,0,-2800.0,1100.0,23.006348575208527,51.50907199078567,0.8791151406645892,1.0,2.006348575208527,1.009071990785671,2023
401628382,2024,6,South Carolina,Ole Miss,3.0,27.0,-24.0,30.0,10.0,53.5,-10.0,0,0,0,285.0,-370.0,-6.4312203613477195,53.7842890170542,0.4778443013614847,1.0,3.5687796386522805,0.2842890170541992,2023
401628503,2024,6,Northwestern,Indiana,24.0,41.0,-17.0,65.0,12.5,40.5,-12.5,0,0,1,410.0,-585.0,-16.18612549824739,35.48500181814489,0.16983341897236318,1.0,-3.6861254982473888,-5.014998181855113,2023
401628504,2024,6,Ohio State,Iowa,35.0,7.0,28.0,42.0,-17.0,46.0,17.0,1,1,0,-1400.0,750.0,22.439326828803715,47.398308851235335,0.859024778990283,1.0,5.439326828803715,1.3983088512353348,2023
401645340,2024,6,Charlotte,East Carolina,55.0,24.0,31.0,79.0,9.5,47.5,-9.5,1,1,1,270.0,-340.0,-9.684566109032799,48.75007836996057,0.21144076688967006,1.0,-0.18456610903279902,1.250078369960569,2023
401636890,2024,6,Oklahoma State,West Virginia,14.0,38.0,-24.0,52.0,-2.5,64.5,2.5,0,0,0,-185.0,160.0,5.457366068395931,59.96331312172404,0.5991068989588315,1.0,2.957366068395931,-4.536686878275958,2023
401628508,2024,6,Nebraska,Rutgers,14.0,7.0,7.0,21.0,-7.0,39.5,7.0,1,0,0,-285.0,235.0,8.418459736666263,47.296569764901776,0.7891528734831941,1.0,1.4184597366662626,7.796569764901776,2023
401628384,2024,6,Vanderbilt,Alabama,40.0,35.0,5.0,75.0,23.0,53.5,-23.0,1,1,1,1000.0,-2200.0,-18.287725558315326,57.89495421290883,0.06310399867813964,1.0,4.712274441684674,4.394954212908829,2023
401643724,2024,6,Oregon State,Colorado State,39.0,31.0,8.0,70.0,-10.5,47.0,10.5,1,0,1,-585.0,410.0,-0.22973720500874606,48.49537910463386,0.5962341364371445,1.0,-10.729737205008746,1.4953791046338623,2023
401643802,2024,6,Southern Miss,Louisiana,13.0,23.0,-10.0,36.0,17.5,57.5,-17.5,0,1,0,460.0,-675.0,-26.429911480338145,54.538873175817,0.059040511431009926,1.0,-8.929911480338145,-2.9611268241829976,2023
401643800,2024,6,Arkansas State,South Alabama,18.0,16.0,2.0,34.0,2.5,62.5,-2.5,1,1,0,130.0,-150.0,-0.28882573261066424,63.227250178724105,0.3857226056010069,1.0,2.2111742673893358,0.7272501787241055,2023
401643723,2024,6,Boise State,Utah State,62.0,30.0,32.0,92.0,-28.0,66.5,28.0,1,1,1,-5000.0,1200.0,26.011866298764705,63.957587383013646,0.8790823669139431,1.0,-1.988133701235295,-2.542412616986354,2023
401643798,2024,6,Coastal Carolina,Old Dominion,45.0,37.0,8.0,82.0,-4.0,51.5,4.0,1,1,1,-200.0,170.0,5.5008289395359515,54.494516685685035,0.6377459063734447,1.0,1.5008289395359515,2.994516685685035,2023
401643801,2024,6,UL Monroe,James Madison,21.0,19.0,2.0,40.0,16.5,48.0,-16.5,1,1,0,550.0,-850.0,-13.516949867883405,51.03540514904953,0.1717513910169256,1.0,2.9830501321165954,3.035405149049531,2023
401635569,2024,6,Florida State,Clemson,13.0,29.0,-16.0,42.0,16.5,47.0,-16.5,0,1,0,430.0,-625.0,-20.041675360119086,46.467813559321165,0.23432518975318817,1.0,-3.5416753601190862,-0.532186440678835,2023
401636889,2024,6,Iowa State,Baylor,43.0,21.0,22.0,64.0,-13.0,45.0,13.0,1,1,1,-585.0,410.0,12.155613540536029,44.57785862627571,0.728936794155203,1.0,-0.844386459463971,-0.42214137372428695,2023
401628379,2024,6,Arkansas,Tennessee,19.0,14.0,5.0,33.0,14.0,57.0,-14.0,1,1,0,400.0,-575.0,-10.916952777579663,58.94618131320915,0.24291023168107662,1.0,3.083047222420337,1.946181313209152,2023
401628505,2024,6,Washington,Michigan,27.0,17.0,10.0,44.0,-1.5,39.5,1.5,1,1,1,-140.0,120.0,4.8435798435054815,41.076977687873125,0.49831932900164916,1.0,3.3435798435054815,1.576977687873125,2023
401628507,2024,6,Minnesota,USC,24.0,17.0,7.0,41.0,8.5,45.5,-8.5,1,1,0,260.0,-320.0,-7.463499559690984,46.603800731783586,0.21802242557796764,1.0,1.0365004403090161,1.1038007317835863,2023
401643726,2024,6,San José State,Nevada,35.0,31.0,4.0,66.0,-7.0,51.0,7.0,1,0,1,-280.0,230.0,7.925189268674809,53.11459388879013,0.7200561496023047,1.0,0.9251892686748091,2.1145938887901323,2023
401628380,2024,6,Florida,UCF,24.0,13.0,11.0,37.0,1.0,62.0,-1.0,1,1,0,120.0,-140.0,5.054716667518176,61.08844584468135,0.6723159485765126,1.0,6.054716667518176,-0.9115541553186475,2023
401643725,2024,6,San Diego State,Hawai'i,27.0,24.0,3.0,51.0,-1.5,47.5,1.5,1,1,1,-130.0,110.0,-7.592500890665358,42.84238600422242,0.3712654045269882,1.0,-9.092500890665358,-4.657613995777581,2023
401636888,2024,6,Arizona State,Kansas,35.0,31.0,4.0,66.0,-2.5,50.0,2.5,1,1,1,-150.0,130.0,8.507595548813482,49.05645127699486,0.7505334014783684,1.0,6.007595548813482,-0.9435487230051365,2023
401635570,2024,6,Georgia Tech,Duke,24.0,14.0,10.0,38.0,-10.0,52.5,10.0,1,0,0,-300.0,250.0,10.129470801609838,51.61159267432033,0.6043333737101554,1.0,0.1294708016098376,-0.8884073256796725,2023
401635568,2024,6,California,Miami,38.0,39.0,-1.0,77.0,10.0,54.0,-10.0,0,1,1,345.0,-470.0,-6.778322865905004,52.51492659416643,0.19894689907390523,1.0,3.221677134094996,-1.4850734058335675,2023
401636887,2024,6,Arizona,Texas Tech,22.0,28.0,-6.0,50.0,-6.0,63.5,6.0,0,0,0,-225.0,185.0,6.785329286971499,64.86186100314293,0.5320098335080825,1.0,0.785329286971499,1.3618610031429341,2023
401640982,2024,7,Liberty,Florida International,31.0,24.0,7.0,55.0,-16.0,55.5,16.0,1,0,0,-1400.0,750.0,20.348614311025138,55.74842112929448,0.8488040261585144,1.0,4.348614311025138,0.2484211292944778,2023
401641002,2024,7,Jacksonville State,New Mexico State,54.0,13.0,41.0,67.0,-21.0,59.0,21.0,1,1,1,-1800.0,850.0,20.00868341156442,60.04430230727799,0.8695292209094625,1.0,-0.9913165884355806,1.044302307277988,2023
401643803,2024,7,James Madison,Coastal Carolina,39.0,7.0,32.0,46.0,-7.0,59.0,7.0,1,1,0,-360.0,280.0,5.78428775333299,59.71540517172408,0.7266297387060409,1.0,-1.2157122466670103,0.715405171724079,2023
401641030,2024,7,Western Kentucky,UTEP,44.0,17.0,27.0,61.0,-19.5,56.0,19.5,1,1,1,-1300.0,725.0,21.063926918578012,56.19711318543344,0.8611059957755041,1.0,1.5639269185780122,0.19711318543343737,2023
401641009,2024,7,Louisiana Tech,Middle Tennessee,48.0,21.0,27.0,69.0,-5.0,47.5,5.0,1,1,1,-195.0,165.0,3.7212724672344173,49.12446891205774,0.585551107668723,1.0,-1.2787275327655827,1.6244689120577434,2023
401628513,2024,7,Maryland,Northwestern,10.0,37.0,-27.0,47.0,-11.0,45.5,11.0,0,0,1,-380.0,290.0,11.979480211806047,47.668337744890906,0.8000454733294255,1.0,0.979480211806047,2.1683377448909056,2023
401643733,2024,7,Utah State,UNLV,34.0,50.0,-16.0,84.0,18.5,67.0,-18.5,0,1,1,700.0,-1200.0,-23.902921340286532,69.13179979467085,0.05500230262529429,1.0,-5.402921340286532,2.1317997946708545,2023
401636892,2024,7,Arizona State,Utah,27.0,19.0,8.0,46.0,5.5,46.0,-5.5,1,1,0,,-195.0,-8.578026910735174,43.15115694749293,0.5658430843221175,1.0,-3.078026910735174,-2.848843052507071,2023
401628389,2024,7,Massachusetts,Missouri,3.0,45.0,-42.0,48.0,27.0,53.5,-27.0,0,0,0,1400.0,-8000.0,-29.518388320533404,54.67204167811886,0.0390477619044634,1.0,-2.518388320533404,1.172041678118859,2023
401644743,2024,7,Kent State,Ball State,35.0,37.0,-2.0,72.0,3.0,58.0,-3.0,0,1,1,205.0,-245.0,-8.308828363713825,51.62508239339821,0.1817480652152174,1.0,-5.308828363713825,-6.374917606601791,2023
401635576,2024,7,Wake Forest,Clemson,14.0,49.0,-35.0,63.0,21.0,63.0,-21.0,0,0,0,775.0,-1500.0,-20.850483225799305,65.84363010070659,0.07411959920823863,1.0,0.14951677420069487,2.8436301007065907,2023
401645342,2024,7,Army,UAB,44.0,10.0,34.0,54.0,-27.0,55.5,27.0,1,1,0,-4000.0,1200.0,30.437647986295215,56.17381596314196,0.9114769160258638,1.0,3.4376479862952145,0.673815963141962,2023
401628517,2024,7,Rutgers,Wisconsin,7.0,42.0,-35.0,49.0,-1.0,43.5,1.0,0,0,1,-130.0,110.0,2.6295033282634606,48.89929951104905,0.5270208459810876,1.0,1.6295033282634606,5.399299511049051,2023
401635577,2024,7,North Carolina,Georgia Tech,34.0,41.0,-7.0,75.0,3.5,61.5,-3.5,0,0,1,195.0,-235.0,-7.413890981402501,62.38366630559988,0.25061310526611685,1.0,-3.913890981402501,0.8836663055998812,2023
401644745,2024,7,Buffalo,Toledo,30.0,15.0,15.0,45.0,10.5,44.0,-10.5,1,1,1,285.0,-370.0,-9.974496892493141,40.82213066563699,0.28524717259563226,1.0,0.525503107506859,-3.1778693343630096,2023
401628512,2024,7,Iowa,Washington,40.0,16.0,24.0,56.0,-3.0,41.5,3.0,1,1,1,-150.0,130.0,6.511649605381144,43.40478888621175,0.6296080861610913,1.0,3.5116496053811437,1.9047888862117475,2023
401628385,2024,7,Alabama,South Carolina,27.0,25.0,2.0,52.0,-21.5,50.0,21.5,1,0,1,-2000.0,950.0,25.379551022240086,48.996454730063334,0.949042022325009,1.0,3.8795510222400864,-1.0035452699366658,2023
401644685,2024,7,Eastern Michigan,Miami (OH),14.0,38.0,-24.0,52.0,3.0,45.5,-3.0,0,0,1,145.0,-170.0,-7.482089678243851,45.84498689058323,0.19104002395703729,1.0,-4.482089678243851,0.34498689058322896,2023
401644744,2024,7,Bowling Green,Northern Illinois,7.0,17.0,-10.0,24.0,-3.0,46.5,3.0,0,0,0,-140.0,120.0,-5.518284142126834,44.91245220366284,0.25845368064074964,1.0,-8.518284142126834,-1.5875477963371623,2023
401636895,2024,7,UCF,Cincinnati,13.0,19.0,-6.0,32.0,-2.5,58.0,2.5,0,0,0,-175.0,150.0,5.345126899377395,61.4649366556341,0.6253683648320596,1.0,2.8451268993773953,3.464936655634098,2023
401644742,2024,7,Western Michigan,Akron,34.0,24.0,10.0,58.0,-9.5,48.5,9.5,1,1,1,-360.0,280.0,9.417817555858116,39.697599851544226,0.7369166198695862,1.0,-0.08218244414188369,-8.802400148455774,2023
401635578,2024,7,Virginia,Louisville,20.0,24.0,-4.0,44.0,7.0,54.0,-7.0,0,1,0,230.0,-280.0,-8.119286234301425,55.29668490344572,0.4327461116636847,1.0,-1.1192862343014252,1.2966849034457226,2023
401628390,2024,7,Oklahoma,Texas,3.0,34.0,-31.0,37.0,17.0,49.0,-17.0,0,0,0,410.0,-585.0,-15.750636705358858,45.14203797674812,0.17348636474586543,1.0,1.2493632946411424,-3.857962023251879,2023
401628981,2024,7,Notre Dame,Stanford,49.0,7.0,42.0,56.0,-22.5,45.0,22.5,1,1,1,-2200.0,1000.0,18.590984662003812,46.721562737414885,0.9310507974975823,1.0,-3.9090153379961876,1.7215627374148852,2023
401643732,2024,7,Wyoming,San Diego State,24.0,27.0,-3.0,51.0,-2.0,43.0,2.0,0,0,1,-105.0,-115.0,4.736431523894844,45.0655318531562,0.3316983543659163,1.0,2.7364315238948436,2.0655318531562017,2023
401628516,2024,7,USC,Penn State,30.0,33.0,-3.0,63.0,4.0,52.0,-4.0,0,1,1,175.0,-210.0,-6.363953354360746,48.172958376738634,0.3408117571051946,1.0,-2.3639533543607456,-3.8270416232613655,2023
401635575,2024,7,Pittsburgh,California,17.0,15.0,2.0,32.0,-3.5,57.5,3.5,1,0,0,-170.0,145.0,2.2410067263010873,53.37262475904549,0.5802067893224547,1.0,-1.2589932736989127,-4.127375240954507,2023
401643729,2024,7,Colorado State,San José State,31.0,24.0,7.0,55.0,-2.5,55.5,2.5,1,1,0,105.0,-125.0,9.359348974514718,55.77553717800847,0.5886327542004512,1.0,6.8593489745147185,0.2755371780084701,2023
401645341,2024,7,South Florida,Memphis,3.0,21.0,-18.0,24.0,10.0,61.0,-10.0,0,0,0,235.0,-285.0,-9.771256111763604,58.79332505004258,0.1753959337761004,1.0,0.22874388823639613,-2.206674949957417,2023
401628511,2024,7,Illinois,Purdue,50.0,49.0,1.0,99.0,-23.0,47.0,23.0,1,0,1,-1300.0,725.0,23.01073542006189,50.24922587264157,0.8712568928559576,1.0,0.010735420061891432,3.249225872641567,2023
401643805,2024,7,Georgia State,Old Dominion,14.0,21.0,-7.0,35.0,-3.0,53.5,3.0,0,0,0,-120.0,100.0,1.9259587973549555,57.182620775991815,0.3239044308489506,1.0,-1.0740412026450445,3.682620775991815,2023
401644746,2024,7,Central Michigan,Ohio,25.0,27.0,-2.0,52.0,3.0,50.5,-3.0,0,1,1,125.0,-145.0,-6.02334537344064,54.63320071421472,0.3026632907693565,1.0,-3.02334537344064,4.133200714214723,2023
401636893,2024,7,BYU,Arizona,41.0,19.0,22.0,60.0,-2.5,48.5,2.5,1,1,1,-185.0,160.0,6.610465064408329,50.30290853897997,0.6825895353698067,1.0,4.110465064408329,1.8029085389799704,2023
401628386,2024,7,Georgia,Mississippi State,41.0,31.0,10.0,72.0,-33.0,53.5,33.0,1,0,1,,,35.645277094571284,53.20213741664583,0.9877264082734862,1.0,2.6452770945712842,-0.29786258335416704,2023
401643807,2024,7,UL Monroe,Southern Miss,38.0,21.0,17.0,59.0,-4.0,41.0,4.0,1,1,1,-230.0,190.0,5.528440761372223,41.8535721009524,0.6646611724690994,1.0,1.5284407613722228,0.8535721009523982,2023
401645344,2024,7,Rice,UTSA,29.0,27.0,2.0,56.0,3.5,51.0,-3.5,1,1,1,160.0,-185.0,0.3918645490413928,50.21002813470028,0.55804940488501,1.0,3.891864549041393,-0.7899718652997194,2023
401643727,2024,7,New Mexico,Air Force,52.0,37.0,15.0,89.0,-7.0,56.0,7.0,1,1,1,-200.0,170.0,3.648340170418109,55.62472625517018,0.46261964661286825,1.0,-3.351659829581891,-0.3752737448298191,2023
401645343,2024,7,Florida Atlantic,North Texas,37.0,41.0,-4.0,78.0,5.5,58.5,-5.5,0,1,1,195.0,-235.0,-1.0887039051993286,62.345829337697204,0.38233661240928524,1.0,4.411296094800671,3.8458293376972037,2023
401628391,2024,7,Tennessee,Florida,23.0,17.0,6.0,40.0,-14.0,55.5,14.0,1,0,0,-750.0,500.0,16.57964504402213,54.65556491753068,0.8842072925482296,1.0,2.5796450440221292,-0.8444350824693174,2023
401643730,2024,7,Fresno State,Washington State,17.0,25.0,-8.0,42.0,3.5,60.0,-3.5,0,0,0,155.0,-180.0,-7.039853644532435,61.75227866931026,0.5379541808508719,1.0,-3.5398536445324353,1.7522786693102574,2023
401643808,2024,7,Texas State,Arkansas State,41.0,9.0,32.0,50.0,-13.5,66.0,13.5,1,1,0,-675.0,460.0,10.983840078422372,64.91604607758413,0.78989528164509,1.0,-2.5161599215776285,-1.0839539224158727,2023
401643806,2024,7,Louisiana,App State,34.0,24.0,10.0,58.0,-10.0,64.5,10.0,1,0,0,-435.0,325.0,16.307560258060896,64.64073628442179,0.8324799596555628,1.0,6.307560258060896,0.14073628442179142,2023
401643731,2024,7,Nevada,Oregon State,42.0,37.0,5.0,79.0,3.0,47.0,-3.0,1,1,1,160.0,-185.0,-2.763786576627784,50.78542786554211,0.3226524880365539,1.0,0.23621342337221618,3.785427865542111,2023
401628388,2024,7,LSU,Ole Miss,29.0,26.0,3.0,55.0,4.0,64.5,-4.0,1,1,0,120.0,-140.0,-3.9954415756351205,67.85167312514525,0.5074747012705981,1.0,0.004558424364879521,3.351673125145254,2023
401628515,2024,7,Oregon,Ohio State,32.0,31.0,1.0,63.0,3.5,54.5,-3.5,1,1,1,160.0,-185.0,-3.804468333579748,48.97087216373254,0.4646012007726217,1.0,-0.3044683335797478,-5.529127836267463,2023
401628387,2024,7,Kentucky,Vanderbilt,13.0,20.0,-7.0,33.0,-13.0,44.5,13.0,0,0,0,-585.0,410.0,18.96760235024111,45.45972251540257,0.8964846550015975,1.0,5.967602350241108,0.9597225154025679,2023
401635574,2024,7,NC State,Syracuse,17.0,24.0,-7.0,41.0,1.0,51.5,-1.0,0,0,0,170.0,-200.0,-4.717428123540746,54.55742444761184,0.48693671070038114,1.0,-3.7174281235407456,3.0574244476118366,2023
401636896,2024,7,West Virginia,Iowa State,16.0,28.0,-12.0,44.0,3.0,54.0,-3.0,0,0,0,130.0,-150.0,-1.7425845244287854,50.13426266040984,0.5282313501916703,1.0,1.2574154755712146,-3.8657373395901615,2023
401643804,2024,7,Georgia Southern,Marshall,24.0,23.0,1.0,47.0,1.0,58.0,-1.0,1,1,0,110.0,-130.0,1.4934477312233443,66.94150787807138,0.4696509958217012,1.0,2.4934477312233443,8.941507878071377,2023
401628514,2024,7,UCLA,Minnesota,17.0,21.0,-4.0,38.0,3.5,39.0,-3.5,0,0,0,180.0,-220.0,-5.5506415736150085,38.215739302510705,0.6068203469997211,1.0,-2.0506415736150085,-0.7842606974892945,2023
401636894,2024,7,Colorado,Kansas State,28.0,31.0,-3.0,59.0,3.5,55.0,-3.5,0,1,1,180.0,-220.0,-3.161281890230089,51.56853335476285,0.48916025140509933,1.0,0.338718109769911,-3.431466645237151,2023
401643728,2024,7,Hawai'i,Boise State,7.0,28.0,-21.0,35.0,21.0,60.0,-21.0,0,0,0,800.0,-1600.0,-19.275085833657073,58.469942138758704,0.14107425785167949,1.0,1.724914166342927,-1.5300578612412963,2023
401643809,2024,8,South Alabama,Troy,25.0,9.0,16.0,34.0,-10.0,53.5,10.0,1,1,0,,340.0,7.336219928763535,57.95584598836259,0.7074928326807135,1.0,-2.6637800712364648,4.45584598836259,2023
401641010,2024,8,New Mexico State,Louisiana Tech,33.0,30.0,3.0,63.0,12.5,48.5,-12.5,1,1,1,320.0,-430.0,-15.762685328202018,47.2420776121925,0.3254932657745096,1.0,-3.262685328202018,-1.257922387807497,2023
401641038,2024,8,Sam Houston,Western Kentucky,14.0,31.0,-17.0,45.0,-1.0,54.5,1.0,0,0,0,-140.0,120.0,3.7377979535193004,55.71889916157696,0.6008852860184235,1.0,2.7377979535193004,1.2188991615769567,2023
401640983,2024,8,UTEP,Florida International,30.0,21.0,9.0,51.0,7.0,47.0,-7.0,1,1,1,175.0,-210.0,-14.20732924502726,49.758309153881164,0.19487081435023235,1.0,-7.20732924502726,2.7583091538811644,2023
401643810,2024,8,Marshall,Georgia State,35.0,20.0,15.0,55.0,-9.5,51.5,9.5,1,1,1,-350.0,275.0,8.988053599480399,54.77575854914529,0.6559338937187661,1.0,-0.5119464005196015,3.275758549145287,2023
401634768,2024,8,Virginia Tech,Boston College,42.0,21.0,21.0,63.0,-8.0,47.5,8.0,1,1,1,-270.0,220.0,6.02123504985895,47.40992046781899,0.6401776811861097,1.0,-1.9787649501410502,-0.09007953218100795,2023
401634769,2024,8,Duke,Florida State,23.0,16.0,7.0,39.0,-3.0,43.0,3.0,1,1,0,-165.0,140.0,6.480428006418999,41.67943633075402,0.5720708305273297,1.0,3.4804280064189994,-1.3205636692459777,2023
401628523,2024,8,Purdue,Oregon,0.0,35.0,-35.0,35.0,29.5,61.0,-29.5,0,0,0,1600.0,-10000.0,-33.120967724628635,59.728683044196416,0.04514721451435508,1.0,-3.6209677246286347,-1.2713169558035844,2023
401636898,2024,8,BYU,Oklahoma State,38.0,35.0,3.0,73.0,-8.5,53.0,8.5,1,0,1,-350.0,275.0,9.902237139532478,49.340002687762976,0.7393322212590598,1.0,1.4022371395324775,-3.6599973122370244,2023
401643735,2024,8,Nevada,Fresno State,21.0,24.0,-3.0,45.0,3.0,50.0,-3.0,0,0,0,125.0,-145.0,-5.823573677065081,44.77544740047116,0.29286470596265723,1.0,-2.823573677065081,-5.224552599528842,2023
401628395,2024,8,Missouri,Auburn,21.0,17.0,4.0,38.0,-3.5,49.5,3.5,1,1,0,-240.0,200.0,8.781073447758041,51.81398574310914,0.7042550783531255,1.0,5.281073447758041,2.313985743109143,2023
401628522,2024,8,Northwestern,Wisconsin,3.0,23.0,-20.0,26.0,9.5,42.5,-9.5,0,0,0,220.0,-270.0,-14.750210769269941,40.65854431763475,0.11450809978626009,1.0,-5.250210769269941,-1.8414556823652504,2023
401636899,2024,8,Cincinnati,Arizona State,24.0,14.0,10.0,38.0,-5.0,51.5,5.0,1,1,0,-145.0,125.0,4.127597998646254,51.356782389641396,0.4218620841010065,1.0,-0.8724020013537457,-0.14321761035860447,2023
401635589,2024,8,Louisville,Miami,45.0,52.0,-7.0,97.0,4.0,61.0,-4.0,0,0,1,160.0,-185.0,-2.22759090994398,52.551546268865366,0.3767498719523798,1.0,1.77240909005602,-8.448453731134634,2023
401629034,2024,8,UConn,Wake Forest,20.0,23.0,-3.0,43.0,2.5,55.5,-2.5,0,0,0,-125.0,105.0,-1.3045416014670932,53.49407233882956,0.5506976000944692,1.0,1.1954583985329068,-2.005927661170439,2023
401635588,2024,8,Clemson,Virginia,48.0,31.0,17.0,79.0,-20.0,57.5,20.0,1,0,1,-1800.0,850.0,21.12933454161816,59.633205128108656,0.9398170593439037,1.0,1.1293345416181602,2.1332051281086564,2023
401645346,2024,8,Army,East Carolina,45.0,28.0,17.0,73.0,-17.5,54.5,17.5,1,0,1,-900.0,575.0,21.34987564793761,54.1439948913042,0.856861242709918,1.0,3.8498756479376084,-0.35600510869579693,2023
401628524,2024,8,Rutgers,UCLA,32.0,35.0,-3.0,67.0,-4.0,42.5,4.0,0,0,1,-240.0,200.0,7.028665543381853,39.14795451973516,0.6439826253786419,1.0,3.0286655433818526,-3.3520454802648416,2023
401628519,2024,8,Indiana,Nebraska,56.0,7.0,49.0,63.0,-6.5,48.5,6.5,1,1,1,-235.0,195.0,2.5536840004832033,52.99811310737245,0.5224298132769172,1.0,-3.9463159995167967,4.498113107372447,2023
401643811,2024,8,Coastal Carolina,Louisiana,24.0,34.0,-10.0,58.0,6.5,57.0,-6.5,0,0,1,,,-8.535130600462345,54.01994658270612,0.35043004427414837,1.0,-2.0351306004623453,-2.980053417293881,2023
401628396,2024,8,Oklahoma,South Carolina,9.0,35.0,-26.0,44.0,1.0,40.0,-1.0,0,0,1,-140.0,120.0,-0.21322070701264262,42.55267960343016,0.6586905709236409,1.0,0.7867792929873574,2.552679603430157,2023
401644750,2024,8,Eastern Michigan,Central Michigan,38.0,34.0,4.0,72.0,-3.5,52.0,3.5,1,1,1,-125.0,105.0,-0.3775771596123154,50.98194637786923,0.403597664250505,1.0,-3.8775771596123154,-1.0180536221307719,2023
401645351,2024,8,Temple,Tulsa,20.0,10.0,10.0,30.0,-3.0,51.0,3.0,1,1,0,-140.0,120.0,-1.4002911019052737,56.217822922290225,0.4556990128892926,1.0,-4.400291101905274,5.217822922290225,2023
401645345,2024,8,South Florida,UAB,35.0,25.0,10.0,60.0,-14.0,55.5,14.0,1,0,1,-585.0,410.0,18.408284196012325,54.542454223998426,0.8311062753192119,1.0,4.408284196012325,-0.9575457760015738,2023
401635587,2024,8,California,NC State,23.0,24.0,-1.0,47.0,-9.5,46.0,9.5,0,0,1,-400.0,300.0,10.569152609629738,46.83165479372482,0.6710599769622991,1.0,1.0691526096297377,0.8316547937248231,2023
401636901,2024,8,Kansas,Houston,42.0,14.0,28.0,56.0,-4.5,45.5,4.5,1,1,1,-240.0,200.0,4.488507869665349,42.3420075943232,0.7250118515640429,1.0,-0.01149213033465113,-3.1579924056768007,2023
401644751,2024,8,Northern Illinois,Toledo,6.0,13.0,-7.0,19.0,-3.0,43.0,3.0,0,0,0,-140.0,120.0,2.18214393643891,42.60396751782849,0.6157673829590729,1.0,-0.8178560635610901,-0.3960324821715133,2023
401628397,2024,8,Tennessee,Alabama,24.0,17.0,7.0,41.0,3.5,57.5,-3.5,1,1,0,120.0,-140.0,-4.291377636558059,55.937539961956226,0.42075762739186545,1.0,-0.7913776365580594,-1.562460038043774,2023
401643736,2024,8,Washington State,Hawai'i,42.0,10.0,32.0,52.0,-19.0,55.5,19.0,1,1,0,-1300.0,725.0,18.136211689022904,52.77195047574967,0.8530473624511586,1.0,-0.8637883109770961,-2.7280495242503306,2023
401644749,2024,8,Buffalo,Western Michigan,41.0,48.0,-7.0,89.0,1.5,49.5,-1.5,0,0,1,-120.0,100.0,2.5271606192824247,47.19581049857403,0.7344071812592095,1.0,4.027160619282425,-2.3041895014259666,2023
401628518,2024,8,Illinois,Michigan,21.0,7.0,14.0,28.0,6.0,44.0,-6.0,1,1,0,100.0,-120.0,1.5629508480137266,48.32568054495962,0.6470721568128981,1.0,7.562950848013727,4.325680544959617,2023
401644748,2024,8,Bowling Green,Kent State,27.0,6.0,21.0,33.0,-24.0,54.5,24.0,1,0,0,-1600.0,800.0,18.387584404990402,53.64699596111821,0.9196947006687473,1.0,-5.6124155950095975,-0.8530040388817923,2023
401644686,2024,8,Miami (OH),Ohio,30.0,20.0,10.0,50.0,-3.5,43.5,3.5,1,1,1,-185.0,160.0,3.257584462837407,39.606194510427756,0.6745277159222727,1.0,-0.2424155371625929,-3.8938054895722445,2023
401643813,2024,8,Old Dominion,Texas State,24.0,14.0,10.0,38.0,10.5,60.5,-10.5,1,1,0,305.0,-410.0,-9.32797845160393,57.78593992930745,0.31440866430181386,1.0,1.1720215483960708,-2.714060070692547,2023
401645347,2024,8,Navy,Charlotte,51.0,17.0,34.0,68.0,-16.5,57.5,16.5,1,1,1,-900.0,575.0,14.143290437572471,60.72058973392569,0.8372049360728278,1.0,-2.356709562427529,3.220589733925692,2023
401645348,2024,8,UTSA,Florida Atlantic,38.0,24.0,14.0,62.0,-4.0,52.5,4.0,1,1,1,-195.0,165.0,5.359099617479814,55.84406510648613,0.5660323240412367,1.0,1.3590996174798136,3.344065106486127,2023
401628982,2024,8,Georgia Tech,Notre Dame,13.0,31.0,-18.0,44.0,14.0,50.0,-14.0,0,0,0,270.0,-340.0,-15.477072203086196,48.60874408055267,0.1364632754778634,1.0,-1.4770722030861965,-1.3912559194473317,2023
401645350,2024,8,Tulane,Rice,24.0,10.0,14.0,34.0,-21.5,53.0,21.5,1,0,0,-1900.0,900.0,22.340530493635935,56.19325189960072,0.9299343745705766,1.0,0.840530493635935,3.1932518996007175,2023
401628521,2024,8,Maryland,USC,29.0,28.0,1.0,57.0,7.0,56.0,-7.0,1,1,1,230.0,-280.0,-4.562642365923631,51.93908279489771,0.46996429523380945,1.0,2.4373576340763687,-4.060917205102292,2023
401636902,2024,8,Texas Tech,Baylor,35.0,59.0,-24.0,94.0,-4.5,56.0,4.5,0,0,1,-240.0,200.0,3.4072638012708243,58.78937826594152,0.6758521070521724,1.0,-1.0927361987291757,2.7893782659415223,2023
401643812,2024,8,Georgia Southern,James Madison,28.0,14.0,14.0,42.0,10.0,58.5,-10.0,1,1,0,305.0,-410.0,-8.54898108776652,55.667722365445194,0.23947470459243986,1.0,1.4510189122334793,-2.8322776345548064,2023
401643737,2024,8,Utah State,New Mexico,45.0,50.0,-5.0,95.0,1.0,78.5,-1.0,0,0,1,,-125.0,-3.9845566011018287,75.40101170060731,0.37720059928671434,1.0,-2.9845566011018287,-3.098988299392687,2023
401636897,2024,8,Arizona,Colorado,7.0,34.0,-27.0,41.0,-2.5,57.5,2.5,0,0,0,-185.0,160.0,-0.573116788021121,57.844309391332104,0.5446037969331035,1.0,-3.073116788021121,0.3443093913321036,2023
401643738,2024,8,San José State,Wyoming,24.0,14.0,10.0,38.0,-13.0,53.5,13.0,1,0,0,-450.0,335.0,14.703407140141458,53.36056740747048,0.8501818755412649,1.0,1.7034071401414579,-0.13943259252952345,2023
401628394,2024,8,Mississippi State,Texas A&M,24.0,34.0,-10.0,58.0,21.0,55.5,-21.0,0,1,1,,-675.0,-21.401212302390082,57.72072840198873,0.14167915001421416,1.0,-0.401212302390082,2.2207284019887297,2023
401628399,2024,8,Vanderbilt,Ball State,24.0,14.0,10.0,38.0,-27.5,57.5,27.5,1,0,0,-4000.0,1200.0,30.92900707443744,52.77377439925037,0.9545581776697344,1.0,3.4290070744374397,-4.726225600749629,2023
401628392,2024,8,Arkansas,LSU,10.0,34.0,-24.0,44.0,3.0,57.0,-3.0,0,0,0,120.0,-140.0,-1.5441025608959493,59.18948569582504,0.37619212293452703,1.0,1.4558974391040507,2.1894856958250415,2023
401643814,2024,8,Southern Miss,Arkansas State,28.0,44.0,-16.0,72.0,7.0,56.5,-7.0,0,0,1,200.0,-240.0,-10.072704105041344,53.63537195131769,0.23469295609696195,1.0,-3.0727041050413444,-2.864628048682313,2023
401628398,2024,8,Texas,Georgia,15.0,30.0,-15.0,45.0,-4.0,57.0,4.0,0,0,0,-180.0,155.0,9.11801821482662,55.743477945454025,0.6841881089891986,1.0,5.11801821482662,-1.2565220545459752,2023
401636904,2024,8,West Virginia,Kansas State,18.0,45.0,-27.0,63.0,2.5,56.0,-2.5,0,0,1,135.0,-160.0,-1.5753309333328132,58.35957490661333,0.5566042264329106,1.0,0.9246690666671868,2.3595749066133322,2023
401628520,2024,8,Michigan State,Iowa,32.0,20.0,12.0,52.0,6.5,39.5,-6.5,1,1,1,195.0,-235.0,-7.338922898203816,44.07491833305072,0.43482396124429956,1.0,-0.8389228982038164,4.574918333050718,2023
401636900,2024,8,Iowa State,UCF,38.0,35.0,3.0,73.0,-13.0,49.5,13.0,1,0,1,-525.0,375.0,13.285325123266905,46.31711883326434,0.8254567039720724,1.0,0.2853251232669045,-3.182881166735662,2023
401645349,2024,8,Memphis,North Texas,52.0,44.0,8.0,96.0,-10.5,67.5,10.5,1,0,1,,310.0,8.511146476359292,71.6898363689018,0.7569049734720233,1.0,-1.9888535236407083,4.189836368901794,2023
401628393,2024,8,Florida,Kentucky,48.0,20.0,28.0,68.0,2.5,42.5,-2.5,1,1,1,-125.0,105.0,0.7311018969004208,41.24185825478057,0.6897900792703188,1.0,3.231101896900421,-1.258141745219433,2023
401635590,2024,8,Stanford,SMU,10.0,40.0,-30.0,50.0,16.5,52.5,-16.5,0,0,0,460.0,-675.0,-19.776654994889526,48.7234049997463,0.19890201467246985,1.0,-3.276654994889526,-3.7765950002536997,2023
401643734,2024,8,Air Force,Colorado State,13.0,21.0,-8.0,34.0,6.0,44.0,-6.0,0,0,0,240.0,-290.0,-2.4398579743019693,48.45888000442441,0.4732143504658489,1.0,3.5601420256980307,4.458880004424408,2023
401643739,2024,8,Oregon State,UNLV,25.0,33.0,-8.0,58.0,6.5,61.5,-6.5,0,0,0,,-235.0,-9.824540083329968,58.465056111981134,0.2967209704980063,1.0,-3.3245400833299676,-3.0349438880188657,2023
401636903,2024,8,Utah,TCU,7.0,13.0,-6.0,20.0,-3.0,51.5,3.0,0,0,0,-185.0,160.0,1.3992677338144321,53.949401589383065,0.41593573524027877,1.0,-1.6007322661855679,2.449401589383065,2023
401640984,2024,9,Florida International,Sam Houston,7.0,10.0,-3.0,17.0,5.0,47.0,-5.0,0,1,0,180.0,-220.0,-5.499657974104137,46.948089787266355,0.3965070991632166,1.0,-0.4996579741041369,-0.05191021273364527,2023
401641011,2024,9,Louisiana Tech,UTEP,14.0,10.0,4.0,24.0,-6.5,49.0,6.5,1,0,0,-280.0,230.0,11.045995518908455,45.45682293224699,0.7674060949233956,1.0,4.545995518908455,-3.543177067753007,2023
401641003,2024,9,Jacksonville State,Middle Tennessee,42.0,20.0,22.0,62.0,-20.5,64.5,20.5,1,1,0,-1600.0,800.0,19.89577965241261,67.43823463152769,0.8992864749680386,1.0,-0.6042203475873897,2.938234631527692,2023
401643815,2024,9,Old Dominion,Georgia Southern,47.0,19.0,28.0,66.0,1.0,52.0,-1.0,1,1,1,-125.0,105.0,-1.8221025857578155,53.687386338562035,0.5182556748390589,1.0,-0.8221025857578155,1.6873863385620353,2023
401634770,2024,9,Pittsburgh,Syracuse,41.0,13.0,28.0,54.0,-5.0,62.5,5.0,1,1,0,-220.0,180.0,7.422733384633026,67.17998482813418,0.7708622871281823,1.0,2.422733384633026,4.679984828134181,2023
401634771,2024,9,Boston College,Louisville,27.0,31.0,-4.0,58.0,7.0,54.0,-7.0,0,1,1,220.0,-270.0,-0.19667981437568471,56.243045567556486,0.4581468345900642,1.0,6.803320185624315,2.2430455675564858,2023
401643740,2024,9,UNLV,Boise State,24.0,29.0,-5.0,53.0,4.0,64.0,-4.0,0,0,0,125.0,-145.0,-2.420269722413126,65.30999847991515,0.5075982074649062,1.0,1.579730277586874,1.3099984799151514,2023
401628532,2024,9,USC,Rutgers,42.0,20.0,22.0,62.0,-14.0,57.0,14.0,1,1,1,-650.0,450.0,8.332973378998059,60.56691029069127,0.7904961890364216,1.0,-5.667026621001941,3.5669102906912684,2023
401645354,2024,9,North Texas,Tulane,37.0,45.0,-8.0,82.0,7.5,70.5,-7.5,0,0,1,250.0,-300.0,1.11561922906907,69.78829046991167,0.37050097883426514,1.0,8.61561922906907,-0.7117095300883278,2023
401628402,2024,9,Ole Miss,Oklahoma,26.0,14.0,12.0,40.0,-19.5,50.0,19.5,1,0,0,-1500.0,775.0,21.099852460785602,56.956074727283344,0.8491721292427191,1.0,1.599852460785602,6.956074727283344,2023
401628530,2024,9,Ohio State,Nebraska,21.0,17.0,4.0,38.0,-25.0,49.0,25.0,1,0,0,-4000.0,1200.0,28.801114106736232,48.09975235118517,0.9594862880589836,1.0,3.8011141067362324,-0.9002476488148332,2023
401635598,2024,9,Virginia,North Carolina,14.0,41.0,-27.0,55.0,-3.5,58.5,3.5,0,0,0,-210.0,175.0,1.410884812338396,58.77066983386315,0.5623606609783545,1.0,-2.089115187661604,0.2706698338631526,2023
401628526,2024,9,Indiana,Washington,31.0,17.0,14.0,48.0,-5.5,54.0,5.5,1,1,0,-250.0,210.0,11.835648066410547,50.43509779696335,0.8028652648594203,1.0,6.335648066410547,-3.5649022030366524,2023
401645353,2024,9,Memphis,Charlotte,33.0,28.0,5.0,61.0,-17.0,56.5,17.0,1,0,1,-1200.0,700.0,16.78084766412054,61.302068251794765,0.9108275152876761,1.0,-0.21915233587946048,4.802068251794765,2023
401628983,2024,9,Navy,Notre Dame,14.0,51.0,-37.0,65.0,14.0,50.5,-14.0,0,0,1,355.0,-490.0,-14.257553697312517,53.564683758959745,0.18955974069154094,1.0,-0.25755369731251676,3.0646837589597453,2023
401635597,2024,9,Virginia Tech,Georgia Tech,21.0,6.0,15.0,27.0,-11.0,52.0,11.0,1,1,0,-370.0,285.0,7.223017059679614,50.58122512577499,0.6507329061548836,1.0,-3.7769829403203863,-1.418774874225008,2023
401644755,2024,9,Ohio,Buffalo,47.0,16.0,31.0,63.0,-4.0,46.5,4.0,1,1,1,-235.0,195.0,3.736609751483592,50.35183755411038,0.563464795587279,1.0,-0.26339024851640813,3.851837554110382,2023
401628403,2024,9,Mississippi State,Arkansas,25.0,58.0,-33.0,83.0,7.5,55.0,-7.5,0,0,1,230.0,-280.0,-15.457448499932712,61.46082225651535,0.18681656329029134,1.0,-7.9574484999327115,6.46082225651535,2023
401643816,2024,9,App State,Georgia State,33.0,26.0,7.0,59.0,-7.5,59.0,7.5,1,0,0,-310.0,255.0,12.64574582511374,55.96241299131455,0.6784459260614528,1.0,5.145745825113741,-3.037587008685449,2023
401644687,2024,9,Miami (OH),Central Michigan,46.0,7.0,39.0,53.0,-10.5,48.5,10.5,1,1,1,-500.0,360.0,10.395629131107356,51.62982798981081,0.8017050501249293,1.0,-0.10437086889264435,3.1298279898108134,2023
401645352,2024,9,East Carolina,Temple,56.0,34.0,22.0,90.0,-8.5,48.5,8.5,1,1,1,-300.0,250.0,8.913533077522276,50.35673710319223,0.8030187100571968,1.0,0.41353307752227586,1.8567371031922306,2023
401628400,2024,9,Alabama,Missouri,34.0,0.0,34.0,34.0,-15.5,51.5,15.5,1,1,0,-600.0,425.0,19.48670809166071,50.560166696330356,0.8925213587655788,1.0,3.9867080916607094,-0.9398333036696442,2023
401628528,2024,9,Minnesota,Maryland,48.0,23.0,25.0,71.0,-6.0,45.0,6.0,1,1,1,-185.0,160.0,8.390766898992029,44.75494004403107,0.5515253577981181,1.0,2.3907668989920285,-0.2450599559689266,2023
401635599,2024,9,Stanford,Wake Forest,24.0,27.0,-3.0,51.0,3.0,53.0,-3.0,0,0,0,125.0,-145.0,-1.4497596749104558,49.3280884102677,0.5147851893772121,1.0,1.5502403250895442,-3.6719115897322965,2023
401628525,2024,9,Oregon,Illinois,38.0,9.0,29.0,47.0,-22.5,54.0,22.5,1,1,0,-1800.0,850.0,17.78842315756255,52.71854931021567,0.9277722893535589,1.0,-4.711576842437449,-1.2814506897843287,2023
401636910,2024,9,TCU,Texas Tech,35.0,34.0,1.0,69.0,-5.0,66.0,5.0,1,0,1,-230.0,190.0,2.8633930040289846,65.99751275532253,0.5000096766550953,1.0,-2.1366069959710154,-0.00248724467746797,2023
401636911,2024,9,UCF,BYU,24.0,37.0,-13.0,61.0,-2.5,53.5,2.5,0,0,1,105.0,-125.0,2.92480617374827,57.90857167940525,0.5010749784195266,1.0,0.4248061737482698,4.408571679405249,2023
401636906,2024,9,Baylor,Oklahoma State,38.0,28.0,10.0,66.0,-7.0,64.5,7.0,1,1,1,-200.0,170.0,11.268797210202255,61.33142210522613,0.7574313288985143,1.0,4.268797210202255,-3.1685778947738683,2023
401644752,2024,9,Akron,Eastern Michigan,25.0,21.0,4.0,46.0,2.5,50.5,-2.5,1,1,0,145.0,-170.0,-3.240481112314237,50.61206935166131,0.3890233851763233,1.0,-0.740481112314237,0.1120693516613116,2023
401645355,2024,9,Tulsa,UTSA,46.0,45.0,1.0,91.0,9.5,52.5,-9.5,1,1,1,260.0,-320.0,-13.267528582935638,60.47343220561749,0.12155152247425738,1.0,-3.767528582935638,7.973432205617492,2023
401644753,2024,9,Ball State,Northern Illinois,25.0,23.0,2.0,48.0,13.5,47.5,-13.5,1,1,1,360.0,-500.0,-13.742376157769153,50.01373684944368,0.2101989074370987,1.0,-0.24237615776915256,2.5137368494436814,2023
401644754,2024,9,Toledo,Bowling Green,26.0,41.0,-15.0,67.0,-2.5,48.0,2.5,0,0,1,-145.0,125.0,0.4068886064724304,51.675603551085835,0.4849034289323715,1.0,-2.0931113935275696,3.6756035510858354,2023
401644756,2024,9,Western Michigan,Kent State,52.0,21.0,31.0,73.0,-19.0,61.0,19.0,1,1,1,-900.0,575.0,15.191486444680503,55.91693358361762,0.8810279847655174,1.0,-3.8085135553194966,-5.08306641638238,2023
401628527,2024,9,Iowa,Northwestern,40.0,14.0,26.0,54.0,-16.5,38.5,16.5,1,1,1,-585.0,410.0,17.476761627114733,40.30956263959464,0.8218707869971915,1.0,0.9767616271147332,1.8095626395946383,2023
401629035,2024,9,UConn,Rice,17.0,10.0,7.0,27.0,-6.5,47.0,6.5,1,1,0,-240.0,200.0,2.94341149103673,52.297530916108336,0.5557166539441992,1.0,-3.55658850896327,5.297530916108336,2023
401643817,2024,9,James Madison,Southern Miss,32.0,15.0,17.0,47.0,-24.0,54.0,24.0,1,0,0,-3300.0,1100.0,19.22878312293206,52.433667632918606,0.842005303019359,1.0,-4.771216877067939,-1.5663323670813938,2023
401635594,2024,9,California,Oregon State,44.0,7.0,37.0,51.0,-13.0,51.0,13.0,1,1,0,-400.0,300.0,14.144554874179528,50.30717132186291,0.8184364967730227,1.0,1.1445548741795282,-0.69282867813709,2023
401628405,2024,9,Vanderbilt,Texas,24.0,27.0,-3.0,51.0,17.0,50.5,-17.0,0,1,1,600.0,-950.0,-12.876562528486541,50.10952217409528,0.07020930145269065,1.0,4.1234374715134585,-0.3904778259047177,2023
401643819,2024,9,South Alabama,UL Monroe,46.0,17.0,29.0,63.0,-7.0,45.0,7.0,1,1,1,-310.0,255.0,6.820690305746721,52.71306634095051,0.7770609148991645,1.0,-0.1793096942532788,7.713066340950512,2023
401643741,2024,9,Colorado State,New Mexico,17.0,6.0,11.0,23.0,-3.5,62.0,3.5,1,1,0,-230.0,190.0,-0.677130485822329,62.6010406995412,0.6360508919006993,1.0,-4.177130485822329,0.6010406995412012,2023
401635596,2024,9,Miami,Florida State,36.0,14.0,22.0,50.0,-22.5,55.0,22.5,1,0,0,-1500.0,775.0,23.871411787106624,57.963633440385635,0.9312707023047107,1.0,1.3714117871066236,2.9636334403856353,2023
401636908,2024,9,Houston,Utah,17.0,14.0,3.0,31.0,4.5,36.0,-4.5,1,1,0,145.0,-170.0,-4.179531515748917,37.58054472665427,0.37854127361492795,1.0,0.32046848425108276,1.5805447266542672,2023
401636905,2024,9,Arizona,West Virginia,26.0,31.0,-5.0,57.0,-5.5,51.5,5.5,0,0,1,-145.0,125.0,-0.6139061315488288,47.98737102281962,0.5500497089561003,1.0,-6.113906131548829,-3.512628977180377,2023
401643745,2024,9,Wyoming,Utah State,25.0,27.0,-2.0,52.0,2.5,57.0,-2.5,0,1,0,-130.0,110.0,-7.308644640653986,58.94512273558092,0.3425545901698091,1.0,-4.808644640653986,1.9451227355809166,2023
401643818,2024,9,Arkansas State,Troy,34.0,31.0,3.0,65.0,-8.5,50.0,8.5,1,0,1,-275.0,225.0,7.781534871890301,50.17981679181743,0.47550984704198973,1.0,-0.718465128109699,0.17981679181743004,2023
401628404,2024,9,Texas A&M,LSU,38.0,23.0,15.0,61.0,-2.0,54.5,2.0,1,1,1,-150.0,130.0,9.772646462151375,56.81857478320893,0.6701477016186449,1.0,7.772646462151375,2.3185747832089305,2023
401628531,2024,9,Wisconsin,Penn State,13.0,28.0,-15.0,41.0,6.0,47.5,-6.0,0,0,0,205.0,-245.0,-11.377334831090009,49.48636665846715,0.1997775978332227,1.0,-5.377334831090009,1.9863666584671478,2023
401628529,2024,9,Michigan,Michigan State,24.0,17.0,7.0,41.0,-3.0,39.0,3.0,1,1,1,-220.0,180.0,3.759279205196454,41.67464966690703,0.8165441183247091,1.0,0.7592792051964539,2.6746496669070297,2023
401628401,2024,9,Kentucky,Auburn,10.0,24.0,-14.0,34.0,-2.0,43.5,2.0,0,0,0,-135.0,115.0,4.8686370603502045,48.61487586817309,0.5681240792540783,1.0,2.8686370603502045,5.114875868173087,2023
401635595,2024,9,Duke,SMU,27.0,28.0,-1.0,55.0,11.5,49.5,-11.5,0,1,1,340.0,-460.0,-6.436879411952149,44.93906923065029,0.46046273011159944,1.0,5.063120588047851,-4.56093076934971,2023
401643742,2024,9,Fresno State,San José State,33.0,10.0,23.0,43.0,-6.5,55.0,6.5,1,1,0,-200.0,170.0,7.235614039123354,54.400096508799265,0.5954070010189447,1.0,0.7356140391233543,-0.5999034912007346,2023
401636909,2024,9,Kansas State,Kansas,29.0,27.0,2.0,56.0,-10.0,56.0,10.0,1,0,0,-380.0,290.0,9.958933927365859,52.756702345719205,0.7163011310413459,1.0,-0.04106607263414119,-3.243297654280795,2023
401636907,2024,9,Colorado,Cincinnati,34.0,23.0,11.0,57.0,-6.0,57.0,6.0,1,1,0,-200.0,170.0,8.76139694746471,58.35593470003905,0.8104924206158638,1.0,2.7613969474647106,1.3559347000390503,2023
401643744,2024,9,San Diego State,Washington State,26.0,29.0,-3.0,55.0,17.0,56.5,-17.0,0,1,0,430.0,-625.0,-13.53143832501904,58.35141145947191,0.3455991801752228,1.0,3.4685616749809594,1.8514114594719118,2023
401643743,2024,9,Hawai'i,Nevada,34.0,13.0,21.0,47.0,-2.5,42.0,2.5,1,1,1,110.0,-130.0,9.727050879187635,42.7031481226777,0.6750988644046194,1.0,7.227050879187635,0.7031481226777032,2023
401640985,2024,10,Florida International,New Mexico State,34.0,13.0,21.0,47.0,-7.0,43.5,7.0,1,1,1,-360.0,280.0,9.236309333819635,43.82314424296062,0.7065052853012024,1.0,2.2363093338196354,0.3231442429606233,2023
401643820,2024,10,Texas State,Louisiana,17.0,23.0,-6.0,40.0,-4.0,60.5,4.0,0,0,0,-160.0,135.0,5.723121376114991,62.2215012445777,0.47877961417637316,1.0,1.7231213761149906,1.721501244577702,2023
401641012,2024,10,Sam Houston,Louisiana Tech,9.0,3.0,6.0,12.0,-10.5,45.5,10.5,1,0,0,-430.0,320.0,8.915547241782377,48.42862362899012,0.6038287302308317,1.0,-1.5844527582176227,2.928623628990117,2023
401640994,2024,10,Liberty,Jacksonville State,21.0,31.0,-10.0,52.0,-2.5,64.5,2.5,0,0,0,-120.0,100.0,5.892732582427471,65.43464333066298,0.5892551293924249,1.0,3.392732582427471,0.9346433306629791,2023
401645356,2024,10,Charlotte,Tulane,3.0,34.0,-31.0,37.0,14.5,55.0,-14.5,0,0,0,525.0,-800.0,-8.660088920288093,59.74903376584537,0.2481309100180867,1.0,5.839911079711907,4.749033765845368,2023
401629036,2024,10,UConn,Georgia State,34.0,27.0,7.0,61.0,-7.0,48.0,7.0,1,0,1,-290.0,240.0,2.2041884704162458,50.535174980445525,0.6042680837641276,1.0,-4.795811529583754,2.5351749804455253,2023
401645357,2024,10,Florida Atlantic,South Florida,21.0,44.0,-23.0,65.0,1.5,48.0,-1.5,0,0,1,105.0,-125.0,-5.674162760251068,49.04255755614804,0.3037604156708286,1.0,-4.174162760251068,1.04255755614804,2023
401643747,2024,10,Boise State,San Diego State,56.0,24.0,32.0,80.0,-24.5,55.5,24.5,1,1,1,-2800.0,1100.0,24.858392975984117,58.27735618083233,0.9137729365513243,1.0,0.3583929759841169,2.777356180832328,2023
401635516,2024,10,NC State,Stanford,59.0,28.0,31.0,87.0,-9.5,46.5,9.5,1,1,1,-410.0,305.0,11.55677281010677,50.813863921521964,0.818263287872044,1.0,2.0567728101067697,4.313863921521964,2023
401644758,2024,10,Eastern Michigan,Toledo,28.0,29.0,-1.0,57.0,10.0,54.5,-10.0,0,1,1,250.0,-300.0,-6.609874698855452,54.643826271431486,0.3884477176663831,1.0,3.390125301144548,0.14382627143148596,2023
401628533,2024,10,Illinois,Minnesota,17.0,25.0,-8.0,42.0,3.0,47.0,-3.0,0,0,0,110.0,-130.0,-6.610100689559221,51.0695831674071,0.4752168303812825,1.0,-3.6101006895592214,4.069583167407103,2023
401628538,2024,10,Purdue,Northwestern,20.0,26.0,-6.0,46.0,-2.5,44.0,2.5,0,0,1,100.0,-120.0,-0.2583303395299539,44.84872817739657,0.32703977491422653,1.0,-2.758330339529954,0.8487281773965734,2023
401628539,2024,10,Penn State,Ohio State,13.0,20.0,-7.0,33.0,3.0,47.5,-3.0,0,0,0,160.0,-185.0,-1.7766295977558801,47.74524286911648,0.549731968820377,1.0,1.2233704022441199,0.2452428691164812,2023
401635604,2024,10,Syracuse,Virginia Tech,38.0,31.0,7.0,69.0,3.5,53.5,-3.5,1,1,1,160.0,-185.0,-0.16985633157712599,62.52238351762425,0.34902541829959616,1.0,3.330143668422874,9.022383517624249,2023
401644757,2024,10,Akron,Buffalo,30.0,41.0,-11.0,71.0,1.0,48.0,-1.0,0,0,1,-110.0,-110.0,4.091555770810759,51.05270158392946,0.5181466751231392,1.0,5.091555770810759,3.052701583929462,2023
401643746,2024,10,Army,Air Force,20.0,3.0,17.0,23.0,-18.0,38.0,18.0,1,0,0,-1200.0,700.0,23.25709593446293,41.64461869335341,0.8720816819592598,1.0,5.2570959344629316,3.644618693353408,2023
401645359,2024,10,UTSA,Memphis,44.0,36.0,8.0,80.0,7.0,61.5,-7.0,1,1,1,250.0,-300.0,-2.170173425133547,65.7813041918508,0.3837899216781757,1.0,4.829826574866453,4.2813041918507935,2023
401628406,2024,10,Arkansas,Ole Miss,31.0,63.0,-32.0,94.0,8.5,54.0,-8.5,0,0,1,205.0,-245.0,-6.7156520883894055,57.61278719537143,0.2902178276493269,1.0,1.7843479116105945,3.612787195371432,2023
401635601,2024,10,Miami,Duke,53.0,31.0,22.0,84.0,-21.0,56.0,21.0,1,1,1,-1400.0,750.0,20.443350794610204,61.040901179945436,0.8344836826859605,1.0,-0.556649205389796,5.040901179945436,2023
401628407,2024,10,Auburn,Vanderbilt,7.0,17.0,-10.0,24.0,-8.5,48.0,8.5,0,0,0,-235.0,195.0,1.0931320762308996,49.638432435544516,0.6340541754935549,1.0,-7.4068679237691,1.638432435544516,2023
401645358,2024,10,UAB,Tulsa,59.0,21.0,38.0,80.0,-2.5,58.0,2.5,1,1,1,-160.0,135.0,5.163613151088025,60.90462092987282,0.6044395634907672,1.0,2.6636131510880254,2.90462092987282,2023
401643821,2024,10,App State,Old Dominion,28.0,20.0,8.0,48.0,3.0,58.0,-3.0,1,1,0,105.0,-125.0,-6.228034651239776,63.64837916067845,0.3702618965759942,1.0,-3.228034651239776,5.648379160678452,2023
401643822,2024,10,Marshall,UL Monroe,28.0,23.0,5.0,51.0,-10.5,48.0,10.5,1,0,1,-415.0,310.0,2.913232811190955,52.64695633786688,0.6150290222445451,1.0,-7.586767188809045,4.646956337866882,2023
401628534,2024,10,Michigan State,Indiana,10.0,47.0,-37.0,57.0,7.5,53.5,-7.5,0,0,1,215.0,-260.0,-10.217923314983206,54.57623950905609,0.2069891414455709,1.0,-2.7179233149832065,1.0762395090560872,2023
401628536,2024,10,Michigan,Oregon,17.0,38.0,-21.0,55.0,14.5,45.0,-14.5,0,0,1,500.0,-750.0,-7.519712569484551,41.612014986424974,0.4313892425578558,1.0,6.980287430515449,-3.387985013575026,2023
401628537,2024,10,Nebraska,UCLA,20.0,27.0,-7.0,47.0,-7.5,38.5,7.5,0,0,1,-285.0,235.0,8.745804852777367,36.867032372563095,0.8028958141064851,1.0,1.2458048527773666,-1.632967627436905,2023
401636916,2024,10,UCF,Arizona,56.0,12.0,44.0,68.0,-6.5,55.0,6.5,1,1,1,-235.0,195.0,7.503673580454663,61.383304348240436,0.7512050955637002,1.0,1.003673580454663,6.383304348240436,2023
401636914,2024,10,Iowa State,Texas Tech,22.0,23.0,-1.0,45.0,-13.5,56.0,13.5,0,0,0,-650.0,450.0,11.269610551808972,53.66951736937393,0.8174135381788517,1.0,-2.230389448191028,-2.330482630626072,2023
401636915,2024,10,Oklahoma State,Arizona State,21.0,42.0,-21.0,63.0,5.0,57.5,-5.0,0,0,1,-115.0,-105.0,-6.737330816178917,57.09185891954946,0.5566882886659082,1.0,-1.7373308161789174,-0.408141080450541,2023
401641026,2024,10,UTEP,Middle Tennessee,13.0,20.0,-7.0,33.0,-2.0,48.5,2.0,0,0,0,-150.0,130.0,-0.8033794747884953,51.306445801501084,0.3298508856975332,1.0,-2.8033794747884953,2.8064458015010842,2023
401636913,2024,10,Houston,Kansas State,24.0,19.0,5.0,43.0,13.0,45.5,-13.0,1,1,0,375.0,-525.0,-10.029996836643788,47.87731370177678,0.22931382138317716,1.0,2.9700031633562123,2.377313701776778,2023
401628408,2024,10,Georgia,Florida,34.0,20.0,14.0,54.0,-15.0,52.5,15.0,1,0,1,-800.0,525.0,15.175216702688932,51.06139967878071,0.856723464744851,1.0,0.17521670268893175,-1.4386003212192904,2023
401635602,2024,10,Florida State,North Carolina,11.0,35.0,-24.0,46.0,2.5,50.5,-2.5,0,0,0,110.0,-130.0,-2.7095503216955574,51.615460337978796,0.6335533533006731,1.0,-0.20955032169555743,1.1154603379787957,2023
401645360,2024,10,Rice,Navy,24.0,10.0,14.0,34.0,12.5,48.5,-12.5,1,1,0,360.0,-500.0,-15.649060012827551,55.41371927150011,0.3574730942804439,1.0,-3.149060012827551,6.9137192715001135,2023
401643824,2024,10,Troy,Coastal Carolina,38.0,24.0,14.0,62.0,4.5,51.5,-4.5,1,1,1,165.0,-195.0,-7.458670223262393,52.678477127792505,0.5684011594212105,1.0,-2.958670223262393,1.1784771277925046,2023
401643750,2024,10,New Mexico,Wyoming,45.0,49.0,-4.0,94.0,-8.0,60.5,8.0,0,0,1,-270.0,220.0,0.6363137574401758,62.48664458628396,0.434535408839963,1.0,-7.363686242559824,1.9866445862839583,2023
401628409,2024,10,Mississippi State,Massachusetts,45.0,20.0,25.0,65.0,-19.5,59.0,19.5,1,1,1,-1000.0,625.0,18.237456452701924,63.153665505730395,0.9210367870858598,1.0,-1.2625435472980762,4.153665505730395,2023
401643749,2024,10,Fresno State,Hawai'i,20.0,21.0,-1.0,41.0,-12.5,46.0,12.5,0,0,0,-550.0,390.0,10.194656974236912,43.497658173606865,0.6922019713846441,1.0,-2.3053430257630882,-2.5023418263931347,2023
401628540,2024,10,Washington,USC,26.0,21.0,5.0,47.0,2.0,55.0,-2.0,1,1,0,115.0,-135.0,6.319437225602595,54.20643393753526,0.5753803785031526,1.0,8.319437225602595,-0.7935660624647412,2023
401628411,2024,10,South Carolina,Texas A&M,44.0,20.0,24.0,64.0,3.0,43.5,-3.0,1,1,1,145.0,-170.0,3.797244054482472,40.241788093674636,0.5783882334000805,1.0,6.797244054482472,-3.2582119063253643,2023
401635600,2024,10,Clemson,Louisville,21.0,33.0,-12.0,54.0,-11.0,62.5,11.0,0,0,0,-430.0,320.0,17.3890352164139,61.36190226625568,0.8606645355935386,1.0,6.389035216413902,-1.138097733744317,2023
401643823,2024,10,South Alabama,Georgia Southern,30.0,34.0,-4.0,64.0,-5.5,60.0,5.5,0,0,1,-230.0,190.0,6.393277579949287,61.74416781339613,0.740025871589477,1.0,0.8932775799492871,1.7441678133961318,2023
401628535,2024,10,Iowa,Wisconsin,42.0,10.0,32.0,52.0,-2.5,40.5,2.5,1,1,1,-185.0,160.0,-0.0635720938907749,48.79990203889632,0.5518603216129855,1.0,-2.563572093890775,8.29990203889632,2023
401628412,2024,10,Tennessee,Kentucky,28.0,18.0,10.0,46.0,-17.5,45.5,17.5,1,0,1,-800.0,525.0,16.430351003680194,43.45543824568139,0.7538995055264661,1.0,-1.0696489963198061,-2.0445617543186074,2023
401635627,2024,10,SMU,Pittsburgh,48.0,25.0,23.0,73.0,-7.0,55.5,7.0,1,1,1,-300.0,250.0,9.857391765484547,56.3556511848916,0.8277537155975807,1.0,2.8573917654845467,0.8556511848915989,2023
401643748,2024,10,Nevada,Colorado State,21.0,38.0,-17.0,59.0,2.0,45.0,-2.0,0,0,1,-105.0,-115.0,-6.47739646472148,52.11033012509251,0.5092577960477328,1.0,-4.47739646472148,7.11033012509251,2023
401636912,2024,10,Baylor,TCU,37.0,34.0,3.0,71.0,-2.5,64.5,2.5,1,1,1,-150.0,130.0,4.613572533929289,61.90677458711725,0.6513899386932667,1.0,2.113572533929289,-2.5932254128827523,2023
401644760,2024,11,Central Michigan,Bowling Green,13.0,23.0,-10.0,36.0,16.0,48.5,-16.0,0,1,0,370.0,-510.0,-20.05617925419341,56.30913229639525,0.16545551404342423,1.0,-4.05617925419341,7.809132296395248,2023
401644688,2024,11,Ball State,Miami (OH),21.0,27.0,-6.0,48.0,13.0,48.0,-13.0,0,1,0,360.0,-500.0,-8.222280814437491,48.65486213261895,0.1723909422932498,1.0,4.777719185562509,0.6548621326189519,2023
401644762,2024,11,Western Michigan,Northern Illinois,28.0,42.0,-14.0,70.0,2.0,52.0,-2.0,0,0,1,100.0,-120.0,-2.5708846963271705,51.57499907922457,0.49578887847557396,1.0,-0.5708846963271705,-0.4250009207754317,2023
401644761,2024,11,Kent State,Ohio,0.0,41.0,-41.0,41.0,20.5,53.0,-20.5,0,0,0,650.0,-1100.0,-19.522556183217134,50.694451932567574,0.15514550900985993,1.0,0.9774438167828663,-2.305548067432426,2023
401645361,2024,11,East Carolina,Florida Atlantic,49.0,14.0,35.0,63.0,-7.5,58.5,7.5,1,1,1,-310.0,255.0,12.501758309735642,58.851745551654076,0.7055201419595545,1.0,5.001758309735642,0.3517455516540764,2023
401643825,2024,11,Coastal Carolina,App State,38.0,24.0,14.0,62.0,2.5,63.0,-2.5,1,1,0,-115.0,-105.0,-3.211491223923198,61.1252266800488,0.37353552251435934,1.0,-0.7114912239231979,-1.8747733199512027,2023
401634773,2024,11,Wake Forest,California,36.0,46.0,-10.0,82.0,7.0,55.5,-7.0,0,0,1,225.0,-275.0,-5.49931810481042,62.47771027114136,0.3335178628571994,1.0,1.5006818951895804,6.977710271141362,2023
401628542,2024,11,UCLA,Iowa,20.0,17.0,3.0,37.0,6.5,45.5,-6.5,1,1,0,190.0,-230.0,-5.602192847933108,45.76997172273531,0.38560110535187075,1.0,0.8978071520668918,0.26997172273531334,2023
401645362,2024,11,Memphis,Rice,27.0,20.0,7.0,47.0,-7.0,50.5,7.0,1,0,0,-420.0,315.0,4.745572989458467,53.224566151321,0.8307287180644068,1.0,-2.2544270105415327,2.7245661513209996,2023
401643754,2024,11,San Diego State,New Mexico,16.0,21.0,-5.0,37.0,-1.0,65.0,1.0,0,0,0,-150.0,130.0,5.005402885671884,66.60673011878272,0.7421157361483599,1.0,4.005402885671884,1.6067301187827212,2023
401645363,2024,11,South Florida,Navy,7.0,28.0,-21.0,35.0,4.5,58.0,-4.5,0,0,0,145.0,-170.0,-8.778308668190789,61.15888926212321,0.4412702004872764,1.0,-4.278308668190789,3.1588892621232105,2023
401636918,2024,11,Cincinnati,West Virginia,24.0,31.0,-7.0,55.0,-5.0,54.5,5.0,0,0,1,-200.0,170.0,1.000975631134227,57.071149915254665,0.511471592513949,1.0,-3.999024368865773,2.571149915254665,2023
401635606,2024,11,Boston College,Syracuse,37.0,31.0,6.0,68.0,-3.0,52.0,3.0,1,1,1,-125.0,105.0,11.362302761407618,54.136427840611525,0.798009475445441,1.0,8.362302761407618,2.1364278406115247,2023
401643828,2024,11,UL Monroe,Texas State,17.0,38.0,-21.0,55.0,9.5,50.0,-9.5,0,0,1,240.0,-290.0,-4.634343225272678,56.277057417289456,0.3903616970904388,1.0,4.865656774727322,6.2770574172894555,2023
401635609,2024,11,Georgia Tech,Miami,28.0,23.0,5.0,51.0,9.5,65.0,-9.5,1,1,0,335.0,-450.0,-6.467927577307998,63.90095760569552,0.1900928156469407,1.0,3.0320724226920017,-1.0990423943044831,2023
401628417,2024,11,Texas,Florida,49.0,17.0,32.0,66.0,-22.0,49.0,22.0,1,1,1,-1800.0,850.0,18.638843143650952,52.08211677142256,0.893946646013192,1.0,-3.361156856349048,3.0821167714225624,2023
401628544,2024,11,Rutgers,Minnesota,26.0,19.0,7.0,45.0,6.5,44.5,-6.5,1,1,1,185.0,-225.0,-9.761721233470801,46.48540550707059,0.3299384918358519,1.0,-3.2617212334708015,1.9854055070705883,2023
401628545,2024,11,Ohio State,Purdue,45.0,0.0,45.0,45.0,-37.0,56.0,37.0,1,1,0,,,35.312957233856736,57.00035400988609,0.9627379177297282,1.0,-1.6870427661432643,1.0003540098860881,2023
401640995,2024,11,Middle Tennessee,Liberty,17.0,37.0,-20.0,54.0,13.0,55.0,-13.0,0,0,0,320.0,-430.0,-12.189199584645051,60.089925582435214,0.3145148828606765,1.0,0.8108004153549491,5.089925582435214,2023
401629037,2024,11,UAB,UConn,23.0,31.0,-8.0,54.0,7.5,54.0,-7.5,0,0,0,190.0,-230.0,-4.487366237631418,49.12292101190915,0.3814762964201439,1.0,3.0126337623685817,-4.877078988090851,2023
401643829,2024,11,Southern Miss,Marshall,3.0,37.0,-34.0,40.0,13.5,53.5,-13.5,0,0,0,400.0,-575.0,-11.43819969883678,59.14762466048089,0.2191545737473108,1.0,2.0618003011632204,5.6476246604808935,2023
401643826,2024,11,James Madison,Georgia State,38.0,7.0,31.0,45.0,-14.5,53.5,14.5,1,1,0,-850.0,550.0,15.450812622415274,54.23701172258025,0.8320904709052952,1.0,0.950812622415274,0.7370117225802488,2023
401643755,2024,11,Oregon State,San José State,13.0,24.0,-11.0,37.0,-3.0,58.5,3.0,0,0,0,-170.0,145.0,-0.3345770403278374,59.91020213372178,0.39084287740501,1.0,-3.3345770403278374,1.410202133721782,2023
401636919,2024,11,Kansas,Iowa State,45.0,36.0,9.0,81.0,2.5,53.0,-2.5,1,1,1,130.0,-150.0,-0.29214882969458467,50.096715189002026,0.5172541520171186,1.0,2.2078511703054153,-2.903284810997974,2023
401635607,2024,11,Virginia Tech,Clemson,14.0,24.0,-10.0,38.0,5.5,54.5,-5.5,0,0,0,200.0,-240.0,-1.1110563532955533,52.94666738200532,0.5317157821367389,1.0,4.388943646704447,-1.553332617994677,2023
401628541,2024,11,Indiana,Michigan,20.0,15.0,5.0,35.0,-14.5,47.5,14.5,1,0,0,-650.0,450.0,17.631865061605453,50.828097635463806,0.8545791094538829,1.0,3.1318650616054526,3.3280976354638057,2023
401628414,2024,11,Ole Miss,Georgia,28.0,10.0,18.0,38.0,2.0,55.5,-2.0,1,1,0,110.0,-130.0,0.5337480459797281,64.09432487245864,0.5519428921397849,1.0,2.533748045979728,8.594324872458643,2023
401635608,2024,11,NC State,Duke,19.0,29.0,-10.0,48.0,-3.0,51.5,3.0,0,0,0,-150.0,130.0,-1.5033261513404996,49.36442165205876,0.39786183333956215,1.0,-4.5033261513405,-2.135578347941241,2023
401629045,2024,11,North Texas,Army,3.0,14.0,-11.0,17.0,6.5,68.0,-6.5,0,0,0,180.0,-220.0,-8.904395553240262,70.28687958071252,0.2432128277177969,1.0,-2.4043955532402617,2.2868795807125224,2023
401636921,2024,11,Texas Tech,Colorado,27.0,41.0,-14.0,68.0,5.0,62.0,-5.0,0,0,1,130.0,-150.0,-1.589603491755021,63.52227823358856,0.5481855089315822,1.0,3.410396508244979,1.5222782335885583,2023
401645364,2024,11,Tulane,Temple,52.0,6.0,46.0,58.0,-25.5,50.5,25.5,1,1,1,-5000.0,1300.0,25.13978117911083,55.47624696718243,0.9699751929365876,1.0,-0.3602188208891697,4.976246967182433,2023
401628418,2024,11,Vanderbilt,South Carolina,7.0,28.0,-21.0,35.0,6.0,44.5,-6.0,0,0,0,155.0,-180.0,-7.628356091063248,49.54424987715044,0.35823915966688014,1.0,-1.6283560910632477,5.044249877150442,2023
401641004,2024,11,Louisiana Tech,Jacksonville State,37.0,44.0,-7.0,81.0,10.0,55.5,-10.0,0,1,1,305.0,-410.0,-7.408525965387225,64.4550559663595,0.378780713681965,1.0,2.5914740346127747,8.955055966359495,2023
401643827,2024,11,Louisiana,Arkansas State,55.0,19.0,36.0,74.0,-14.0,60.0,14.0,1,1,1,-700.0,475.0,18.80062592795744,56.894652927382,0.9073932274731653,1.0,4.800625927957441,-3.1053470726180024,2023
401641036,2024,11,New Mexico State,Western Kentucky,28.0,41.0,-13.0,69.0,18.0,53.5,-18.0,0,1,1,600.0,-950.0,-16.54568264291015,53.402291768769054,0.24497591197188096,1.0,1.4543173570898489,-0.0977082312309463,2023
401628416,2024,11,Tennessee,Mississippi State,33.0,14.0,19.0,47.0,-26.5,61.5,26.5,1,0,0,-2800.0,1100.0,31.815963955825524,63.3449025871159,0.9682342026687136,1.0,5.315963955825524,1.8449025871158966,2023
401628543,2024,11,Oregon,Maryland,39.0,18.0,21.0,57.0,-24.0,58.0,24.0,1,0,0,-3500.0,1100.0,19.83813164418945,60.0010576374609,0.9365513510398149,1.0,-4.161868355810551,2.001057637460903,2023
401636920,2024,11,TCU,Oklahoma State,38.0,13.0,25.0,51.0,-10.5,68.5,10.5,1,1,0,-500.0,360.0,4.081589267290735,62.541487856573795,0.6807762342036087,1.0,-6.418410732709265,-5.958512143426205,2023
401636917,2024,11,Arizona State,UCF,35.0,31.0,4.0,66.0,-2.5,56.0,2.5,1,1,1,-180.0,155.0,8.692344867869382,56.88886675625911,0.7802038381759113,1.0,6.192344867869382,0.8888667562591124,2023
401628413,2024,11,LSU,Alabama,13.0,42.0,-29.0,55.0,3.0,58.5,-3.0,0,0,0,125.0,-145.0,0.06736468045116073,64.05788624167165,0.3705822530696966,1.0,3.0673646804511607,5.557886241671653,2023
401628984,2024,11,Notre Dame,Florida State,52.0,3.0,49.0,55.0,-25.5,44.0,25.5,1,1,1,-5000.0,1300.0,22.874273989778942,43.04514614827464,0.9329531748347415,1.0,-2.625726010221058,-0.9548538517253604,2023
401628415,2024,11,Missouri,Oklahoma,30.0,23.0,7.0,53.0,3.5,42.5,-3.5,1,1,1,-130.0,110.0,0.8799405917166574,43.996723425526994,0.697324400548008,1.0,4.379940591716657,1.4967234255269943,2023
401635610,2024,11,Pittsburgh,Virginia,19.0,24.0,-5.0,43.0,-7.0,58.0,7.0,0,0,0,-275.0,225.0,5.210685045005866,56.439330723298646,0.6595200620963124,1.0,-1.7893149549941336,-1.5606692767013541,2023
401628546,2024,11,Penn State,Washington,35.0,6.0,29.0,41.0,-13.5,48.0,13.5,1,1,0,-575.0,400.0,15.214093575004007,48.552969904420486,0.8855674083793996,1.0,1.7140935750040072,0.5529699044204861,2023
401643752,2024,11,Boise State,Nevada,28.0,21.0,7.0,49.0,-23.5,61.5,23.5,1,0,0,-3300.0,1100.0,26.14845953878709,62.62055446807646,0.9123288001525696,1.0,2.6484595387870904,1.1205544680764632,2023
401643753,2024,11,Hawai'i,UNLV,27.0,29.0,-2.0,56.0,12.0,51.5,-12.0,0,1,1,390.0,-550.0,-10.308062227531176,53.927463502732536,0.23915869265899026,1.0,1.6919377724688243,2.427463502732536,2023
401643751,2024,11,Air Force,Fresno State,36.0,28.0,8.0,64.0,9.5,40.5,-9.5,1,1,1,320.0,-430.0,-10.260494932985056,46.73983902417327,0.19816294896213027,1.0,-0.7604949329850559,6.239839024173271,2023
401636922,2024,11,Utah,BYU,21.0,22.0,-1.0,43.0,3.0,40.5,-3.0,0,1,1,170.0,-200.0,-2.8168251621449505,40.72307454658522,0.5205202920518643,1.0,0.1831748378550495,0.22307454658521664,2023
401643756,2024,11,Washington State,Utah State,49.0,28.0,21.0,77.0,-20.5,69.0,20.5,1,1,1,-1500.0,775.0,18.661784413432287,70.55969953571855,0.8456131889179236,1.0,-1.8382155865677134,1.5596995357185506,2023
401644764,2024,12,Bowling Green,Western Michigan,31.0,13.0,18.0,44.0,-9.5,57.5,9.5,1,1,0,-350.0,275.0,11.488947364685101,56.46906817824754,0.7452910659400205,1.0,1.9889473646851012,-1.0309318217524606,2023
401644765,2024,12,Toledo,Central Michigan,37.0,10.0,27.0,47.0,-15.0,52.0,15.0,1,1,0,-700.0,475.0,12.654030878397304,52.13546378791287,0.7038931764214481,1.0,-2.345969121602696,0.13546378791286884,2023
401644763,2024,12,Buffalo,Ball State,51.0,48.0,3.0,99.0,-3.0,55.5,3.0,1,0,1,-230.0,190.0,0.33872544493706735,60.487572611097285,0.5469778668224498,1.0,-2.6612745550629326,4.987572611097285,2023
401644689,2024,12,Miami (OH),Kent State,34.0,7.0,27.0,41.0,-30.5,47.5,30.5,1,0,0,-20000.0,2500.0,30.636762488071426,44.663586955192514,0.9593918572190564,1.0,0.136762488071426,-2.836413044807486,2023
401644766,2024,12,Northern Illinois,Akron,29.0,16.0,13.0,45.0,-14.0,43.5,14.0,1,0,1,-800.0,525.0,21.95228537292033,49.881814974042456,0.9471109065867642,1.0,7.952285372920329,6.381814974042456,2023
401644767,2024,12,Ohio,Eastern Michigan,35.0,10.0,25.0,45.0,-10.5,51.5,10.5,1,1,0,-310.0,255.0,5.375041926402147,53.008009177393276,0.613430721420368,1.0,-5.124958073597853,1.5080091773932764,2023
401645365,2024,12,Tulsa,East Carolina,31.0,38.0,-7.0,69.0,16.5,64.0,-16.5,0,1,1,450.0,-650.0,-14.893994714251058,67.4760999601245,0.1653812637853452,1.0,1.6060052857489424,3.4760999601245004,2023
401643759,2024,12,Colorado State,Wyoming,24.0,10.0,14.0,34.0,-9.0,47.0,9.0,1,1,0,-415.0,310.0,3.3767102922715493,49.9257060965426,0.7022891058087105,1.0,-5.623289707728451,2.925706096542598,2023
401645366,2024,12,UTSA,North Texas,48.0,27.0,21.0,75.0,-1.5,72.5,1.5,1,1,1,105.0,-125.0,-2.369747902137661,75.61538248642702,0.5195089155483302,1.0,-3.869747902137661,3.1153824864270234,2023
401628553,2024,12,Washington,UCLA,31.0,19.0,12.0,50.0,-5.0,47.0,5.0,1,1,1,-175.0,150.0,6.202696372480061,50.385590594845524,0.7299596725390174,1.0,1.2026963724800606,3.3855905948455245,2023
401636923,2024,12,Arizona,Houston,27.0,3.0,24.0,30.0,-1.0,46.0,1.0,1,1,0,-125.0,105.0,-2.5357163492645736,47.775107932553574,0.6024046883116394,1.0,-3.5357163492645736,1.7751079325535741,2023
401628419,2024,12,Arkansas,Texas,10.0,20.0,-10.0,30.0,12.0,57.5,-12.0,0,1,0,475.0,-700.0,-14.306792945051932,56.18128563299168,0.21103352748379675,1.0,-2.3067929450519316,-1.3187143670083188,2023
401636925,2024,12,Colorado,Utah,49.0,24.0,25.0,73.0,-13.5,43.5,13.5,1,1,1,-410.0,305.0,13.218299979601886,47.419898520412346,0.728922753914517,1.0,-0.28170002039811415,3.919898520412346,2023
401628550,2024,12,Northwestern,Ohio State,7.0,31.0,-24.0,38.0,28.5,44.5,-28.5,0,1,0,2500.0,-20000.0,-32.02567944574525,52.354316157566345,0.015468540158292198,1.0,-3.525679445745247,7.854316157566345,2023
401635582,2024,12,Pittsburgh,Clemson,20.0,24.0,-4.0,44.0,11.5,53.0,-11.5,0,1,0,305.0,-410.0,-9.77133305132923,58.68787726802105,0.34826953810056405,1.0,1.7286669486707709,5.687877268021047,2023
401629046,2024,12,Massachusetts,Liberty,34.0,35.0,-1.0,69.0,14.5,52.0,-14.5,0,1,1,430.0,-625.0,-12.210058141758106,60.159189519111834,0.17145858059625566,1.0,2.2899418582418942,8.159189519111834,2023
401645370,2024,12,Navy,Tulane,0.0,35.0,-35.0,35.0,7.0,50.0,-7.0,0,0,0,220.0,-270.0,-5.452941671560594,52.02359624683718,0.338285581954775,1.0,1.5470583284394062,2.0235962468371795,2023
401641013,2024,12,Western Kentucky,Louisiana Tech,7.0,12.0,-5.0,19.0,-12.5,52.5,12.5,0,0,0,-550.0,390.0,10.589009891040423,57.39116121226252,0.7491635106798946,1.0,-1.9109901089595773,4.891161212262517,2023
401628426,2024,12,Auburn,UL Monroe,48.0,14.0,34.0,62.0,-24.5,46.0,24.5,1,1,1,-2500.0,1000.0,26.944592568729668,48.208431800987995,0.9498316018771957,1.0,2.444592568729668,2.208431800987995,2023
401643832,2024,12,Marshall,Coastal Carolina,31.0,19.0,12.0,50.0,-7.5,57.0,7.5,1,1,0,-320.0,260.0,9.88652675327388,56.2435191163755,0.6670464640766463,1.0,2.3865267532738805,-0.7564808836244978,2023
401640986,2024,12,Jacksonville State,Florida International,34.0,31.0,3.0,65.0,-12.5,58.5,12.5,1,0,1,-625.0,430.0,17.26304384818991,60.48089521630591,0.7315909971987348,1.0,4.763043848189909,1.9808952163059104,2023
401645369,2024,12,Temple,Florida Atlantic,18.0,15.0,3.0,33.0,-2.0,50.5,2.0,1,1,0,-130.0,110.0,3.8231435728623966,49.3808703663109,0.5583586000928495,1.0,1.8231435728623966,-1.1191296336890986,2023
401628547,2024,12,Illinois,Michigan State,38.0,16.0,22.0,54.0,-2.0,48.0,2.0,1,1,1,-175.0,150.0,7.525171916814578,54.45419992416697,0.8052177645858841,1.0,5.525171916814578,6.454199924166971,2023
401635581,2024,12,California,Syracuse,25.0,33.0,-8.0,58.0,-10.0,57.0,10.0,0,0,1,-280.0,230.0,8.019957724399122,59.483311569304135,0.7367347519945169,1.0,-1.9800422756008782,2.483311569304135,2023
401643760,2024,12,Utah State,Hawai'i,55.0,10.0,45.0,65.0,2.5,62.0,-2.5,1,1,1,110.0,-130.0,-4.0776568178733115,62.59981456290527,0.44784804115616084,1.0,-1.5776568178733115,0.5998145629052729,2023
401645368,2024,12,Charlotte,South Florida,24.0,59.0,-35.0,83.0,-1.5,53.5,1.5,0,0,1,125.0,-145.0,-5.39657534159124,62.04421762248784,0.40610932797891564,1.0,-6.89657534159124,8.544217622487842,2023
401643757,2024,12,Air Force,Oregon State,28.0,0.0,28.0,28.0,2.5,44.5,-2.5,1,1,0,170.0,-200.0,0.7788975823684843,51.40007026042607,0.405408453765598,1.0,3.2788975823684843,6.9000702604260695,2023
401635580,2024,12,SMU,Boston College,38.0,28.0,10.0,66.0,-19.0,54.0,19.0,1,0,1,-750.0,500.0,17.390548385363157,52.852197203118244,0.8703004686704459,1.0,-1.6094516146368427,-1.1478027968817557,2023
401635517,2024,12,Stanford,Louisville,38.0,35.0,3.0,73.0,21.0,58.5,-21.0,1,1,1,750.0,-1400.0,-15.404892896991113,58.56174542804062,0.2574784779094357,1.0,5.595107103008887,0.06174542804062355,2023
401628420,2024,12,Florida,LSU,27.0,16.0,11.0,43.0,3.0,56.5,-3.0,1,1,0,175.0,-210.0,2.182984285750604,58.84413655031042,0.6623544893354483,1.0,5.182984285750604,2.3441365503104166,2023
401628985,2024,12,Notre Dame,Virginia,35.0,14.0,21.0,49.0,-21.5,51.0,21.5,1,0,0,-2200.0,1000.0,20.658841717328635,50.397038931777594,0.9630786633050743,1.0,-0.8411582826713655,-0.602961068222406,2023
401628552,2024,12,Purdue,Penn State,10.0,49.0,-39.0,59.0,30.0,51.5,-30.0,0,0,1,1600.0,-10000.0,-34.93177204631837,59.8388948347058,0.036234389089977524,1.0,-4.931772046318372,8.338894834705798,2023
401636929,2024,12,West Virginia,Baylor,35.0,49.0,-14.0,84.0,2.5,60.0,-2.5,0,0,1,105.0,-125.0,0.31230297871684254,62.92396971724409,0.5527207789647361,1.0,2.8123029787168425,2.9239697172440913,2023
401643830,2024,12,Georgia Southern,Troy,20.0,28.0,-8.0,48.0,-7.0,53.5,7.0,0,0,0,-310.0,255.0,3.8433682226927965,55.402470561179136,0.4836617811170441,1.0,-3.1566317773072035,1.9024705611791362,2023
401643833,2024,12,Old Dominion,James Madison,32.0,35.0,-3.0,67.0,2.5,50.5,-2.5,0,0,1,160.0,-185.0,-1.4458223689106047,55.123154760989536,0.5517322020291158,1.0,1.0541776310893953,4.623154760989536,2023
401628549,2024,12,USC,Nebraska,28.0,20.0,8.0,48.0,-6.5,50.5,6.5,1,1,0,-340.0,270.0,7.4063020638707115,53.458428614301575,0.7253339835676277,1.0,0.9063020638707115,2.9584286143015746,2023
401628423,2024,12,South Carolina,Missouri,34.0,30.0,4.0,64.0,-10.5,43.0,10.5,1,0,1,-550.0,390.0,13.586455758003419,39.8360095387383,0.7628386679440576,1.0,3.086455758003419,-3.1639904612616974,2023
401643831,2024,12,Georgia State,Arkansas State,20.0,27.0,-7.0,47.0,-3.0,59.5,3.0,0,0,0,-125.0,105.0,10.199737257047083,54.32430591995976,0.7312549096919195,1.0,7.199737257047083,-5.175694080040238,2023
401628548,2024,12,Maryland,Rutgers,17.0,31.0,-14.0,48.0,-4.5,54.5,4.5,0,0,0,-185.0,160.0,5.407958291385834,56.562112110862195,0.6534563752435654,1.0,0.9079582913858344,2.062112110862195,2023
401636927,2024,12,Kansas State,Arizona State,14.0,24.0,-10.0,38.0,-7.5,51.5,7.5,0,0,0,-340.0,270.0,6.456939664911314,55.95775263790941,0.627939278204973,1.0,-1.0430603350886862,4.457752637909408,2023
401643835,2024,12,Texas State,Southern Miss,58.0,3.0,55.0,61.0,-27.5,56.5,27.5,1,1,1,-5000.0,1300.0,28.368805528340218,56.37104268293936,0.9383725709700548,1.0,0.8688055283402178,-0.12895731706063884,2023
401643758,2024,12,San José State,Boise State,21.0,42.0,-21.0,63.0,14.0,62.5,-14.0,0,0,1,400.0,-575.0,-12.644516262806045,69.09231926318853,0.31815965111754474,1.0,1.3554837371939552,6.592319263188529,2023
401643834,2024,12,Louisiana,South Alabama,22.0,24.0,-2.0,46.0,-6.5,60.0,6.5,0,0,0,-350.0,275.0,11.402059077755215,59.358097671029356,0.7680980990453834,1.0,4.902059077755215,-0.6419023289706445,2023
401628551,2024,12,Wisconsin,Oregon,13.0,16.0,-3.0,29.0,13.5,50.5,-13.5,0,1,0,460.0,-675.0,-14.620575237612673,52.2417179963917,0.1843940313149882,1.0,-1.1205752376126732,1.7417179963916993,2023
401628421,2024,12,Georgia,Tennessee,31.0,17.0,14.0,48.0,-9.5,47.0,9.5,1,1,1,-380.0,290.0,11.151471761465436,47.84396463148167,0.7649247105867993,1.0,1.6514717614654355,0.8439646314816684,2023
401628424,2024,12,Texas A&M,New Mexico State,38.0,3.0,35.0,41.0,-39.5,54.0,39.5,1,0,0,,,46.64218908105365,49.89187194701211,0.99,1.0,7.142189081053651,-4.108128052987887,2023
401645367,2024,12,Memphis,UAB,53.0,18.0,35.0,71.0,-16.5,63.0,16.5,1,1,1,-650.0,450.0,15.378867188025165,63.38328736350476,0.9312458546655944,1.0,-1.1211328119748352,0.38328736350476333,2023
401635583,2024,12,North Carolina,Wake Forest,31.0,24.0,7.0,55.0,-10.0,64.0,10.0,1,0,0,-450.0,335.0,9.144742283881644,54.4586609262038,0.7543326163902558,1.0,-0.8552577161183557,-9.541339073796202,2023
401636926,2024,12,Iowa State,Cincinnati,34.0,17.0,17.0,51.0,-7.0,52.5,7.0,1,1,0,-370.0,285.0,4.383325572395074,52.934571804878104,0.6646406567689662,1.0,-2.6166744276049263,0.43457180487810376,2023
401643761,2024,12,New Mexico,Washington State,38.0,35.0,3.0,73.0,10.5,72.0,-10.5,1,1,1,375.0,-525.0,-7.536100066621113,69.86181189915727,0.23011882945730205,1.0,2.9638999333788867,-2.1381881008427257,2023
401636924,2024,12,BYU,Kansas,13.0,17.0,-4.0,30.0,-2.0,56.5,2.0,0,0,0,-170.0,145.0,10.453923997326779,57.22003169520434,0.7393329965100218,1.0,8.453923997326779,0.7200316952043408,2023
401643762,2024,12,UNLV,San Diego State,41.0,20.0,21.0,61.0,-21.5,55.0,21.5,1,0,1,-1500.0,775.0,19.75733487721187,54.82238856383813,0.8483812604579282,1.0,-1.7426651227881287,-0.17761143616186814,2023
401644769,2024,13,Kent State,Akron,17.0,38.0,-21.0,55.0,10.5,49.0,-10.5,0,0,1,290.0,-380.0,-12.19120705477335,47.4547208909767,0.2887386748245016,1.0,-1.6912070547733506,-1.5452791090232978,2023
401644770,2024,13,Central Michigan,Western Michigan,16.0,14.0,2.0,30.0,6.0,56.0,-6.0,1,1,0,210.0,-250.0,-9.725028371089397,62.54239713108336,0.3949632825095041,1.0,-3.7250283710893974,6.542397131083362,2023
401644690,2024,13,Miami (OH),Northern Illinois,20.0,9.0,11.0,29.0,-1.5,43.0,1.5,1,1,0,-145.0,125.0,4.837822151313482,43.09680798446396,0.7067632002577344,1.0,3.337822151313482,0.09680798446395755,2023
401644772,2024,13,Eastern Michigan,Buffalo,20.0,37.0,-17.0,57.0,-1.0,51.0,1.0,0,0,1,-140.0,120.0,2.6542733232179785,55.78765397391239,0.5999609978828699,1.0,1.6542733232179785,4.787653973912391,2023
401644773,2024,13,Toledo,Ohio,7.0,24.0,-17.0,31.0,-1.5,45.0,1.5,0,0,0,-130.0,110.0,2.8078601251577027,46.970966568073216,0.5683705834084816,1.0,1.3078601251577027,1.9709665680732158,2023
401634772,2024,13,Georgia Tech,NC State,30.0,29.0,1.0,59.0,-8.5,51.0,8.5,1,0,1,-350.0,275.0,13.965577065041249,56.80031236046605,0.8097785607698428,1.0,5.4655770650412485,5.800312360466052,2023
401645374,2024,13,UTSA,Temple,51.0,27.0,24.0,78.0,-16.5,56.0,16.5,1,1,1,-850.0,550.0,14.369589098805246,60.2029608584049,0.9139062601672756,1.0,-2.130410901194754,4.2029608584049,2023
401628558,2024,13,Michigan State,Purdue,24.0,17.0,7.0,41.0,-14.0,48.0,14.0,1,0,0,-585.0,410.0,13.824950355059165,52.391375269362634,0.7308798235964289,1.0,-0.17504964494083453,4.391375269362634,2023
401643767,2024,13,San José State,UNLV,16.0,27.0,-11.0,43.0,7.5,60.0,-7.5,0,0,0,255.0,-310.0,-7.141129102971356,61.537468029752226,0.28063214426779115,1.0,0.35887089702864383,1.537468029752226,2023
401628554,2024,13,Rutgers,Illinois,31.0,38.0,-7.0,69.0,-2.0,48.0,2.0,0,0,1,100.0,-120.0,2.547363968951553,52.90022539240755,0.5260602606614873,1.0,0.547363968951553,4.900225392407549,2023
401628555,2024,13,Ohio State,Indiana,38.0,15.0,23.0,53.0,-10.5,52.5,10.5,1,1,1,-510.0,370.0,14.218980215596272,60.54295141938681,0.8881363372760247,1.0,3.7189802155962717,8.04295141938681,2023
401628556,2024,13,Maryland,Iowa,13.0,29.0,-16.0,42.0,4.0,42.0,-4.0,0,0,0,200.0,-240.0,-2.7703119930207927,46.50628688489786,0.35593928620795284,1.0,1.2296880069792073,4.506286884897861,2023
401628429,2024,13,Florida,Ole Miss,24.0,17.0,7.0,41.0,12.5,55.5,-12.5,1,1,0,310.0,-415.0,-14.280610751171144,56.3513664710798,0.2428948565173981,1.0,-1.7806107511711442,0.8513664710797997,2023
401635518,2024,13,Syracuse,UConn,31.0,24.0,7.0,55.0,-10.0,54.5,10.0,1,0,1,-430.0,320.0,15.521478174592904,54.75256128067066,0.7850240655399716,1.0,5.521478174592904,0.25256128067066186,2023
401635612,2024,13,Boston College,North Carolina,41.0,21.0,20.0,62.0,3.0,51.0,-3.0,1,1,1,130.0,-150.0,-1.7769297388770484,55.709787040081885,0.5580731513270416,1.0,1.2230702611229516,4.709787040081885,2023
401635618,2024,13,Miami,Wake Forest,42.0,14.0,28.0,56.0,-23.5,67.5,23.5,1,1,0,-3500.0,1100.0,20.81657901256456,63.2989923173918,0.9368071463361143,1.0,-2.68342098743544,-4.2010076826082,2023
401635619,2024,13,Virginia,SMU,7.0,33.0,-26.0,40.0,10.5,54.5,-10.5,0,0,0,275.0,-350.0,-11.209117279461239,56.81945358072211,0.3291927861864518,1.0,-0.709117279461239,2.3194535807221115,2023
401641005,2024,13,Jacksonville State,Sam Houston,21.0,11.0,10.0,32.0,-5.0,57.0,5.0,1,1,0,-225.0,185.0,3.6601466062080137,61.040628746828865,0.6520036591181294,1.0,-1.3398533937919863,4.040628746828865,2023
401628430,2024,13,Georgia,Massachusetts,59.0,21.0,38.0,80.0,-42.0,55.5,42.0,1,0,1,,,42.05892012363614,58.32822967577266,0.99,1.0,0.05892012363614185,2.8282296757726613,2023
401628435,2024,13,Tennessee,UTEP,56.0,0.0,56.0,56.0,-41.5,53.0,41.5,1,1,1,,,44.50219666399051,57.28807854238734,0.9667089255532634,1.0,3.00219666399051,4.288078542387339,2023
401640996,2024,13,Liberty,Western Kentucky,38.0,21.0,17.0,59.0,-1.0,55.5,1.0,1,1,1,-120.0,100.0,4.964653804603801,57.72455948677269,0.6140440729770019,1.0,3.9646538046038007,2.2245594867726908,2023
401644774,2024,13,Ball State,Bowling Green,13.0,38.0,-25.0,51.0,12.5,54.5,-12.5,0,0,0,355.0,-490.0,-14.615523779351346,57.42605422223638,0.14298197321597167,1.0,-2.1155237793513457,2.926054222236381,2023
401645373,2024,13,UAB,Rice,40.0,14.0,26.0,54.0,7.0,52.0,-7.0,1,1,1,205.0,-245.0,-8.678466052313144,56.66514976973971,0.4616985604896918,1.0,-1.6784660523131443,4.665149769739713,2023
401643836,2024,13,App State,James Madison,34.0,20.0,14.0,54.0,7.0,57.5,-7.0,1,1,0,225.0,-275.0,-5.85809206665257,61.52980621919224,0.3829005119967517,1.0,1.1419079333474302,4.029806219192238,2023
401641027,2024,13,Middle Tennessee,New Mexico State,21.0,36.0,-15.0,57.0,-3.0,53.0,3.0,0,0,1,-170.0,145.0,2.0120946610244426,50.0340627187887,0.8235042368945207,1.0,-0.9879053389755574,-2.9659372812113034,2023
401643841,2024,13,Southern Miss,South Alabama,14.0,35.0,-21.0,49.0,24.0,54.0,-24.0,0,1,0,950.0,-2000.0,-28.045017633323358,56.72583305231735,0.046260416734227094,1.0,-4.045017633323358,2.7258330523173484,2023
401645371,2024,13,Florida Atlantic,Charlotte,27.0,39.0,-12.0,66.0,3.0,49.5,-3.0,0,0,1,120.0,-140.0,-7.619115597020554,52.34561138704006,0.38157554061566185,1.0,-4.619115597020554,2.8456113870400586,2023
401643839,2024,13,Arkansas State,UL Monroe,28.0,21.0,7.0,49.0,-3.0,51.5,3.0,1,1,0,-125.0,105.0,-1.0373870316762215,53.911597240788595,0.5133715755729151,1.0,-4.0373870316762215,2.411597240788595,2023
401636935,2024,13,TCU,Arizona,49.0,28.0,21.0,77.0,-11.0,60.0,11.0,1,1,1,-470.0,345.0,6.768729504168421,61.59889387447304,0.7176008398129075,1.0,-4.231270495831579,1.5988938744730419,2023
401636937,2024,13,West Virginia,UCF,31.0,21.0,10.0,52.0,3.0,60.5,-3.0,1,1,0,130.0,-150.0,-0.48768153102477774,60.21656210711795,0.48029749519877696,1.0,2.5123184689752223,-0.28343789288204846,2023
401636930,2024,13,Arizona State,BYU,28.0,23.0,5.0,51.0,-3.5,48.5,3.5,1,1,1,-170.0,145.0,2.0769744172466442,49.30051938832365,0.6248795671590768,1.0,-1.4230255827533558,0.8005193883236501,2023
401643766,2024,13,Utah State,San Diego State,41.0,20.0,21.0,61.0,-5.0,60.0,5.0,1,1,1,-195.0,165.0,0.47763391785592013,64.79014032023254,0.5248827611551844,1.0,-4.52236608214408,4.790140320232538,2023
401628436,2024,13,Texas,Kentucky,31.0,14.0,17.0,45.0,-19.0,47.0,19.0,1,0,0,-1600.0,800.0,21.4246179802068,47.10596345013578,0.9401343160238113,1.0,2.4246179802068006,0.10596345013578201,2023
401628557,2024,13,Michigan,Northwestern,50.0,6.0,44.0,56.0,-10.5,35.0,10.5,1,1,1,-450.0,335.0,10.00537204960106,35.01230547047113,0.9060496695663374,1.0,-0.4946279503989395,0.012305470471126512,2023
401628559,2024,13,Minnesota,Penn State,25.0,26.0,-1.0,51.0,11.0,45.0,-11.0,0,1,1,340.0,-460.0,-10.766391050461063,46.21199067853225,0.23267724406743384,1.0,0.23360894953893663,1.2119906785322527,2023
401628560,2024,13,Nebraska,Wisconsin,44.0,25.0,19.0,69.0,-1.0,40.5,1.0,1,1,1,-135.0,115.0,2.111436797783919,51.142951754004756,0.6215446331347987,1.0,1.1114367977839188,10.642951754004756,2023
401645372,2024,13,North Texas,East Carolina,28.0,40.0,-12.0,68.0,-2.5,73.5,2.5,0,0,0,-145.0,125.0,5.714148884261958,76.23925462993981,0.4221236876478368,1.0,3.2141488842619577,2.7392546299398077,2023
401645375,2024,13,South Florida,Tulsa,63.0,30.0,33.0,93.0,-17.0,60.0,17.0,1,1,1,-950.0,600.0,12.938280019613227,52.58530323836383,0.8795300184541797,1.0,-4.061719980386773,-7.414696761636172,2023
401635613,2024,13,California,Stanford,24.0,21.0,3.0,45.0,-14.5,53.5,14.5,1,0,0,-675.0,460.0,14.662283852186013,56.38369901367888,0.9245445689199897,1.0,0.16228385218601282,2.8836990136788785,2023
401643837,2024,13,Coastal Carolina,Georgia Southern,6.0,26.0,-20.0,32.0,-2.0,59.0,2.0,0,0,0,-130.0,110.0,-4.824569701226358,60.63043272964618,0.4318679230743123,1.0,-6.824569701226358,1.6304327296461807,2023
401636934,2024,13,Oklahoma State,Texas Tech,48.0,56.0,-8.0,104.0,5.0,64.5,-5.0,0,0,1,140.0,-165.0,-3.861413485912343,66.85762455368847,0.5361678523446627,1.0,1.138586514087657,2.357624553688467,2023
401636932,2024,13,Kansas,Colorado,37.0,21.0,16.0,58.0,2.5,59.0,-2.5,1,1,0,125.0,-145.0,-0.8309388748971727,69.22517019151172,0.5071348189247437,1.0,1.6690611251028273,10.225170191511722,2023
401628427,2024,13,Arkansas,Louisiana Tech,35.0,14.0,21.0,49.0,-23.5,48.5,23.5,1,0,1,-1900.0,900.0,25.696771321550223,52.11321030203006,0.9689386213219473,1.0,2.196771321550223,3.613210302030062,2023
401635617,2024,13,Louisville,Pittsburgh,37.0,9.0,28.0,46.0,-7.5,57.5,7.5,1,1,0,-330.0,265.0,7.768615985748518,61.05588703163157,0.705384816226155,1.0,0.26861598574851797,3.5558870316315705,2023
401628432,2024,13,Mississippi State,Missouri,20.0,39.0,-19.0,59.0,9.5,57.5,-9.5,0,0,1,250.0,-300.0,-9.194597946870505,58.98190225417041,0.2192715779055152,1.0,0.30540205312949453,1.4819022541704072,2023
401643840,2024,13,Louisiana,Troy,51.0,30.0,21.0,81.0,-7.5,51.5,7.5,1,1,1,-400.0,300.0,11.586195024802826,47.38134118458111,0.8320546912491744,1.0,4.0861950248028265,-4.11865881541889,2023
401643842,2024,13,Texas State,Georgia State,44.0,52.0,-8.0,96.0,-23.0,59.5,23.0,0,0,1,-1400.0,750.0,24.41903349720394,61.07332770915391,0.8527801381079669,1.0,1.419033497203941,1.573327709153908,2023
401636931,2024,13,Houston,Baylor,10.0,20.0,-10.0,30.0,7.0,51.0,-7.0,0,0,0,260.0,-320.0,-10.758680041074408,47.6538072745607,0.3704370188311407,1.0,-3.758680041074408,-3.346192725439302,2023
401640959,2024,13,Notre Dame,Army,49.0,14.0,35.0,63.0,-14.5,44.5,14.5,1,1,1,-750.0,500.0,19.06227166768864,43.39327006270453,0.944263532813298,1.0,4.562271667688641,-1.1067299372954693,2023
401628572,2024,13,Oregon State,Washington State,41.0,38.0,3.0,79.0,11.0,56.5,-11.0,1,1,1,360.0,-500.0,-10.015131202840802,60.15937894527923,0.26670649066568874,1.0,0.9848687971591978,3.6593789452792294,2023
401643764,2024,13,Wyoming,Boise State,13.0,17.0,-4.0,30.0,22.0,54.0,-22.0,0,1,0,950.0,-2000.0,-18.838035744311888,57.24060450267614,0.13561682891905974,1.0,3.161964255688112,3.240604502676142,2023
401628428,2024,13,Auburn,Texas A&M,43.0,41.0,2.0,84.0,2.5,47.0,-2.5,1,1,1,,-130.0,4.47912871090242,44.57599808984712,0.5654598703307895,1.0,6.97912871090242,-2.4240019101528816,2023
401643838,2024,13,Old Dominion,Marshall,35.0,42.0,-7.0,77.0,-3.0,51.5,3.0,0,0,1,-125.0,105.0,2.3207958865548335,53.928303750993024,0.4450972559357539,1.0,-0.6792041134451665,2.428303750993024,2023
401628433,2024,13,Oklahoma,Alabama,24.0,3.0,21.0,27.0,13.5,46.5,-13.5,1,1,0,410.0,-585.0,-9.118031782555171,44.123863647507626,0.20000576589504854,1.0,4.381968217444829,-2.3761363524923738,2023
401636936,2024,13,Utah,Iowa State,28.0,31.0,-3.0,59.0,6.5,42.5,-6.5,0,1,1,235.0,-285.0,-8.84154032355589,42.72885782088217,0.30862934092099287,1.0,-2.34154032355589,0.228857820882169,2023
401628431,2024,13,LSU,Vanderbilt,24.0,17.0,7.0,41.0,-9.5,52.5,9.5,1,0,0,-320.0,260.0,6.87892298756729,57.00049416106517,0.7637895939623762,1.0,-2.6210770124327096,4.50049416106517,2023
401635615,2024,13,Duke,Virginia Tech,31.0,28.0,3.0,59.0,2.5,46.0,-2.5,1,1,1,135.0,-160.0,-4.537365153505387,51.3437317118608,0.443645837724687,1.0,-2.0373651535053874,5.343731711860798,2023
401636933,2024,13,Kansas State,Cincinnati,41.0,15.0,26.0,56.0,-7.5,54.5,7.5,1,1,1,-330.0,265.0,9.131377853123343,55.75284808920139,0.8206706350245584,1.0,1.6313778531233432,1.2528480892013931,2023
401643765,2024,13,Fresno State,Colorado State,28.0,22.0,6.0,50.0,-3.0,43.5,3.0,1,1,1,-170.0,145.0,0.023522244821633898,48.98904598361476,0.6194967124293084,1.0,-2.976477755178366,5.4890459836147585,2023
401628561,2024,13,UCLA,USC,13.0,19.0,-6.0,32.0,4.5,52.5,-4.5,0,0,0,155.0,-180.0,-6.684753559973566,52.305309330174055,0.216574553534249,1.0,-2.184753559973566,-0.1946906698259454,2023
401643763,2024,13,Nevada,Air Force,19.0,22.0,-3.0,41.0,-2.5,45.0,2.5,0,0,0,-175.0,150.0,3.2545093562174343,48.45928625231388,0.6606939821476977,1.0,0.7545093562174343,3.4592862523138805,2023
401644776,2024,14,Buffalo,Kent State,43.0,7.0,36.0,50.0,-24.0,50.0,24.0,1,1,0,-1800.0,850.0,23.82381142449391,51.497977670397574,0.9360355608926557,1.0,-0.1761885755060888,1.4979776703975745,2023
401644775,2024,14,Akron,Toledo,21.0,14.0,7.0,35.0,9.5,49.0,-9.5,1,1,0,260.0,-320.0,-13.370468331671525,50.749158170576045,0.11490355421690793,1.0,-3.8704683316715247,1.7491581705760453,2023
401645376,2024,14,Tulane,Memphis,24.0,34.0,-10.0,58.0,-13.5,54.0,13.5,0,0,1,-650.0,450.0,13.84706079060764,59.94380213625051,0.6996786145603745,1.0,0.3470607906076406,5.943802136250511,2023
401644691,2024,14,Bowling Green,Miami (OH),12.0,28.0,-16.0,40.0,-2.5,39.0,2.5,0,0,1,-140.0,120.0,3.9738554845934884,39.82720696702386,0.4982066520438754,1.0,1.4738554845934884,0.8272069670238622,2023
401644777,2024,14,Ohio,Ball State,42.0,21.0,21.0,63.0,-17.5,52.5,17.5,1,1,1,-700.0,475.0,16.415484671601533,52.968618345007975,0.8321335094786224,1.0,-1.0845153283984672,0.4686183450079753,2023
401645379,2024,14,East Carolina,Navy,20.0,34.0,-14.0,54.0,-2.5,54.0,2.5,0,0,0,-105.0,-115.0,-1.9796498943162844,53.13738771431716,0.5348873981218277,1.0,-4.479649894316284,-0.8626122856828431,2023
401643769,2024,14,Boise State,Oregon State,34.0,18.0,16.0,52.0,-18.0,57.5,18.0,1,0,0,-1400.0,750.0,20.34322185379296,60.22482017983974,0.9156337798611733,1.0,2.3432218537929614,2.724820179839739,2023
401628568,2024,14,Wisconsin,Minnesota,7.0,24.0,-17.0,31.0,1.0,41.0,-1.0,0,0,0,-125.0,105.0,-9.317978453841935,45.08219577337627,0.48300747093082447,1.0,-8.317978453841935,4.08219577337627,2023
401636938,2024,14,Colorado,Oklahoma State,52.0,0.0,52.0,52.0,-16.5,66.0,16.5,1,1,0,-850.0,550.0,21.825197424685545,57.872754597734584,0.8789683117502214,1.0,5.325197424685545,-8.127245402265416,2023
401628442,2024,14,Ole Miss,Mississippi State,26.0,14.0,12.0,40.0,-26.0,62.0,26.0,1,0,0,-5000.0,1300.0,30.8237651392178,66.42941623678534,0.9584195599455677,1.0,4.823765139217802,4.429416236785343,2023
401643770,2024,14,Colorado State,Utah State,42.0,37.0,5.0,79.0,-5.5,58.5,5.5,1,0,1,-230.0,190.0,7.773843367672111,61.32739180260218,0.7697368116102115,1.0,2.273843367672111,2.827391802602179,2023
401643843,2024,14,South Alabama,Texas State,38.0,45.0,-7.0,83.0,1.5,61.0,-1.5,0,0,1,-110.0,-110.0,0.7345045004931823,62.25243252454157,0.6158926823324282,1.0,2.2345045004931823,1.2524325245415682,2023
401640997,2024,14,Sam Houston,Liberty,20.0,18.0,2.0,38.0,2.0,47.5,-2.0,1,1,0,115.0,-135.0,5.477433276788192,50.7271229805154,0.5913904197719921,1.0,7.477433276788192,3.2271229805153965,2023
401635625,2024,14,San José State,Stanford,34.0,31.0,3.0,65.0,-2.5,54.5,2.5,1,1,1,-135.0,115.0,-1.3804448115057175,56.49368020182747,0.5158357335706394,1.0,-3.8804448115057175,1.9936802018274733,2023
401628562,2024,14,Iowa,Nebraska,13.0,10.0,3.0,23.0,-3.0,41.0,3.0,1,0,0,-220.0,180.0,4.550485995122913,49.96846992053077,0.7458141028033418,1.0,1.550485995122913,8.968469920530772,2023
401628439,2024,14,Georgia,Georgia Tech,44.0,42.0,2.0,86.0,-17.5,49.5,17.5,1,0,1,-1300.0,725.0,15.066150669508403,50.44934120806347,0.9131561453567115,1.0,-2.433849330491597,0.9493412080634727,2023
401636939,2024,14,UCF,Utah,14.0,28.0,-14.0,42.0,-10.0,46.5,10.0,0,0,0,-350.0,275.0,10.156574264775031,44.187787310721966,0.6734607105030339,1.0,0.15657426477503122,-2.3122126892780344,2023
401628444,2024,14,Clemson,South Carolina,14.0,17.0,-3.0,31.0,-2.5,49.0,2.5,0,0,0,-135.0,115.0,1.4345657856301,50.78035179517207,0.6450076842320059,1.0,-1.0654342143699,1.7803517951720735,2023
401628440,2024,14,Kentucky,Louisville,14.0,41.0,-27.0,55.0,4.0,49.5,-4.0,0,0,1,150.0,-175.0,-1.5865819838010835,48.91829177082178,0.46970707807697093,1.0,2.4134180161989165,-0.5817082291782185,2023
401628446,2024,14,Vanderbilt,Tennessee,23.0,36.0,-13.0,59.0,10.5,47.0,-10.5,0,0,1,320.0,-430.0,-15.450457951752638,50.9155859582403,0.08868638792746301,1.0,-4.950457951752638,3.9155859582402996,2023
401645381,2024,14,Temple,North Texas,17.0,24.0,-7.0,41.0,11.0,63.5,-11.0,0,1,0,335.0,-450.0,-18.623794823646147,76.02555108325944,0.12949982682686165,1.0,-7.623794823646147,12.525551083259444,2023
401628563,2024,14,Northwestern,Illinois,28.0,38.0,-10.0,66.0,9.0,43.5,-9.0,0,0,1,240.0,-290.0,-14.369271719169905,42.86581217209483,0.11983237648677936,1.0,-5.369271719169905,-0.6341878279051727,2023
401628566,2024,14,Ohio State,Michigan,10.0,13.0,-3.0,23.0,-20.0,42.0,20.0,0,0,0,-1500.0,775.0,25.250766113520665,43.81670818286642,0.9031682367701772,1.0,5.250766113520665,1.8167081828664209,2023
401629038,2024,14,Massachusetts,UConn,42.0,47.0,-5.0,89.0,10.5,49.5,-10.5,0,1,1,305.0,-410.0,-18.074437844879462,47.99246899082172,0.14188554323352548,1.0,-7.574437844879462,-1.5075310091782796,2023
401635622,2024,14,Wake Forest,Duke,17.0,23.0,-6.0,40.0,3.5,53.0,-3.5,0,0,0,160.0,-185.0,-8.89087398649324,58.41478233428513,0.11498593746573701,1.0,-5.39087398649324,5.414782334285128,2023
401636941,2024,14,Baylor,Kansas,45.0,17.0,28.0,62.0,-1.0,62.0,1.0,1,1,0,-120.0,100.0,5.216557264521463,66.16948927747497,0.6029670603673147,1.0,4.216557264521463,4.169489277474966,2023
401643848,2024,14,UL Monroe,Louisiana,23.0,37.0,-14.0,60.0,10.0,49.5,-10.0,0,0,1,285.0,-370.0,-11.560257213737438,53.3332472722625,0.07818489795536701,1.0,-1.5602572137374384,3.833247272262497,2023
401636945,2024,14,Texas Tech,West Virginia,52.0,15.0,37.0,67.0,-3.0,64.5,3.0,1,1,1,-170.0,145.0,1.1571892097842327,63.98744365015796,0.6357792085897627,1.0,-1.8428107902157673,-0.5125563498420433,2023
401645378,2024,14,Army,UTSA,29.0,24.0,5.0,53.0,-6.5,53.0,6.5,1,0,0,-310.0,255.0,9.759535918366252,54.80305416101269,0.7663021146251221,1.0,3.259535918366252,1.803054161012689,2023
401644780,2024,14,Western Michigan,Eastern Michigan,26.0,18.0,8.0,44.0,-6.5,55.5,6.5,1,1,0,-250.0,210.0,12.374266369916766,58.002445611655595,0.8169829057340215,1.0,5.874266369916766,2.5024456116555953,2023
401643845,2024,14,Georgia State,Coastal Carolina,27.0,48.0,-21.0,75.0,1.0,54.0,-1.0,0,0,1,100.0,-120.0,-6.7761125649531655,57.67810853428092,0.3787321230369963,1.0,-5.7761125649531655,3.6781085342809234,2023
401645382,2024,14,Rice,South Florida,35.0,28.0,7.0,63.0,6.0,54.0,-6.0,1,1,1,170.0,-200.0,-8.041540506318741,58.978773196852806,0.27435782952559673,1.0,-2.041540506318741,4.978773196852806,2023
401640988,2024,14,Florida International,Middle Tennessee,35.0,24.0,11.0,59.0,-8.0,51.0,8.0,1,1,1,-350.0,275.0,8.109264708064718,49.862278994040054,0.6236580954861595,1.0,0.10926470806471755,-1.1377210059599463,2023
401643849,2024,14,Troy,Southern Miss,52.0,20.0,32.0,72.0,-17.5,49.0,17.5,1,1,1,-950.0,600.0,14.467405329925453,50.674412631904985,0.7852672010477169,1.0,-3.0325946700745465,1.6744126319049855,2023
401635620,2024,14,Boston College,Pittsburgh,34.0,23.0,11.0,57.0,-3.5,51.0,3.5,1,1,1,-195.0,165.0,3.1070930135180466,55.20322363474491,0.610904486949648,1.0,-0.39290698648195344,4.203223634744909,2023
401643847,2024,14,Arkansas State,Old Dominion,32.0,40.0,-8.0,72.0,5.5,58.5,-5.5,0,0,1,160.0,-185.0,-2.004659893814004,58.56519966789728,0.5317678614928947,1.0,3.495340106185996,0.06519966789728215,2023
401628437,2024,14,Alabama,Auburn,28.0,14.0,14.0,42.0,-11.0,51.0,11.0,1,1,0,-480.0,350.0,5.985429206908957,52.20850541396847,0.8398834633083432,1.0,-5.014570793091043,1.2085054139684672,2023
401645377,2024,14,Charlotte,UAB,29.0,27.0,2.0,56.0,-1.0,60.0,1.0,1,1,0,-160.0,135.0,-4.1405191076294985,64.79476570547384,0.441944778946723,1.0,-5.1405191076294985,4.794765705473836,2023
401644779,2024,14,Northern Illinois,Central Michigan,24.0,16.0,8.0,40.0,-13.5,40.0,13.5,1,0,0,-525.0,375.0,16.63778081039193,41.4544963078243,0.8524560678558681,1.0,3.1377808103919307,1.4544963078243,2023
401628565,2024,14,Penn State,Maryland,44.0,7.0,37.0,51.0,-25.5,50.0,25.5,1,1,1,-3300.0,1100.0,31.47562660195276,56.94102248715353,0.9754123176330054,1.0,5.9756266019527615,6.941022487153532,2023
401645380,2024,14,Tulsa,Florida Atlantic,16.0,63.0,-47.0,79.0,-1.0,57.5,1.0,0,0,1,100.0,-120.0,4.213587667065939,60.7635393961986,0.5330460684430002,1.0,3.213587667065939,3.2635393961986026,2023
401635624,2024,14,North Carolina,NC State,30.0,35.0,-5.0,65.0,-2.0,53.5,2.0,0,0,1,-175.0,150.0,2.149914584204537,52.88897694087281,0.5130755532263745,1.0,0.14991458420453707,-0.6110230591271915,2023
401628443,2024,14,Missouri,Arkansas,28.0,21.0,7.0,49.0,-3.0,51.0,3.0,1,1,0,-175.0,150.0,4.358421410518057,55.02792542175072,0.7174347039554629,1.0,1.3584214105180568,4.027925421750723,2023
401628567,2024,14,Michigan State,Rutgers,14.0,41.0,-27.0,55.0,-1.5,46.5,1.5,0,0,1,-115.0,-105.0,-5.551638887408149,51.92892212343618,0.28095706393395964,1.0,-7.051638887408149,5.42892212343618,2023
401628570,2024,14,UCLA,Fresno State,20.0,13.0,7.0,33.0,-7.5,46.5,7.5,1,0,0,-370.0,285.0,6.5263286767495705,45.14080473337108,0.5742000974701252,1.0,-0.9736713232504295,-1.359195266628923,2023
401628571,2024,14,USC,Notre Dame,35.0,49.0,-14.0,84.0,7.0,52.5,-7.0,0,0,1,235.0,-285.0,-6.3339289360907705,53.23401816057324,0.27626318464743543,1.0,0.6660710639092295,0.7340181605732425,2023
401635621,2024,14,SMU,California,38.0,6.0,32.0,44.0,-12.5,54.5,12.5,1,1,0,-600.0,425.0,11.559141537075073,49.415113618330594,0.8569067233678079,1.0,-0.9408584629249273,-5.084886381669406,2023
401636940,2024,14,Arizona,Arizona State,7.0,49.0,-42.0,56.0,7.5,53.5,-7.5,0,0,1,270.0,-340.0,-14.190578059427391,49.165785541384935,0.2930204640963407,1.0,-6.690578059427391,-4.334214458615065,2023
401635623,2024,14,Syracuse,Miami,42.0,38.0,4.0,80.0,12.0,68.0,-12.0,1,1,1,335.0,-450.0,-11.716269161851779,67.14040767279796,0.22306146602641483,1.0,0.2837308381482213,-0.8595923272020372,2023
401641006,2024,14,Western Kentucky,Jacksonville State,19.0,17.0,2.0,36.0,1.0,62.5,-1.0,1,1,0,-120.0,100.0,1.1906258699453227,67.3088675815562,0.49683065620432687,1.0,2.1906258699453227,4.8088675815562,2023
401641031,2024,14,New Mexico State,UTEP,35.0,42.0,-7.0,77.0,-3.0,51.5,3.0,0,0,1,-140.0,120.0,3.284817011051965,52.39161949422802,0.43413334060956743,1.0,0.284817011051965,0.8916194942280171,2023
401643844,2024,14,Georgia Southern,App State,29.0,20.0,9.0,49.0,-2.5,60.5,2.5,1,1,0,-135.0,115.0,-0.9605580882284208,65.93625477402615,0.4972327533735571,1.0,-3.460558088228421,5.436254774026153,2023
401636943,2024,14,Cincinnati,TCU,13.0,20.0,-7.0,33.0,2.5,58.5,-2.5,0,0,0,125.0,-145.0,-4.644536758478264,56.90466357687698,0.39316852875138353,1.0,-2.1445367584782637,-1.5953364231230225,2023
401643773,2024,14,Washington State,Wyoming,14.0,15.0,-1.0,29.0,-18.5,55.0,18.5,0,0,0,-900.0,575.0,17.399548962494077,58.785668027171276,0.8671422536721393,1.0,-1.1004510375059233,3.785668027171276,2023
401628441,2024,14,LSU,Oklahoma,37.0,17.0,20.0,54.0,-6.0,48.0,6.0,1,1,1,-220.0,180.0,4.2817875442389175,50.11210011374266,0.5102643264685658,1.0,-1.7182124557610825,2.112100113742663,2023
401628564,2024,14,Indiana,Purdue,66.0,0.0,66.0,66.0,-29.0,56.5,29.0,1,1,1,-10000.0,1600.0,28.80683857264783,60.59658141614495,0.9617104926075528,1.0,-0.19316142735216957,4.09658141614495,2023
401628438,2024,14,Florida State,Florida,11.0,31.0,-20.0,42.0,17.0,46.0,-17.0,0,0,0,475.0,-700.0,-25.702486414285204,47.421291298677446,0.18965178174500055,1.0,-8.702486414285204,1.4212912986774455,2023
401628445,2024,14,Texas A&M,Texas,7.0,17.0,-10.0,24.0,4.5,50.0,-4.5,0,0,0,175.0,-210.0,-7.477276242713792,48.31927757038104,0.29641355453292506,1.0,-2.977276242713792,-1.6807224296189602,2023
401628569,2024,14,Oregon,Washington,49.0,21.0,28.0,70.0,-17.5,51.0,17.5,1,1,1,-1100.0,650.0,16.638485467164447,49.9569927183603,0.9444866210685765,1.0,-0.8615145328355531,-1.043007281639703,2023
401636944,2024,14,Iowa State,Kansas State,29.0,21.0,8.0,50.0,-1.5,52.0,1.5,1,1,0,-150.0,130.0,3.521644244778246,57.48750693344231,0.6668116913254295,1.0,2.021644244778246,5.487506933442312,2023
401635640,2024,14,Virginia Tech,Virginia,37.0,17.0,20.0,54.0,-4.5,44.5,4.5,1,1,1,-300.0,250.0,4.700983736142435,46.64492308448442,0.7451123959483861,1.0,0.20098373614243492,2.144923084484418,2023
401643772,2024,14,UNLV,Nevada,38.0,14.0,24.0,52.0,-17.5,55.0,17.5,1,1,0,-1000.0,625.0,21.666367511737956,55.10660485971903,0.8649319613857598,1.0,4.166367511737956,0.10660485971902744,2023
401643846,2024,14,James Madison,Marshall,33.0,35.0,-2.0,68.0,-3.5,52.0,3.5,0,0,1,-175.0,150.0,3.8306286426512526,55.65924344658689,0.46396519559559457,1.0,0.3306286426512526,3.659243446586892,2023
401636942,2024,14,BYU,Houston,30.0,18.0,12.0,48.0,-12.0,40.5,12.0,1,0,1,-500.0,360.0,12.40247453175956,44.429401650357725,0.7487265674896606,1.0,0.4024745317595606,3.9294016503577254,2023
401643768,2024,14,San Diego State,Air Force,20.0,31.0,-11.0,51.0,5.5,43.5,-5.5,0,0,1,145.0,-170.0,-7.7302344905858185,46.29682862120886,0.45128175704818074,1.0,-2.2302344905858185,2.79682862120886,2023
401643771,2024,14,Hawai'i,New Mexico,38.0,30.0,8.0,68.0,4.0,62.5,-4.0,1,1,1,110.0,-130.0,1.1392635642568694,58.702467260811964,0.6493015597686854,1.0,5.139263564256869,-3.7975327391880356,2023
401673466,2024,15,Jacksonville State,Western Kentucky,52.0,12.0,40.0,64.0,-4.0,58.0,4.0,1,1,1,-160.0,135.0,-2.4769327427888603,62.85461883669511,0.5202628720736078,1.0,-6.47693274278886,4.85461883669511,2023
401673468,2024,15,Boise State,UNLV,21.0,7.0,14.0,28.0,-4.0,57.5,4.0,1,1,0,-180.0,155.0,10.005156136414772,64.56528430007349,0.7290602328572214,1.0,6.005156136414772,7.065284300073486,2023
401673462,2024,15,Army,Tulane,35.0,14.0,21.0,49.0,5.0,46.0,-5.0,1,1,1,165.0,-195.0,1.1580571675137037,48.780613541346575,0.4662003650397523,1.0,6.158057167513704,2.7806135413465753,2023
401673467,2024,15,Miami (OH),Ohio,3.0,38.0,-35.0,41.0,-2.5,44.0,2.5,0,0,0,-135.0,115.0,6.497160241726002,46.62395542404437,0.6438911055150786,1.0,3.997160241726002,2.623955424044368,2023
401673465,2024,15,Arizona State,Iowa State,45.0,19.0,26.0,64.0,-1.5,50.5,1.5,1,1,1,-140.0,120.0,-3.0342704208949174,46.502173690508315,0.503978831014152,1.0,-4.534270420894917,-3.9978263094916855,2023
401673469,2024,15,Texas,Georgia,19.0,22.0,-3.0,41.0,-3.0,51.0,3.0,0,0,0,-135.0,115.0,2.943467027312754,57.321848040010394,0.4505799151218869,1.0,-0.05653297268724611,6.321848040010394,2023
401673470,2024,15,Louisiana,Marshall,3.0,31.0,-28.0,34.0,-5.0,57.0,5.0,0,0,0,,,6.868572405587822,61.103578786500506,0.7090942079453881,1.0,1.8685724055878223,4.103578786500506,2023
401673464,2024,15,Oregon,Penn State,45.0,37.0,8.0,82.0,-3.0,51.0,3.0,1,1,1,-170.0,145.0,10.466722895137476,49.662100254043104,0.7599115328961255,1.0,7.466722895137476,-1.3378997459568964,2023
401673463,2024,15,SMU,Clemson,31.0,34.0,-3.0,65.0,-3.0,56.0,3.0,0,0,1,-135.0,115.0,5.6748737879564555,52.5089653894982,0.644690711649114,1.0,2.6748737879564555,-3.4910346105017993,2023
401645383,2024,16,Army,Navy,13.0,31.0,-18.0,44.0,-6.0,39.0,6.0,0,0,1,-220.0,180.0,0.06907423073197538,37.44450515503849,0.4896129387067333,1.0,-5.930925769268025,-1.5554948449615082,2023
401677077,2024,1,Western Michigan,South Alabama,23.0,30.0,-7.0,53.0,9.0,57.5,-9.0,0,1,0,255.0,-310.0,-8.548532233025343,58.03893192817978,0.26811755514109037,0.6,0.4514677669746572,0.5389319281797782,2023
401677080,2024,1,West Virginia,Memphis,37.0,42.0,-5.0,79.0,5.0,60.5,-5.0,0,0,1,130.0,-150.0,-4.923492416624937,61.12997243373205,0.3711093097857413,0.6,0.07650758337506325,0.6299724337320498,2023
401677079,2024,1,James Madison,Western Kentucky,27.0,17.0,10.0,44.0,-7.0,50.5,7.0,1,1,0,-310.0,255.0,4.742152429180454,50.542051947907986,0.5884099586483993,0.6,-2.2578475708195462,0.04205194790798572,2023
401677081,2024,1,UNLV,California,24.0,13.0,11.0,37.0,-3.0,45.5,3.0,1,1,0,150.0,-175.0,0.4069705351850992,43.53299965557121,0.5222991899932082,0.6,-2.593029464814901,-1.96700034442879,2023
401677082,2024,1,Sam Houston,Georgia Southern,31.0,26.0,5.0,57.0,4.5,48.5,-4.5,1,1,1,185.0,-225.0,-7.985719067628109,52.066825822139876,0.46182811561012915,0.6,-3.485719067628109,3.566825822139876,2023
401677083,2024,1,Jacksonville State,Ohio,27.0,30.0,-3.0,57.0,6.5,58.0,-6.5,0,1,0,110.0,-130.0,-4.343279168310458,59.708612322871154,0.44595626689806844,0.6,2.156720831689542,1.7086123228711543,2023
401677084,2024,1,Florida,Tulane,33.0,8.0,25.0,41.0,-10.0,49.5,10.0,1,1,0,-480.0,350.0,10.39565334855914,52.10462149927932,0.5814378879439734,0.6,0.39565334855914003,2.604621499279318,2023
401677179,2024,1,Notre Dame,Indiana,27.0,17.0,10.0,44.0,-7.0,50.0,7.0,1,1,0,-320.0,260.0,5.492924669555738,50.507144897839346,0.6462732301104939,0.6,-1.5070753304442617,0.5071448978393462,2023
401677178,2024,1,Penn State,SMU,38.0,10.0,28.0,48.0,-7.5,53.0,7.5,1,1,0,-370.0,285.0,6.210068128823181,50.78553212625604,0.6736989219646472,0.6,-1.2899318711768188,-2.2144678737439634,2023
401677176,2024,1,Texas,Clemson,38.0,24.0,14.0,62.0,-13.5,49.5,13.5,1,1,1,-435.0,325.0,8.92705672146964,49.88701660187033,0.6797905069833583,0.6,-4.57294327853036,0.3870166018703287,2023
401677177,2024,1,Ohio State,Tennessee,42.0,17.0,25.0,59.0,-8.0,47.0,8.0,1,1,1,,,10.76556135750193,47.59620880279446,0.6641823585892148,0.6,2.76556135750193,0.5962088027944574,2023
401677085,2024,1,UTSA,Coastal Carolina,44.0,15.0,29.0,59.0,-12.5,57.0,12.5,1,1,1,-320.0,260.0,12.537078159085755,55.93522773808511,0.6452964260756894,0.6,0.0370781590857554,-1.0647722619148894,2023
401677086,2024,1,Fresno State,Northern Illinois,20.0,28.0,-8.0,48.0,3.0,40.5,-3.0,0,0,1,125.0,-145.0,-0.019143873392313715,41.382185678521786,0.5026917123993343,0.6,2.9808561266076863,0.8821856785217861,2023
401677087,2024,1,San José State,South Florida,39.0,41.0,-2.0,80.0,2.0,66.5,-2.0,0,0,1,-145.0,125.0,-2.500294168457696,67.28695329126529,0.3470656967725393,0.6,-0.500294168457696,0.7869532912652915,2023
401677180,2024,1,Toledo,Pittsburgh,48.0,46.0,2.0,94.0,7.0,50.0,-7.0,1,1,1,270.0,-340.0,-9.041133258290927,49.9022722427937,0.2692644530449606,0.6,-2.0411332582909267,-0.09772775720630023,2023
401677088,2024,1,Kansas State,Rutgers,44.0,41.0,3.0,85.0,-7.0,52.5,7.0,1,0,1,-260.0,215.0,5.523666761685605,53.09960455375638,0.5630653059067141,0.6,-1.4763332383143952,0.5996045537563788,2023
401677089,2024,1,Bowling Green,Arkansas State,31.0,38.0,-7.0,69.0,-10.0,53.5,10.0,0,0,1,-260.0,215.0,8.104765865513365,52.023263280410745,0.6513880822380029,0.6,-1.8952341344866355,-1.4767367195892547,2023
401677090,2024,1,Navy,Oklahoma,21.0,20.0,1.0,41.0,2.5,42.5,-2.5,1,1,0,235.0,-285.0,1.7901584794086425,44.71615172349433,0.403177860265732,0.6,4.2901584794086425,2.2161517234943275,2023
401677091,2024,1,Vanderbilt,Georgia Tech,35.0,27.0,8.0,62.0,3.0,50.0,-3.0,1,1,1,115.0,-135.0,-1.2231149003009372,47.445799167940784,0.4041603082572105,0.6,1.7768850996990628,-2.554200832059216,2023
401677092,2024,1,Arkansas,Texas Tech,39.0,26.0,13.0,65.0,3.0,52.5,-3.0,1,1,1,-145.0,125.0,-2.863194545193436,49.45866991215519,0.4071116157465916,0.6,0.1368054548065638,-3.0413300878448126,2023
401729867,2024,1,Washington State,Syracuse,35.0,52.0,-17.0,87.0,19.0,58.5,-19.0,0,1,1,210.0,-250.0,-18.202075259220795,54.69454083213075,0.43584152680473714,0.6,0.7979247407792052,-3.8054591678692518,2023
401677093,2024,1,USC,Texas A&M,35.0,31.0,4.0,66.0,3.5,55.5,-3.5,1,1,1,130.0,-150.0,-3.0361935146604644,54.456145755944,0.40933046566014686,0.6,0.4638064853395356,-1.043854244056,2023
401677094,2024,1,North Carolina,UConn,14.0,27.0,-13.0,41.0,-2.5,53.5,2.5,0,0,0,-210.0,175.0,3.504631914717434,50.83646463163654,0.5737290608166878,0.6,1.004631914717434,-2.663535368363462,2023
401677095,2024,1,Nebraska,Boston College,20.0,15.0,5.0,35.0,-3.5,46.5,3.5,1,1,0,-145.0,125.0,2.1181931143099613,47.321850593813025,0.48110550636201954,0.6,-1.3818068856900387,0.8218505938130249,2023
401677096,2024,1,TCU,Louisiana,34.0,3.0,31.0,37.0,-10.0,59.0,10.0,1,1,0,-440.0,330.0,11.279772904817486,59.103104502136176,0.6994500404031658,0.6,1.2797729048174862,0.10310450213617628,2023
401677097,2024,1,Miami,Iowa State,41.0,42.0,-1.0,83.0,-4.5,58.5,4.5,0,0,1,-180.0,155.0,4.709198502349851,59.165912012966935,0.6122646599598498,0.6,0.20919850234985127,0.6659120129669347,2023
401677188,2024,1,Colorado State,Miami (OH),17.0,43.0,-26.0,60.0,2.5,40.5,-2.5,0,0,1,115.0,-135.0,-2.9226781362420318,42.11911836864148,0.3339788767922728,0.6,-0.42267813624203177,1.6191183686414803,2023
401677098,2024,1,NC State,East Carolina,21.0,26.0,-5.0,47.0,-7.0,60.0,7.0,0,0,0,-210.0,175.0,5.9217231312203165,61.16653527120831,0.5420250506066926,0.6,-1.0782768687796835,1.1665352712083106,2023
401677099,2024,1,Colorado,BYU,14.0,36.0,-22.0,50.0,-3.0,55.5,3.0,0,0,0,-145.0,125.0,1.3605727840772546,53.509116581479404,0.528298372000847,0.6,-1.6394272159227454,-1.9908834185205961,2023
401677100,2024,1,Army,Louisiana Tech,27.0,6.0,21.0,33.0,-14.0,44.0,14.0,1,1,0,-900.0,575.0,14.71491788412869,44.29563986007581,0.7484189989698613,0.6,0.7149178841286901,0.2956398600758092,2023
401677101,2024,1,Missouri,Iowa,27.0,24.0,3.0,51.0,-2.5,40.0,2.5,1,1,1,-170.0,145.0,1.1082838772399477,40.592055489322235,0.5024459796248574,0.6,-1.3917161227600523,0.5920554893222345,2023
401677102,2024,1,Michigan,Alabama,19.0,13.0,6.0,32.0,16.5,45.0,-16.5,1,1,0,295.0,-390.0,-20.572984423425908,43.621699272452645,0.19629789034456632,0.6,-4.072984423425908,-1.378300727547355,2023
401677190,2024,1,Washington,Louisville,34.0,35.0,-1.0,69.0,-1.0,49.5,1.0,0,0,1,180.0,-220.0,4.323543291673922,51.345792488763436,0.45135807976050235,0.6,3.3235432916739223,1.8457924887634363,2023
401677103,2024,1,Illinois,South Carolina,21.0,17.0,4.0,38.0,9.5,50.0,-9.5,1,1,0,320.0,-430.0,-11.4564494306056,51.22776454782745,0.30911720991202263,0.6,-1.9564494306056002,1.227764547827448,2023
401677104,2024,1,LSU,Baylor,44.0,31.0,13.0,75.0,3.5,62.5,-3.5,1,1,1,-120.0,100.0,-2.992362904689271,62.60740165874414,0.43808798905073243,0.6,0.507637095310729,0.10740165874413776,2023
401677181,2024,1,Boise State,Penn State,14.0,31.0,-17.0,45.0,12.5,54.5,-12.5,0,0,0,300.0,-400.0,-13.633315836008641,53.571931179744034,0.21559476409871178,0.6,-1.1333158360086415,-0.9280688202559659,2023
401677182,2024,1,Arizona State,Texas,31.0,39.0,-8.0,70.0,13.0,51.5,-13.0,0,1,1,410.0,-585.0,-14.53362700358488,49.41457948557148,0.2348549681184304,0.6,-1.5336270035848791,-2.0854205144285203,2023
401677183,2024,1,Oregon,Ohio State,21.0,41.0,-20.0,62.0,2.5,55.5,-2.5,0,0,1,,,-1.4720028026008032,52.28920041117505,0.44735033117466566,0.6,1.0279971973991968,-3.2107995888249476,2023
401677184,2024,1,Georgia,Notre Dame,10.0,23.0,-13.0,33.0,1.0,46.0,-1.0,0,0,0,-120.0,100.0,-0.3710626605105837,47.6304608340341,0.5000133110591876,0.6,0.6289373394894163,1.6304608340341034,2023
401677105,2024,1,Ole Miss,Duke,52.0,20.0,32.0,72.0,-17.0,50.5,17.0,1,1,1,-625.0,430.0,16.019208468923082,52.51619306233444,0.8465710265760386,0.6,-0.9807915310769175,2.0161930623344375,2023
401677106,2024,1,Texas State,North Texas,30.0,28.0,2.0,58.0,-14.0,63.5,14.0,1,0,0,-370.0,285.0,12.272946820419744,64.68455745392689,0.7402807333934096,0.6,-1.7270531795802562,1.1845574539268853,2023
401677107,2024,1,Virginia Tech,Minnesota,10.0,24.0,-14.0,34.0,10.0,43.0,-10.0,0,0,0,180.0,-220.0,-10.236031413546003,38.75390730464627,0.40248816932575154,0.6,-0.23603141354600332,-4.246092695353731,2023
401677108,2024,1,Liberty,Buffalo,7.0,26.0,-19.0,33.0,4.0,50.5,-4.0,0,0,0,-130.0,110.0,0.2969048326509016,48.368986556295326,0.5608472254742423,0.6,4.296904832650902,-2.131013443704674,2023
401677189,2024,1,Penn State,Notre Dame,24.0,27.0,-3.0,51.0,-1.0,46.0,1.0,0,0,1,105.0,-125.0,-0.028845474269539872,44.21948010531165,0.5141481701234694,0.6,-1.0288454742695399,-1.7805198946883465,2023
401677191,2024,1,Texas,Ohio State,14.0,28.0,-14.0,42.0,5.5,51.5,-5.5,0,0,0,185.0,-225.0,-2.353521148587012,52.23318710719221,0.46018865894108696,0.6,3.146478851412988,0.733187107192208,2023
401677192,2024,1,Notre Dame,Ohio State,23.0,34.0,-11.0,57.0,8.5,45.5,-8.5,0,0,1,,,-8.380115473759222,44.50118275536364,0.3998040261351509,0.6,0.11988452624077794,-0.9988172446363635,2023
401756846,2025,1,Kansas State,Iowa State,21.0,24.0,-3.0,45.0,-3.0,51.0,3.0,0,0,0,-165.0,140.0,-0.2980981428850549,51.46956474038615,0.4400462277167285,0.6,-3.298098142885055,0.46956474038614715,2024
401756847,2025,1,Kansas,Fresno State,31.0,7.0,24.0,38.0,-14.0,50.0,14.0,1,1,0,-575.0,400.0,14.467728376622823,49.06279136221956,0.7928277870771704,0.6,0.46772837662282285,-0.9372086377804365,2024
401757218,2025,1,Western Kentucky,Sam Houston,41.0,24.0,17.0,65.0,-9.5,60.0,9.5,1,1,1,-390.0,295.0,9.418536066365984,58.29687430610898,0.6846558319853653,0.6,-0.08146393363401572,-1.7031256938910175,2024
401754516,2025,1,Hawai'i,Stanford,23.0,20.0,3.0,43.0,-2.0,50.0,2.0,1,1,0,115.0,-135.0,0.4082790731153876,52.411418177201796,0.40348123385006834,0.6,-1.5917209268846124,2.4114181772017957,2024
401762522,2025,1,South Florida,Boise State,34.0,7.0,27.0,41.0,4.5,62.0,-4.5,1,1,0,240.0,-290.0,-1.6378925013901262,60.35053245752964,0.3929339191378203,0.6,2.862107498609874,-1.6494675424703615,2024
401752794,2025,1,Rutgers,Ohio,34.0,31.0,3.0,65.0,-15.5,52.0,15.5,1,0,1,-510.0,370.0,18.548231239395886,51.14504571776472,0.783457902413403,0.6,3.0482312393958857,-0.8549542822352834,2024
401756848,2025,1,UCF,Jacksonville State,17.0,10.0,7.0,27.0,-20.5,52.5,20.5,1,0,0,-800.0,525.0,18.23749675174281,55.092603290572605,0.734343664673792,0.6,-2.2625032482571896,2.5926032905726046,2024
401762789,2025,1,Akron,Wyoming,0.0,10.0,-10.0,10.0,5.0,48.0,-5.0,0,0,0,250.0,-300.0,-3.3160649689274013,45.97668252303108,0.48833600177108705,0.6,1.6839350310725987,-2.02331747696892,2024
401754373,2025,1,NC State,East Carolina,24.0,17.0,7.0,41.0,-14.0,61.0,14.0,1,0,0,-435.0,325.0,13.799569087796916,59.445754989382834,0.7791210609395216,0.6,-0.20043091220308362,-1.5542450106171657,2024
401752793,2025,1,Minnesota,Buffalo,23.0,10.0,13.0,33.0,-18.5,43.0,18.5,1,0,0,-900.0,575.0,17.1699153921869,43.146197750020384,0.8224640676592351,0.6,-1.3300846078130988,0.14619775002038438,2024
401752796,2025,1,Cincinnati,Nebraska,17.0,20.0,-3.0,37.0,6.0,50.5,-6.0,0,1,0,210.0,-250.0,-4.5966503145999456,53.254856084312586,0.43116113895212094,0.6,1.4033496854000544,2.7548560843125856,2024
401762791,2025,1,Wisconsin,Miami (OH),17.0,0.0,17.0,17.0,-18.0,41.0,18.0,1,0,0,-1200.0,700.0,16.293790788818374,40.72656828677115,0.7604735789295186,0.6,-1.7062092111816263,-0.2734317132288524,2024
401754374,2025,1,Wake Forest,Kennesaw State,10.0,9.0,1.0,19.0,-18.5,51.0,18.5,1,0,0,-1200.0,700.0,14.09466264931907,50.69716042577312,0.7766684349228992,0.6,-4.405337350680931,-0.3028395742268799,2024
401752802,2025,1,Michigan State,Western Michigan,23.0,6.0,17.0,29.0,-21.5,50.0,21.5,1,0,0,-1600.0,800.0,20.407054338847395,48.500664907785996,0.802023735403258,0.6,-1.092945661152605,-1.4993350922140039,2024
401761589,2025,1,Charlotte,App State,11.0,34.0,-23.0,45.0,3.0,49.0,-3.0,0,0,0,250.0,-300.0,-1.0193327512616461,51.140610541832544,0.43299973141367487,0.6,1.9806672487383539,2.140610541832544,2024
401761589,2025,1,Charlotte,App State,11.0,34.0,-23.0,45.0,3.0,49.0,-3.0,0,0,0,250.0,-300.0,-1.0193327512616461,51.140610541832544,0.43299973141367487,0.6,1.9806672487383539,2.140610541832544,2024
401754375,2025,1,Colorado,Georgia Tech,20.0,27.0,-7.0,47.0,3.5,50.0,-3.5,0,0,0,150.0,-175.0,-4.16048686808877,47.582185273318586,0.4179579280631305,0.6,-0.6604868680887703,-2.4178147266814136,2024
401752667,2025,1,Baylor,Auburn,24.0,38.0,-14.0,62.0,1.0,56.5,-1.0,0,0,1,-110.0,-110.0,1.1025716964826708,56.614729862838544,0.5757696044079939,0.6,2.102571696482671,0.11472986283854425,2024
401757224,2025,1,Sam Houston,UNLV,21.0,38.0,-17.0,59.0,9.0,60.5,-9.0,0,0,0,370.0,-510.0,-8.056037980836496,61.72350942902915,0.31731745393293775,0.6,0.9439620191635036,1.22350942902915,2024
401760358,2025,1,San José State,Central Michigan,14.0,16.0,-2.0,30.0,-14.5,51.5,14.5,0,0,0,-460.0,340.0,10.524925957549238,52.5079093437738,0.7412415796593729,0.6,-3.9750740424507622,1.0079093437737967,2024
401752801,2025,1,Purdue,Ball State,31.0,0.0,31.0,31.0,-16.5,48.5,16.5,1,1,0,-900.0,575.0,10.947196129731795,47.330670032021175,0.6654288864035045,0.6,-5.552803870268205,-1.1693299679788254,2024
401752673,2025,1,Southern Miss,Mississippi State,17.0,34.0,-17.0,51.0,14.5,60.0,-14.5,0,0,0,305.0,-410.0,-12.754727867668501,67.90025648818886,0.15393530804440475,0.6,1.7452721323314986,7.900256488188859,2024
401752676,2025,1,Tennessee,Syracuse,45.0,26.0,19.0,71.0,-13.5,51.5,13.5,1,1,1,-550.0,390.0,14.947013929808369,50.04073249026681,0.7863935808397791,0.6,1.447013929808369,-1.4592675097331878,2024
401752803,2025,1,Tulane,Northwestern,23.0,3.0,20.0,26.0,-5.0,46.0,5.0,1,1,0,-230.0,190.0,2.6584735275843285,49.2500637919628,0.48270465969583237,0.6,-2.3415264724156715,3.250063791962802,2024
401752677,2025,1,Ohio State,Texas,14.0,7.0,7.0,21.0,-2.0,46.5,2.0,1,1,0,-140.0,120.0,3.558476969805466,45.961444054347794,0.6204932247562324,0.6,1.558476969805466,-0.538555945652206,2024
401752797,2025,1,Maryland,Florida Atlantic,39.0,7.0,32.0,46.0,-12.5,60.0,12.5,1,1,0,-850.0,550.0,12.100647954480676,62.21863629760305,0.7324352274627028,0.6,-0.3993520455193238,2.218636297603048,2024
401752670,2025,1,Kentucky,Toledo,24.0,16.0,8.0,40.0,-10.0,49.0,10.0,1,0,0,-350.0,275.0,9.873770010061303,51.540495090287436,0.7555227595312473,0.6,-0.12622998993869672,2.540495090287436,2024
401752806,2025,1,Indiana,Old Dominion,27.0,14.0,13.0,41.0,-23.0,53.0,23.0,1,0,0,-3300.0,1100.0,21.30586426721756,50.98238303936377,0.8720878083664892,0.6,-1.6941357327824385,-2.017616960636232,2024
401752669,2025,1,Georgia,Marshall,45.0,7.0,38.0,52.0,-38.5,51.5,38.5,1,0,1,,,40.31154720765405,52.69630937878985,0.99,0.6,1.8115472076540513,1.1963093787898487,2024
401752665,2025,1,Florida State,Alabama,31.0,17.0,14.0,48.0,13.5,47.0,-13.5,1,1,1,400.0,-575.0,-11.023921886843267,49.88846648474434,0.2501157398571814,0.6,2.476078113156733,2.8884664847443418,2024
401762456,2025,1,Massachusetts,Temple,10.0,42.0,-32.0,52.0,1.5,48.5,-1.5,0,0,1,140.0,-165.0,-3.7161606099013427,47.78046249984122,0.4228853301220266,0.6,-2.2161606099013427,-0.7195375001587792,2024
401752807,2025,1,Penn State,Nevada,46.0,11.0,35.0,57.0,-43.5,54.5,43.5,1,0,1,,,44.924666382894145,55.82484689982198,0.9864705887191466,0.6,1.424666382894145,1.3248468998219778,2024
401754616,2025,1,Virginia,Coastal Carolina,48.0,7.0,41.0,55.0,-13.5,55.0,13.5,1,1,0,-470.0,345.0,13.695671882982591,52.82066782916666,0.755050985185725,0.6,0.19567188298259097,-2.179332170833341,2024
401752678,2025,1,Texas A&M,UTSA,42.0,24.0,18.0,66.0,-24.0,58.5,24.0,1,0,1,-2800.0,1100.0,25.302615751469354,58.95033624940861,0.9265702722045932,0.6,1.3026157514693537,0.4503362494086076,2024
401752671,2025,1,Clemson,LSU,10.0,17.0,-7.0,27.0,-5.5,55.5,5.5,0,0,0,-150.0,130.0,6.199959393527641,52.44967038468195,0.6092004687935053,0.6,0.6999593935276414,-3.0503296153180486,2024
401757225,2025,1,Utah State,UTEP,28.0,16.0,12.0,44.0,-5.5,58.5,5.5,1,1,0,-165.0,140.0,3.893462810784273,57.12513787070279,0.643758741612135,0.6,-1.606537189215727,-1.3748621292972132,2024
401752808,2025,1,Michigan,New Mexico,34.0,17.0,17.0,51.0,-34.5,49.5,34.5,1,0,1,,,35.72842729094812,49.11889989903961,0.9789985198745927,0.6,1.2284272909481189,-0.3811001009603885,2024
401752672,2025,1,Ole Miss,Georgia State,63.0,7.0,56.0,70.0,-33.5,61.0,33.5,1,1,1,,,32.33712648420275,61.40533930685838,0.9725407473187194,0.6,-1.1628735157972514,0.40533930685838016,2024
401761592,2025,1,Louisiana,Rice,12.0,14.0,-2.0,26.0,-9.5,48.0,9.5,0,0,0,-600.0,425.0,5.085029143783218,47.155785109130356,0.6015367051624338,0.6,-4.414970856216782,-0.8442148908696439,2024
401761594,2025,1,Texas State,Eastern Michigan,52.0,27.0,25.0,79.0,-14.0,56.0,14.0,1,1,1,-525.0,375.0,13.62027389855492,58.10525895700625,0.7462017398844238,0.6,-0.3797261014450797,2.1052589570062494,2024
401760361,2025,1,Fresno State,Georgia Southern,42.0,14.0,28.0,56.0,-2.0,49.5,2.0,1,1,1,-130.0,110.0,-0.9091212104052078,50.225185773389256,0.47366828103955977,0.6,-2.9091212104052078,0.7251857733892564,2024
401756849,2025,1,Arizona,Hawai'i,40.0,6.0,34.0,46.0,-15.5,55.0,15.5,1,1,0,-575.0,400.0,20.90293237032665,57.66466554599313,0.8830779004842229,0.6,5.402932370326649,2.664665545993131,2024
401752936,2025,1,Oregon State,California,15.0,34.0,-19.0,49.0,3.0,48.0,-3.0,0,0,1,-150.0,130.0,-0.6583867667200414,51.04725907504339,0.5009737952669278,0.6,2.3416132332799586,3.0472590750433923,2024
401752805,2025,1,Washington,Colorado State,38.0,21.0,17.0,59.0,-22.5,52.0,22.5,1,0,1,-1600.0,800.0,20.920476656366226,52.25807292421702,0.8686663205579511,0.6,-1.579523343633774,0.2580729242170179,2024
401752800,2025,1,UCLA,Utah,10.0,43.0,-33.0,53.0,6.5,49.0,-6.5,0,0,1,100.0,-120.0,-7.087585037776887,53.65580581629354,0.4147636594040065,0.6,-0.5875850377768872,4.655805816293537,2024
401752680,2025,1,South Carolina,Virginia Tech,24.0,11.0,13.0,35.0,-7.0,52.0,7.0,1,1,0,-350.0,275.0,5.314409500374984,50.401313050054256,0.6060219788898671,0.6,-1.6855904996250164,-1.5986869499457441,2024
401754522,2025,1,Miami,Notre Dame,27.0,24.0,3.0,51.0,3.0,50.5,-3.0,1,1,1,115.0,-135.0,-4.235825802789681,53.065932474808406,0.33191091225985647,0.6,-1.2358258027896811,2.565932474808406,2024
401754523,2025,1,North Carolina,TCU,14.0,48.0,-34.0,62.0,3.5,55.0,-3.5,0,0,1,140.0,-165.0,-3.16025981785557,55.587900726016755,0.40777444234350657,0.6,0.33974018214443014,0.5879007260167555,2024
401754528,2025,2,Louisville,James Madison,28.0,14.0,14.0,42.0,-15.0,57.0,15.0,1,0,0,-700.0,475.0,13.406375495384516,55.06995312224297,0.7704124439936602,0.75,-1.5936245046154838,-1.9300468777570288,2024
401752826,2025,2,Maryland,Northern Illinois,20.0,9.0,11.0,29.0,-17.0,44.5,17.0,1,0,0,-750.0,500.0,16.510048580061763,45.05459717109413,0.771284223333141,0.75,-0.48995141993823665,0.5545971710941302,2024
401752811,2025,2,Penn State,Florida International,34.0,0.0,34.0,34.0,-42.0,53.5,42.0,1,0,0,,,41.2690959004484,56.094245589685094,0.99,0.75,-0.7309040995516014,2.5942455896850944,2024
401752693,2025,2,Texas,San José State,38.0,7.0,31.0,45.0,-37.0,52.5,37.0,1,0,0,,,37.00550632884013,56.262357004504125,0.959471301523281,0.75,0.005506328840127139,3.762357004504125,2024
401754529,2025,2,Pittsburgh,Central Michigan,45.0,17.0,28.0,62.0,-21.5,48.5,21.5,1,1,1,-1800.0,850.0,14.679202178382347,48.48817561868655,0.8072968663031028,0.75,-6.820797821617653,-0.011824381313452648,2024
401754618,2025,2,Syracuse,UConn,27.0,20.0,7.0,47.0,-7.0,57.5,7.0,1,0,0,-350.0,275.0,4.682378891915094,56.339355631931916,0.5262158497683037,0.75,-2.3176211080849063,-1.160644368068084,2024
401752822,2025,2,Iowa State,Iowa,16.0,13.0,3.0,29.0,-3.0,43.0,3.0,1,0,0,-150.0,130.0,2.0074379334645274,42.83983668132298,0.5659567786271839,0.75,-0.9925620665354726,-0.1601633186770215,2024
401757227,2025,2,Jacksonville State,Liberty,34.0,24.0,10.0,58.0,6.0,50.5,-6.0,1,1,1,195.0,-235.0,-3.8442102357875925,56.3919205253632,0.4983829669625057,0.75,2.1557897642124075,5.891920525363197,2024
401754524,2025,2,NC State,Virginia,35.0,31.0,4.0,66.0,-3.0,53.0,3.0,1,1,1,-150.0,130.0,4.046666563326395,49.43547831418145,0.55345701598244,0.75,1.0466665633263954,-3.564521685818548,2024
401756885,2025,2,Texas Tech,Kent State,62.0,14.0,48.0,76.0,-48.5,60.0,48.5,1,0,1,,,47.81403121385863,60.597297622479175,0.9780193131307588,0.75,-0.6859687861413732,0.5972976224791751,2024
401752825,2025,2,Duke,Illinois,19.0,45.0,-26.0,64.0,2.5,49.0,-2.5,0,0,1,110.0,-130.0,-2.7173137058710477,45.77228282440419,0.43902235025897623,0.75,-0.2173137058710477,-3.2277171755958065,2024
401754525,2025,2,SMU,Baylor,45.0,48.0,-3.0,93.0,-3.0,65.5,3.0,0,0,1,-185.0,160.0,-2.191921978156717,62.696374869552386,0.4971485589552321,0.75,-5.191921978156717,-2.803625130447614,2024
401752812,2025,2,Indiana,Kennesaw State,56.0,9.0,47.0,65.0,-35.5,51.5,35.5,1,1,1,,,33.96707718806139,51.99165746101663,0.9532943515065877,0.75,-1.5329228119386116,0.4916574610166293,2024
401752694,2025,2,Texas A&M,Utah State,44.0,22.0,22.0,66.0,-34.5,57.5,34.5,1,0,1,-20000.0,1800.0,35.26890689741182,59.295286385897626,0.9827981155150596,0.75,0.7689068974118172,1.7952863858976258,2024
401752937,2025,2,Oregon State,Fresno State,27.0,36.0,-9.0,63.0,-1.0,45.5,1.0,0,0,1,-125.0,105.0,-0.4505584075356803,44.33335443118927,0.509586816813485,0.75,-1.4505584075356803,-1.1666455688107291,2024
401752818,2025,2,Rutgers,Miami (OH),45.0,17.0,28.0,62.0,-15.5,45.5,15.5,1,1,1,-585.0,410.0,13.197100033274285,45.98508441005813,0.7512716531286011,0.75,-2.3028999667257146,0.4850844100581284,2024
401761603,2025,2,UTSA,Texas State,36.0,43.0,-7.0,79.0,-4.5,64.5,4.5,0,0,1,-210.0,175.0,2.5090214216590594,62.642485327771524,0.5698102536295943,0.75,-1.9909785783409406,-1.8575146722284757,2024
401756880,2025,2,Cincinnati,Bowling Green,34.0,20.0,14.0,54.0,-22.5,46.5,22.5,1,0,1,-950.0,600.0,21.202109967059606,45.239943902911286,0.8185166843037049,0.75,-1.2978900329403942,-1.2600560970887145,2024
401752689,2025,2,Missouri,Kansas,42.0,31.0,11.0,73.0,-5.5,51.0,5.5,1,1,1,-240.0,200.0,6.178895151487472,47.24313197954257,0.522738580089145,0.75,0.6788951514874721,-3.756868020457432,2024
401762458,2025,2,Navy,UAB,38.0,24.0,14.0,62.0,-20.5,59.0,20.5,1,0,1,-1600.0,800.0,21.531956165945243,61.25765446588051,0.8510329742227623,0.75,1.0319561659452425,2.2576544658805133,2024
401762461,2025,2,Western Michigan,North Texas,30.0,33.0,-3.0,63.0,12.0,56.0,-12.0,0,1,1,285.0,-370.0,-15.97048013957394,57.14148666503118,0.36557048786597324,0.75,-3.97048013957394,1.1414866650311808,2024
401754637,2025,2,Clemson,Troy,27.0,16.0,11.0,43.0,-31.0,51.5,31.0,1,0,0,-20000.0,1800.0,34.842573403864506,53.39531302466251,0.9508635375598888,0.75,3.842573403864506,1.8953130246625065,2024
401752686,2025,2,Kentucky,Ole Miss,23.0,30.0,-7.0,53.0,8.0,51.5,-8.0,0,1,1,265.0,-330.0,-12.362979926186409,53.57682649476641,0.21206822746242893,0.75,-4.362979926186409,2.076826494766408,2024
401752824,2025,2,Oregon,Oklahoma State,69.0,3.0,66.0,72.0,-28.5,55.5,28.5,1,1,1,-10000.0,1600.0,30.72465092590219,57.93245860077401,0.9667404414766546,0.75,2.224650925902189,2.4324586007740123,2024
401752820,2025,2,Wisconsin,Middle Tennessee,42.0,10.0,32.0,52.0,-28.5,45.5,28.5,1,1,1,-6500.0,1300.0,28.74730264437313,46.49361620805571,0.969243627007754,0.75,0.24730264437312854,0.9936162080557125,2024
401756883,2025,2,Ohio,West Virginia,17.0,10.0,7.0,27.0,3.5,58.5,-3.5,1,1,0,130.0,-150.0,2.8233958972934285,60.00472688760725,0.6672064661498981,0.75,6.3233958972934285,1.504726887607248,2024
401752684,2025,2,Florida,South Florida,16.0,18.0,-2.0,34.0,-18.5,58.0,18.5,0,0,0,-900.0,575.0,12.721135210741963,61.5122782283471,0.7234570498417473,0.75,-5.778864789258037,3.5122782283470997,2024
401752682,2025,2,Arkansas,Arkansas State,56.0,14.0,42.0,70.0,-23.5,62.0,23.5,1,1,1,-1800.0,850.0,19.107648506857046,58.28888645305139,0.7781100554830492,0.75,-4.392351493142954,-3.71111354694861,2024
401757232,2025,2,Toledo,Western Kentucky,45.0,21.0,24.0,66.0,-8.5,57.5,8.5,1,1,1,-220.0,180.0,7.772648318027006,56.335083448362546,0.6658742337924689,0.75,-0.7273516819729942,-1.1649165516374538,2024
401761598,2025,2,Georgia State,Memphis,16.0,38.0,-22.0,54.0,14.5,57.5,-14.5,0,0,0,425.0,-600.0,-13.282996455398663,59.9665320057641,0.24964013314199102,0.75,1.2170035446013365,2.466532005764101,2024
401754527,2025,2,Charlotte,North Carolina,3.0,20.0,-17.0,23.0,15.0,49.5,-15.0,0,0,0,390.0,-550.0,-16.369661129162285,50.25101547388372,0.2505269857079397,0.75,-1.369661129162285,0.7510154738837187,2024
401754527,2025,2,Charlotte,North Carolina,3.0,20.0,-17.0,23.0,15.0,49.5,-15.0,0,0,0,390.0,-550.0,-16.369661129162285,50.25101547388372,0.2505269857079397,0.75,-1.369661129162285,0.7510154738837187,2024
401761601,2025,2,South Alabama,Tulane,31.0,33.0,-2.0,64.0,13.5,51.5,-13.5,0,1,1,295.0,-390.0,-14.642299056659127,52.49985822976219,0.3063577834304612,0.75,-1.1422990566591267,0.9998582297621894,2024
401756882,2025,2,Kansas State,Army,21.0,24.0,-3.0,45.0,-17.0,48.5,17.0,0,0,0,-650.0,450.0,17.665993929120837,47.69115122621075,0.8490626645596508,0.75,0.6659939291208374,-0.8088487737892507,2024
401756884,2025,2,Rice,Houston,9.0,35.0,-26.0,44.0,13.5,38.5,-13.5,0,0,1,390.0,-550.0,-15.266230543532675,40.499752409896914,0.2870860396830868,0.75,-1.766230543532675,1.9997524098969137,2024
401752688,2025,2,Mississippi State,Arizona State,24.0,20.0,4.0,44.0,6.0,58.5,-6.0,1,1,0,225.0,-275.0,-5.2575421349155675,58.172205340181904,0.40947937895386377,0.75,0.7424578650844325,-0.3277946598180961,2024
401752810,2025,2,Nebraska,Akron,68.0,0.0,68.0,68.0,-34.0,47.5,34.0,1,1,1,,,34.67213122289471,47.68236210685444,0.9575397898759781,0.75,0.6721312228947127,0.1823621068544412,2024
401752687,2025,2,LSU,Louisiana Tech,23.0,7.0,16.0,30.0,-36.5,49.5,36.5,1,0,0,,,35.98932049818015,48.62434513358145,0.9592071893337569,0.75,-0.5106795018198511,-0.8756548664185502,2024
401752683,2025,2,Auburn,Ball State,42.0,3.0,39.0,45.0,-43.0,52.5,43.0,1,0,0,,,42.38430539187463,53.506656836169235,0.9707495120750802,0.75,-0.6156946081253665,1.0066568361692347,2024
401752816,2025,2,Michigan State,Boston College,42.0,40.0,2.0,82.0,-3.5,45.5,3.5,1,0,1,-150.0,130.0,8.216533018798735,41.98506732934571,0.6075513838715776,0.75,4.716533018798735,-3.5149326706542894,2024
401752814,2025,2,USC,Georgia Southern,59.0,20.0,39.0,79.0,-29.0,61.5,29.0,1,1,1,-10000.0,1600.0,26.52918627331113,63.3144504245715,0.957171084630774,0.75,-2.4708137266888706,1.814450424571497,2024
401752690,2025,2,Oklahoma,Michigan,24.0,13.0,11.0,37.0,-4.0,44.0,4.0,1,1,0,-220.0,180.0,0.15955589818178062,41.958685807363295,0.5130394112649541,0.75,-3.8404441018182194,-2.0413141926367047,2024
401752695,2025,2,Virginia Tech,Vanderbilt,20.0,44.0,-24.0,64.0,-1.5,44.5,1.5,0,0,1,-115.0,-105.0,-4.0288928480331405,43.5254036036757,0.3916573442103525,0.75,-5.5288928480331405,-0.9745963963243014,2024
401752681,2025,2,Alabama,UL Monroe,73.0,0.0,73.0,73.0,-34.0,50.0,34.0,1,1,1,,,34.110738795182854,49.56985880871318,0.9731238686630017,0.75,0.11073879518285423,-0.4301411912868218,2024
401752823,2025,2,UNLV,UCLA,30.0,23.0,7.0,53.0,2.5,54.5,-2.5,1,1,0,105.0,-125.0,-0.6423458361974799,58.66450634586066,0.5137145510536374,0.75,1.8576541638025201,4.164506345860659,2024
401757229,2025,2,New Mexico State,Tulsa,21.0,14.0,7.0,35.0,3.0,52.5,-3.0,1,1,0,110.0,-130.0,-2.171315941100958,50.75655310878918,0.468798452506203,0.75,0.8286840588990421,-1.743446891210823,2024
401752948,2025,2,Washington State,San Diego State,36.0,13.0,23.0,49.0,-2.0,46.5,2.0,1,1,1,-150.0,130.0,2.050098753883782,47.07752182635403,0.60667841658386,0.75,0.05009875388378182,0.5775218263540296,2024
401754526,2025,2,BYU,Stanford,27.0,3.0,24.0,30.0,-20.5,44.5,20.5,1,1,0,-1000.0,625.0,19.305192606425468,44.07834719474987,0.8800450551147749,0.75,-1.194807393574532,-0.42165280525013316,2024
401757230,2025,2,Hawai'i,Sam Houston,37.0,20.0,17.0,57.0,-7.0,47.5,7.0,1,1,1,-370.0,285.0,3.403341589878501,50.00015579403117,0.38520417134370477,0.75,-3.596658410121499,2.5001557940311727,2024
401754531,2025,3,Wake Forest,NC State,24.0,34.0,-10.0,58.0,7.0,53.0,-7.0,0,0,1,225.0,-275.0,-7.938856543097641,54.06787047377095,0.4382790736657034,0.9,-0.938856543097641,1.0678704737709523,2024
401756893,2025,3,Houston,Colorado,36.0,20.0,16.0,56.0,-4.0,45.0,4.0,1,1,1,-185.0,160.0,7.143049230228621,45.696583918349475,0.5804038633668622,0.9,3.1430492302286206,0.6965839183494751,2024
401756888,2025,3,Arizona,Kansas State,23.0,17.0,6.0,40.0,1.5,55.5,-1.5,1,1,0,-110.0,-110.0,1.1623093127322774,54.90174253341444,0.5922142952148401,0.9,2.6623093127322774,-0.598257466585558,2024
401752837,2025,3,UCLA,New Mexico,10.0,35.0,-25.0,45.0,-15.5,53.0,15.5,0,0,0,-700.0,475.0,13.631317753530409,48.74657508547321,0.7933060611626557,0.9,-1.8686822464695911,-4.253424914526789,2024
401762817,2025,3,Kent State,Buffalo,28.0,31.0,-3.0,59.0,24.0,48.5,-24.0,0,1,1,1100.0,-2800.0,-23.596055126540787,49.402671013067035,0.11436575854017637,0.9,0.4039448734592135,0.9026710130670352,2024
401752831,2025,3,Northwestern,Oregon,14.0,34.0,-20.0,48.0,26.5,50.5,-26.5,0,1,0,1300.0,-6500.0,-22.974758493998333,50.132703967565796,0.219233737072916,0.9,3.5252415060016666,-0.3672960324342043,2024
401754623,2025,3,Georgia Tech,Clemson,24.0,21.0,3.0,45.0,3.0,51.0,-3.0,1,1,0,175.0,-210.0,-0.20720190717100717,55.80732448185021,0.4594588201990081,0.9,2.792798092828993,4.807324481850209,2024
401761608,2025,3,Troy,Memphis,7.0,28.0,-21.0,35.0,4.5,51.0,-4.5,0,0,0,190.0,-230.0,-3.018875964854229,49.918360098416116,0.406367306612454,0.9,1.481124035145771,-1.081639901583884,2024
401752703,2025,3,Temple,Oklahoma,3.0,42.0,-39.0,45.0,23.5,51.0,-23.5,0,0,0,1100.0,-3300.0,-17.09787487272953,52.556930022745945,0.24522749085927242,0.9,6.40212512727047,1.556930022745945,2024
401752696,2025,3,Alabama,Wisconsin,38.0,14.0,24.0,52.0,-19.5,45.0,19.5,1,1,1,-1500.0,775.0,21.620904936249243,41.31887491162829,0.9351884658308331,0.9,2.120904936249243,-3.681125088371708,2024
401752839,2025,3,Michigan,Central Michigan,63.0,3.0,60.0,66.0,-28.0,43.0,28.0,1,1,1,-4000.0,1200.0,27.966985216624202,44.322052700360715,0.9862193355208467,0.9,-0.03301478337579766,1.3220527003607145,2024
401752697,2025,3,Auburn,South Alabama,31.0,15.0,16.0,46.0,-26.0,56.0,26.0,1,0,0,-4000.0,1200.0,27.247335974476872,54.49818642268089,0.9539995907247049,0.9,1.2473359744768722,-1.501813577319112,2024
401752702,2025,3,Missouri,Louisiana,52.0,10.0,42.0,62.0,-27.5,47.5,27.5,1,1,1,-4000.0,1200.0,26.021468951913715,42.17824711125317,0.9554314253341919,0.9,-1.4785310480862854,-5.321752888746829,2024
401752938,2025,3,Texas Tech,Oregon State,45.0,14.0,31.0,59.0,-24.0,61.5,24.0,1,1,0,-2800.0,1100.0,24.19048465988813,58.108829125733855,0.8987318316770357,0.9,0.19048465988813135,-3.3911708742661446,2024
401752705,2025,3,Tennessee,Georgia,41.0,44.0,-3.0,85.0,3.5,50.5,-3.5,0,1,1,150.0,-210.0,-10.989033038588705,49.9222296442822,0.2306833673827665,0.9,-7.489033038588705,-0.5777703557178029,2024
401752949,2025,3,North Texas,Washington State,59.0,10.0,49.0,69.0,-6.5,57.5,6.5,1,1,1,-210.0,175.0,6.214804824541905,57.00413699593346,0.5389376970028379,0.9,-0.28519517545809503,-0.4958630040665426,2024
401754638,2025,3,West Virginia,Pittsburgh,31.0,24.0,7.0,55.0,7.0,55.0,-7.0,1,1,0,175.0,-210.0,-8.481550901843253,53.14410001587462,0.442604603492617,0.9,-1.4815509018432529,-1.8558999841253794,2024
401752832,2025,3,Purdue,USC,17.0,33.0,-16.0,50.0,20.5,59.0,-20.5,0,1,0,850.0,-1800.0,-12.356393191782374,60.19683233558396,0.2636153759981557,0.9,8.143606808217626,1.196832335583963,2024
401756890,2025,3,Arkansas State,Iowa State,16.0,24.0,-8.0,40.0,21.5,56.0,-21.5,0,1,0,800.0,-1600.0,-26.15458365276595,57.02867320039861,0.04200040275105337,0.9,-4.65458365276595,1.0286732003986074,2024
401752706,2025,3,Texas,UTEP,27.0,10.0,17.0,37.0,-39.5,52.0,39.5,1,0,0,,,32.114215978690375,53.81463216740526,0.9393485403087448,0.9,-7.385784021309625,1.8146321674052572,2024
401754535,2025,3,Miami,South Florida,49.0,12.0,37.0,61.0,-18.0,56.5,18.0,1,1,1,-800.0,525.0,16.506785886488608,61.068825848439076,0.7933726735345785,0.9,-1.4932141135113923,4.568825848439076,2024
401757258,2025,3,Nevada,Middle Tennessee,13.0,14.0,-1.0,27.0,-9.0,50.0,9.0,0,0,0,-350.0,275.0,7.77054671291239,51.86899551504366,0.6622764060405646,0.9,-1.22945328708761,1.8689955150436575,2024
401757256,2025,3,Bowling Green,Liberty,23.0,13.0,10.0,36.0,5.5,51.5,-5.5,1,1,0,200.0,-240.0,-5.970165583255595,55.10260073572818,0.4128625709061078,0.9,-0.47016558325559465,3.6026007357281813,2024
401757233,2025,3,Florida International,Florida Atlantic,38.0,28.0,10.0,66.0,-2.0,56.5,2.0,1,1,1,-125.0,105.0,2.6196233848607657,58.47333708939476,0.5501064128714963,0.9,0.6196233848607657,1.9733370893947608,2024
401757234,2025,3,Georgia Southern,Jacksonville State,41.0,34.0,7.0,75.0,-3.0,59.0,3.0,1,1,1,-175.0,150.0,1.3791045453978716,61.98698323874702,0.44227791031005403,0.9,-1.6208954546021284,2.9869832387470225,2024
401754536,2025,3,Virginia Tech,Old Dominion,26.0,45.0,-19.0,71.0,-5.5,51.0,5.5,0,0,1,-300.0,250.0,1.2573828322156775,49.77023538064343,0.5253475027436243,0.9,-4.2426171677843225,-1.2297646193565726,2024
401752827,2025,3,Ohio State,Ohio,37.0,9.0,28.0,46.0,-28.0,49.0,28.0,1,0,0,-20000.0,1700.0,27.027161741046143,44.38641598116497,0.9485320120064661,0.9,-0.9728382589538569,-4.613584018835027,2024
401752829,2025,3,Illinois,Western Michigan,38.0,0.0,38.0,38.0,-27.5,51.0,27.5,1,1,0,-7500.0,1400.0,32.89609636414376,47.90288535227483,0.9641855519215914,0.9,5.396096364143759,-3.0971146477251708,2024
401761607,2025,3,Southern Miss,App State,38.0,22.0,16.0,60.0,3.0,56.5,-3.0,1,1,1,-105.0,-115.0,1.6298203071794841,60.14704716499873,0.37122422730852433,0.9,4.629820307179484,3.6470471649987317,2024
401752700,2025,3,Ole Miss,Arkansas,41.0,35.0,6.0,76.0,-3.5,60.5,3.5,1,1,1,-350.0,275.0,3.086346273250613,59.19287792172641,0.6589240950685259,0.9,-0.41365372674938694,-1.3071220782735935,2024
401761604,2025,3,Coastal Carolina,East Carolina,0.0,38.0,-38.0,38.0,7.0,58.0,-7.0,0,0,0,205.0,-245.0,-11.337568940190138,59.25252042050431,0.1555206317779993,0.9,-4.337568940190138,1.252520420504311,2024
401757257,2025,3,Louisiana Tech,New Mexico State,49.0,14.0,35.0,63.0,-10.0,43.0,10.0,1,1,1,-410.0,305.0,12.103159059131197,49.382944887040146,0.7323686015865111,0.9,2.1031590591311975,6.382944887040146,2024
401752698,2025,3,Kentucky,Eastern Michigan,48.0,23.0,25.0,71.0,-27.0,49.5,27.0,1,0,1,-4000.0,1200.0,26.47978474050347,55.07743223923347,0.929133253673933,0.9,-0.5202152594965312,5.577432239233467,2024
401752830,2025,3,Iowa,Massachusetts,47.0,7.0,40.0,54.0,-35.0,44.0,35.0,1,1,1,,,39.77934963945383,43.87794976120909,0.99,0.9,4.779349639453827,-0.12205023879091215,2024
401752699,2025,3,LSU,Florida,20.0,10.0,10.0,30.0,-5.0,47.0,5.0,1,1,0,-360.0,280.0,3.4723354195475866,48.19666304589301,0.5823399883967886,0.9,-1.5276645804524134,1.1966630458930112,2024
401752707,2025,3,Notre Dame,Texas A&M,40.0,41.0,-1.0,81.0,-6.5,50.0,6.5,0,0,1,-240.0,200.0,1.6315463489825284,47.850481689765516,0.6628428562279587,0.9,-4.868453651017472,-2.149518310234484,2024
401752704,2025,3,South Carolina,Vanderbilt,7.0,31.0,-24.0,38.0,-3.0,48.5,3.0,0,0,0,-220.0,180.0,1.8797890385579057,45.68153957046624,0.6330625365741183,0.9,-1.1202109614420943,-2.818460429533758,2024
401762465,2025,3,Tulsa,Navy,23.0,42.0,-19.0,65.0,13.5,52.0,-13.5,0,0,1,450.0,-650.0,-17.63786244175202,50.51417461010281,0.201205939250123,0.9,-4.13786244175202,-1.4858253898971867,2024
401756895,2025,3,Wyoming,Utah,6.0,31.0,-25.0,37.0,24.5,47.0,-24.5,0,0,0,1000.0,-2200.0,-36.10666452346666,47.46444645223671,0.08782214662474214,0.9,-11.606664523466662,0.46444645223670733,2024
401754534,2025,3,Tulane,Duke,34.0,27.0,7.0,61.0,-1.5,52.5,1.5,1,1,1,-150.0,130.0,3.4054260669035097,56.840349760120084,0.5559474267970881,0.9,1.9054260669035097,4.340349760120084,2024
401762463,2025,3,UAB,Akron,31.0,28.0,3.0,59.0,-12.0,59.0,12.0,1,0,0,-470.0,345.0,12.890347811895328,62.99685255970293,0.787129400328282,0.9,0.8903478118953281,3.99685255970293,2024
401760368,2025,3,Utah State,Air Force,49.0,30.0,19.0,79.0,4.5,51.5,-4.5,1,1,1,155.0,-180.0,-7.355467216965126,54.78635343563882,0.34770405368939394,0.9,-2.855467216965126,3.286353435638823,2024
401754533,2025,3,Stanford,Boston College,30.0,20.0,10.0,50.0,14.0,44.5,-14.0,1,1,1,335.0,-450.0,-3.916924194634632,45.20322989235557,0.367914866883588,0.9,10.083075805365368,0.7032298923555729,2024
401756889,2025,3,Arizona State,Texas State,34.0,15.0,19.0,49.0,-18.5,61.5,18.5,1,1,0,-650.0,450.0,21.874812228649276,59.370509940242194,0.7767663786593999,0.9,3.374812228649276,-2.1294900597578064,2024
401752840,2025,3,California,Minnesota,27.0,14.0,13.0,41.0,3.0,40.5,-3.0,1,1,1,105.0,-125.0,-0.9316188021466432,40.875598735028106,0.562246443467687,0.9,2.068381197853357,0.37559873502810603,2024
401762468,2025,4,Charlotte,Rice,17.0,28.0,-11.0,45.0,2.0,42.0,-2.0,0,0,1,180.0,-220.0,-4.5043994883681275,45.04891370630772,0.4851387949020793,1.0,-2.5043994883681275,3.0489137063077223,2024
401762468,2025,4,Charlotte,Rice,17.0,28.0,-11.0,45.0,2.0,42.0,-2.0,0,0,1,180.0,-220.0,-4.5043994883681275,45.04891370630772,0.4851387949020793,1.0,-2.5043994883681275,3.0489137063077223,2024
401756900,2025,4,Oklahoma State,Tulsa,12.0,19.0,-7.0,31.0,-10.0,55.0,10.0,0,0,0,-510.0,370.0,8.249209715373373,59.904347954159604,0.6248735407323189,1.0,-1.7507902846266266,4.904347954159604,2024
401752844,2025,4,Rutgers,Iowa,28.0,38.0,-10.0,66.0,2.0,46.5,-2.0,0,0,1,105.0,-125.0,-8.00299845141937,44.67545763772777,0.2658594719525067,1.0,-6.002998451419369,-1.8245423622722328,2024
401752708,2025,4,Memphis,Arkansas,32.0,31.0,1.0,63.0,7.0,60.0,-7.0,1,1,1,195.0,-235.0,-10.110075677788863,60.31551389327036,0.2686960334741787,1.0,-3.1100756777888634,0.3155138932703565,2024
401752845,2025,4,Wisconsin,Maryland,10.0,27.0,-17.0,37.0,-10.5,44.5,10.5,0,0,0,-320.0,260.0,16.143381797404437,41.73989355816698,0.6938019246296727,1.0,5.643381797404437,-2.760106441833017,2024
401754636,2025,4,TCU,SMU,35.0,24.0,11.0,59.0,-6.5,63.5,6.5,1,1,0,-245.0,205.0,8.787833105128573,67.49029771816308,0.6798653450545188,1.0,2.2878331051285734,3.9902977181630774,2024
401754537,2025,4,Clemson,Syracuse,21.0,34.0,-13.0,55.0,-17.5,54.5,17.5,0,0,1,-850.0,550.0,20.933170333649795,52.99314844385623,0.867676251219163,1.0,3.4331703336497945,-1.506851556143772,2024
401760376,2025,4,Miami (OH),UNLV,38.0,41.0,-3.0,79.0,1.5,49.0,-1.5,0,0,1,145.0,-170.0,0.5213212659687549,49.56038562899162,0.5170585080595561,1.0,2.021321265968755,0.560385628991618,2024
401754642,2025,4,Louisville,Bowling Green,40.0,17.0,23.0,57.0,-26.5,51.0,26.5,1,0,1,-6500.0,1300.0,29.05231080687456,53.82932560351468,0.9399641041878182,1.0,2.5523108068745586,2.8293256035146825,2024
401756901,2025,4,Utah,Texas Tech,10.0,34.0,-24.0,44.0,-3.5,58.0,3.5,0,0,0,-175.0,150.0,2.8678622234113718,54.11426658364903,0.48957990220287684,1.0,-0.6321377765886282,-3.8857334163509734,2024
401762469,2025,4,Army,North Texas,38.0,45.0,-7.0,83.0,2.5,51.0,-2.5,0,0,1,-110.0,-110.0,4.301633885825877,57.46267598889073,0.5876147472624649,1.0,6.801633885825877,6.46267598889073,2024
401752715,2025,4,Tennessee,UAB,56.0,24.0,32.0,80.0,-39.0,68.5,39.0,1,0,1,,,37.78093493143218,70.87403549741,0.9743767233398415,1.0,-1.2190650685678222,2.3740354974100057,2024
401752841,2025,4,Oregon,Oregon State,41.0,7.0,34.0,48.0,-34.0,58.0,34.0,1,0,0,,,38.40129042340336,52.3842669697809,0.99,1.0,4.40129042340336,-5.615733030219097,2024
401761613,2025,4,Buffalo,Troy,17.0,21.0,-4.0,38.0,-5.5,44.0,5.5,0,0,0,-230.0,190.0,3.926472911176723,47.075597472149006,0.6391609645407617,1.0,-1.573527088823277,3.0755974721490063,2024
401754640,2025,4,UCF,North Carolina,34.0,9.0,25.0,43.0,-7.0,47.0,7.0,1,1,0,-240.0,200.0,3.2151710677693446,46.28046100253232,0.48634862453089195,1.0,-3.7848289322306554,-0.71953899746768,2024
401752846,2025,4,Nebraska,Michigan,27.0,30.0,-3.0,57.0,-1.0,47.5,1.0,0,0,1,105.0,-125.0,-0.375826312974223,51.28031163556461,0.4169259729837632,1.0,-1.375826312974223,3.7803116355646083,2024
401757262,2025,4,Liberty,James Madison,13.0,31.0,-18.0,44.0,7.5,47.0,-7.5,0,0,0,290.0,-380.0,-13.433869225119675,50.995711053570325,0.33880536917780596,1.0,-5.933869225119675,3.995711053570325,2024
401752714,2025,4,Oklahoma,Auburn,24.0,17.0,7.0,41.0,-6.5,47.5,6.5,1,1,0,-240.0,200.0,-4.934835612515476,46.15202941731982,0.4129918141434468,1.0,-11.434835612515476,-1.3479705826801833,2024
401757169,2025,4,UConn,Ball State,31.0,25.0,6.0,56.0,-21.5,54.0,21.5,1,0,1,-1400.0,750.0,22.573732775918263,56.78948401711059,0.9428275532485297,1.0,1.0737327759182627,2.7894840171105884,2024
401754541,2025,4,Florida State,Kent State,66.0,10.0,56.0,76.0,-45.0,56.0,45.0,1,1,1,,,41.25948454332815,64.55518816213981,0.9374389575321418,1.0,-3.740515456671851,8.555188162139814,2024
401762820,2025,4,Western Michigan,Toledo,14.0,13.0,1.0,27.0,13.0,48.5,-13.0,1,1,0,430.0,-625.0,-12.248517396557453,50.174153609365035,0.2696273675842749,1.0,0.7514826034425468,1.6741536093650353,2024
401752711,2025,4,Ole Miss,Tulane,45.0,10.0,35.0,55.0,-12.5,61.5,12.5,1,1,0,-470.0,345.0,13.799137803512071,62.600065817246275,0.8485405657824998,1.0,1.299137803512071,1.100065817246275,2024
401752848,2025,4,Notre Dame,Purdue,56.0,30.0,26.0,86.0,-24.5,51.5,24.5,1,1,1,-5000.0,1300.0,23.261534404833153,51.39820533547776,0.9758555930720101,1.0,-1.238465595166847,-0.10179466452223807,2024
401761610,2025,4,Eastern Michigan,Louisiana,34.0,31.0,3.0,65.0,2.5,51.0,-2.5,1,1,1,140.0,-165.0,-6.132677594062451,48.48160622764006,0.38129015068630756,1.0,-3.632677594062451,-2.5183937723599428,2024
401754538,2025,4,Duke,NC State,45.0,33.0,12.0,78.0,-3.0,57.0,3.0,1,1,1,-130.0,110.0,4.486919020389819,58.48644289825266,0.3999322405349989,1.0,1.486919020389819,1.4864428982526618,2024
401752712,2025,4,Mississippi State,Northern Illinois,38.0,10.0,28.0,48.0,-24.0,48.0,24.0,1,1,0,-1900.0,900.0,25.74434494490665,43.98560583712663,0.8571441407174691,1.0,1.7443449449066506,-4.014394162873373,2024
401754542,2025,4,Georgia Tech,Temple,45.0,24.0,21.0,69.0,-24.5,53.5,24.5,1,0,1,-2500.0,1000.0,20.940101466442314,50.24658896659174,0.9506110256147682,1.0,-3.5598985335576856,-3.2534110334082627,2024
401757261,2025,4,Kennesaw State,Arkansas State,28.0,21.0,7.0,49.0,4.5,58.0,-4.5,1,1,0,210.0,-250.0,-1.9177112686445374,70.6181078502642,0.4821078132717272,1.0,2.5822887313554626,12.618107850264195,2024
401756899,2025,4,Kansas,West Virginia,41.0,10.0,31.0,51.0,-12.5,54.0,12.5,1,1,0,-460.0,340.0,14.843619167370228,53.179492980728355,0.6565821893204628,1.0,2.3436191673702282,-0.8205070192716448,2024
401760372,2025,4,Air Force,Boise State,37.0,49.0,-12.0,86.0,11.0,52.0,-11.0,0,0,1,275.0,-350.0,-9.647965019827243,49.10703486913085,0.49490005709362006,1.0,1.352034980172757,-2.8929651308691504,2024
401757268,2025,4,Western Kentucky,Nevada,31.0,16.0,15.0,47.0,-7.5,54.5,7.5,1,1,0,-430.0,320.0,6.668606776753699,60.46227077311241,0.6425432889914707,1.0,-0.8313932232463008,5.962270773112408,2024
401752713,2025,4,Missouri,South Carolina,29.0,20.0,9.0,49.0,-10.0,48.5,10.0,1,0,1,-550.0,390.0,3.4723054914678206,46.23839001716773,0.5218219117746531,1.0,-6.527694508532179,-2.261609982832269,2024
401761611,2025,4,South Alabama,Coastal Carolina,20.0,38.0,-18.0,58.0,-15.0,51.5,15.0,0,0,1,-625.0,430.0,15.369531240714906,49.09713655112291,0.83362393420333,1.0,0.36953124071490606,-2.402863448877092,2024
401757264,2025,4,Middle Tennessee,Marshall,28.0,42.0,-14.0,70.0,2.5,46.5,-2.5,0,0,1,115.0,-135.0,0.013195249190780967,51.21321002278131,0.5092061904013339,1.0,2.513195249190781,4.713210022781311,2024
401752709,2025,4,Miami,Florida,26.0,7.0,19.0,33.0,-8.5,51.0,8.5,1,1,0,-290.0,240.0,4.133692953195224,51.2584648727027,0.6949567883666805,1.0,-4.366307046804776,0.258464872702703,2024
401752716,2025,4,Vanderbilt,Georgia State,70.0,21.0,49.0,91.0,-28.0,53.5,28.0,1,1,1,-5000.0,1300.0,28.91967698404143,53.49848549493839,0.9676141682987133,1.0,0.9196769840414305,-0.0015145050616069966,2024
401754539,2025,4,Virginia,Stanford,48.0,20.0,28.0,68.0,-15.5,48.5,15.5,1,1,1,-800.0,525.0,19.9393187308931,47.03380840377539,0.8511079907139949,1.0,4.439318730893099,-1.4661915962246113,2024
401752842,2025,4,Washington State,Washington,24.0,59.0,-35.0,83.0,21.0,52.0,-21.0,0,0,1,750.0,-1400.0,-25.571354572574613,60.54869929166776,0.06328117056845936,1.0,-4.571354572574613,8.54869929166776,2024
401756896,2025,4,Baylor,Arizona State,24.0,27.0,-3.0,51.0,-3.0,60.5,3.0,0,0,0,-130.0,110.0,-1.3440141142117756,57.136952364580914,0.4425162383009252,1.0,-4.344014114211776,-3.363047635419086,2024
401752843,2025,4,Indiana,Illinois,63.0,10.0,53.0,73.0,-6.5,51.0,6.5,1,1,1,-210.0,175.0,4.242042207792126,51.82660410546999,0.6514602151090512,1.0,-2.2579577922078737,0.8266041054699897,2024
401756898,2025,4,East Carolina,BYU,13.0,34.0,-21.0,47.0,6.5,50.0,-6.5,0,0,0,195.0,-235.0,-4.340666201965478,51.209231212020846,0.5170814044798205,1.0,2.159333798034522,1.2092312120208462,2024
401757263,2025,4,Louisiana Tech,Southern Miss,30.0,20.0,10.0,50.0,-3.0,51.5,3.0,1,1,0,-145.0,125.0,1.5721925267999382,59.05873907021554,0.684611018110008,1.0,-1.4278074732000618,7.5587390702155375,2024
401752723,2025,4,Texas,Sam Houston,55.0,0.0,55.0,55.0,-39.5,51.5,39.5,1,1,1,,,42.94517981258157,55.16955525651862,0.9804401500828896,1.0,3.4451798125815714,3.6695552565186205,2024
401757267,2025,4,UTEP,UL Monroe,25.0,31.0,-6.0,56.0,-5.0,47.0,5.0,0,0,1,-220.0,180.0,7.198515804508634,49.21946422236061,0.7160082491836645,1.0,2.1985158045086344,2.2194642223606067,2024
401760373,2025,4,Colorado State,UTSA,16.0,17.0,-1.0,33.0,5.0,58.5,-5.0,0,1,0,160.0,-185.0,-7.222762901525627,60.28893708241087,0.4200167547883103,1.0,-2.222762901525627,1.7889370824108681,2024
401756897,2025,4,Colorado,Wyoming,37.0,20.0,17.0,57.0,-12.0,46.0,12.0,1,1,1,-550.0,390.0,9.977039065840483,45.431900543646364,0.817825468951957,1.0,-2.022960934159517,-0.5680994563536359,2024
401754540,2025,4,San Diego State,California,34.0,0.0,34.0,34.0,14.0,47.0,-14.0,1,1,0,370.0,-510.0,-11.019382323529875,49.88701394136462,0.3454990363808636,1.0,2.980617676470125,2.8870139413646214,2024
401752847,2025,4,USC,Michigan State,45.0,31.0,14.0,76.0,-18.5,55.5,18.5,1,0,1,-700.0,475.0,17.85676344804801,55.53920571749647,0.8350202716752892,1.0,-0.6432365519519898,0.03920571749647195,2024
401760374,2025,4,Hawai'i,Fresno State,21.0,23.0,-2.0,44.0,2.5,47.0,-2.5,0,1,0,145.0,-170.0,-1.9344407391784288,44.61943943050061,0.42571554159460845,1.0,0.5655592608215712,-2.380560569499387,2024
401762471,2025,5,East Carolina,Army,28.0,6.0,22.0,34.0,-3.5,52.5,3.5,1,1,0,-160.0,135.0,5.606596923463519,49.86786821609268,0.6908156107178669,1.0,2.1065969234635187,-2.632131783907319,2024
401754543,2025,5,Virginia,Florida State,46.0,38.0,8.0,84.0,7.0,60.5,-7.0,1,1,1,215.0,-260.0,-0.00921487128606735,58.00161054617982,0.5369871635633496,1.0,6.990785128713933,-2.498389453820181,2024
401756902,2025,5,Arizona State,TCU,27.0,24.0,3.0,51.0,-3.0,54.5,3.0,1,0,0,-130.0,110.0,9.31496965959142,55.6582304510966,0.5912587038464209,1.0,6.314969659591419,1.1582304510965997,2024
401752939,2025,5,Oregon State,Houston,24.0,27.0,-3.0,51.0,12.5,47.5,-12.5,0,1,1,375.0,-525.0,-19.30788912425766,51.492044627805896,0.15903115088152842,1.0,-6.80788912425766,3.992044627805896,2024
401754547,2025,5,Pittsburgh,Louisville,27.0,34.0,-7.0,61.0,3.0,54.0,-3.0,0,0,1,140.0,-165.0,-3.805469180020852,51.41617493052998,0.3725460709945787,1.0,-0.805469180020852,-2.5838250694700235,2024
401761617,2025,5,North Texas,South Alabama,36.0,22.0,14.0,58.0,-13.0,63.5,13.0,1,1,0,-500.0,360.0,9.817395491706574,66.24103254137229,0.8875819626237949,1.0,-3.1826045082934264,2.7410325413722916,2024
401752849,2025,5,Minnesota,Rutgers,31.0,28.0,3.0,59.0,-4.0,51.5,4.0,1,0,1,-220.0,180.0,2.6361105338281576,47.03530154122097,0.5154173158469734,1.0,-1.3638894661718424,-4.464698458779033,2024
401752850,2025,5,Illinois,USC,34.0,32.0,2.0,66.0,6.5,62.0,-6.5,1,1,1,200.0,-240.0,-4.599508791025853,65.6300488122259,0.3053149581327765,1.0,1.900491208974147,3.630048812225894,2024
401762825,2025,5,Ohio,Bowling Green,35.0,20.0,15.0,55.0,-8.0,50.0,8.0,1,1,1,-430.0,320.0,4.879690738184539,54.259785188815094,0.5647962122694755,1.0,-3.1203092618154606,4.259785188815094,2024
401754546,2025,5,Wake Forest,Georgia Tech,29.0,30.0,-1.0,59.0,13.0,53.0,-13.0,0,1,1,460.0,-675.0,-9.428589765840425,55.30207035067098,0.32544251625364085,1.0,3.5714102341595755,2.3020703506709808,2024
401754545,2025,5,Syracuse,Duke,3.0,38.0,-35.0,41.0,4.5,59.5,-4.5,0,0,0,180.0,-220.0,-3.139616290100649,62.16036579341294,0.5269545105551714,1.0,1.360383709899351,2.660365793412943,2024
401756906,2025,5,Kansas State,UCF,34.0,20.0,14.0,54.0,-6.0,48.5,6.0,1,1,1,-220.0,180.0,9.280073361079488,45.69427339664404,0.6410813980563796,1.0,3.280073361079488,-2.805726603355957,2024
401756905,2025,5,Kansas,Cincinnati,34.0,37.0,-3.0,71.0,-5.5,56.0,5.5,0,0,1,-225.0,185.0,5.107429808720103,61.04273268491353,0.5268879619230906,1.0,-0.3925701912798969,5.042732684913531,2024
401752717,2025,5,Arkansas,Notre Dame,13.0,56.0,-43.0,69.0,5.0,63.5,-5.0,0,0,1,185.0,-225.0,-3.7066119013631904,63.27070214992514,0.3557700482323894,1.0,1.2933880986368096,-0.22929785007485748,2024
401752725,2025,5,Vanderbilt,Utah State,55.0,35.0,20.0,90.0,-23.0,57.5,23.0,1,0,1,-2000.0,950.0,22.069491358365383,55.13025652133288,0.9540706831073005,1.0,-0.9305086416346171,-2.369743478667118,2024
401762826,2025,5,Central Michigan,Eastern Michigan,24.0,13.0,11.0,37.0,-3.0,54.5,3.0,1,1,0,-220.0,180.0,2.730816785847158,54.5411426440169,0.36123842513353366,1.0,-0.2691832141528421,0.04114264401690093,2024
401761614,2025,5,James Madison,Georgia Southern,35.0,10.0,25.0,45.0,-15.0,54.5,15.0,1,1,0,-850.0,550.0,13.28947994964945,56.495141615735236,0.7549817951550329,1.0,-1.7105200503505493,1.9951416157352355,2024
401761616,2025,5,UL Monroe,Arkansas State,28.0,16.0,12.0,44.0,-1.5,55.5,1.5,1,1,0,-175.0,150.0,-1.1166533256793576,52.45779579678596,0.35895659626582405,1.0,-2.6166533256793576,-3.042204203214041,2024
401756908,2025,5,West Virginia,Utah,14.0,48.0,-34.0,62.0,13.5,47.0,-13.5,0,0,1,290.0,-380.0,-9.959098849574834,52.40191222129521,0.41383602033186034,1.0,3.5409011504251655,5.401912221295213,2024
401757170,2025,5,Buffalo,UConn,17.0,20.0,-3.0,37.0,3.0,51.0,-3.0,0,0,0,120.0,-140.0,-2.895428790262683,51.54045479540251,0.37168341761196394,1.0,0.10457120973731682,0.5404547954025105,2024
401752852,2025,5,Washington,Ohio State,6.0,24.0,-18.0,30.0,9.0,53.5,-9.0,0,0,0,260.0,-320.0,-10.566202813155256,55.910497028342235,0.3700217266081006,1.0,-1.5662028131552557,2.4104970283422347,2024
401752851,2025,5,Northwestern,UCLA,17.0,14.0,3.0,31.0,-6.0,46.0,6.0,1,0,0,-220.0,190.0,3.763816394269444,50.104662411194006,0.4611491357372071,1.0,-2.236183605730556,4.104662411194006,2024
401754544,2025,5,Boston College,California,24.0,28.0,-4.0,52.0,-6.0,53.5,6.0,0,0,0,-225.0,185.0,10.567011601208247,53.45209897752443,0.7496677407711753,1.0,4.567011601208247,-0.04790102247557115,2024
401756907,2025,5,Oklahoma State,Baylor,27.0,45.0,-18.0,72.0,21.0,59.0,-21.0,0,1,1,775.0,-1500.0,-20.10567027894097,60.39262260177249,0.05097354508037129,1.0,0.8943297210590302,1.3926226017724872,2024
401760380,2025,5,Northern Illinois,San Diego State,3.0,6.0,-3.0,9.0,2.0,42.0,-2.0,0,0,0,125.0,-145.0,-1.7832836004730317,40.088360147535234,0.4398295150954678,1.0,0.2167163995269683,-1.9116398524647664,2024
401762473,2025,5,Navy,Rice,21.0,13.0,8.0,34.0,-14.0,46.0,14.0,1,0,0,-625.0,430.0,15.970273668809837,51.9353329797907,0.8711128349806638,1.0,1.9702736688098366,5.935332979790701,2024
401752724,2025,5,Texas A&M,Auburn,16.0,10.0,6.0,26.0,-6.5,51.5,6.5,1,0,0,-240.0,200.0,4.796851463357686,53.52388087329039,0.5522542055894791,1.0,-1.7031485366423142,2.0238808732903877,2024
401752719,2025,5,Ole Miss,LSU,24.0,19.0,5.0,43.0,-2.5,58.0,2.5,1,1,0,-125.0,105.0,2.4888444689280496,54.943596036236215,0.5636581573519296,1.0,-0.011155531071950442,-3.0564039637637848,2024
401762824,2025,5,Toledo,Akron,45.0,3.0,42.0,48.0,-21.0,50.0,21.0,1,1,0,-1800.0,850.0,17.03703936355847,51.60239187356553,0.9312965238979292,1.0,-3.9629606364415295,1.60239187356553,2024
401752853,2025,5,Iowa,Indiana,15.0,20.0,-5.0,35.0,9.5,47.5,-9.5,0,1,0,240.0,-290.0,-11.360610443688635,48.80952353586054,0.28048533804762754,1.0,-1.8606104436886355,1.3095235358605422,2024
401760378,2025,5,Air Force,Hawai'i,35.0,44.0,-9.0,79.0,-7.0,52.0,7.0,0,0,1,-210.0,175.0,11.174824636336062,56.19224698016524,0.6163726710492557,1.0,4.174824636336062,4.192246980165237,2024
401757274,2025,5,New Mexico,New Mexico State,38.0,20.0,18.0,58.0,-16.5,53.5,16.5,1,1,1,-575.0,400.0,13.771872203627938,57.063110178039494,0.7957639089076902,1.0,-2.7281277963720623,3.5631101780394943,2024
401762474,2025,5,Tulsa,Tulane,14.0,31.0,-17.0,45.0,14.5,52.0,-14.5,0,0,0,390.0,-550.0,-15.395896791342851,58.75713304908167,0.1239513383818043,1.0,-0.8958967913428513,6.7571330490816734,2024
401752720,2025,5,Mississippi State,Tennessee,34.0,41.0,-7.0,75.0,7.5,63.5,-7.5,0,1,1,235.0,-285.0,-3.885684578128651,65.289195063397,0.5118969458012528,1.0,3.614315421871349,1.7891950633970026,2024
401757271,2025,5,Old Dominion,Liberty,21.0,7.0,14.0,28.0,-14.5,53.5,14.5,1,0,0,-650.0,450.0,11.764948822942976,58.86775427218088,0.651916334661353,1.0,-2.7350511770570236,5.367754272180882,2024
401757270,2025,5,Kennesaw State,Middle Tennessee,24.0,16.0,8.0,40.0,-7.0,53.5,7.0,1,1,0,-230.0,190.0,7.122470563611082,57.98605847298891,0.5884098886721794,1.0,0.1224705636110821,4.486058472988908,2024
401754548,2025,5,NC State,Virginia Tech,21.0,23.0,-2.0,44.0,-10.0,57.5,10.0,0,0,0,-410.0,305.0,5.68068298781877,56.8653470102432,0.6364655368504926,1.0,-4.31931701218123,-0.6346529897568018,2024
401757269,2025,5,Southern Miss,Jacksonville State,42.0,25.0,17.0,67.0,-4.5,56.0,4.5,1,1,1,-185.0,160.0,9.190978981271858,60.934505859967764,0.4962119481764372,1.0,4.690978981271858,4.934505859967764,2024
401762472,2025,5,Florida Atlantic,Memphis,26.0,55.0,-29.0,81.0,14.0,63.0,-14.0,0,0,1,410.0,-585.0,-16.47912520045272,67.10816091945871,0.14304197071176233,1.0,-2.479125200452721,4.108160919458712,2024
401756904,2025,5,Iowa State,Arizona,39.0,14.0,25.0,53.0,-3.5,48.5,3.5,1,1,1,-220.0,180.0,4.65298001867194,51.208856534701894,0.7077442219956307,1.0,1.1529800186719399,2.7088565347018942,2024
401752854,2025,5,Penn State,Oregon,24.0,30.0,-6.0,54.0,-4.0,53.0,4.0,0,0,1,-160.0,135.0,-1.9588609226169869,54.166476809591266,0.5143626030699059,1.0,-5.958860922616987,1.1664768095912663,2024
401754549,2025,5,Stanford,San José State,30.0,29.0,1.0,59.0,-3.0,50.0,3.0,1,0,1,-125.0,105.0,3.7046277986535774,54.58015652931561,0.5631004921751179,1.0,0.7046277986535774,4.580156529315609,2024
401752718,2025,5,Georgia,Alabama,21.0,24.0,-3.0,45.0,-2.0,54.0,2.0,0,0,0,-160.0,135.0,-0.567421703410774,58.2314088442979,0.4457367577590539,1.0,-2.567421703410774,4.231408844297903,2024
401760379,2025,5,Boise State,App State,47.0,14.0,33.0,61.0,-16.5,59.5,16.5,1,1,1,-850.0,550.0,28.282795696574745,57.51717703185603,0.9576759578098453,1.0,11.782795696574745,-1.9828229681439709,2024
401752721,2025,5,Missouri,Massachusetts,42.0,6.0,36.0,48.0,-44.5,57.0,44.5,1,0,0,,,50.83175907428627,56.571534313112856,0.99,1.0,6.331759074286268,-0.4284656868871437,2024
401752950,2025,5,Colorado State,Washington State,3.0,20.0,-17.0,23.0,-4.5,48.5,4.5,0,0,0,-200.0,170.0,-0.5626056769530505,46.43311447841761,0.5372891278795049,1.0,-5.0626056769530505,-2.0668855215823925,2024
401752722,2025,5,South Carolina,Kentucky,35.0,13.0,22.0,48.0,-5.0,47.0,5.0,1,1,1,-225.0,185.0,6.726794488833304,48.56610043091143,0.7036764259092502,1.0,1.7267944888333044,1.5661004309114333,2024
401761615,2025,5,Louisiana,Marshall,54.0,51.0,3.0,105.0,2.5,48.0,-2.5,1,1,1,-130.0,110.0,0.1622344672005891,50.2935356806128,0.5003513642974347,1.0,2.662234467200589,2.2935356806127984,2024
401757272,2025,5,UTEP,Louisiana Tech,11.0,30.0,-19.0,41.0,3.5,48.0,-3.5,0,0,0,140.0,-165.0,-4.3982831038686445,49.437327734537604,0.3054426455637519,1.0,-0.8982831038686445,1.4373277345376039,2024
401756903,2025,5,Colorado,BYU,21.0,24.0,-3.0,45.0,6.5,49.0,-6.5,0,1,0,190.0,-230.0,-6.623542812311736,44.055714363290384,0.47170028029458333,1.0,-0.1235428123117357,-4.9442856367096155,2024
401757275,2025,6,New Mexico State,Sam Houston,37.0,10.0,27.0,47.0,2.0,52.0,-2.0,1,1,0,100.0,-120.0,-6.26114253295699,50.98882869374394,0.437261493376361,1.0,-4.26114253295699,-1.0111713062560597,2024
401762475,2025,6,South Florida,Charlotte,54.0,26.0,28.0,80.0,-28.0,55.5,28.0,1,0,1,-6500.0,1300.0,31.258359427811477,59.27103327493028,0.9562723071352508,1.0,3.2583594278114774,3.771033274930282,2024
401762475,2025,6,South Florida,Charlotte,54.0,26.0,28.0,80.0,-28.0,55.5,28.0,1,0,1,-6500.0,1300.0,31.258359427811477,59.27103327493028,0.9562723071352508,1.0,3.2583594278114774,3.771033274930282,2024
401760384,2025,6,San José State,New Mexico,35.0,28.0,7.0,63.0,-2.0,59.5,2.0,1,1,1,-140.0,120.0,-0.8676061008084495,62.69027986977678,0.39241985559593107,1.0,-2.8676061008084495,3.1902798697767807,2024
401756909,2025,6,BYU,West Virginia,38.0,24.0,14.0,62.0,-20.0,47.0,20.0,1,0,1,-1200.0,700.0,22.85744902303845,47.84402645512793,0.9135861158012175,1.0,2.8574490230384484,0.8440264551279313,2024
401760382,2025,6,San Diego State,Colorado State,45.0,24.0,21.0,69.0,-4.5,40.5,4.5,1,1,1,-200.0,170.0,4.329449238166228,42.8317153972297,0.6707966392229975,1.0,-0.1705507618337716,2.3317153972297007,2024
401754552,2025,6,North Carolina,Clemson,10.0,38.0,-28.0,48.0,14.5,48.0,-14.5,0,0,0,390.0,-550.0,-15.823074376488098,48.76389011767026,0.1315714370031694,1.0,-1.3230743764880977,0.7638901176702575,2024
401752861,2025,6,Purdue,Illinois,27.0,43.0,-16.0,70.0,7.0,54.5,-7.0,0,0,1,295.0,-390.0,-16.80972779058996,60.38554486009599,0.13886845349342106,1.0,-9.80972779058996,5.88554486009599,2024
401752856,2025,6,Michigan,Wisconsin,24.0,10.0,14.0,34.0,-17.0,42.5,17.0,1,0,0,-850.0,550.0,18.136961594102516,44.17503135189576,0.8868807282684266,1.0,1.136961594102516,1.6750313518957611,2024
401754550,2025,6,Pittsburgh,Boston College,48.0,7.0,41.0,55.0,-6.5,55.0,6.5,1,1,0,-240.0,200.0,9.652051192075582,53.40981651741239,0.7000457772562618,1.0,3.1520511920755823,-1.5901834825876122,2024
401762830,2025,6,Ball State,Ohio,20.0,14.0,6.0,34.0,14.0,51.5,-14.0,1,1,0,500.0,-750.0,-14.726682662488443,52.31667779823939,0.16176446794686788,1.0,-0.726682662488443,0.8166777982393896,2024
401760381,2025,6,Navy,Air Force,34.0,31.0,3.0,65.0,-13.5,51.0,13.5,1,0,1,-370.0,285.0,15.499113620799765,53.34939587083279,0.74847866928753,1.0,1.9991136207997648,2.3493958708327867,2024
401762476,2025,6,UAB,Army,13.0,31.0,-18.0,44.0,6.5,55.5,-6.5,0,0,0,220.0,-270.0,-8.234388303338292,57.4966679224337,0.425741701824792,1.0,-1.7343883033382923,1.9966679224337014,2024
401752728,2025,6,Georgia,Kentucky,35.0,14.0,21.0,49.0,-20.0,49.0,20.0,1,1,0,-1800.0,850.0,17.717767149238263,51.255540083104265,0.949517142693957,1.0,-2.282232850761737,2.2555400831042647,2024
401756912,2025,6,Cincinnati,Iowa State,38.0,30.0,8.0,68.0,-2.0,55.5,2.0,1,1,1,-115.0,-105.0,4.874218495606156,55.24820278606678,0.5120777791468386,1.0,2.874218495606156,-0.25179721393322296,2024
401756911,2025,6,Baylor,Kansas State,35.0,34.0,1.0,69.0,-5.0,60.0,5.0,1,0,1,-240.0,200.0,3.5186193668148773,56.21572149805123,0.6006782973321872,1.0,-1.4813806331851227,-3.7842785019487692,2024
401754556,2025,6,Virginia Tech,Wake Forest,23.0,30.0,-7.0,53.0,-6.0,51.0,6.0,0,0,1,-220.0,180.0,10.706980699203719,49.28935179245622,0.7041532057631698,1.0,4.706980699203719,-1.7106482075437768,2024
401762479,2025,6,Temple,UTSA,27.0,21.0,6.0,48.0,6.5,58.5,-6.5,1,1,0,190.0,-230.0,-4.766039534169449,61.46427175634404,0.5727819596966373,1.0,1.7339604658305507,2.96427175634404,2024
401762832,2025,6,Massachusetts,Western Michigan,3.0,21.0,-18.0,24.0,12.0,46.5,-12.0,0,0,0,340.0,-460.0,-13.738936017947722,50.837058380034065,0.2824425265467718,1.0,-1.7389360179477222,4.337058380034065,2024
401756910,2025,6,Arizona,Oklahoma State,41.0,13.0,28.0,54.0,-21.5,56.5,21.5,1,1,0,-1100.0,650.0,27.345006318233942,56.16288170388774,0.914687139630262,1.0,5.845006318233942,-0.3371182961122585,2024
401754554,2025,6,Louisville,Virginia,27.0,30.0,-3.0,57.0,-6.5,60.0,6.5,0,0,0,-225.0,185.0,7.062130084182442,58.01469610009007,0.7444671783910488,1.0,0.5621300841824421,-1.9853038999099297,2024
401762873,2025,6,Northern Illinois,Miami (OH),14.0,25.0,-11.0,39.0,5.0,37.5,-5.0,0,0,1,165.0,-195.0,-7.020423746468223,36.47761583513565,0.362061243527588,1.0,-2.0204237464682233,-1.0223841648643486,2024
401752858,2025,6,Northwestern,UL Monroe,42.0,7.0,35.0,49.0,-12.5,43.0,12.5,1,1,1,-435.0,325.0,13.658510997279345,45.75867540319761,0.9602220648507995,1.0,1.158510997279345,2.758675403197607,2024
401757171,2025,6,UConn,Florida International,51.0,10.0,41.0,61.0,-7.0,52.0,7.0,1,1,1,-320.0,260.0,6.945984278581926,52.101025881671916,0.7448233184136575,1.0,-0.054015721418074314,0.10102588167191584,2024
401762831,2025,6,Buffalo,Eastern Michigan,31.0,30.0,1.0,61.0,-9.5,53.5,9.5,1,0,1,-350.0,275.0,6.302333132861373,53.23903626364788,0.588056690577627,1.0,-3.1976668671386266,-0.26096373635211734,2024
401752857,2025,6,Maryland,Washington,20.0,24.0,-4.0,44.0,5.5,52.0,-5.5,0,1,0,185.0,-225.0,-7.23735663647199,49.44628973968697,0.4303343522692892,1.0,-1.73735663647199,-2.553710260313032,2024
401754555,2025,6,SMU,Syracuse,31.0,18.0,13.0,49.0,-17.5,57.0,17.5,1,0,0,-750.0,500.0,24.11265119649363,57.52114585291855,0.8995851524045211,1.0,6.61265119649363,0.5211458529185506,2024
401752726,2025,6,Alabama,Vanderbilt,30.0,14.0,16.0,44.0,-13.5,57.5,13.5,1,1,0,-430.0,320.0,14.344276568872825,53.69746355982516,0.7449427820775518,1.0,0.8442765688728251,-3.8025364401748405,2024
401762829,2025,6,Akron,Central Michigan,28.0,22.0,6.0,50.0,7.5,47.5,-7.5,1,1,1,210.0,-250.0,-3.1491530587504153,43.49380517974045,0.47709908349565955,1.0,4.350846941249585,-4.006194820259552,2024
401752727,2025,6,Florida,Texas,29.0,21.0,8.0,50.0,4.5,42.5,-4.5,1,1,1,220.0,-270.0,-2.61599032992614,40.36613541552937,0.34917954272093754,1.0,1.8840096700738602,-2.133864584470629,2024
401757165,2025,6,Notre Dame,Boise State,28.0,7.0,21.0,35.0,-21.5,63.0,21.5,1,0,0,-950.0,600.0,23.521496959220478,61.52759505587365,0.957827098842482,1.0,2.021496959220478,-1.4724049441263531,2024
401752940,2025,6,App State,Oregon State,27.0,23.0,4.0,50.0,-2.0,53.5,2.0,1,1,0,100.0,-120.0,-4.220373568967245,54.81423540089859,0.3193850847989104,1.0,-6.220373568967245,1.314235400898589,2024
401752855,2025,6,UCLA,Penn State,42.0,37.0,5.0,79.0,24.5,48.0,-24.5,1,1,1,1100.0,-3500.0,-24.48586026804214,48.795809738513086,0.03553504273477216,1.0,0.014139731957861557,0.7958097385130856,2024
401761618,2025,6,Georgia State,James Madison,7.0,14.0,-7.0,21.0,20.0,53.0,-20.0,0,1,0,725.0,-1300.0,-23.657517666021512,61.19301553049077,0.09790228665285702,1.0,-3.657517666021512,8.193015530490769,2024
401761620,2025,6,Arkansas State,Texas State,31.0,30.0,1.0,61.0,14.0,63.5,-14.0,1,1,0,360.0,-500.0,-7.374422335471704,67.63301395748222,0.4011284582744096,1.0,6.625577664528296,4.13301395748222,2024
401752729,2025,6,Oklahoma,Kent State,44.0,0.0,44.0,44.0,-46.5,54.0,46.5,1,0,0,,,50.36676301205627,55.337819091138506,0.99,1.0,3.8667630120562677,1.3378190911385062,2024
401752860,2025,6,Nebraska,Michigan State,38.0,27.0,11.0,65.0,-13.5,48.5,13.5,1,0,1,-410.0,305.0,17.241708396721315,45.38846364216235,0.8177600327569067,1.0,3.7417083967213145,-3.1115363578376503,2024
401761619,2025,6,Old Dominion,Coastal Carolina,47.0,7.0,40.0,54.0,-20.0,53.0,20.0,1,1,1,-950.0,600.0,19.284568566794437,57.59431617958083,0.7618692158910807,1.0,-0.7154314332055627,4.594316179580829,2024
401760385,2025,6,Wyoming,UNLV,17.0,31.0,-14.0,48.0,4.0,51.0,-4.0,0,0,0,190.0,-230.0,-6.399717147600759,54.850369661516034,0.4184382439551738,1.0,-2.399717147600759,3.8503696615160337,2024
401761621,2025,6,Troy,South Alabama,31.0,24.0,7.0,55.0,2.5,47.0,-2.5,1,1,1,-135.0,115.0,-7.107263898137797,45.29567834598847,0.6054466919833764,1.0,-4.607263898137797,-1.7043216540115296,2024
401762477,2025,6,Rice,Florida Atlantic,21.0,27.0,-6.0,48.0,-5.0,55.0,5.0,0,0,0,-185.0,160.0,9.572356091283085,56.1576322990694,0.6473815174641483,1.0,4.572356091283085,1.1576322990693981,2024
401756913,2025,6,Houston,Texas Tech,11.0,35.0,-24.0,46.0,13.0,51.5,-13.0,0,0,0,355.0,-490.0,-12.988493892493587,49.54867481521805,0.35307116249255394,1.0,0.011506107506413343,-1.9513251847819504,2024
401756915,2025,6,UCF,Kansas,20.0,27.0,-7.0,47.0,4.0,54.0,-4.0,0,0,0,160.0,-185.0,-5.933211006285567,54.87033685041037,0.35574039339485575,1.0,-1.9332110062855667,0.8703368504103679,2024
401752859,2025,6,Ohio State,Minnesota,42.0,3.0,39.0,45.0,-23.5,42.0,23.5,1,1,1,-2800.0,1100.0,20.71686058367294,43.97002296162962,0.9357488656300099,1.0,-2.78313941632706,1.970022961629617,2024
401754553,2025,6,Florida State,Miami,22.0,28.0,-6.0,50.0,3.5,54.5,-3.5,0,0,0,175.0,-210.0,0.5303964454428858,51.007869834371405,0.4457415095521245,1.0,4.030396445442886,-3.492130165628595,2024
401756914,2025,6,TCU,Colorado,35.0,21.0,14.0,56.0,-13.5,57.0,13.5,1,1,0,-650.0,450.0,14.506676295957504,50.8604732775372,0.8586951331113519,1.0,1.0066762959575044,-6.139526722462797,2024
401752730,2025,6,Texas A&M,Mississippi State,31.0,9.0,22.0,40.0,-17.5,56.5,17.5,1,1,0,-600.0,425.0,17.89364166016154,56.1169876478352,0.8347175617681138,1.0,0.39364166016153845,-0.3830123521647977,2024
401762478,2025,6,Memphis,Tulsa,45.0,7.0,38.0,52.0,-21.0,54.5,21.0,1,1,0,-1600.0,800.0,15.524245609836262,55.80692189819275,0.8782093300732863,1.0,-5.475754390163738,1.3069218981927477,2024
401760383,2025,6,Fresno State,Nevada,20.0,17.0,3.0,37.0,-11.5,45.5,11.5,1,0,0,-500.0,360.0,9.097957006633116,48.68380045974777,0.6977615004666692,1.0,-2.4020429933668836,3.183800459747772,2024
401754551,2025,6,California,Duke,21.0,45.0,-24.0,66.0,3.5,54.5,-3.5,0,0,1,125.0,-145.0,-5.875530470578296,56.91527106072609,0.29484744420028575,1.0,-2.375530470578296,2.4152710607260914,2024
401757277,2025,7,UTEP,Liberty,8.0,19.0,-11.0,27.0,2.0,46.5,-2.0,0,0,0,120.0,-140.0,-2.620873639379171,48.160431572439144,0.44275944257010036,1.0,-0.620873639379171,1.660431572439144,2024
401757280,2025,7,Kennesaw State,Louisiana Tech,35.0,7.0,28.0,42.0,4.5,46.5,-4.5,1,1,0,215.0,-260.0,4.547559327167077,47.0957121902546,0.33468185638713155,1.0,9.047559327167077,0.5957121902546021,2024
401762480,2025,7,Tulane,East Carolina,26.0,19.0,7.0,45.0,-7.0,53.5,7.0,1,0,0,-250.0,210.0,6.445367437352035,55.57975640736607,0.6776959080405992,1.0,-0.5546325626479653,2.0797564073660695,2024
401761622,2025,7,Georgia Southern,Southern Miss,35.0,38.0,-3.0,73.0,3.0,60.0,-3.0,0,0,1,115.0,-135.0,-3.3939621042082933,58.62389063460012,0.3982551886524646,1.0,-0.39396210420829325,-1.376109365399877,2024
401757279,2025,7,Sam Houston,Jacksonville State,27.0,29.0,-2.0,56.0,7.0,54.0,-7.0,0,1,1,280.0,-360.0,-5.2535501536842775,50.23671846831001,0.2957954450833266,1.0,1.7464498463157225,-3.763281531689991,2024
401762481,2025,7,North Texas,South Florida,36.0,63.0,-27.0,99.0,-2.5,68.5,2.5,0,0,1,-125.0,105.0,3.0660849947219146,70.34684563303936,0.5904344832254662,1.0,0.5660849947219146,1.846845633039365,2024
401760388,2025,7,Colorado State,Fresno State,49.0,21.0,28.0,70.0,6.0,47.5,-6.0,1,1,1,185.0,-225.0,-8.019300089702119,48.38214788600197,0.29466783531744195,1.0,-2.019300089702119,0.8821478860019667,2024
401752862,2025,7,Washington,Rutgers,38.0,19.0,19.0,57.0,-9.5,62.0,9.5,1,1,0,-360.0,280.0,10.197491501416682,61.874350456925775,0.5930498886242164,1.0,0.6974915014166818,-0.12564954307422482,2024
401762483,2025,7,Army,Charlotte,24.0,7.0,17.0,31.0,-17.5,45.5,17.5,1,0,0,-900.0,575.0,26.157584639952947,55.09959345929679,0.9525701550299135,1.0,8.657584639952947,9.599593459296791,2024
401762483,2025,7,Army,Charlotte,24.0,7.0,17.0,31.0,-17.5,45.5,17.5,1,0,0,-900.0,575.0,26.157584639952947,55.09959345929679,0.9525701550299135,1.0,8.657584639952947,9.599593459296791,2024
401761625,2025,7,James Madison,Louisiana,24.0,14.0,10.0,38.0,-18.5,45.0,18.5,1,0,0,-850.0,550.0,18.393304668688028,45.29570199256532,0.8731611896771643,1.0,-0.10669533131197184,0.2957019925653199,2024
401754559,2025,7,Florida State,Pittsburgh,31.0,34.0,-3.0,65.0,-10.5,57.0,10.5,0,0,1,-360.0,280.0,12.273370318328377,58.525594321294626,0.6392233341118458,1.0,1.7733703183283769,1.5255943212946264,2024
401756917,2025,7,Cincinnati,UCF,20.0,11.0,9.0,31.0,-10.5,55.5,10.5,1,0,0,-410.0,305.0,15.048502488077114,56.26220250963066,0.6410010898319768,1.0,4.548502488077114,0.7622025096306615,2024
401752865,2025,7,Illinois,Ohio State,16.0,34.0,-18.0,50.0,15.0,51.0,-15.0,0,0,0,475.0,-700.0,-9.498444805849646,47.99460158862427,0.2620401094711756,1.0,5.501555194150354,-3.0053984113757295,2024
401756920,2025,7,Oklahoma State,Houston,17.0,39.0,-22.0,56.0,14.5,48.0,-14.5,0,0,1,410.0,-585.0,-18.684198888607668,48.87432456555821,0.13298811264355584,1.0,-4.184198888607668,0.8743245655582115,2024
401752863,2025,7,Michigan State,UCLA,13.0,38.0,-25.0,51.0,-7.0,52.0,7.0,0,0,0,-290.0,240.0,20.60825080698882,52.467476373494186,0.8818036352765459,1.0,13.60825080698882,0.46747637349418625,2024
401752734,2025,7,Missouri,Alabama,24.0,27.0,-3.0,51.0,3.0,52.0,-3.0,0,0,0,160.0,-185.0,3.760385907259404,51.52012913917431,0.515236007438608,1.0,6.760385907259404,-0.47987086082569164,2024
401762833,2025,7,Akron,Miami (OH),7.0,20.0,-13.0,27.0,12.0,47.5,-12.0,0,0,0,290.0,-380.0,-12.712969417120132,45.20767091787106,0.1457042187739627,1.0,-0.7129694171201315,-2.292329082128937,2024
401762835,2025,7,Bowling Green,Toledo,28.0,23.0,5.0,51.0,11.0,46.0,-11.0,1,1,1,275.0,-350.0,-15.229220684869194,46.59777175641959,0.22195517576555443,1.0,-4.229220684869194,0.5977717564195899,2024
401754561,2025,7,SMU,Stanford,34.0,10.0,24.0,44.0,-19.5,55.5,19.5,1,1,0,-1000.0,625.0,21.339922746504218,52.62819090733514,0.8426848913672098,1.0,1.839922746504218,-2.8718090926648614,2024
401752733,2025,7,Ole Miss,Washington State,24.0,21.0,3.0,45.0,-33.0,58.5,33.0,1,0,0,,,33.95910069669252,55.96213848751924,0.9755747368128406,1.0,0.9591006966925235,-2.5378615124807595,2024
401762836,2025,7,Eastern Michigan,Northern Illinois,16.0,10.0,6.0,26.0,1.5,48.0,-1.5,1,1,0,100.0,-120.0,0.25764221007889887,49.04838725496123,0.5253833301691819,1.0,1.7576422100788989,1.0483872549612272,2024
401762837,2025,7,Kent State,Massachusetts,42.0,6.0,36.0,48.0,-1.0,50.0,1.0,1,1,0,-135.0,115.0,6.037179545092134,59.10515172526219,0.5956276402029194,1.0,5.037179545092134,9.10515172526219,2024
401754562,2025,7,Notre Dame,NC State,36.0,7.0,29.0,43.0,-23.5,59.5,23.5,1,1,0,-2000.0,950.0,21.365484783366306,54.961122581774205,0.9776724783261723,1.0,-2.1345152166336945,-4.538877418225795,2024
401762834,2025,7,Western Michigan,Ball State,42.0,0.0,42.0,42.0,-9.5,43.0,9.5,1,1,0,-350.0,275.0,12.71699353599459,40.09062084351773,0.7237656531587591,1.0,3.2169935359945896,-2.9093791564822666,2024
401752867,2025,7,Maryland,Nebraska,31.0,34.0,-3.0,65.0,7.0,47.0,-7.0,0,1,1,170.0,-200.0,-7.5804864950977535,47.82911863805046,0.37795133296303557,1.0,-0.5804864950977535,0.8291186380504598,2024
401756919,2025,7,Kansas State,TCU,41.0,28.0,13.0,69.0,3.0,54.5,-3.0,1,1,1,100.0,-120.0,1.8802470406864344,53.47359574834453,0.5002781776253625,1.0,4.8802470406864344,-1.026404251655471,2024
401760386,2025,7,UNLV,Air Force,51.0,48.0,3.0,99.0,-7.0,65.5,7.0,1,0,1,-270.0,220.0,6.892043187595788,66.20110561469431,0.7317240941963683,1.0,-0.10795681240421207,0.7011056146943133,2024
401752870,2025,7,Oregon,Indiana,20.0,30.0,-10.0,50.0,-6.5,51.0,6.5,0,0,0,-310.0,255.0,6.04173329391276,52.560625262363196,0.689248519746815,1.0,-0.4582667060872403,1.560625262363196,2024
401752866,2025,7,Penn State,Northwestern,21.0,22.0,-1.0,43.0,-20.5,46.5,20.5,0,0,0,-1600.0,800.0,21.763673655013367,48.128245537487345,0.9797917780862943,1.0,1.263673655013367,1.628245537487345,2024
401752736,2025,7,Texas,Oklahoma,23.0,6.0,17.0,29.0,-2.5,44.5,2.5,1,1,0,-145.0,125.0,0.37752209662263336,38.348163329265496,0.6330943980641073,1.0,-2.1224779033773666,-6.151836670734504,2024
401754563,2025,7,Oregon State,Wake Forest,14.0,39.0,-25.0,53.0,1.5,48.0,-1.5,0,0,1,110.0,-130.0,-3.409206962724141,46.835730135173286,0.32386899920624623,1.0,-1.909206962724141,-1.1642698648267142,2024
401761624,2025,7,Georgia State,App State,20.0,41.0,-21.0,61.0,3.0,55.5,-3.0,0,0,1,130.0,-150.0,-4.131106948766995,60.47662089936173,0.5019598391355402,1.0,-1.1311069487669947,4.976620899361727,2024
401754560,2025,7,Georgia Tech,Virginia Tech,35.0,20.0,15.0,55.0,-14.0,55.5,14.0,1,1,0,-675.0,460.0,17.966816713162608,57.60447734716654,0.8884725409399868,1.0,3.9668167131626078,2.1044773471665366,2024
401756918,2025,7,Colorado,Iowa State,24.0,17.0,7.0,41.0,3.0,52.5,-3.0,1,1,0,175.0,-210.0,-5.20698700835165,50.396931334915344,0.27264311630131366,1.0,-2.20698700835165,-2.103068665084656,2024
401761626,2025,7,Marshall,Old Dominion,48.0,24.0,24.0,72.0,14.5,57.5,-14.5,1,1,1,410.0,-585.0,-17.382241076318554,59.27113018003674,0.2847567833079299,1.0,-2.8822410763185538,1.7711301800367423,2024
401762484,2025,7,Temple,Navy,31.0,32.0,-1.0,63.0,10.0,52.5,-10.0,0,1,1,240.0,-290.0,-13.833259682701497,53.36899616957508,0.30305510586203305,1.0,-3.833259682701497,0.8689961695750767,2024
401752735,2025,7,Tennessee,Arkansas,34.0,31.0,3.0,65.0,-10.0,68.5,10.0,1,0,0,-500.0,360.0,12.2739921435132,68.41646118500276,0.7705489081075593,1.0,2.2739921435131993,-0.08353881499724025,2024
401762482,2025,7,Florida Atlantic,UAB,53.0,33.0,20.0,86.0,-4.5,66.0,4.5,1,1,1,-200.0,170.0,1.9480085123250732,65.02101209576487,0.4772349927143176,1.0,-2.551991487674927,-0.9789879042351259,2024
401752869,2025,7,Wisconsin,Iowa,0.0,37.0,-37.0,37.0,5.0,37.5,-5.0,0,0,0,160.0,-185.0,-8.29377875018714,38.90837259178813,0.3347703421751901,1.0,-3.2937787501871405,1.4083725917881296,2024
401752737,2025,7,Texas A&M,Florida,34.0,17.0,17.0,51.0,-7.0,48.0,7.0,1,1,1,-310.0,255.0,9.967672014272697,47.8738975005322,0.8103800608322904,1.0,2.967672014272697,-0.12610249946779817,2024
401761623,2025,7,Coastal Carolina,UL Monroe,23.0,8.0,15.0,31.0,3.0,46.5,-3.0,1,1,0,110.0,-130.0,-4.916082523491956,46.91912793632303,0.5594807544848249,1.0,-1.9160825234919558,0.41912793632302936,2024
401760391,2025,7,Wyoming,San José State,35.0,28.0,7.0,63.0,1.5,49.5,-1.5,1,1,1,105.0,-125.0,2.0742691848448485,51.083588867185675,0.5697465667547519,1.0,3.5742691848448485,1.583588867185675,2024
401762485,2025,7,UTSA,Rice,61.0,13.0,48.0,74.0,-9.5,48.5,9.5,1,1,1,-510.0,370.0,12.07482741972963,52.501298392945024,0.8883628628226259,1.0,2.5748274197296297,4.001298392945024,2024
401754558,2025,7,Boston College,Clemson,10.0,41.0,-31.0,51.0,14.0,54.0,-14.0,0,0,0,400.0,-575.0,-15.6841382086101,54.05106728037273,0.07163986438086352,1.0,-1.6841382086101007,0.05106728037272745,2024
401756921,2025,7,Texas Tech,Kansas,42.0,17.0,25.0,59.0,-13.5,58.5,13.5,1,1,1,-650.0,450.0,12.366612989710564,54.47607313843833,0.8247857545861795,1.0,-1.133387010289436,-4.0239268615616695,2024
401752864,2025,7,Minnesota,Purdue,27.0,20.0,7.0,47.0,-7.0,49.5,7.0,1,0,0,-370.0,285.0,7.486688282332733,52.200866705076635,0.7257409095498952,1.0,0.4866882823327332,2.700866705076635,2024
401752731,2025,7,Auburn,Georgia,10.0,20.0,-10.0,30.0,4.5,46.5,-4.5,0,0,0,145.0,-170.0,-5.3242412421722705,49.895654793834254,0.2992399123270676,1.0,-0.8242412421722705,3.395654793834254,2024
401752868,2025,7,USC,Michigan,31.0,13.0,18.0,44.0,-3.0,58.0,3.0,1,1,0,-125.0,105.0,-0.19857801063237446,60.5547916713179,0.516945993574965,1.0,-3.1985780106323745,2.5547916713179006,2024
401752732,2025,7,LSU,South Carolina,20.0,10.0,10.0,30.0,-8.0,44.5,8.0,1,1,0,-370.0,285.0,16.419411428549793,44.125481036885496,0.7778820965449014,1.0,8.419411428549793,-0.37451896311450383,2024
401756916,2025,7,Arizona,BYU,27.0,33.0,-6.0,60.0,2.5,47.0,-2.5,0,0,1,110.0,-130.0,-0.6480011779655472,51.093137058527766,0.471510149365436,1.0,1.8519988220344528,4.093137058527766,2024
401761627,2025,7,Texas State,Troy,41.0,48.0,-7.0,89.0,-7.5,53.5,7.5,0,0,1,-415.0,310.0,10.419865006512936,55.06308058248018,0.7427839391964385,1.0,2.9198650065129357,1.5630805824801826,2024
401760387,2025,7,Boise State,New Mexico,41.0,25.0,16.0,66.0,-14.5,58.5,14.5,1,1,1,-850.0,550.0,19.498416205993905,57.74474294374681,0.945620392549879,1.0,4.998416205993905,-0.7552570562531926,2024
401756922,2025,7,Utah,Arizona State,42.0,10.0,32.0,52.0,-9.5,44.5,9.5,1,1,1,-195.0,165.0,11.351663322134758,44.77540100575139,0.513263635499774,1.0,1.8516633221347583,0.2754010057513909,2024
401760390,2025,7,Nevada,San Diego State,10.0,44.0,-34.0,54.0,6.5,42.5,-6.5,0,0,1,200.0,-240.0,-7.011943412272407,42.76492697427285,0.3578432808403048,1.0,-0.5119434122724069,0.2649269742728535,2024
401760389,2025,7,Hawai'i,Utah State,44.0,26.0,18.0,70.0,2.0,56.5,-2.0,1,1,1,-115.0,-105.0,-1.3857245680725956,52.65278278645034,0.5562173469610063,1.0,0.6142754319274044,-3.847217213549662,2024
401757282,2025,8,Liberty,New Mexico State,30.0,27.0,3.0,57.0,-10.5,47.5,10.5,1,0,1,-400.0,320.0,6.692026459597854,48.46901587536963,0.7391337250498604,1.0,-3.8079735404021458,0.9690158753696281,2024
401761628,2025,8,South Alabama,Arkansas State,14.0,15.0,-1.0,29.0,-8.5,57.0,8.5,0,0,0,-290.0,240.0,2.189192500700469,63.518315044128684,0.5228779872831675,1.0,-6.310807499299531,6.518315044128684,2024
401757281,2025,8,Western Kentucky,Florida International,6.0,25.0,-19.0,31.0,-10.0,55.5,10.0,0,0,0,-300.0,250.0,12.918757445110579,57.5053463010579,0.8110558749700041,1.0,2.918757445110579,2.005346301057898,2024
401757284,2025,8,Sam Houston,UTEP,17.0,35.0,-18.0,52.0,3.5,46.5,-3.5,0,0,1,115.0,-135.0,-6.871698833564725,47.45183164300557,0.4033051309796221,1.0,-3.371698833564725,0.9518316430055691,2024
401762486,2025,8,East Carolina,Tulsa,41.0,27.0,14.0,68.0,-16.5,55.0,16.5,1,0,1,-800.0,525.0,15.816811228179143,57.257502087160695,0.9093655191677703,1.0,-0.6831887718208574,2.2575020871606952,2024
401754564,2025,8,Miami,Louisville,21.0,24.0,-3.0,45.0,-10.5,49.5,10.5,0,0,0,-550.0,390.0,9.840351711824598,55.13849323568842,0.6062533258361468,1.0,-0.6596482881754024,5.638493235688422,2024
401752872,2025,8,Minnesota,Nebraska,24.0,6.0,18.0,30.0,7.0,47.5,-7.0,1,1,0,200.0,-240.0,-4.555727345108124,49.14226441999605,0.44390102204880366,1.0,2.4442726548918756,1.642264419996053,2024
401760396,2025,8,Utah State,San José State,30.0,25.0,5.0,55.0,-3.0,63.5,3.0,1,1,0,-185.0,160.0,4.883808872122039,67.51739082598057,0.5709796468543739,1.0,1.8838088721220387,4.01739082598057,2024
401754371,2025,8,California,North Carolina,21.0,18.0,3.0,39.0,-7.5,46.5,7.5,1,0,0,-415.0,310.0,3.7952570353921224,47.40032613997706,0.4549285067687733,1.0,-3.7047429646078776,0.9003261399770608,2024
401754569,2025,8,Boston College,UConn,23.0,38.0,-15.0,61.0,2.5,58.0,-2.5,0,0,1,-120.0,100.0,-1.489528827738517,57.09626609343753,0.5289799979491093,1.0,1.010471172261483,-0.9037339065624721,2024
401762841,2025,8,Miami (OH),Eastern Michigan,44.0,30.0,14.0,74.0,-12.5,47.0,12.5,1,1,1,-550.0,390.0,9.763043748481712,46.95226221633192,0.6262444645927265,1.0,-2.736956251518288,-0.04773778366808301,2024
401756927,2025,8,TCU,Baylor,42.0,36.0,6.0,78.0,-3.5,66.5,3.5,1,1,1,-150.0,130.0,4.3703591724313355,70.31516163468817,0.5802893703828165,1.0,0.8703591724313355,3.8151616346881667,2024
401762839,2025,8,Bowling Green,Central Michigan,6.0,27.0,-21.0,33.0,-3.0,43.5,3.0,0,0,0,-225.0,185.0,1.1204181867768306,44.426814025431014,0.5734849398872895,1.0,-1.8795818132231694,0.926814025431014,2024
401752873,2025,8,Michigan,Washington,24.0,7.0,17.0,31.0,-4.0,50.5,4.0,1,1,0,-220.0,180.0,2.036744158612379,49.681529419795524,0.5720748701694975,1.0,-1.963255841387621,-0.818470580204476,2024
401754566,2025,8,Duke,Georgia Tech,18.0,27.0,-9.0,45.0,-3.5,60.5,3.5,0,0,0,-145.0,125.0,7.594924506219101,58.09151878082805,0.621852038557772,1.0,4.094924506219101,-2.4084812191719465,2024
401756925,2025,8,Houston,Arizona,31.0,28.0,3.0,59.0,2.0,47.0,-2.0,1,1,1,-130.0,110.0,-0.7544800560787408,49.40433569070705,0.6519978700670663,1.0,1.2455199439212592,2.4043356907070503,2024
401762488,2025,8,Tulane,Army,24.0,17.0,7.0,41.0,-9.5,44.5,9.5,1,0,0,-415.0,310.0,10.998467635888488,47.04785345558798,0.7153427224972101,1.0,1.4984676358884883,2.5478534555879833,2024
401752745,2025,8,Vanderbilt,LSU,31.0,24.0,7.0,55.0,-1.5,48.0,1.5,1,1,1,-145.0,125.0,3.2508364446396705,45.06015408580254,0.560161363219042,1.0,1.7508364446396705,-2.9398459141974627,2024
401752744,2025,8,South Carolina,Oklahoma,7.0,26.0,-19.0,33.0,4.0,43.0,-4.0,0,0,0,185.0,-225.0,-2.2597128850535437,41.43259720655117,0.428190208225538,1.0,1.7402871149464563,-1.567402793448828,2024
401756928,2025,8,UCF,West Virginia,45.0,13.0,32.0,58.0,-6.5,46.0,6.5,1,1,1,-275.0,225.0,8.329861584317023,52.36076358167988,0.6115849407134215,1.0,1.8298615843170225,6.360763581679883,2024
401762842,2025,8,Toledo,Kent State,45.0,10.0,35.0,55.0,-25.0,48.5,25.0,1,1,1,-3500.0,1100.0,22.901342173637353,53.965397790794384,0.962344709288377,1.0,-2.098657826362647,5.465397790794384,2024
401762840,2025,8,Massachusetts,Buffalo,21.0,28.0,-7.0,49.0,16.5,47.5,-16.5,0,1,1,575.0,-900.0,-24.354047957488174,51.20405918995958,0.04390813286849829,1.0,-7.854047957488174,3.7040591899595796,2024
401752874,2025,8,Northwestern,Purdue,19.0,0.0,19.0,19.0,-3.5,47.0,3.5,1,1,0,-165.0,140.0,2.081459120105473,47.38065125697741,0.7055456603078567,1.0,-1.4185408798945272,0.38065125697740854,2024
401761633,2025,8,UL Monroe,Troy,14.0,37.0,-23.0,51.0,4.5,46.0,-4.5,0,0,1,190.0,-230.0,-1.7640111289822404,48.881539616779406,0.39335701271717527,1.0,2.7359888710177596,2.8815396167794063,2024
401762489,2025,8,Charlotte,Temple,14.0,49.0,-35.0,63.0,9.5,48.0,-9.5,0,0,1,325.0,-435.0,-12.444590814747137,51.846263163037875,0.31492897631148337,1.0,-2.944590814747137,3.846263163037875,2024
401762489,2025,8,Charlotte,Temple,14.0,49.0,-35.0,63.0,9.5,48.0,-9.5,0,0,1,325.0,-435.0,-12.444590814747137,51.846263163037875,0.31492897631148337,1.0,-2.944590814747137,3.846263163037875,2024
401752742,2025,8,Georgia,Ole Miss,43.0,35.0,8.0,78.0,-7.5,56.5,7.5,1,1,1,-230.0,190.0,6.998973984795787,58.3854382871734,0.6048719691791359,1.0,-0.5010260152042134,1.8854382871734003,2024
401761632,2025,8,Marshall,Texas State,40.0,37.0,3.0,77.0,3.0,66.0,-3.0,1,1,1,130.0,-150.0,-5.065748259190695,66.10902012726272,0.39939257255625593,1.0,-2.065748259190695,0.10902012726272403,2024
401752739,2025,8,Arkansas,Texas A&M,42.0,45.0,-3.0,87.0,7.0,57.5,-7.0,0,1,1,250.0,-300.0,-5.017607077805524,59.73831444445074,0.37909911905019533,1.0,1.9823929221944763,2.2383144444507366,2024
401761629,2025,8,App State,Coastal Carolina,37.0,45.0,-8.0,82.0,-10.5,48.0,10.5,0,0,1,-450.0,335.0,7.0067559448117605,48.776128388625494,0.5817279360777995,1.0,-3.4932440551882395,0.7761283886254944,2024
401752877,2025,8,Wisconsin,Ohio State,0.0,34.0,-34.0,34.0,24.5,41.0,-24.5,0,0,0,1300.0,-6500.0,-17.7978222614272,42.74202577518136,0.1381323574343518,1.0,6.7021777385728,1.7420257751813608,2024
401760393,2025,8,Boise State,UNLV,56.0,31.0,25.0,87.0,-13.0,61.0,13.0,1,1,1,-400.0,300.0,11.885906170086393,56.027655320640996,0.6356143331446604,1.0,-1.1140938299136067,-4.972344679359004,2024
401752878,2025,8,Indiana,Michigan State,38.0,13.0,25.0,51.0,-26.5,49.5,26.5,1,0,1,-5000.0,1300.0,25.494760132673346,53.82597559588996,0.9323324289204427,1.0,-1.0052398673266545,4.3259755958899575,2024
401762491,2025,8,North Texas,UTSA,55.0,17.0,38.0,72.0,-4.0,64.0,4.0,1,1,1,-220.0,180.0,-3.734681133244175,68.60625458922863,0.31396772190771066,1.0,-7.734681133244175,4.606254589228627,2024
401760392,2025,8,Air Force,Wyoming,24.0,21.0,3.0,45.0,-4.0,56.5,4.0,1,0,0,-220.0,180.0,6.538269953595617,57.57294084765393,0.6629427215939728,1.0,2.5382699535956172,1.072940847653932,2024
401762838,2025,8,Ball State,Akron,42.0,28.0,14.0,70.0,2.0,44.0,-2.0,1,1,1,-115.0,-105.0,-6.782994184363904,46.08469173301014,0.3373425779139395,1.0,-4.782994184363904,2.084691733010139,2024
401761631,2025,8,James Madison,Old Dominion,63.0,27.0,36.0,90.0,-3.0,47.5,3.0,1,1,1,-120.0,100.0,4.562174997464678,46.84010510334712,0.5944444185827367,1.0,1.5621749974646777,-0.6598948966528795,2024
401762843,2025,8,Ohio,Northern Illinois,48.0,21.0,27.0,69.0,-10.5,41.5,10.5,1,1,1,-470.0,345.0,13.364999546257506,43.41807109628275,0.8515552298112089,1.0,2.864999546257506,1.9180710962827519,2024
401754565,2025,8,Clemson,SMU,24.0,35.0,-11.0,59.0,-3.5,50.0,3.5,0,0,1,-350.0,275.0,7.486000241283898,46.33331293701305,0.7391243203468802,1.0,3.9860002412838984,-3.666687062986952,2024
401756923,2025,8,Arizona State,Texas Tech,26.0,22.0,4.0,48.0,8.0,52.0,-8.0,1,1,0,225.0,-275.0,-5.285717420274513,49.33258600478767,0.4157403104339405,1.0,2.714282579725487,-2.6674139952123284,2024
401762487,2025,8,UAB,Memphis,31.0,24.0,7.0,55.0,23.5,59.5,-23.5,1,1,0,850.0,-1800.0,-20.258059714116122,65.73833033470518,0.10653380377015925,1.0,3.241940285883878,6.238330334705182,2024
401752741,2025,8,Florida,Mississippi State,23.0,21.0,2.0,44.0,-9.5,51.0,9.5,1,0,0,-390.0,295.0,10.459123530181396,57.10228103293772,0.8125933464553843,1.0,0.9591235301813956,6.102281032937718,2024
401761668,2025,8,Louisiana,Southern Miss,10.0,22.0,-12.0,32.0,4.0,54.5,-4.0,0,0,0,160.0,-185.0,-2.169387561229519,56.417211579957005,0.5219865011634561,1.0,1.8306124387704812,1.917211579957005,2024
401752951,2025,8,Virginia,Washington State,22.0,20.0,2.0,42.0,-16.5,56.5,16.5,1,0,0,-1000.0,625.0,17.510279330500172,57.69403139408907,0.776180373193146,1.0,1.0102793305001718,1.1940313940890732,2024
401752876,2025,8,Rutgers,Oregon,10.0,56.0,-46.0,66.0,17.5,62.0,-17.5,0,0,1,525.0,-800.0,-20.640275880685643,62.72270092152337,0.26774439087552326,1.0,-3.1402758806856426,0.7227009215233693,2024
401761630,2025,8,Georgia Southern,Georgia State,41.0,24.0,17.0,65.0,-6.5,59.0,6.5,1,1,1,-240.0,200.0,10.21136645822398,60.24007360169469,0.811598669816058,1.0,3.7113664582239796,1.2400736016946894,2024
401752879,2025,8,UCLA,Maryland,20.0,17.0,3.0,37.0,-3.5,52.5,3.5,1,0,0,-145.0,125.0,3.6171678696612264,51.269590580151984,0.49010778965982454,1.0,0.11716786966122639,-1.2304094198480158,2024
401752875,2025,8,Iowa,Penn State,25.0,24.0,1.0,49.0,-3.0,41.0,3.0,1,0,1,-145.0,125.0,4.8125637450742955,41.36982510437137,0.40254295208776664,1.0,1.8125637450742955,0.3698251043713725,2024
401760394,2025,8,Colorado State,Hawai'i,19.0,31.0,-12.0,50.0,-3.0,53.5,3.0,0,0,0,-120.0,100.0,-0.5599656541644715,54.72066409612628,0.5510728421257236,1.0,-3.5599656541644715,1.2206640961262778,2024
401752743,2025,8,Kentucky,Texas,13.0,16.0,-3.0,29.0,12.0,45.0,-12.0,0,1,0,345.0,-470.0,-5.726972010344368,49.80411113070199,0.22895200384617911,1.0,6.273027989655632,4.80411113070199,2024
401752738,2025,8,Alabama,Tennessee,37.0,20.0,17.0,57.0,-9.0,60.5,9.0,1,1,0,-300.0,250.0,9.308727041298114,62.993090298526276,0.7248139375661256,1.0,0.30872704129811446,2.493090298526276,2024
401752871,2025,8,Notre Dame,USC,34.0,24.0,10.0,58.0,-11.0,60.5,11.0,1,0,0,-310.0,255.0,12.627463391981479,59.10549994133152,0.7959359044481715,1.0,1.627463391981479,-1.394500058668477,2024
401754568,2025,8,Syracuse,Pittsburgh,13.0,30.0,-17.0,43.0,9.5,54.5,-9.5,0,0,0,330.0,-440.0,-11.208531970569414,55.21874480100435,0.253075831874197,1.0,-1.708531970569414,0.7187448010043482,2024
401762490,2025,8,South Florida,Florida Atlantic,48.0,13.0,35.0,61.0,-20.5,72.5,20.5,1,1,0,-1900.0,900.0,21.865753909162077,73.32791325662579,0.881099647448017,1.0,1.365753909162077,0.8279132566257914,2024
401752740,2025,8,Auburn,Missouri,17.0,23.0,-6.0,40.0,1.5,44.0,-1.5,0,0,0,-115.0,-105.0,-2.425114145145081,41.17856956314962,0.4897383804451259,1.0,-0.9251141451450811,-2.8214304368503775,2024
401756924,2025,8,BYU,Utah,24.0,21.0,3.0,45.0,4.0,49.5,-4.0,1,1,0,135.0,-160.0,-2.065598006842863,50.33586737773887,0.5188209873975307,1.0,1.9344019931571368,0.8358673777388717,2024
401756926,2025,8,Oklahoma State,Cincinnati,17.0,49.0,-32.0,66.0,24.0,58.0,-24.0,0,0,1,850.0,-1800.0,-21.656795583552494,58.0848888477137,0.21310162912031744,1.0,2.343204416447506,0.08488884771369953,2024
401760395,2025,8,New Mexico,Nevada,24.0,22.0,2.0,46.0,-14.0,49.5,14.0,1,0,0,-400.0,-400.0,16.39913013210738,51.00756978008588,0.8327618952474629,1.0,2.3991301321073806,1.5075697800858805,2024
401754567,2025,8,Stanford,Florida State,20.0,13.0,7.0,33.0,17.5,55.0,-17.5,1,1,0,625.0,-1000.0,-15.21793410904573,59.11143370321617,0.3496852537154336,1.0,2.2820658909542697,4.111433703216171,2024
401757285,2025,9,Florida International,Kennesaw State,26.0,45.0,-19.0,71.0,3.0,48.5,-3.0,0,0,1,105.0,-125.0,0.5022644030183829,48.8007931139671,0.5141941479603646,1.0,3.502264403018383,0.30079311396710295,2024
401757286,2025,9,Louisiana Tech,Western Kentucky,27.0,28.0,-1.0,55.0,-5.0,50.0,5.0,0,0,1,-160.0,135.0,1.0705083967266065,57.783872576046974,0.5451871052351248,1.0,-3.9294916032733935,7.783872576046974,2024
401761634,2025,9,Georgia State,South Alabama,31.0,38.0,-7.0,69.0,6.0,54.0,-6.0,0,0,1,190.0,-230.0,-7.949108161888356,55.6021823156565,0.33951261197116156,1.0,-1.949108161888356,1.6021823156564992,2024
401762492,2025,9,Charlotte,North Texas,20.0,54.0,-34.0,74.0,25.0,61.5,-25.0,0,0,1,1300.0,-5000.0,-21.233051341886522,65.42237151972495,0.06995856499075973,1.0,3.7669486581134777,3.9223715197249476,2024
401762492,2025,9,Charlotte,North Texas,20.0,54.0,-34.0,74.0,25.0,61.5,-25.0,0,0,1,1300.0,-5000.0,-21.233051341886522,65.42237151972495,0.06995856499075973,1.0,3.7669486581134777,3.9223715197249476,2024
401754372,2025,9,Virginia Tech,California,42.0,34.0,8.0,76.0,-6.0,51.0,6.0,1,1,1,-185.0,160.0,13.844535174860605,53.97618959941164,0.6587426101880525,1.0,7.844535174860605,2.97618959941164,2024
401760397,2025,9,Nevada,Boise State,3.0,24.0,-21.0,27.0,21.0,50.5,-21.0,0,0,0,900.0,-1900.0,-25.089170005556714,52.69243989153895,0.07425198681515557,1.0,-4.0891700055567135,2.192439891538953,2024
401752750,2025,9,Oklahoma,Ole Miss,26.0,34.0,-8.0,60.0,-5.5,52.5,5.5,0,0,1,-200.0,170.0,7.580109445177705,56.3185633268911,0.5815677516251415,1.0,2.0801094451777047,3.818563326891102,2024
401752942,2025,9,Wake Forest,SMU,13.0,12.0,1.0,25.0,5.5,53.0,-5.5,1,1,0,150.0,-175.0,-2.287520648522434,54.05620694846799,0.39957971844718887,1.0,3.212479351477566,1.0562069484679881,2024
401762494,2025,9,Memphis,South Florida,34.0,31.0,3.0,65.0,3.5,59.5,-3.5,1,1,1,160.0,-185.0,-6.638536394812387,63.87990556278115,0.47102669133891706,1.0,-3.1385363948123874,4.379905562781147,2024
401752884,2025,9,Purdue,Rutgers,24.0,27.0,-3.0,51.0,-2.5,60.0,2.5,0,0,0,110.0,-130.0,0.9883346742476122,61.33647544464887,0.3989719039413824,1.0,-1.5116653257523878,1.336475444648869,2024
401762848,2025,9,Eastern Michigan,Ohio,21.0,28.0,-7.0,49.0,12.0,60.0,-12.0,0,1,0,310.0,-415.0,-14.405304517149512,62.55146764744424,0.16264732274843782,1.0,-2.4053045171495118,2.551467647444241,2024
401756932,2025,9,Kansas,Kansas State,17.0,42.0,-25.0,59.0,-3.5,56.0,3.5,0,0,1,-140.0,120.0,-1.5521348629242357,56.049802807245236,0.2696606169481788,1.0,-5.052134862924236,0.04980280724523567,2024
401752885,2025,9,Indiana,UCLA,56.0,6.0,50.0,62.0,-27.5,53.5,27.5,1,1,1,-2800.0,1100.0,27.65657375364266,59.50176064505142,0.9186449642809356,1.0,0.15657375364266102,6.001760645051419,2024
401761635,2025,9,Old Dominion,App State,24.0,21.0,3.0,45.0,-13.5,62.5,13.5,1,0,0,-575.0,400.0,16.595013442441232,68.19571559396796,0.7343888837255226,1.0,3.095013442441232,5.695715593967961,2024
401762846,2025,9,Kent State,Bowling Green,24.0,21.0,3.0,45.0,7.5,48.0,-7.5,1,1,0,260.0,-320.0,-5.921219629832628,47.70438835144851,0.3366587073560081,1.0,1.5787803701673724,-0.2956116485514926,2024
401752883,2025,9,Nebraska,Northwestern,28.0,21.0,7.0,49.0,-7.0,44.5,7.0,1,0,1,-285.0,235.0,4.339095250805599,47.91479957530938,0.6168926490959119,1.0,-2.660904749194401,3.414799575309381,2024
401754573,2025,9,North Carolina,Virginia,16.0,17.0,-1.0,33.0,11.0,50.5,-11.0,0,1,0,270.0,-340.0,-14.861442143064629,50.852586123765136,0.25069094926661306,1.0,-3.861442143064629,0.35258612376513554,2024
401754571,2025,9,Georgia Tech,Syracuse,41.0,16.0,25.0,57.0,-17.5,52.5,17.5,1,1,1,-1000.0,625.0,23.354154999884717,48.96175614797275,0.9468065357452677,1.0,5.854154999884717,-3.53824385202725,2024
401752746,2025,9,Arkansas,Auburn,24.0,33.0,-9.0,57.0,-2.5,56.0,2.5,0,0,1,100.0,-120.0,0.487417542593076,56.93775394928275,0.5120903815236502,1.0,-2.012582457406924,0.9377539492827509,2024
401762844,2025,9,Buffalo,Akron,16.0,24.0,-8.0,40.0,-10.0,49.0,10.0,0,0,0,-415.0,310.0,10.751803387514247,48.5927068175208,0.8579812037551493,1.0,0.7518033875142471,-0.40729318247920077,2024
401757172,2025,9,Rice,UConn,37.0,34.0,3.0,71.0,10.0,48.5,-10.0,1,1,1,290.0,-380.0,-9.938738544652887,46.46193576147228,0.2688064461716125,1.0,0.061261455347112914,-2.038064238527717,2024
401760400,2025,9,New Mexico,Utah State,33.0,14.0,19.0,47.0,-3.0,61.0,3.0,1,1,0,-130.0,110.0,5.792970910791398,60.20019266133394,0.5571801067200015,1.0,2.7929709107913983,-0.7998073386660565,2024
401760399,2025,9,Fresno State,San Diego State,0.0,23.0,-23.0,23.0,3.0,46.0,-3.0,0,0,0,140.0,-165.0,4.249862541704132,46.36605752935102,0.5577255455868093,1.0,7.249862541704132,0.36605752935101776,2024
401752882,2025,9,Iowa,Minnesota,41.0,3.0,38.0,44.0,-7.0,38.5,7.0,1,1,1,-330.0,265.0,16.358901664977942,37.208598376250606,0.93296730594002,1.0,9.358901664977942,-1.291401623749394,2024
401762495,2025,9,Tulsa,Temple,37.0,38.0,-1.0,75.0,5.0,52.5,-5.0,0,1,1,185.0,-225.0,-5.181197893940596,56.994187915486364,0.2601757915390531,1.0,-0.18119789394059627,4.494187915486364,2024
401762874,2025,9,Miami (OH),Western Michigan,26.0,17.0,9.0,43.0,-2.5,40.0,2.5,1,1,1,-130.0,110.0,3.3863870217603655,39.125810332278036,0.46786327589261334,1.0,0.8863870217603655,-0.8741896677219643,2024
401761637,2025,9,Southern Miss,UL Monroe,49.0,21.0,28.0,70.0,-14.0,49.0,14.0,1,1,1,-480.0,350.0,8.097328582983621,55.628918209958,0.7275791410551583,1.0,-5.9026714170163785,6.628918209958002,2024
401754574,2025,9,Pittsburgh,NC State,53.0,34.0,19.0,87.0,-5.0,53.0,5.0,1,1,1,-310.0,255.0,1.712605566209242,52.45041464763991,0.5097255142739394,1.0,-3.287394433790758,-0.54958535236009,2024
401762493,2025,9,Navy,Florida Atlantic,42.0,32.0,10.0,74.0,-14.5,63.5,14.5,1,0,1,-625.0,430.0,22.667194854771175,59.95812618041491,0.8852951542366101,1.0,8.167194854771175,-3.541873819585092,2024
401762847,2025,9,Central Michigan,Massachusetts,38.0,13.0,25.0,51.0,-16.5,46.5,16.5,1,1,1,-700.0,475.0,20.745789642939613,47.746203271656654,0.9477881178352396,1.0,4.245789642939613,1.246203271656654,2024
401756931,2025,9,Iowa State,BYU,27.0,41.0,-14.0,68.0,-2.5,49.0,2.5,0,0,1,-130.0,110.0,3.9177192090477813,47.126409303389075,0.4627219054140277,1.0,1.4177192090477813,-1.8735906966109255,2024
401762845,2025,9,Northern Illinois,Ball State,21.0,7.0,14.0,28.0,-6.5,42.0,6.5,1,1,0,-220.0,180.0,9.74978134311797,41.44539942336733,0.8541563021088168,1.0,3.24978134311797,-0.5546005766326729,2024
401752752,2025,9,Vanderbilt,Missouri,17.0,10.0,7.0,27.0,-3.0,52.5,3.0,1,1,0,-150.0,130.0,5.568285915857839,52.24467895524084,0.7430134824974033,1.0,2.568285915857839,-0.25532104475915673,2024
401752751,2025,9,South Carolina,Alabama,22.0,29.0,-7.0,51.0,11.5,48.0,-11.5,0,1,1,390.0,-550.0,-7.827845324904452,47.35496524241725,0.46565273218746567,1.0,3.6721546750955483,-0.6450347575827493,2024
401752880,2025,9,Washington,Illinois,42.0,25.0,17.0,67.0,-3.0,54.5,3.0,1,1,1,-210.0,175.0,-2.639009590509053,57.8892703942313,0.583804586866063,1.0,-5.639009590509053,3.3892703942313034,2024
401752952,2025,9,Washington State,Toledo,28.0,7.0,21.0,35.0,2.0,44.5,-2.0,1,1,0,-120.0,100.0,-2.649373355855904,48.81563670929788,0.36967388853916705,1.0,-0.649373355855904,4.315636709297877,2024
401756930,2025,9,Cincinnati,Baylor,41.0,20.0,21.0,61.0,-3.5,68.5,3.5,1,1,0,-220.0,180.0,6.998915254908658,68.74775987305321,0.6503732645273534,1.0,3.498915254908658,0.24775987305321223,2024
401756933,2025,9,Texas Tech,Oklahoma State,42.0,0.0,42.0,42.0,-38.0,56.0,38.0,1,1,0,,,35.57162975070165,59.52392962987715,0.9788899982813392,1.0,-2.4283702492983466,3.523929629877152,2024
401752749,2025,9,Mississippi State,Texas,38.0,45.0,-7.0,83.0,8.0,48.5,-8.0,0,1,1,190.0,-230.0,-11.096637697924365,50.933560693966996,0.22087074701988044,1.0,-3.096637697924365,2.433560693966996,2024
401756935,2025,9,West Virginia,TCU,17.0,23.0,-6.0,40.0,16.5,55.5,-16.5,0,1,0,460.0,-675.0,-16.463147369000676,58.46208075432558,0.11238941329449523,1.0,0.036852630999323566,2.9620807543255765,2024
401761638,2025,9,Troy,Louisiana,35.0,23.0,12.0,58.0,-7.0,47.0,7.0,1,1,1,-350.0,275.0,5.816541518357257,45.95852239533827,0.7082810407610352,1.0,-1.1834584816427434,-1.0414776046617291,2024
401761636,2025,9,Arkansas State,Georgia Southern,34.0,24.0,10.0,58.0,1.0,59.5,-1.0,1,1,0,-135.0,115.0,-2.5168590283750003,58.16434800659712,0.5255598698294535,1.0,-1.5168590283750003,-1.3356519934028768,2024
401754572,2025,9,Miami,Stanford,42.0,7.0,35.0,49.0,-30.0,46.0,30.0,1,1,1,,,32.017558009404674,51.06135757292624,0.9462181947415478,1.0,2.0175580094046737,5.061357572926241,2024
401752886,2025,9,Oregon,Wisconsin,21.0,7.0,14.0,28.0,-31.0,45.0,31.0,1,0,0,,,27.677314316263022,45.288967047093706,0.9621337023223298,1.0,-3.322685683736978,0.28896704709370624,2024
401752748,2025,9,LSU,Texas A&M,25.0,49.0,-24.0,74.0,1.5,50.5,-1.5,0,0,1,110.0,-130.0,-1.8289053894433644,57.41881368818912,0.46914803702726315,1.0,-0.32890538944336445,6.918813688189118,2024
401754570,2025,9,Louisville,Boston College,38.0,24.0,14.0,62.0,-25.5,54.5,25.5,1,0,1,-2800.0,1100.0,21.72678437480491,48.991513656824,0.8132116636673028,1.0,-3.773215625195089,-5.508486343176003,2024
401752881,2025,9,Michigan State,Michigan,20.0,31.0,-11.0,51.0,13.5,47.5,-13.5,0,1,1,425.0,-600.0,-15.629557392643195,51.851461285057184,0.22102745874428237,1.0,-2.1295573926431945,4.351461285057184,2024
401760398,2025,9,Wyoming,Colorado State,28.0,0.0,28.0,28.0,-6.0,46.5,6.0,1,1,0,-220.0,180.0,9.657530320503263,48.32291661354108,0.6962523925028453,1.0,3.6575303205032625,1.8229166135410821,2024
401752747,2025,9,Kentucky,Tennessee,34.0,56.0,-22.0,90.0,7.5,55.0,-7.5,0,0,1,275.0,-350.0,-5.653561645891562,59.20896884838825,0.2755437872033222,1.0,1.8464383541084377,4.208968848388253,2024
401756929,2025,9,Arizona State,Houston,16.0,24.0,-8.0,40.0,-7.5,47.0,7.5,0,0,0,-320.0,260.0,9.775856629066055,45.768119774219095,0.6874492254354035,1.0,2.2758566290660553,-1.2318802257809054,2024
401756934,2025,9,Utah,Colorado,53.0,7.0,46.0,60.0,-14.0,50.0,14.0,1,1,1,-700.0,475.0,14.76148026390363,47.39629743196631,0.774229053707774,1.0,0.7614802639036302,-2.6037025680336896,2024
401757289,2025,10,Kennesaw State,UTEP,33.0,20.0,13.0,53.0,-11.5,53.0,11.5,1,1,0,-380.0,290.0,12.201669493289224,62.14784100254921,0.7044403820968602,1.0,0.7016694932892236,9.147841002549207,2024
401761639,2025,10,Texas State,James Madison,20.0,52.0,-32.0,72.0,7.5,55.0,-7.5,0,0,1,195.0,-235.0,-9.976500050007722,53.27661076931516,0.3794799451586603,1.0,-2.476500050007722,-1.7233892306848375,2024
401757292,2025,10,Middle Tennessee,Jacksonville State,21.0,24.0,-3.0,45.0,4.5,54.0,-4.5,0,1,0,185.0,-225.0,-3.7088923080516256,55.29769734975964,0.5447695319868686,1.0,0.7911076919483744,1.2976973497596376,2024
401761640,2025,10,Coastal Carolina,Marshall,44.0,27.0,17.0,71.0,7.0,54.5,-7.0,1,1,1,155.0,-180.0,-8.600883338689194,58.23204303130728,0.3377961359304007,1.0,-1.6008833386891936,3.7320430313072777,2024
401762443,2025,10,UTSA,Tulane,48.0,26.0,22.0,74.0,6.0,54.0,-6.0,1,1,1,160.0,160.0,-3.6569697620277073,54.684999510094904,0.5958295976770671,1.0,2.3430302379722927,0.6849995100949045,2024
401762497,2025,10,Rice,Memphis,14.0,38.0,-24.0,52.0,14.0,48.0,-14.0,0,0,1,450.0,-650.0,-16.664128420406307,52.54892651626078,0.05924245879730285,1.0,-2.664128420406307,4.548926516260778,2024
401754575,2025,10,Syracuse,North Carolina,10.0,27.0,-17.0,37.0,-1.5,45.5,1.5,0,0,0,-130.0,110.0,8.03318626605554,46.213040413614316,0.6771245628435069,1.0,6.533186266055541,0.7130404136143156,2024
401757290,2025,10,Louisiana Tech,Sam Houston,55.0,14.0,41.0,69.0,-16.5,48.0,16.5,1,1,1,-900.0,575.0,12.359865797001316,53.57211873542851,0.7324159598679577,1.0,-4.140134202998684,5.572118735428511,2024
401752891,2025,10,Illinois,Rutgers,35.0,13.0,22.0,48.0,-13.0,63.5,13.0,1,1,0,-470.0,345.0,18.898351548070483,65.03211035349209,0.8074895423851632,1.0,5.898351548070483,1.5321103534920866,2024
401752758,2025,10,Texas,Vanderbilt,34.0,31.0,3.0,65.0,-3.5,48.5,3.5,1,0,1,-120.0,100.0,3.2592046964667545,51.67898233443138,0.7204083844749627,1.0,-0.24079530353324552,3.1789823344313817,2024
401760401,2025,10,Air Force,Army,17.0,20.0,-3.0,37.0,1.0,48.5,-1.0,0,0,0,-110.0,-110.0,3.139934251592625,46.31028052551481,0.5255441128443019,1.0,4.139934251592625,-2.1897194744851873,2024
401762499,2025,10,North Texas,Navy,31.0,17.0,14.0,48.0,-6.5,68.5,6.5,1,1,0,-210.0,175.0,3.618817350633254,68.16695519081529,0.5480323507150233,1.0,-2.881182649366746,-0.33304480918471313,2024
401757173,2025,10,UConn,UAB,38.0,19.0,19.0,57.0,-10.5,61.5,10.5,1,1,0,-470.0,345.0,7.959943388662012,59.03603204584039,0.8705348874046497,1.0,-2.540056611337988,-2.4639679541596067,2024
401756936,2025,10,Baylor,UCF,30.0,3.0,27.0,33.0,-3.0,58.5,3.0,1,1,0,-210.0,-195.0,7.12755680319132,64.74808836910017,0.6902349019471554,1.0,4.12755680319132,6.248088369100174,2024
401756938,2025,10,Houston,West Virginia,35.0,45.0,-10.0,80.0,-13.0,48.5,13.0,0,0,1,-650.0,450.0,14.377601706726537,48.77619641394939,0.8060361858477569,1.0,1.3776017067265371,0.27619641394939265,2024
401754581,2025,10,SMU,Miami,26.0,20.0,6.0,46.0,8.5,50.5,-8.5,1,1,0,325.0,-435.0,-4.276262125467149,50.24618660610494,0.5467302244054568,1.0,4.223737874532851,-0.25381339389505797,2024
401762849,2025,10,Bowling Green,Buffalo,3.0,28.0,-25.0,31.0,-2.5,44.0,2.5,0,0,0,-125.0,105.0,-1.4774950474101152,46.93122706536173,0.389138567841918,1.0,-3.977495047410115,2.931227065361732,2024
401752889,2025,10,Ohio State,Penn State,38.0,14.0,24.0,52.0,-18.0,45.5,18.0,1,1,1,-1600.0,800.0,10.376426555042038,40.7629727773949,0.614520327794853,1.0,-7.623573444957962,-4.7370272226051,2024
401754577,2025,10,Clemson,Duke,45.0,46.0,-1.0,91.0,-4.0,55.0,4.0,0,0,1,-170.0,145.0,6.057956465865017,54.327976785434664,0.7909291589497826,1.0,2.0579564658650167,-0.6720232145653355,2024
401756939,2025,10,Iowa State,Arizona State,19.0,24.0,-5.0,43.0,-7.5,48.5,7.5,0,0,0,-220.0,180.0,8.790918259840039,50.217794320650036,0.759787972375102,1.0,1.2909182598400388,1.717794320650036,2024
401762498,2025,10,Temple,East Carolina,14.0,45.0,-31.0,59.0,5.0,58.0,-5.0,0,0,1,170.0,-200.0,2.4201039394743713,57.92471112653548,0.7154306701535353,1.0,7.420103939474371,-0.07528887346452251,2024
401754580,2025,10,Virginia Tech,Louisville,16.0,28.0,-12.0,44.0,10.5,52.5,-10.5,0,0,0,295.0,-390.0,-9.406392706300451,55.35521433959701,0.4454437701813403,1.0,1.0936072936995487,2.855214339597012,2024
401760404,2025,10,UNLV,New Mexico,35.0,40.0,-5.0,75.0,-3.5,61.5,3.5,0,0,1,-220.0,180.0,8.955211111632327,57.95638182421356,0.6896527846352368,1.0,5.455211111632327,-3.543618175786442,2024
401752887,2025,10,Maryland,Indiana,10.0,55.0,-45.0,65.0,21.0,51.0,-21.0,0,0,1,850.0,-1800.0,-28.50714190469045,54.886234943168276,0.17494377505491682,1.0,-7.5071419046904495,3.886234943168276,2024
401757294,2025,10,Western Kentucky,New Mexico State,35.0,16.0,19.0,51.0,-7.5,53.5,7.5,1,1,0,-340.0,270.0,7.3411619553524945,60.34581478617078,0.6263851074158193,1.0,-0.1588380446475055,6.845814786170777,2024
401756941,2025,10,Kansas State,Texas Tech,20.0,43.0,-23.0,63.0,7.0,52.0,-7.0,0,0,1,240.0,-290.0,-9.980700315065352,48.699902079138084,0.35161333207418116,1.0,-2.980700315065352,-3.3000979208619157,2024
401754583,2025,10,Boston College,Notre Dame,10.0,25.0,-15.0,35.0,31.0,55.0,-31.0,0,1,0,,,-27.91115382465515,58.19697691175826,0.17831921470109993,1.0,3.0888461753448517,3.196976911758263,2024
401761641,2025,10,UL Monroe,Old Dominion,6.0,31.0,-25.0,37.0,17.0,55.5,-17.0,0,0,0,550.0,-850.0,-14.21922328446039,59.09330657495385,0.19743078543217182,1.0,2.7807767155396093,3.59330657495385,2024
401760402,2025,10,Boise State,Fresno State,7.0,30.0,-23.0,37.0,-17.5,48.0,17.5,0,0,0,-1100.0,650.0,22.6001146247352,49.97204201155727,0.9524693671467949,1.0,5.100114624735198,1.9720420115572708,2024
401761642,2025,10,South Alabama,Louisiana,22.0,31.0,-9.0,53.0,-3.5,53.0,3.5,0,0,0,-180.0,155.0,1.7735119681737446,58.60648720058949,0.48688548578673735,1.0,-1.7264880318262554,5.606487200589491,2024
401754582,2025,10,Stanford,Pittsburgh,20.0,35.0,-15.0,55.0,13.5,51.5,-13.5,0,0,1,410.0,-585.0,-17.163336478060536,52.45963289366168,0.18686076667043242,1.0,-3.663336478060536,0.9596328936616771,2024
401752755,2025,10,Florida,Georgia,20.0,24.0,-4.0,44.0,7.0,50.0,-7.0,0,1,0,240.0,-290.0,-10.046800655039837,52.32712569183585,0.08376845179315529,1.0,-3.0468006550398368,2.327125691835853,2024
401752888,2025,10,Minnesota,Michigan State,23.0,20.0,3.0,43.0,-3.5,44.5,3.5,1,0,0,-165.0,140.0,0.6108714413696155,44.82925626104795,0.6431577123057483,1.0,-2.8891285586303845,0.32925626104795214,2024
401754576,2025,10,California,Virginia,21.0,31.0,-10.0,52.0,6.5,52.0,-6.5,0,0,0,160.0,-185.0,-6.674219658158885,52.980199548956904,0.38715862715326355,1.0,-0.17421965815888463,0.9801995489569038,2024
401756940,2025,10,Kansas,Oklahoma State,38.0,21.0,17.0,59.0,-25.0,54.5,25.0,1,0,1,-3500.0,1100.0,21.8644850593546,56.9487133813381,0.9440737417300022,1.0,-3.1355149406454004,2.448713381338102,2024
401752753,2025,10,Arkansas,Mississippi State,35.0,38.0,-3.0,73.0,-5.0,66.5,5.0,0,0,1,-180.0,155.0,3.164667451063699,69.52050437107194,0.5268978465531244,1.0,-1.835332548936301,3.0205043710719366,2024
401762850,2025,10,Western Michigan,Central Michigan,24.0,21.0,3.0,45.0,-5.5,43.0,5.5,1,0,1,-185.0,160.0,5.713440039628058,43.14791936904907,0.659166939212958,1.0,0.21344003962805758,0.14791936904907033,2024
401756937,2025,10,Colorado,Arizona,17.0,52.0,-35.0,69.0,3.5,52.5,-3.5,0,0,1,175.0,-210.0,-9.564850088546905,50.82967365598428,0.30645286069112904,1.0,-6.064850088546905,-1.67032634401572,2024
401760405,2025,10,San Diego State,Wyoming,24.0,7.0,17.0,31.0,-9.5,42.0,9.5,1,1,0,-440.0,330.0,15.93811076228278,38.96137977801179,0.8300340571200557,1.0,6.438110762282779,-3.038620221988211,2024
401752756,2025,10,Ole Miss,South Carolina,30.0,14.0,16.0,44.0,-13.0,55.5,13.0,1,1,0,-490.0,355.0,10.518002153555319,54.56654233588478,0.6772462442853456,1.0,-2.4819978464446812,-0.9334576641152168,2024
401752890,2025,10,Michigan,Purdue,21.0,16.0,5.0,37.0,-21.0,49.0,21.0,1,0,0,-2000.0,950.0,19.654520006763523,48.35712758088841,0.9340361365555969,1.0,-1.3454799932364772,-0.6428724191115904,2024
401754578,2025,10,Florida State,Wake Forest,42.0,7.0,35.0,49.0,-13.0,51.0,13.0,1,1,0,-290.0,240.0,9.824720773236852,53.41451630342209,0.6270150602256732,1.0,-3.1752792267631484,2.41451630342209,2024
401752892,2025,10,Nebraska,USC,17.0,21.0,-4.0,38.0,4.5,60.0,-4.5,0,1,0,205.0,-245.0,-3.824407227224034,57.08888597252326,0.3522996563118107,1.0,0.6755927727759659,-2.911114027476742,2024
401752754,2025,10,Auburn,Kentucky,3.0,10.0,-7.0,13.0,-12.0,44.5,12.0,0,0,0,-390.0,-420.0,12.371320616907932,48.663634575079016,0.7292580243742139,1.0,0.3713206169079317,4.163634575079016,2024
401752943,2025,10,Oregon State,Washington State,10.0,7.0,3.0,17.0,3.0,47.5,-3.0,1,1,0,160.0,-185.0,-9.741766155024791,51.25697044906197,0.24700751856385975,1.0,-6.741766155024791,3.756970449061967,2024
401752757,2025,10,Tennessee,Oklahoma,27.0,33.0,-6.0,60.0,-3.0,56.0,3.0,0,0,1,-170.0,145.0,-3.9521701529225455,54.714265724237805,0.2767605704620412,1.0,-6.9521701529225455,-1.285734275762195,2024
401754579,2025,10,NC State,Georgia Tech,48.0,36.0,12.0,84.0,4.0,58.5,-4.0,1,1,1,190.0,-230.0,1.7187472985351713,53.16263176293138,0.5872828378428772,1.0,5.718747298535171,-5.337368237068617,2024
401761643,2025,10,Troy,Arkansas State,10.0,23.0,-13.0,33.0,-8.0,52.5,8.0,0,0,0,-285.0,235.0,5.946500198676441,53.612792980451886,0.6271707067651943,1.0,-2.053499801323559,1.1127929804518857,2024
401756942,2025,10,Utah,Cincinnati,45.0,14.0,31.0,59.0,-11.0,57.5,11.0,1,1,1,-285.0,235.0,10.356144713815343,62.23410968431094,0.7739918713308944,1.0,-0.6438552861846567,4.734109684310937,2024
401760403,2025,10,San José State,Hawai'i,45.0,38.0,7.0,83.0,-2.5,56.0,2.5,1,1,1,-130.0,110.0,-1.362135405197173,59.9271598137356,0.46236717372537584,1.0,-3.862135405197173,3.9271598137355994,2024
401762851,2025,11,Akron,Massachusetts,44.0,10.0,34.0,54.0,-11.5,51.0,11.5,1,1,1,-400.0,300.0,13.557197122202888,50.470752849991165,0.8615292201172047,1.0,2.057197122202888,-0.5292471500088354,2024
401762852,2025,11,Ohio,Miami (OH),24.0,20.0,4.0,44.0,-3.0,51.0,3.0,1,1,0,-175.0,150.0,2.0958916104922043,53.08323956224277,0.552054009397225,1.0,-0.9041083895077957,2.083239562242767,2024
401762853,2025,11,Ball State,Kent State,17.0,13.0,4.0,30.0,-3.0,48.0,3.0,1,1,0,-130.0,110.0,1.5964373750007943,55.26152506244716,0.47315331456716436,1.0,-1.4035626249992057,7.261525062447163,2024
401762854,2025,11,Toledo,Northern Illinois,42.0,3.0,39.0,45.0,-15.5,42.0,15.5,1,1,1,-625.0,430.0,26.09386702989996,43.0012432064144,0.9376496081884815,1.0,10.593867029899961,1.0012432064144008,2024
401762500,2025,11,South Florida,UTSA,55.0,23.0,32.0,78.0,-14.0,68.0,14.0,1,1,1,-525.0,375.0,18.764660819409514,69.50840748578337,0.8340164253287286,1.0,4.764660819409514,1.5084074857833656,2024
401761644,2025,11,App State,Georgia Southern,23.0,25.0,-2.0,48.0,-5.0,61.5,5.0,0,0,0,-220.0,180.0,9.73205780110266,65.86374562061108,0.6980056771910161,1.0,4.732057801102661,4.363745620611084,2024
401756946,2025,11,UCF,Houston,27.0,30.0,-3.0,57.0,-1.0,47.5,1.0,0,0,1,-110.0,-110.0,0.42089157212273487,50.03788353953854,0.49251691572462786,1.0,-0.5791084278772651,2.537883539538541,2024
401752896,2025,11,USC,Northwestern,38.0,17.0,21.0,55.0,-14.5,54.0,14.5,1,1,1,-650.0,450.0,15.717866351121325,57.93929837946153,0.9225092873929586,1.0,1.2178663511213248,3.9392983794615333,2024
401762501,2025,11,Memphis,Tulane,32.0,38.0,-6.0,70.0,-3.0,54.0,3.0,0,0,1,-230.0,190.0,9.095327438890035,55.74572749467468,0.6947074676089698,1.0,6.095327438890035,1.7457274946746821,2024
401756947,2025,11,West Virginia,Colorado,29.0,22.0,7.0,51.0,-6.5,51.5,6.5,1,1,0,-220.0,180.0,11.024962708957156,57.640599979871986,0.7582933682918516,1.0,4.5249627089571565,6.140599979871986,2024
401762503,2025,11,Army,Temple,14.0,13.0,1.0,27.0,-7.0,45.0,7.0,1,0,0,-250.0,210.0,8.019782731627595,48.367354011212775,0.6258887293934045,1.0,1.0197827316275951,3.3673540112127753,2024
401761647,2025,11,Arkansas State,Southern Miss,21.0,27.0,-6.0,48.0,6.5,55.0,-6.5,0,1,0,190.0,-230.0,-5.924666954639783,56.64872785727978,0.557511720618361,1.0,0.5753330453602166,1.6487278572797806,2024
401754584,2025,11,Boston College,SMU,13.0,45.0,-32.0,58.0,10.5,54.5,-10.5,0,0,1,345.0,-470.0,-12.672896826858334,54.20418994965435,0.2091836610869821,1.0,-2.1728968268583344,-0.29581005034565067,2024
401752762,2025,11,Mississippi State,Georgia,21.0,41.0,-20.0,62.0,9.5,56.5,-9.5,0,0,1,240.0,-290.0,-10.033958939594743,60.54961945379707,0.2130931863942311,1.0,-0.5339589395947435,4.049619453797071,2024
401761646,2025,11,Marshall,James Madison,23.0,35.0,-12.0,58.0,13.5,53.5,-13.5,0,1,1,360.0,-500.0,-15.058330032402106,53.48550225069638,0.22322453193805739,1.0,-1.5583300324021057,-0.014497749303622243,2024
401756945,2025,11,Texas Tech,BYU,29.0,7.0,22.0,36.0,-13.5,50.0,13.5,1,1,0,-400.0,300.0,16.24245524454753,48.69065862688394,0.7942143834144465,1.0,2.7424552445475285,-1.3093413731160624,2024
401752893,2025,11,Penn State,Indiana,24.0,27.0,-3.0,51.0,14.0,50.5,-14.0,0,1,1,410.0,-585.0,-11.745899986131265,52.86786014291443,0.508098912155264,1.0,2.254100013868735,2.367860142914431,2024
401752897,2025,11,Purdue,Ohio State,10.0,34.0,-24.0,44.0,29.0,50.0,-29.0,0,1,0,,,-21.80645218581104,51.40425108570145,0.0763677753902215,1.0,7.19354781418896,1.4042510857014534,2024
401762855,2025,11,Eastern Michigan,Bowling Green,27.0,21.0,6.0,48.0,-3.0,49.0,3.0,1,1,0,-125.0,105.0,-0.46299062348781916,50.49848980644217,0.4158240082241984,1.0,-3.462990623487819,1.4984898064421728,2024
401762502,2025,11,Rice,UAB,24.0,17.0,7.0,41.0,-1.0,51.5,1.0,1,1,0,-150.0,130.0,-1.8364347507430088,55.281387892157035,0.45353080755335284,1.0,-2.8364347507430088,3.781387892157035,2024
401752894,2025,11,Rutgers,Maryland,35.0,20.0,15.0,55.0,-1.5,57.0,1.5,1,1,0,105.0,-125.0,8.018892413954084,59.57322403667029,0.7284848360231255,1.0,6.5188924139540845,2.5732240366702896,2024
401762504,2025,11,East Carolina,Charlotte,48.0,22.0,26.0,70.0,-28.0,56.5,28.0,1,0,1,,,32.425143409168854,59.000301875932585,0.986597500668583,1.0,4.425143409168854,2.5003018759325855,2024
401762504,2025,11,East Carolina,Charlotte,48.0,22.0,26.0,70.0,-28.0,56.5,28.0,1,0,1,,,32.425143409168854,59.000301875932585,0.986597500668583,1.0,4.425143409168854,2.5003018759325855,2024
401757296,2025,11,Middle Tennessee,Florida International,30.0,56.0,-26.0,86.0,-2.0,51.0,2.0,0,0,1,-105.0,-115.0,0.42018183901243833,49.0623209814863,0.4856636600334536,1.0,-1.5798181609875617,-1.9376790185136983,2024
401762505,2025,11,Florida Atlantic,Tulsa,40.0,21.0,19.0,61.0,-4.5,61.5,4.5,1,1,0,-200.0,170.0,8.665884045749847,63.68790397502957,0.7575876945112192,1.0,4.165884045749847,2.1879039750295703,2024
401757297,2025,11,UTEP,Jacksonville State,27.0,30.0,-3.0,57.0,1.5,46.5,-1.5,0,0,1,100.0,-120.0,-0.050888668314673646,48.08778637926963,0.49776351663775886,1.0,1.4491113316853264,1.5877863792696303,2024
401756944,2025,11,TCU,Iowa State,17.0,20.0,-3.0,37.0,-7.5,58.0,7.5,0,0,0,-230.0,190.0,9.024354290498694,60.23638455296529,0.8256809138196952,1.0,1.5243542904986942,2.2363845529652906,2024
401752898,2025,11,Iowa,Oregon,16.0,18.0,-2.0,34.0,4.5,41.0,-4.5,0,1,0,190.0,-230.0,0.04392502250724739,45.02405955165945,0.5822921694962313,1.0,4.543925022507247,4.024059551659448,2024
401756943,2025,11,Arizona,Kansas,24.0,20.0,4.0,44.0,-5.5,56.5,5.5,1,0,0,-220.0,180.0,5.2964744196366835,61.05606227114816,0.7130115370933595,1.0,-0.20352558036331647,4.556062271148157,2024
401752763,2025,11,Missouri,Texas A&M,17.0,38.0,-21.0,55.0,7.0,48.0,-7.0,0,0,1,190.0,-230.0,-10.485557499125843,42.17275390400908,0.4092642837213983,1.0,-3.485557499125843,-5.8272460959909225,2024
401754587,2025,11,Miami,Syracuse,38.0,10.0,28.0,48.0,-28.5,46.5,28.5,1,0,1,,,27.230921462789322,43.260492840977975,0.9393014988899082,1.0,-1.269078537210678,-3.2395071590220255,2024
401754590,2025,11,UConn,Duke,37.0,34.0,3.0,71.0,8.0,63.0,-8.0,1,1,1,255.0,-310.0,-6.485412241454719,64.445764326862,0.5305031517968184,1.0,1.5145877585452814,1.4457643268620046,2024
401761645,2025,11,Coastal Carolina,Georgia State,40.0,27.0,13.0,67.0,-7.0,57.0,7.0,1,1,1,-290.0,240.0,9.900325108553742,54.3444197044672,0.708369569779536,1.0,2.9003251085537425,-2.6555802955328005,2024
401752764,2025,11,Vanderbilt,Auburn,45.0,38.0,7.0,83.0,-6.0,46.0,6.0,1,1,1,-275.0,225.0,5.691435563678121,46.0205796422392,0.6260157796574516,1.0,-0.3085644363218787,0.020579642239198392,2024
401757298,2025,11,New Mexico State,Kennesaw State,21.0,24.0,-3.0,45.0,10.5,52.0,-10.5,0,1,0,220.0,-270.0,-6.94858473885345,58.09602564529409,0.49649346098641345,1.0,3.55141526114655,6.096025645294091,2024
401754588,2025,11,North Carolina,Stanford,20.0,15.0,5.0,35.0,-8.5,42.0,8.5,1,0,0,-320.0,260.0,6.2214944014007205,44.239598187268534,0.6165291144237186,1.0,-2.2785055985992795,2.239598187268534,2024
401752899,2025,11,Wisconsin,Washington,13.0,10.0,3.0,23.0,10.5,44.5,-10.5,1,1,0,315.0,-420.0,-7.003146044544157,50.04844344596206,0.48575434386287136,1.0,3.496853955455843,5.548443445962057,2024
401761648,2025,11,Louisiana,Texas State,42.0,39.0,3.0,81.0,3.5,63.5,-3.5,1,1,1,110.0,-130.0,-1.9169571511754422,64.07691561892229,0.4225848329394769,1.0,1.5830428488245578,0.5769156189222855,2024
401760406,2025,11,San José State,Air Force,16.0,26.0,-10.0,42.0,-6.0,67.5,6.0,0,0,0,-200.0,170.0,-1.897686792582662,69.91764050706996,0.3638239032660417,1.0,-7.897686792582662,2.4176405070699616,2024
401754589,2025,11,Virginia,Wake Forest,9.0,16.0,-7.0,25.0,-7.0,48.5,7.0,0,0,0,-230.0,190.0,10.37685379977331,51.29281209685154,0.8202584069791776,1.0,3.3768537997733095,2.7928120968515415,2024
401754585,2025,11,Louisville,California,26.0,29.0,-3.0,55.0,-18.0,49.0,18.0,0,0,1,-1200.0,700.0,18.79154763642416,55.91008912023593,0.8786805398257937,1.0,0.7915476364241592,6.910089120235931,2024
401754586,2025,11,Clemson,Florida State,24.0,10.0,14.0,34.0,-1.5,56.5,1.5,1,1,0,-135.0,115.0,3.5581544802140193,54.94047585575301,0.6618162785824405,1.0,2.0581544802140193,-1.5595241442469927,2024
401760409,2025,11,Utah State,Nevada,51.0,14.0,37.0,65.0,-10.0,52.0,10.0,1,1,1,-380.0,290.0,14.693090216612184,54.07579389629543,0.8499656377401321,1.0,4.693090216612184,2.07579389629543,2024
401752760,2025,11,Kentucky,Florida,38.0,7.0,31.0,45.0,4.5,44.5,-4.5,1,1,1,145.0,-170.0,-12.749340460550084,48.276110892206724,0.2437521671487985,1.0,-8.249340460550084,3.7761108922067237,2024
401752759,2025,11,Alabama,LSU,20.0,9.0,11.0,29.0,-10.0,49.5,10.0,1,1,0,-410.0,305.0,13.158002024975756,52.566183407959,0.8574888384952459,1.0,3.1580020249757563,3.0661834079590022,2024
401757166,2025,11,Notre Dame,Navy,49.0,10.0,39.0,59.0,-30.5,55.0,30.5,1,1,1,-3500.0,1100.0,30.56708466836303,59.552938266225155,0.9513931536535684,1.0,0.06708466836303018,4.552938266225155,2024
401752895,2025,11,UCLA,Nebraska,21.0,28.0,-7.0,49.0,-2.0,46.0,2.0,0,0,1,-150.0,130.0,5.896890020845279,51.54216797631058,0.35539214170695455,1.0,3.8968900208452792,5.54216797631058,2024
401760407,2025,11,Colorado State,UNLV,10.0,42.0,-32.0,52.0,5.5,61.0,-5.5,0,0,0,185.0,-225.0,-3.481291283077823,57.80922352921031,0.4572336142194505,1.0,2.018708716922177,-3.190776470789693,2024
401752944,2025,11,Oregon State,Sam Houston,17.0,21.0,-4.0,38.0,-21.0,51.5,21.0,0,0,0,-1200.0,700.0,12.577669770502974,50.144353858036915,0.7719500489416107,1.0,-8.422330229497026,-1.355646141963085,2024
401760408,2025,11,Hawai'i,San Diego State,38.0,6.0,32.0,44.0,6.5,48.0,-6.5,1,1,0,175.0,-210.0,-3.219052733181049,44.85387696992469,0.5203738013061115,1.0,3.280947266818951,-3.1461230300753087,2024
401762856,2025,12,Akron,Kent State,35.0,42.0,-7.0,77.0,-7.5,49.5,7.5,0,0,1,-220.0,180.0,8.501698239416537,54.91688045592517,0.7519678320323553,1.0,1.0016982394165375,5.416880455925167,2024
401762857,2025,12,Western Michigan,Ohio,17.0,13.0,4.0,30.0,-1.5,47.0,1.5,1,1,0,105.0,-125.0,10.031611710224151,50.41737866720918,0.6350283353351047,1.0,8.531611710224151,3.417378667209178,2024
401762859,2025,12,Massachusetts,Northern Illinois,3.0,45.0,-42.0,48.0,9.5,43.0,-9.5,0,0,1,305.0,-410.0,-8.408424678483275,44.61623955813259,0.1660285520443589,1.0,1.091575321516725,1.616239558132591,2024
401762858,2025,12,Central Michigan,Buffalo,38.0,19.0,19.0,57.0,-2.0,45.0,2.0,1,1,1,-130.0,110.0,1.109227234232805,45.97615682300561,0.3907319813168503,1.0,-0.8907727657671951,0.9761568230056099,2024
401762860,2025,12,Miami (OH),Toledo,3.0,24.0,-21.0,27.0,5.5,44.0,-5.5,0,0,0,135.0,-160.0,-5.620746189599781,46.65494392160537,0.397179073117841,1.0,-0.12074618959978078,2.6549439216053727,2024
401761649,2025,12,Old Dominion,Troy,33.0,0.0,33.0,33.0,-10.0,53.0,10.0,1,1,0,-450.0,335.0,13.046808179059017,57.779901044094146,0.8033999287842701,1.0,3.046808179059017,4.779901044094146,2024
401754591,2025,12,Louisville,Clemson,19.0,20.0,-1.0,39.0,-1.5,51.0,1.5,0,0,0,-145.0,145.0,4.8396884591912706,52.424046473332616,0.5643245862828128,1.0,3.3396884591912706,1.4240464733326164,2024
401752904,2025,12,Oregon,Minnesota,42.0,13.0,29.0,55.0,-27.0,46.0,27.0,1,1,1,-2500.0,1000.0,30.75756295931339,45.43746534808918,0.9755425644960758,1.0,3.7575629593133897,-0.5625346519108234,2024
401752901,2025,12,Indiana,Wisconsin,31.0,7.0,24.0,38.0,-28.0,43.5,28.0,1,0,0,,,24.40591209046501,48.63615892738098,0.8991391795609964,1.0,-3.5940879095349914,5.136158927380983,2024
401752772,2025,12,Texas A&M,South Carolina,31.0,30.0,1.0,61.0,-16.5,49.5,16.5,1,0,1,-1300.0,725.0,19.830563791827366,45.76303709314999,0.8741029515299352,1.0,3.330563791827366,-3.7369629068500103,2024
401762507,2025,12,Charlotte,UTSA,7.0,28.0,-21.0,35.0,17.0,57.5,-17.0,0,0,0,625.0,-1000.0,-17.183845344869802,58.446715796125865,0.08349899118527522,1.0,-0.18384534486980186,0.946715796125865,2024
401762507,2025,12,Charlotte,UTSA,7.0,28.0,-21.0,35.0,17.0,57.5,-17.0,0,0,0,625.0,-1000.0,-17.183845344869802,58.446715796125865,0.08349899118527522,1.0,-0.18384534486980186,0.946715796125865,2024
401762861,2025,12,Ball State,Eastern Michigan,9.0,24.0,-15.0,33.0,3.0,49.0,-3.0,0,0,0,115.0,-135.0,-4.051722010539156,48.19927225408876,0.29968734455649293,1.0,-1.051722010539156,-0.8007277459112387,2024
401762510,2025,12,Navy,South Florida,41.0,38.0,3.0,79.0,8.5,63.0,-8.5,1,1,1,295.0,-390.0,-1.3832653439267428,65.09586164762902,0.5562746981911749,1.0,7.116734656073257,2.0958616476290217,2024
401757174,2025,12,UConn,Air Force,26.0,16.0,10.0,42.0,-7.5,64.5,7.5,1,1,0,-320.0,260.0,6.247428056221174,63.100806183401296,0.7449289843938791,1.0,-1.2525719437788263,-1.3991938165987037,2024
401754597,2025,12,Pittsburgh,Notre Dame,15.0,37.0,-22.0,52.0,13.0,55.0,-13.0,0,0,0,305.0,-410.0,-9.059535804333331,59.57587043074926,0.26229919361468496,1.0,3.940464195666669,4.575870430749262,2024
401756952,2025,12,Oklahoma State,Kansas State,6.0,14.0,-8.0,20.0,19.5,50.0,-19.5,0,1,0,725.0,-1300.0,-18.864840981292787,49.556841377037216,0.020461653392932516,1.0,0.6351590187072134,-0.44315862296278397,2024
401756951,2025,12,Cincinnati,Arizona,24.0,30.0,-6.0,54.0,-6.0,56.0,6.0,0,0,0,-225.0,185.0,6.332493972739812,57.78779076327654,0.724146153585853,1.0,0.33249397273981174,1.78779076327654,2024
401752905,2025,12,Northwestern,Michigan,22.0,24.0,-2.0,46.0,10.0,42.0,-10.0,0,1,1,375.0,-525.0,-9.625205158452601,43.20144134103683,0.17038986566477782,1.0,0.3747948415473985,1.2014413410368334,2024
401752768,2025,12,LSU,Arkansas,23.0,22.0,1.0,45.0,-4.0,58.0,4.0,1,0,0,-220.0,180.0,1.1891079383565422,57.462239648819185,0.5828664077128309,1.0,-2.810892061643458,-0.5377603511808147,2024
401752945,2025,12,Tulsa,Oregon State,31.0,14.0,17.0,45.0,-1.0,50.5,1.0,1,1,0,,-105.0,2.582651594355627,52.116031247173126,0.4771017241720153,1.0,1.5826515943556272,1.616031247173126,2024
401756948,2025,12,Arizona State,West Virginia,25.0,23.0,2.0,48.0,-10.0,46.5,10.0,1,0,1,-435.0,325.0,8.447808295700085,44.86222626959912,0.6052538457554664,1.0,-1.552191704299915,-1.6377737304008804,2024
401762506,2025,12,UAB,North Texas,24.0,53.0,-29.0,77.0,17.5,69.0,-17.5,0,0,1,625.0,-1000.0,-11.46075469989822,73.07883570874664,0.2328589391004696,1.0,6.039245300101779,4.078835708746638,2024
401761651,2025,12,Georgia State,Marshall,18.0,30.0,-12.0,48.0,9.5,60.5,-9.5,0,0,0,220.0,-270.0,-7.726228140447501,68.06060854057515,0.3818941525829521,1.0,1.7737718595524994,7.560608540575146,2024
401760411,2025,12,New Mexico,Colorado State,20.0,17.0,3.0,37.0,-15.0,54.0,15.0,1,0,0,,-625.0,17.695192657056552,53.95734908429476,0.8571765591216747,1.0,2.695192657056552,-0.042650915705237935,2024
401757303,2025,12,Western Kentucky,Middle Tennessee,42.0,26.0,16.0,68.0,-13.5,52.5,13.5,1,1,1,-550.0,390.0,17.9747134519855,56.47581358863295,0.9317456753797999,1.0,4.474713451985501,3.9758135886329526,2024
401752907,2025,12,USC,Iowa,26.0,21.0,5.0,47.0,-6.5,48.5,6.5,1,0,0,-245.0,205.0,1.0863737805589757,50.91977757267353,0.65192386295032,1.0,-5.413626219441024,2.4197775726735316,2024
401752903,2025,12,Michigan State,Penn State,10.0,28.0,-18.0,38.0,7.0,49.0,-7.0,0,0,0,205.0,-245.0,-5.344793987638036,57.100722058826655,0.31757634047968986,1.0,1.6552060123619636,8.100722058826655,2024
401761654,2025,12,Southern Miss,Texas State,14.0,41.0,-27.0,55.0,-3.0,66.0,3.0,0,0,0,-225.0,185.0,6.991973976323933,72.08224040925288,0.5733718270700378,1.0,3.9919739763239326,6.082240409252876,2024
401761653,2025,12,UL Monroe,South Alabama,14.0,26.0,-12.0,40.0,3.5,49.5,-3.5,0,0,0,160.0,-185.0,3.244435774325604,49.08530736983993,0.455255519200169,1.0,6.744435774325604,-0.41469263016006863,2024
401760413,2025,12,Nevada,San José State,55.0,10.0,45.0,65.0,9.5,49.5,-9.5,1,1,1,255.0,-310.0,-9.313623845520985,50.50282856548449,0.19516463951746324,1.0,0.18637615447901545,1.0028285654844922,2024
401752765,2025,12,Alabama,Oklahoma,21.0,23.0,-2.0,44.0,-6.5,45.5,6.5,0,0,0,-260.0,215.0,6.215831485186106,46.282742267230944,0.6951688476732948,1.0,-0.28416851481389394,0.7827422672309439,2024
401754595,2025,12,Miami,NC State,41.0,7.0,34.0,48.0,-15.5,55.0,15.5,1,1,0,-625.0,430.0,11.605114610416368,55.61002833017031,0.8676884811543952,1.0,-3.8948853895836315,0.6100283301703087,2024
401761652,2025,12,James Madison,App State,58.0,10.0,48.0,68.0,-21.5,53.5,21.5,1,1,1,-1500.0,775.0,28.59248293034366,55.85030784258819,0.9356598610552315,1.0,7.09248293034366,2.3503078425881867,2024
401754592,2025,12,Boston College,Georgia Tech,34.0,36.0,-2.0,70.0,16.5,61.0,-16.5,0,1,1,550.0,-850.0,-21.768361017599165,58.77136915914136,0.09365187497237859,1.0,-5.268361017599165,-2.228630840858642,2024
401752906,2025,12,Illinois,Maryland,24.0,6.0,18.0,30.0,-16.5,52.0,16.5,1,1,0,-600.0,425.0,16.82533626815737,58.46123795759476,0.7336943955789748,1.0,0.3253362681573684,6.461237957594761,2024
401756953,2025,12,Texas Tech,UCF,48.0,9.0,39.0,57.0,-24.0,48.5,24.0,1,1,1,-2500.0,1000.0,26.397005668111824,52.733279337789824,0.9551474483025343,1.0,2.3970056681118237,4.233279337789824,2024
401754593,2025,12,Duke,Virginia,17.0,34.0,-17.0,51.0,-5.0,60.0,5.0,0,0,0,-230.0,190.0,6.158643849844787,61.263421739516275,0.5242485166159179,1.0,1.158643849844787,1.263421739516275,2024
401762509,2025,12,Tulane,Florida Atlantic,35.0,24.0,11.0,59.0,-16.5,60.5,16.5,1,0,0,-800.0,525.0,16.13629025566471,58.895904613628936,0.8260287395552949,1.0,-0.3637097443352886,-1.604095386371064,2024
401762508,2025,12,East Carolina,Memphis,31.0,27.0,4.0,58.0,-3.0,57.0,3.0,1,1,1,-145.0,125.0,8.805750546711163,55.77714006856454,0.739159811301104,1.0,5.805750546711163,-1.2228599314354582,2024
401752771,2025,12,Tennessee,New Mexico State,42.0,9.0,33.0,51.0,-41.5,60.0,41.5,1,0,0,,,42.40346604690706,69.09499575071554,0.9813431494007843,1.0,0.903466046907063,9.09499575071554,2024
401754596,2025,12,Wake Forest,North Carolina,28.0,12.0,16.0,40.0,-3.5,38.0,3.5,1,1,1,-165.0,140.0,3.1461913114246536,40.59713144963201,0.539858809121823,1.0,-0.3538086885753464,2.597131449632009,2024
401757301,2025,12,Florida International,Liberty,34.0,27.0,7.0,61.0,2.5,51.5,-2.5,1,1,1,120.0,-140.0,4.18287709549243,50.544542651816386,0.6403467022138147,1.0,6.68287709549243,-0.9554573481836144,2024
401761650,2025,12,Georgia Southern,Coastal Carolina,45.0,40.0,5.0,85.0,-3.0,59.5,3.0,1,1,1,-135.0,115.0,6.477219176186445,55.736940886067934,0.5675170042028306,1.0,3.477219176186445,-3.7630591139320657,2024
401756949,2025,12,Baylor,Utah,28.0,55.0,-27.0,83.0,9.5,60.5,-9.5,0,0,1,,275.0,-7.199796475818086,61.1796616982908,0.47698458489860607,1.0,2.3002035241819137,0.6796616982908006,2024
401752902,2025,12,Washington,Purdue,49.0,13.0,36.0,62.0,-15.5,51.0,15.5,1,1,1,-900.0,575.0,13.010078406824011,52.973981692458864,0.8100573263923023,1.0,-2.489921593175989,1.9739816924588638,2024
401760414,2025,12,UNLV,Utah State,29.0,26.0,3.0,55.0,-5.0,68.5,5.0,1,0,0,-185.0,160.0,7.145744877270624,69.33170979658743,0.63928905651336,1.0,2.145744877270624,0.8317097965874325,2024
401752769,2025,12,Ole Miss,Florida,34.0,24.0,10.0,58.0,-10.5,53.5,10.5,1,0,1,-750.0,500.0,13.89657940243377,52.99867630601265,0.7439191447107316,1.0,3.3965794024337708,-0.5013236939873522,2024
401752900,2025,12,Ohio State,UCLA,48.0,10.0,38.0,58.0,-33.0,46.5,33.0,1,1,1,,,30.403687414169635,50.47402028837453,0.9778799919484304,1.0,-2.596312585830365,3.9740202883745326,2024
401754594,2025,12,Florida State,Virginia Tech,34.0,14.0,20.0,48.0,-14.0,55.0,14.0,1,1,0,-575.0,400.0,12.14192250515773,58.323720697779116,0.7542001390108362,1.0,-1.85807749484227,3.323720697779116,2024
401752766,2025,12,Georgia,Texas,35.0,10.0,25.0,45.0,-4.0,50.5,4.0,1,1,0,-220.0,180.0,6.407033379673179,48.08577608685664,0.6894598332458286,1.0,2.4070333796731793,-2.41422391314336,2024
401752770,2025,12,Missouri,Mississippi State,49.0,27.0,22.0,76.0,-7.0,50.0,7.0,1,1,1,-245.0,205.0,4.222881073523361,51.45663812098784,0.6751469737893446,1.0,-2.777118926476639,1.45663812098784,2024
401757302,2025,12,Jacksonville State,Kennesaw State,35.0,26.0,9.0,61.0,4.0,56.0,-4.0,1,1,1,110.0,-130.0,-5.300222082928672,56.082289004202856,0.4271401081584416,1.0,-1.3002220829286717,0.08228900420285612,2024
401752953,2025,12,Washington State,Louisiana Tech,28.0,3.0,25.0,31.0,-10.0,43.5,10.0,1,1,0,-270.0,220.0,13.604086678943023,47.56993516749133,0.6889787937936029,1.0,3.6040866789430233,4.06993516749133,2024
401756950,2025,12,BYU,TCU,44.0,13.0,31.0,57.0,-3.0,52.0,3.0,1,1,1,-210.0,175.0,4.970916782709108,54.91549051415323,0.5092319778645116,1.0,1.970916782709108,2.915490514153227,2024
401760410,2025,12,San Diego State,Boise State,17.0,7.0,10.0,24.0,-2.0,41.5,2.0,1,1,0,-140.0,120.0,9.666631647157997,38.82556040928674,0.569479594238171,1.0,7.666631647157997,-2.6744395907132628,2024
401760412,2025,12,Fresno State,Wyoming,24.0,3.0,21.0,27.0,-3.0,40.5,3.0,1,1,0,-195.0,165.0,9.480336829469733,44.74213304976283,0.7258260380643811,1.0,6.480336829469733,4.242133049762828,2024
401762864,2025,13,Northern Illinois,Western Michigan,19.0,35.0,-16.0,54.0,7.0,39.5,-7.0,0,0,1,220.0,-270.0,-12.407855802828038,40.07121504862197,0.42381861673674576,1.0,-5.407855802828038,0.5712150486219727,2024
401762862,2025,13,Bowling Green,Akron,16.0,19.0,-3.0,35.0,-2.0,48.0,2.0,0,0,0,-140.0,120.0,-3.195963985452755,51.08171486134586,0.4572193906750318,1.0,-5.195963985452755,3.0817148613458585,2024
401762863,2025,13,Ohio,Massachusetts,42.0,14.0,28.0,56.0,-33.5,53.0,33.5,1,0,1,,,34.59626181218146,57.20835175794329,0.99,1.0,1.09626181218146,4.208351757943291,2024
401762865,2025,13,Buffalo,Miami (OH),20.0,37.0,-17.0,57.0,2.5,38.5,-2.5,0,0,1,100.0,-120.0,-2.221263995257465,42.21929888881897,0.5908537459177787,1.0,0.2787360047425351,3.719298888818969,2024
401762866,2025,13,Kent State,Central Michigan,16.0,28.0,-12.0,44.0,7.5,50.5,-7.5,0,0,0,270.0,-340.0,-1.9386091929414082,52.34806419656703,0.281295884397908,1.0,5.561390807058592,1.8480641965670301,2024
401761655,2025,13,Arkansas State,Louisiana,30.0,34.0,-4.0,64.0,-2.5,54.0,2.5,0,0,1,-140.0,120.0,0.3002788481820895,54.29652163709956,0.6039570436826407,1.0,-2.1997211518179105,0.29652163709955914,2024
401754598,2025,13,NC State,Florida State,21.0,11.0,10.0,32.0,6.5,58.5,-6.5,1,1,0,165.0,-195.0,-8.195307077852641,62.816790333203144,0.4488371022707365,1.0,-1.6953070778526413,4.316790333203144,2024
401760418,2025,13,UNLV,Hawai'i,38.0,10.0,28.0,48.0,-2.5,64.5,2.5,1,1,0,-145.0,125.0,4.7525592587546015,70.2845468576789,0.7186839316960956,1.0,2.2525592587546015,5.7845468576789045,2024
401756958,2025,13,Iowa State,Kansas,38.0,14.0,24.0,52.0,-3.5,55.5,3.5,1,1,0,-195.0,165.0,0.6341098513040055,54.01814231673172,0.4442038129011654,1.0,-2.8658901486959945,-1.4818576832682808,2024
401752912,2025,13,Ohio State,Rutgers,42.0,9.0,33.0,51.0,-29.0,54.0,29.0,1,1,0,,,24.754566669095972,54.01555765151489,0.9698256865904018,1.0,-4.245433330904028,0.015557651514889415,2024
401752909,2025,13,Northwestern,Minnesota,38.0,35.0,3.0,73.0,-4.0,41.0,4.0,1,0,1,-185.0,160.0,5.484638912786898,37.837944196619354,0.6341538615663667,1.0,1.484638912786898,-3.162055803380646,2024
401762512,2025,13,Army,Tulsa,25.0,26.0,-1.0,51.0,-10.0,43.5,10.0,0,0,1,-410.0,305.0,13.812969224122266,49.65793397787553,0.7816244469242946,1.0,3.8129692241222664,6.15793397787553,2024
401754603,2025,13,Virginia Tech,Miami,17.0,34.0,-17.0,51.0,18.5,49.0,-18.5,0,1,1,600.0,-950.0,-12.422936452914561,48.53928587541187,0.2556193704793046,1.0,6.077063547085439,-0.46071412458812944,2024
401752778,2025,13,Oklahoma,Missouri,17.0,6.0,11.0,23.0,-4.5,42.5,4.5,1,1,0,-320.0,260.0,5.748454872981602,41.04188691142081,0.7279072935128715,1.0,1.2484548729816023,-1.4581130885791893,2024
401754602,2025,13,SMU,Louisville,38.0,6.0,32.0,44.0,-4.0,49.5,4.0,1,1,0,-135.0,115.0,7.893964878015972,53.430836293511284,0.6907574371904504,1.0,3.8939648780159724,3.930836293511284,2024
401752776,2025,13,Georgia,Charlotte,35.0,3.0,32.0,38.0,-42.5,53.0,42.5,1,0,0,,,45.734136558901845,56.473214656467796,0.99,1.0,3.234136558901845,3.473214656467796,2024
401752776,2025,13,Georgia,Charlotte,35.0,3.0,32.0,38.0,-42.5,53.0,42.5,1,0,0,,,45.734136558901845,56.473214656467796,0.99,1.0,3.234136558901845,3.473214656467796,2024
401752954,2025,13,James Madison,Washington State,24.0,20.0,4.0,44.0,-15.0,44.5,15.0,1,0,0,-585.0,410.0,16.09570536583931,47.251641831406594,0.837660091610544,1.0,1.0957053658393114,2.7516418314065945,2024
401761657,2025,13,Georgia Southern,Old Dominion,10.0,45.0,-35.0,55.0,10.0,62.0,-10.0,0,0,0,350.0,-480.0,-7.138319515846434,62.41584677708973,0.48864778696925976,1.0,2.861680484153566,0.41584677708973317,2024
401756954,2025,13,Arizona,Baylor,41.0,17.0,24.0,58.0,-6.5,61.5,6.5,1,1,0,-245.0,205.0,7.734033646686622,60.376340659050335,0.6859934337438456,1.0,1.2340336466866217,-1.123659340949665,2024
401762867,2025,13,Toledo,Ball State,38.0,9.0,29.0,47.0,-29.5,45.5,29.5,1,0,1,,,26.599153180174977,46.876957711273306,0.9679203768976278,1.0,-2.9008468198250235,1.376957711273306,2024
401760419,2025,13,Wyoming,Nevada,7.0,13.0,-6.0,20.0,-6.5,39.5,6.5,0,0,0,-250.0,210.0,9.541204515250229,42.41737862877344,0.6985117139401585,1.0,3.0412045152502287,2.9173786287734416,2024
401761656,2025,13,App State,Marshall,26.0,24.0,2.0,50.0,4.0,56.5,-4.0,1,1,0,165.0,-195.0,-1.9922045650036866,63.18462977254882,0.4271089160791413,1.0,2.0077954349963134,6.684629772548817,2024
401757307,2025,13,Louisiana Tech,Liberty,34.0,28.0,6.0,62.0,1.0,45.0,-1.0,1,1,1,100.0,-120.0,3.6740394511189027,52.59845048506966,0.6521798673321195,1.0,4.674039451118903,7.598450485069662,2024
401757309,2025,13,UTEP,New Mexico State,31.0,34.0,-3.0,65.0,-4.0,44.5,4.0,0,0,1,-160.0,135.0,5.503432904472722,49.17604360444104,0.6596290300108636,1.0,1.5034329044727217,4.676043604441041,2024
401757308,2025,13,Middle Tennessee,Sam Houston,31.0,17.0,14.0,48.0,-7.0,53.5,7.0,1,1,0,-245.0,205.0,3.14912852935307,55.989467438445885,0.697181682944326,1.0,-3.85087147064693,2.4894674384458853,2024
401757175,2025,13,Florida Atlantic,UConn,45.0,48.0,-3.0,93.0,6.0,64.0,-6.0,0,1,1,220.0,-270.0,-8.071706445704487,68.51769313323949,0.33285452931966436,1.0,-2.0717064457044874,4.51769313323949,2024
401762511,2025,13,UAB,South Florida,18.0,48.0,-30.0,66.0,21.0,69.0,-21.0,0,0,0,850.0,-1800.0,-20.064966547272125,72.80215730804903,0.16425005995328923,1.0,0.9350334527278754,3.8021573080490327,2024
401754600,2025,13,North Carolina,Duke,25.0,32.0,-7.0,57.0,7.0,50.0,-7.0,0,0,1,200.0,-240.0,-11.505782040420087,49.21967154908204,0.3586310300548153,1.0,-4.505782040420087,-0.7803284509179633,2024
401754604,2025,13,Notre Dame,Syracuse,70.0,7.0,63.0,77.0,-37.0,51.0,37.0,1,1,1,,,41.984828388455526,50.690506453086954,0.99,1.0,4.984828388455526,-0.3094935469130462,2024
401757305,2025,13,Florida International,Jacksonville State,27.0,21.0,6.0,48.0,-2.5,56.0,2.5,1,1,0,-105.0,-115.0,1.0072578671686188,59.838044936884195,0.45781503904792026,1.0,-1.4927421328313812,3.838044936884195,2024
401761658,2025,13,South Alabama,Southern Miss,42.0,35.0,7.0,77.0,2.5,53.0,-2.5,1,1,1,105.0,-125.0,-5.989700547879956,56.1667043589167,0.5129701034006783,1.0,-3.4897005478799556,3.1667043589166965,2024
401762513,2025,13,UTSA,East Carolina,58.0,24.0,34.0,82.0,2.0,62.5,-2.0,1,1,1,115.0,-135.0,3.225632706651999,66.60374875373518,0.6337357531937517,1.0,5.225632706651999,4.103748753735175,2024
401752780,2025,13,Texas,Arkansas,52.0,37.0,15.0,89.0,-8.5,58.0,8.5,1,1,1,-370.0,285.0,9.577356210649732,62.67744721071283,0.8554853501426729,1.0,1.0773562106497323,4.6774472107128275,2024
401752782,2025,13,Vanderbilt,Kentucky,45.0,17.0,28.0,62.0,-7.0,53.5,7.0,1,1,1,-390.0,295.0,9.84752370200921,55.68935067107803,0.71535686835446,1.0,2.8475237020092106,2.1893506710780315,2024
401752911,2025,13,Oregon,USC,42.0,27.0,15.0,69.0,-11.0,59.0,11.0,1,1,1,-380.0,290.0,14.777348506441601,59.16916660418514,0.8821505670208263,1.0,3.7773485064416015,0.1691666041851434,2024
401752913,2025,13,Iowa,Michigan State,20.0,17.0,3.0,37.0,-17.5,43.0,17.5,1,0,0,-900.0,575.0,19.759418122716646,46.40092591328236,0.9303829813097046,1.0,2.259418122716646,3.4009259132823573,2024
401762515,2025,13,Temple,Tulane,13.0,37.0,-24.0,50.0,7.5,54.0,-7.5,0,0,0,255.0,-310.0,-1.5655104420053947,56.57924865668593,0.6203033082869163,1.0,5.934489557994605,2.5792486566859267,2024
401756957,2025,13,Houston,TCU,14.0,17.0,-3.0,31.0,1.5,55.5,-1.5,0,0,0,-115.0,-105.0,-0.8191589751803103,62.56932363056778,0.5928868478418798,1.0,0.6808410248196897,7.06932363056778,2024
401761660,2025,13,Troy,Georgia State,31.0,19.0,12.0,50.0,-9.5,51.0,9.5,1,1,0,-480.0,350.0,3.7167330973949326,55.168181496232094,0.5720289010067328,1.0,-5.783266902605067,4.168181496232094,2024
401752914,2025,13,Maryland,Michigan,20.0,45.0,-25.0,65.0,14.0,46.5,-14.0,0,0,1,400.0,-575.0,-17.36045073402641,47.32116435953854,0.03091980160192978,1.0,-3.3604507340264114,0.8211643595385425,2024
401756959,2025,13,UCF,Oklahoma State,17.0,14.0,3.0,31.0,-13.5,47.5,13.5,1,0,0,-600.0,425.0,8.183056125218009,51.857154517991376,0.6990190411642709,1.0,-5.316943874781991,4.3571545179913755,2024
401756960,2025,13,Utah,Kansas State,51.0,47.0,4.0,98.0,-17.5,52.5,17.5,1,0,1,-900.0,575.0,19.59789421080182,55.58231772011411,0.8455072195058023,1.0,2.097894210801819,3.082317720114112,2024
401752779,2025,13,South Carolina,Coastal Carolina,51.0,7.0,44.0,58.0,-24.0,50.0,24.0,1,1,1,-2200.0,1000.0,22.95040570102864,52.64985639463967,0.9058153363413168,1.0,-1.0495942989713605,2.64985639463967,2024
401761659,2025,13,Texas State,UL Monroe,31.0,14.0,17.0,45.0,-20.5,59.5,20.5,1,0,0,-1100.0,650.0,24.374803261679734,63.48393254325453,0.9654287064428929,1.0,3.874803261679734,3.9839325432545323,2024
401760416,2025,13,Boise State,Colorado State,49.0,21.0,28.0,70.0,-17.0,45.5,17.0,1,1,1,-750.0,500.0,21.72158068239424,44.58441436228549,0.9023001403183981,1.0,4.72158068239424,-0.9155856377145071,2024
401760415,2025,13,Air Force,New Mexico,3.0,20.0,-17.0,23.0,3.5,53.5,-3.5,0,0,0,135.0,-160.0,-8.279085244923996,53.1691147900829,0.4595305875426814,1.0,-4.779085244923996,-0.33088520991709913,2024
401752908,2025,13,Penn State,Nebraska,37.0,10.0,27.0,47.0,-7.0,45.0,7.0,1,1,1,-360.0,280.0,4.32403585020325,47.012208131295765,0.698301717171776,1.0,-2.6759641497967497,2.0122081312957647,2024
401754601,2025,13,Georgia Tech,Pittsburgh,28.0,42.0,-14.0,70.0,-2.5,60.0,2.5,0,0,1,-135.0,115.0,1.2081090166659356,60.55959338861737,0.6006849664663767,1.0,-1.2918909833340644,0.5595933886173725,2024
401762514,2025,13,Rice,North Texas,24.0,56.0,-32.0,80.0,18.5,57.0,-18.5,0,0,1,650.0,-1100.0,-12.733887939846902,61.496936472158666,0.2026610679198477,1.0,5.766112060153098,4.496936472158666,2024
401754599,2025,13,Stanford,California,31.0,10.0,21.0,41.0,4.5,47.5,-4.5,1,1,0,125.0,-145.0,-6.631536191201485,50.841149020353235,0.5075661323629421,1.0,-2.1315361912014854,3.3411490203532352,2024
401752775,2025,13,Florida,Tennessee,11.0,31.0,-20.0,42.0,3.0,58.0,-3.0,0,0,0,165.0,-195.0,-0.014325310469879948,59.65161085848391,0.3324404454121648,1.0,2.98567468953012,1.651610858483913,2024
401752915,2025,13,Wisconsin,Illinois,27.0,10.0,17.0,37.0,9.5,42.0,-9.5,1,1,0,255.0,-310.0,-15.091733581745924,44.12595836302504,0.27096629093880265,1.0,-5.591733581745924,2.125958363025042,2024
401752777,2025,13,LSU,Western Kentucky,13.0,10.0,3.0,23.0,-24.5,52.0,24.5,1,0,0,-1800.0,850.0,27.935493062893233,49.719393928311035,0.9419357699568529,1.0,3.435493062893233,-2.2806060716889647,2024
401756956,2025,13,Colorado,Arizona State,17.0,42.0,-25.0,59.0,7.0,47.5,-7.0,0,0,1,220.0,-270.0,-11.414523883185307,48.16143451773953,0.2722950268285007,1.0,-4.414523883185307,0.6614345177395293,2024
401756955,2025,13,Cincinnati,BYU,14.0,26.0,-12.0,40.0,2.5,56.5,-2.5,0,0,0,115.0,-135.0,-1.4415534139506785,59.812670279015656,0.5865779508773677,1.0,1.0584465860493215,3.3126702790156557,2024
401760420,2025,13,San Diego State,San José State,25.0,3.0,22.0,28.0,-10.0,51.5,10.0,1,1,0,-525.0,375.0,9.891079241655898,53.6042809351734,0.8334774470105268,1.0,-0.10892075834410164,2.1042809351733993,2024
401752910,2025,13,UCLA,Washington,14.0,48.0,-34.0,62.0,11.0,51.0,-11.0,0,0,1,300.0,-400.0,-11.827885981728977,55.04700847390414,0.12897752836376947,1.0,-0.8278859817289774,4.0470084739041425,2024
401760417,2025,13,Fresno State,Utah State,17.0,28.0,-11.0,45.0,-2.0,50.0,2.0,0,0,0,-145.0,125.0,-2.9883309433491227,53.804262354691424,0.44705875621579405,1.0,-4.988330943349123,3.8042623546914243,2024
401762868,2025,14,Massachusetts,Bowling Green,14.0,45.0,-31.0,59.0,14.0,44.5,-14.0,0,0,1,475.0,-700.0,-12.542768923310614,50.22333840191013,0.2003258963183388,1.0,1.4572310766893857,5.7233384019101265,2024
401762869,2025,14,Eastern Michigan,Western Michigan,21.0,31.0,-10.0,52.0,10.0,49.0,-10.0,0,0,1,190.0,-230.0,-12.2619520677286,52.59719786805518,0.4017658881041507,1.0,-2.2619520677286005,3.597197868055183,2024
401762516,2025,14,Memphis,Navy,17.0,28.0,-11.0,45.0,-3.5,57.5,3.5,0,0,0,-170.0,145.0,7.273531258662189,59.297081301661805,0.7145675946620728,1.0,3.7735312586621887,1.7970813016618052,2024
401752916,2025,14,Nebraska,Iowa,16.0,40.0,-24.0,56.0,6.0,39.5,-6.0,0,0,1,200.0,-240.0,-12.699658797385442,40.57152840851409,0.31124905420706395,1.0,-6.6996587973854425,1.0715284085140908,2024
401762871,2025,14,Northern Illinois,Kent State,31.0,35.0,-4.0,66.0,-5.0,45.0,5.0,0,0,1,-220.0,180.0,2.0687403392506907,46.69090572640343,0.6286495374187814,1.0,-2.9312596607493093,1.6909057264034288,2024
401762870,2025,14,Buffalo,Ohio,26.0,31.0,-5.0,57.0,7.0,44.5,-7.0,0,1,1,210.0,-250.0,-2.3859094379312795,45.998525890522295,0.4453874979640336,1.0,4.6140905620687205,1.498525890522295,2024
401752788,2025,14,Mississippi State,Ole Miss,19.0,38.0,-19.0,57.0,7.0,63.0,-7.0,0,0,0,215.0,-260.0,-12.28508365388226,63.5470800727338,0.1683758553590193,1.0,-5.2850836538822605,0.5470800727337988,2024
401756964,2025,14,Kansas,Utah,21.0,31.0,-10.0,52.0,10.0,60.5,-10.0,0,0,0,340.0,-460.0,-2.644777431513994,61.721532064155895,0.424458329723286,1.0,7.355222568486006,1.2215320641558947,2024
401760421,2025,14,Colorado State,Air Force,21.0,42.0,-21.0,63.0,2.5,47.5,-2.5,0,0,1,110.0,-130.0,-5.542774537059163,50.90656114875044,0.40309086199753563,1.0,-3.042774537059163,3.4065611487504412,2024
401760426,2025,14,New Mexico,San Diego State,23.0,17.0,6.0,40.0,1.0,41.5,-1.0,1,1,0,100.0,-120.0,0.919951647935441,40.98282392109528,0.3680213709093512,1.0,1.919951647935441,-0.5171760789047184,2024
401762442,2025,14,North Texas,Temple,52.0,25.0,27.0,77.0,-20.0,65.5,20.0,1,1,1,-1300.0,725.0,16.144633159466522,69.18150266251119,0.7711875775615584,1.0,-3.8553668405334776,3.6815026625111926,2024
401752786,2025,14,Georgia Tech,Georgia,9.0,16.0,-7.0,25.0,16.5,59.5,-16.5,0,1,0,425.0,-600.0,-20.31418943160544,60.037040925540715,0.08520893783631105,1.0,-3.8141894316054383,0.5370409255407154,2024
401760422,2025,14,Utah State,Boise State,24.0,25.0,-1.0,49.0,2.0,55.0,-2.0,0,1,0,130.0,-150.0,2.101995389232288,58.51964679873896,0.4211371057521825,1.0,4.101995389232288,3.519646798738961,2024
401752792,2025,14,Texas,Texas A&M,27.0,17.0,10.0,44.0,2.5,54.5,-2.5,1,1,0,115.0,-135.0,-8.827561145418736,58.71924431045255,0.3896063698647336,1.0,-6.327561145418736,4.219244310452552,2024
401752924,2025,14,Purdue,Indiana,3.0,56.0,-53.0,59.0,28.5,54.5,-28.5,0,0,1,,,-29.448397270769103,55.099225965270406,0.05328915376087323,1.0,-0.9483972707691031,0.5992259652704064,2024
401756961,2025,14,Arizona State,Arizona,7.0,23.0,-16.0,30.0,2.0,48.5,-2.0,0,0,0,100.0,-120.0,-1.3639366438194402,46.333439273007556,0.47314349757214513,1.0,0.6360633561805598,-2.1665607269924436,2024
401756965,2025,14,Kansas State,Colorado,24.0,14.0,10.0,38.0,-16.5,49.5,16.5,1,0,0,-950.0,600.0,16.703019621214416,55.14511978770449,0.887841876085069,1.0,0.2030196212144162,5.645119787704488,2024
401762519,2025,14,Florida Atlantic,East Carolina,3.0,42.0,-39.0,45.0,7.0,66.0,-7.0,0,0,0,210.0,-250.0,-12.142354110659614,74.31929627594833,0.2570066999622419,1.0,-5.142354110659614,8.319296275948332,2024
401754611,2025,14,Pittsburgh,Miami,7.0,38.0,-31.0,45.0,6.5,49.0,-6.5,0,0,0,215.0,-260.0,-3.5460031621415933,43.17019432055956,0.32057144196679777,1.0,2.9539968378584067,-5.82980567944044,2024
401756962,2025,14,Baylor,Houston,24.0,31.0,-7.0,55.0,-2.5,57.0,2.5,0,0,0,-140.0,120.0,-0.976145765711645,56.19887182620951,0.4965345791896789,1.0,-3.476145765711645,-0.8011281737904881,2024
401756966,2025,14,Oklahoma State,Iowa State,13.0,20.0,-7.0,33.0,14.0,46.5,-14.0,0,1,0,430.0,-625.0,-4.166476808721361,48.180994654372284,0.18344441485723137,1.0,9.833523191278639,1.6809946543722845,2024
401752787,2025,14,Louisville,Kentucky,41.0,0.0,41.0,41.0,-1.0,45.5,1.0,1,1,0,-150.0,130.0,1.067925389235651,51.19173858190683,0.5073201932568302,1.0,0.06792538923565106,5.691738581906833,2024
401752921,2025,14,Michigan,Ohio State,9.0,27.0,-18.0,36.0,9.5,43.0,-9.5,0,0,0,305.0,-410.0,-8.536580813735588,42.90308372602692,0.16801992558735515,1.0,0.9634191862644119,-0.09691627397307911,2024
401756968,2025,14,West Virginia,Texas Tech,0.0,49.0,-49.0,49.0,24.0,53.0,-24.0,0,0,0,1000.0,-2200.0,-22.244808457194054,48.44006830607337,0.13427865393630686,1.0,1.755191542805946,-4.559931693926629,2024
401762872,2025,14,Central Michigan,Toledo,3.0,21.0,-18.0,24.0,11.5,46.5,-11.5,0,0,0,295.0,-390.0,-12.17567519047584,46.562925215361965,0.13233157515831387,1.0,-0.6756751904758396,0.0629252153619646,2024
401762875,2025,14,Miami (OH),Ball State,45.0,24.0,21.0,69.0,-17.0,40.5,17.0,1,1,1,-950.0,600.0,16.726244259107347,42.305539123666605,0.8460349520535065,1.0,-0.2737557408926534,1.8055391236666054,2024
401752790,2025,14,South Carolina,Clemson,14.0,28.0,-14.0,42.0,-2.5,46.0,2.5,0,0,0,-140.0,120.0,0.9313928072484252,48.213604102707066,0.5480374396496795,1.0,-1.5686071927515748,2.213604102707066,2024
401757311,2025,14,Sam Houston,Florida International,16.0,56.0,-40.0,72.0,10.5,51.0,-10.5,0,0,1,285.0,-370.0,-14.014605384676559,53.77539456597346,0.15476465411174717,1.0,-3.5146053846765586,2.775394565973457,2024
401756963,2025,14,BYU,UCF,41.0,21.0,20.0,62.0,-17.5,46.5,17.5,1,1,1,-1300.0,725.0,24.093247816420334,48.525699024814195,0.9336922568298898,1.0,6.593247816420334,2.0256990248141946,2024
401761663,2025,14,Marshall,Georgia Southern,19.0,24.0,-5.0,43.0,-10.0,62.5,10.0,0,0,0,-340.0,270.0,10.379185742296928,64.40235850924387,0.642754524102428,1.0,0.3791857422969276,1.902358509243868,2024
401757312,2025,14,Jacksonville State,Western Kentucky,37.0,34.0,3.0,71.0,1.5,56.5,-1.5,1,1,1,115.0,-135.0,-0.9382321887400342,57.47665367222634,0.378514997330273,1.0,0.5617678112599658,0.976653672226341,2024
401761664,2025,14,Old Dominion,Georgia State,27.0,10.0,17.0,37.0,-29.0,58.5,29.0,1,0,0,-5000.0,1300.0,32.69862089381222,61.84411355964738,0.971598946482129,1.0,3.698620893812219,3.3441135596473828,2024
401761661,2025,14,App State,Arkansas State,29.0,30.0,-1.0,59.0,-1.0,54.5,1.0,0,0,1,-105.0,-115.0,-1.0449661565718276,61.38460227728826,0.42437383915652666,1.0,-2.0449661565718276,6.884602277288259,2024
401757315,2025,14,New Mexico State,Middle Tennessee,24.0,31.0,-7.0,55.0,-3.5,52.0,3.5,0,0,1,-170.0,145.0,0.30858184699640345,53.36254495124139,0.5303174019012556,1.0,-3.1914181530035965,1.3625449512413894,2024
401761667,2025,14,Texas State,South Alabama,49.0,26.0,23.0,75.0,-10.0,62.5,10.0,1,1,1,-340.0,270.0,8.1875927005882,64.7373264280988,0.6316070504588489,1.0,-1.8124072994118006,2.237326428098797,2024
401761665,2025,14,Louisiana,UL Monroe,30.0,27.0,3.0,57.0,-11.0,47.5,11.0,1,0,1,-470.0,345.0,12.08784388582772,49.48370606053202,0.8595993245137148,1.0,1.08784388582772,1.9837060605320218,2024
401762517,2025,14,Tulsa,UAB,24.0,31.0,-7.0,55.0,-9.0,56.5,9.0,0,0,0,-330.0,265.0,6.454918517294036,59.12428000951183,0.6233034521465134,1.0,-2.545081482705964,2.6242800095118284,2024
401754608,2025,14,Syracuse,Boston College,12.0,34.0,-22.0,46.0,3.0,54.0,-3.0,0,0,0,125.0,-145.0,-4.948647217442671,58.412122460202646,0.30303640742148397,1.0,-1.9486472174426712,4.412122460202646,2024
401754610,2025,14,Duke,Wake Forest,49.0,32.0,17.0,81.0,-2.5,54.0,2.5,1,1,1,-140.0,120.0,2.3092596151715337,52.12735607423992,0.5059562273367966,1.0,-0.19074038482846634,-1.8726439257600802,2024
401756967,2025,14,TCU,Cincinnati,45.0,23.0,22.0,68.0,-3.0,58.5,3.0,1,1,1,-150.0,130.0,7.295899627901413,60.504634265095206,0.727005297025754,1.0,4.295899627901413,2.0046342650952056,2024
401752783,2025,14,Arkansas,Missouri,17.0,31.0,-14.0,48.0,4.5,54.5,-4.5,0,0,0,165.0,-195.0,-8.992014925097125,57.72264843351376,0.41138198164983775,1.0,-4.492014925097125,3.2226484335137613,2024
401762441,2025,14,UTSA,Army,24.0,27.0,-3.0,51.0,-8.5,50.0,8.5,0,0,1,-300.0,250.0,5.910864867910412,49.247381593132054,0.7438951660279234,1.0,-2.589135132089588,-0.7526184068679456,2024
401752920,2025,14,Rutgers,Penn State,36.0,40.0,-4.0,76.0,14.0,55.5,-14.0,0,1,1,400.0,-575.0,-17.18211608428902,59.06716199479471,0.12404071294477935,1.0,-3.182116084289021,3.5671619947947093,2024
401752791,2025,14,Tennessee,Vanderbilt,24.0,45.0,-21.0,69.0,-2.0,66.5,2.0,0,0,1,-140.0,120.0,4.183840293134923,69.40766898357941,0.38086208733909366,1.0,2.1838402931349226,2.9076689835794127,2024
401761666,2025,14,Southern Miss,Troy,18.0,28.0,-10.0,46.0,-7.0,50.0,7.0,0,0,0,-245.0,205.0,5.897259420528329,54.71372084421034,0.4892096999639222,1.0,-1.1027405794716714,4.713720844210343,2024
401757313,2025,14,Liberty,Kennesaw State,42.0,48.0,-6.0,90.0,2.5,55.5,-2.5,0,0,1,105.0,-125.0,-8.287099605152562,57.312704357903286,0.5645818363403873,1.0,-5.787099605152562,1.8127043579032858,2024
401752789,2025,14,Oklahoma,LSU,17.0,13.0,4.0,30.0,-11.5,36.0,11.5,1,0,0,-470.0,345.0,10.691661303182986,37.58431938103708,0.6845372398931274,1.0,-0.8083386968170139,1.5843193810370835,2024
401752918,2025,14,Minnesota,Wisconsin,17.0,7.0,10.0,24.0,2.5,38.5,-2.5,1,1,0,110.0,-130.0,-6.043602597905223,44.118219818374854,0.44012168467398016,1.0,-3.543602597905223,5.618219818374854,2024
401752917,2025,14,Washington,Oregon,14.0,26.0,-12.0,40.0,7.0,51.0,-7.0,0,0,0,220.0,-270.0,-8.627255820355515,58.25931479926478,0.3221671985055728,1.0,-1.627255820355515,7.259314799264779,2024
401761662,2025,14,Coastal Carolina,James Madison,10.0,59.0,-49.0,69.0,24.0,54.5,-24.0,0,0,1,1000.0,-2200.0,-20.365569495493723,57.92274488221238,0.24540680431914436,1.0,3.634430504506277,3.4227448822123776,2024
401752785,2025,14,Florida,Florida State,40.0,21.0,19.0,61.0,1.0,49.0,-1.0,1,1,1,-115.0,-105.0,-3.2345321825699425,48.576648409134044,0.44910196321492735,1.0,-2.2345321825699425,-0.42335159086595553,2024
401752946,2025,14,Washington State,Oregon State,32.0,8.0,24.0,40.0,-14.0,42.5,14.0,1,1,0,-600.0,425.0,13.36360475551153,45.03939024731154,0.7239598990509218,1.0,-0.6363952444884706,2.5393902473115375,2024
401752923,2025,14,Michigan State,Maryland,38.0,28.0,10.0,66.0,-4.0,49.5,4.0,1,1,1,-185.0,160.0,4.068959395478154,51.10265759378061,0.6565035734387481,1.0,0.06895939547815377,1.602657593780613,2024
401762520,2025,14,South Florida,Rice,52.0,3.0,49.0,55.0,-28.0,57.5,28.0,1,1,0,-5000.0,1300.0,29.288823416965897,63.453815073351095,0.9574615233286126,1.0,1.2888234169658972,5.953815073351095,2024
401754613,2025,14,Virginia,Virginia Tech,27.0,7.0,20.0,34.0,-8.0,52.5,8.0,1,1,0,-340.0,270.0,10.949465004484727,55.320455702611724,0.8016749723179861,1.0,2.9494650044847273,2.8204557026117243,2024
401754612,2025,14,NC State,North Carolina,42.0,19.0,23.0,61.0,-7.0,49.0,7.0,1,1,1,-275.0,225.0,10.904689602115255,52.15928118550164,0.856200617421659,1.0,3.904689602115255,3.1592811855016407,2024
401752922,2025,14,Illinois,Northwestern,20.0,13.0,7.0,33.0,-7.0,44.0,7.0,1,0,0,-270.0,220.0,11.956030590007835,46.37622497397742,0.8039301844497806,1.0,4.956030590007835,2.376224973977422,2024
401752784,2025,14,Auburn,Alabama,20.0,27.0,-7.0,47.0,7.0,48.0,-7.0,0,0,0,185.0,-225.0,-11.517702518520373,47.43922208410797,0.2545734784458896,1.0,-4.517702518520373,-0.5607779158920323,2024
401752919,2025,14,USC,UCLA,29.0,10.0,19.0,39.0,-21.0,59.0,21.0,1,0,0,-1800.0,850.0,22.526228284829184,57.97486224044765,0.9413121935073867,1.0,1.526228284829184,-1.0251377595523508,2024
401762518,2025,14,Tulane,Charlotte,27.0,0.0,27.0,27.0,-31.0,52.5,31.0,1,0,0,,,37.84122785711484,57.58203747198576,0.99,1.0,6.841227857114838,5.082037471985757,2024
401762518,2025,14,Tulane,Charlotte,27.0,0.0,27.0,27.0,-31.0,52.5,31.0,1,0,0,,,37.84122785711484,57.58203747198576,0.99,1.0,6.841227857114838,5.082037471985757,2024
401754609,2025,14,California,SMU,38.0,35.0,3.0,73.0,13.5,53.5,-13.5,1,1,1,390.0,-550.0,-16.257438093654,55.1667238562311,0.09686166852626638,1.0,-2.757438093653999,1.6667238562311013,2024
401760425,2025,14,Nevada,UNLV,17.0,42.0,-25.0,59.0,7.5,53.0,-7.5,0,0,1,240.0,-290.0,-12.197073102550991,58.55301999017608,0.27174774493003545,1.0,-4.697073102550991,5.553019990176082,2024
401760423,2025,14,San José State,Fresno State,14.0,41.0,-27.0,55.0,3.5,46.0,-3.5,0,0,1,150.0,-175.0,-5.580835124527855,50.251456893187765,0.33880585761529936,1.0,-2.080835124527855,4.251456893187765,2024
401754614,2025,14,Stanford,Notre Dame,20.0,49.0,-29.0,69.0,32.5,50.5,-32.5,0,1,1,,,-26.672414067576316,49.44590255301016,0.17660848467939386,1.0,5.827585932423684,-1.054097446989843,2024
401760424,2025,14,Hawai'i,Wyoming,27.0,7.0,20.0,34.0,-8.5,45.0,8.5,1,1,0,-350.0,275.0,20.940209154763206,45.23987316491334,0.8243416675653383,1.0,12.440209154763206,0.23987316491334099,2024
401777352,2025,15,James Madison,Troy,31.0,14.0,17.0,45.0,-24.5,47.5,24.5,1,0,0,-2800.0,1100.0,27.619361500952813,47.13940482035039,0.9677634897477387,1.0,3.119361500952813,-0.3605951796496072,2024
401777325,2025,15,Jacksonville State,Kennesaw State,15.0,19.0,-4.0,34.0,3.0,62.5,-3.0,0,0,0,120.0,-140.0,-3.4023346855428844,64.22145977086403,0.47836604190376913,1.0,-0.40233468554288443,1.7214597708640298,2024
401777326,2025,15,Boise State,UNLV,38.0,21.0,17.0,59.0,-6.0,60.0,6.0,1,1,0,-180.0,155.0,9.843961256506176,60.81297822872883,0.6975943602005094,1.0,3.8439612565061765,0.8129782287288307,2024
401777324,2025,15,Tulane,North Texas,34.0,21.0,13.0,55.0,1.0,66.5,-1.0,1,1,0,115.0,-135.0,4.5612717710141695,72.60531911211126,0.5379792526929573,1.0,5.5612717710141695,6.10531911211126,2024
401777327,2025,15,Texas Tech,BYU,34.0,7.0,27.0,41.0,-12.5,49.0,12.5,1,1,0,-525.0,375.0,13.388826886794204,48.646718298842515,0.7974360502232896,1.0,0.8888268867942042,-0.3532817011574849,2024
401777329,2025,15,Western Michigan,Miami (OH),23.0,13.0,10.0,36.0,-2.0,44.0,2.0,1,1,0,-130.0,110.0,2.1523174429642284,44.206244889988085,0.44005430946605234,1.0,0.15231744296422844,0.20624488998808488,2024
401777351,2025,15,Alabama,Georgia,7.0,28.0,-21.0,35.0,1.5,48.5,-1.5,0,0,0,115.0,-135.0,0.23274810333601437,51.21542280052402,0.44853813844219825,1.0,1.7327481033360144,2.715422800524017,2024
401777328,2025,15,Virginia,Duke,20.0,27.0,-7.0,47.0,-3.5,58.5,3.5,0,0,0,-175.0,150.0,4.622218162398454,59.193168108124524,0.5854947074521086,1.0,1.122218162398454,0.6931681081245245,2024
401777353,2025,15,Ohio State,Indiana,10.0,13.0,-3.0,23.0,-3.5,46.0,3.5,0,0,0,-195.0,165.0,7.236094943869468,43.31384135991037,0.629169645193721,1.0,3.7360949438694684,-2.68615864008963,2024
401762521,2025,16,Navy,Army,17.0,16.0,1.0,33.0,-6.0,38.0,6.0,1,0,0,-200.0,170.0,5.320550138290911,35.28028405671986,0.6866660185412738,1.0,-0.6794498617090889,-2.7197159432801428,2024
401778302,2025,1,Washington,Boise State,38.0,10.0,28.0,48.0,-9.5,55.5,9.5,1,1,0,-320.0,260.0,8.740060329112689,58.00777200607498,0.7099444860878109,0.6,-0.7599396708873112,2.5077720060749797,2024
401778303,2025,1,Jacksonville State,Troy,17.0,13.0,4.0,30.0,-3.0,47.5,3.0,1,1,0,160.0,-185.0,3.9680322906215175,51.116184104532365,0.4586741454696073,0.6,0.9680322906215175,3.6161841045323655,2024
401778304,2025,1,South Florida,Old Dominion,10.0,24.0,-14.0,34.0,-3.0,54.0,3.0,0,0,0,-230.0,190.0,3.2234519697258444,55.61344895030589,0.6025806314099655,0.6,0.22345196972584436,1.6134489503058873,2024
401778306,2025,1,Western Michigan,Kennesaw State,41.0,6.0,35.0,47.0,-3.0,47.0,3.0,1,1,0,-185.0,160.0,6.144762882343018,46.080211193852676,0.5194821946816639,0.6,3.1447628823430183,-0.9197888061473236,2024
401778307,2025,1,NC State,Memphis,31.0,7.0,24.0,38.0,-6.0,56.5,6.0,1,1,0,-225.0,185.0,6.79269810046338,57.989041401719064,0.6334426672124913,0.6,0.7926981004633804,1.4890414017190636,2024
401779840,2025,1,Oklahoma,Alabama,24.0,34.0,-10.0,58.0,-1.5,42.0,1.5,0,0,1,,,-1.4904266868256606,45.803948813212095,0.48123122231427673,0.6,-2.9904266868256606,3.803948813212095,2024
401779841,2025,1,Texas A&M,Miami,3.0,10.0,-7.0,13.0,-3.0,48.5,3.0,0,0,0,,,6.18445249041191,48.143889338124325,0.571462693103323,0.6,3.1844524904119096,-0.3561106618756753,2024
401779842,2025,1,Ole Miss,Tulane,41.0,10.0,31.0,51.0,-17.5,57.5,17.5,1,1,0,,,19.213959188994206,59.492982284098865,0.8636875986206348,0.6,1.713959188994206,1.992982284098865,2024
401779843,2025,1,Oregon,James Madison,51.0,34.0,17.0,85.0,-22.5,47.5,22.5,1,0,1,,,21.042866643634138,49.83678365786164,0.8645955725863472,0.6,-1.457133356365862,2.3367836578616377,2024
401778308,2025,1,Utah State,Washington State,21.0,34.0,-13.0,55.0,-1.0,50.0,1.0,0,0,1,-180.0,155.0,0.053211064816571896,52.11219416049657,0.4645138099871586,0.6,-0.9467889351834281,2.1121941604965713,2024
401778309,2025,1,Louisville,Toledo,27.0,22.0,5.0,49.0,-8.5,44.5,8.5,1,0,1,-320.0,260.0,10.006316309263822,46.63933674240699,0.5895126262732782,0.6,1.5063163092638217,2.1393367424069893,2024
401778310,2025,1,Southern Miss,Western Kentucky,16.0,27.0,-11.0,43.0,-3.0,59.0,3.0,0,0,0,160.0,-185.0,1.665337897424282,62.829063076002036,0.45772874968074295,0.6,-1.334662102575718,3.8290630760020363,2024
401778311,2025,1,Ohio,UNLV,17.0,10.0,7.0,27.0,6.0,64.5,-6.0,1,1,0,170.0,-200.0,-3.549500725632743,65.44337081873081,0.4459744019049562,0.6,2.450499274367257,0.9433708187308127,2024
401778312,2025,1,Hawai'i,California,35.0,31.0,4.0,66.0,-1.5,54.5,1.5,1,1,1,125.0,-145.0,1.0130652675050345,53.26808844197022,0.5737850571251091,0.6,-0.48693473249496555,-1.231911558029779,2024
401778313,2025,1,Northwestern,Central Michigan,34.0,7.0,27.0,41.0,-12.0,43.0,12.0,1,1,0,-480.0,350.0,11.363153321546909,46.33427316574527,0.6771067572530152,0.6,-0.6368466784530913,3.334273165745273,2024
401778314,2025,1,Minnesota,New Mexico,20.0,17.0,3.0,37.0,-2.0,44.5,2.0,1,1,0,-145.0,125.0,3.058941316100656,43.72378111678511,0.567061408932712,0.6,1.0589413161006558,-0.776218883214888,2024
401778315,2025,1,UTSA,Florida International,57.0,20.0,37.0,77.0,-7.0,62.5,7.0,1,1,1,-320.0,260.0,9.686311891833364,64.10300794043218,0.6482190426811782,0.6,2.6863118918333644,1.6030079404321782,2024
401778316,2025,1,East Carolina,Pittsburgh,23.0,17.0,6.0,40.0,6.0,59.0,-6.0,1,1,0,185.0,-225.0,-5.257667672228244,59.1685610027587,0.42817743759046445,0.6,0.7423323277717557,0.16856100275870034,2024
401778317,2025,1,Clemson,Penn State,10.0,22.0,-12.0,32.0,-2.5,47.5,2.5,0,0,0,-160.0,135.0,5.45480300049852,45.353850715436465,0.4902103187778246,0.6,2.9548030004985204,-2.146149284563535,2024
401778318,2025,1,Army,UConn,41.0,16.0,25.0,57.0,-5.5,41.5,5.5,1,1,1,-250.0,210.0,8.066257450290598,41.92231244589121,0.4826415686089135,0.6,2.566257450290598,0.4223124458912082,2024
401778319,2025,1,BYU,Georgia Tech,25.0,21.0,4.0,46.0,-3.5,55.0,3.5,1,1,0,-160.0,135.0,2.791800828317691,58.907119166341644,0.5477601558462056,0.6,-0.7081991716823088,3.9071191663416442,2024
401778320,2025,1,Fresno State,Miami (OH),18.0,3.0,15.0,21.0,-5.0,41.0,5.0,1,1,0,-165.0,140.0,4.775554471463155,42.77918239281379,0.5788764393375501,0.6,-0.22444552853684474,1.7791823928137873,2024
401778321,2025,1,San Diego State,North Texas,47.0,49.0,-2.0,96.0,3.0,54.5,-3.0,0,1,1,135.0,-160.0,-1.8385626548892997,55.34351384872925,0.4566683010170294,0.6,1.1614373451107003,0.843513848729252,2024
401778322,2025,1,Missouri,Virginia,7.0,13.0,-6.0,20.0,-4.0,43.5,4.0,0,0,0,-260.0,215.0,4.75600572362762,45.40928738158129,0.4761658241832615,0.6,0.7560057236276201,1.9092873815812865,2024
401778323,2025,1,Houston,LSU,38.0,35.0,3.0,73.0,-1.0,44.0,1.0,1,1,1,-145.0,125.0,-0.511171718010172,44.34826524179957,0.4137258188180284,0.6,-1.511171718010172,0.34826524179956664,2024
401778324,2025,1,App State,Georgia Southern,10.0,29.0,-19.0,39.0,10.0,58.0,-10.0,0,0,0,110.0,-130.0,-8.990056402509703,61.27305287571283,0.38977645561017893,0.6,1.009943597490297,3.2730528757128283,2024
401778325,2025,1,Louisiana Tech,Coastal Carolina,23.0,14.0,9.0,37.0,-10.0,51.0,10.0,1,0,0,-280.0,230.0,7.883751930409252,53.69809743996467,0.6803673525967243,0.6,-2.116248069590748,2.6980974399646698,2024
401778326,2025,1,Illinois,Tennessee,30.0,28.0,2.0,58.0,2.5,62.0,-2.5,1,1,0,180.0,-220.0,0.23694543314960104,62.105958486961605,0.44987319455053526,0.6,2.736945433149601,0.10595848696160459,2024
401778327,2025,1,TCU,USC,30.0,27.0,3.0,57.0,4.5,56.5,-4.5,1,1,1,190.0,-230.0,-2.37772077874786,57.8003417904396,0.4514038836548392,0.6,2.12227922125214,1.300341790439603,2024
401778328,2025,1,Vanderbilt,Iowa,27.0,34.0,-7.0,61.0,-3.0,47.0,3.0,0,0,1,-220.0,180.0,3.7824189871293434,47.31653075390324,0.5456549157110999,0.6,0.7824189871293434,0.3165307539032369,2024
401778329,2025,1,Duke,Arizona State,42.0,39.0,3.0,81.0,-2.0,49.5,2.0,1,1,1,-120.0,100.0,4.583939905279678,49.76811270786507,0.5111141271674511,0.6,2.583939905279678,0.2681127078650718,2024
401778330,2025,1,Texas,Michigan,41.0,27.0,14.0,68.0,-7.0,50.0,7.0,1,1,1,-210.0,175.0,6.071576182248205,49.767842276359644,0.5422675147483815,0.6,-0.9284238177517947,-0.23215772364035558,2024
401778331,2025,1,Utah,Nebraska,44.0,22.0,22.0,66.0,-14.0,51.0,14.0,1,1,1,-625.0,430.0,14.186753736220533,54.60317624254027,0.7412197851549426,0.6,0.18675373622053293,3.603176242540272,2024
401769070,2025,1,Ohio State,Miami,14.0,24.0,-10.0,38.0,-8.0,40.0,8.0,0,0,0,,,7.716591062298127,42.56640466642806,0.6261294153529267,0.6,-0.28340893770187314,2.5664046664280633,2024
401769071,2025,1,Texas Tech,Oregon,0.0,23.0,-23.0,23.0,-1.0,51.0,1.0,0,0,0,,,2.435439408241114,54.22640478083572,0.5701578283651945,0.6,1.435439408241114,3.226404780835722,2024
401769072,2025,1,Indiana,Alabama,38.0,3.0,35.0,41.0,-7.5,46.5,7.5,1,1,0,,,3.1330102143612146,49.36720832971301,0.5810484642409528,0.6,-4.366989785638785,2.8672083297130087,2024
401769073,2025,1,Georgia,Ole Miss,34.0,39.0,-5.0,73.0,-6.0,54.0,6.0,0,0,1,,,9.930201676446663,51.724728321409465,0.7111409777382198,0.6,3.9302016764466625,-2.275271678590535,2024
401778332,2025,1,Texas State,Rice,41.0,10.0,31.0,51.0,-19.5,55.5,19.5,1,1,0,-400.0,300.0,19.12632343612826,56.62507019446043,0.7973225363030838,0.6,-0.3736765638717401,1.1250701944604273,2024
401778333,2025,1,Cincinnati,Navy,13.0,35.0,-22.0,48.0,4.0,57.5,-4.0,0,0,0,155.0,-180.0,-6.454665584915105,58.0558586074998,0.4599785527025064,0.6,-2.454665584915105,0.5558586074998004,2024
401778334,2025,1,Mississippi State,Wake Forest,29.0,43.0,-14.0,72.0,-2.5,52.5,2.5,0,0,1,-150.0,130.0,3.1806104695957145,50.467768668838175,0.5445336910200119,0.6,0.6806104695957145,-2.0322313311618245,2024
401831583,2025,1,SMU,Arizona,24.0,19.0,5.0,43.0,-2.5,55.0,2.5,1,1,0,125.0,-145.0,0.46873311483010704,55.05657890800289,0.5017938121502534,0.6,-2.031266885169893,0.05657890800289067,2024
401769075,2025,1,Ole Miss,Miami,27.0,31.0,-4.0,58.0,3.0,53.0,-3.0,0,0,1,130.0,-150.0,-0.7142043331213213,57.078623308815075,0.4247600189638875,0.6,2.2857956668786787,4.078623308815075,2024
401769074,2025,1,Indiana,Oregon,56.0,22.0,34.0,78.0,-3.0,50.0,3.0,1,1,1,,,4.634866734242664,53.03534457490207,0.5303354643876689,0.6,1.6348667342426637,3.0353445749020693,2024
401769076,2025,1,Indiana,Miami,27.0,21.0,6.0,48.0,-7.0,47.0,7.0,1,0,1,,,9.61317887955124,52.47436064659285,0.6725907636517907,0.6,2.6131788795512403,5.474360646592849,2024
