game_id,season,week,season_type,start_date,neutral_site,conference_game,home_team,home_conference,home_points,away_team,away_conference,away_points,home_pregame_elo,away_pregame_elo,excitement_index,point_diff,total_points
401906839,2026,1,regular,2026-08-27T22:00:00.000Z,False,False,Kentucky Christian,,44.0,Kentucky Wesleyan,Great Midwest Athletic,24.0,,,,20.0,68.0
401896383,2026,1,regular,2026-08-27T22:00:00.000Z,False,False,Morehead State,Pioneer,40.0,Ohio Dominican,Great Midwest Athletic,42.0,,,8.590585576092103,-2.0,82.0
401907643,2026,1,regular,2026-08-27T22:00:00.000Z,False,False,Slippery Rock,Pennsylvania State Athletic,45.0,Minnesota Duluth,Northern Sun,43.0,,,,2.0,88.0
401906048,2026,1,regular,2026-08-27T22:00:00.000Z,False,False,Tusculum,South Atlantic,42.0,Bluefield State,CIAA,7.0,,,,35.0,49.0
401866532,2026,1,regular,2026-08-27T22:00:00.000Z,False,True,Towson,Coastal Athletic,18.0,Maine,Coastal Athletic,21.0,,,5.4929132792564115,-3.0,39.0
401866615,2026,1,regular,2026-08-27T22:00:00.000Z,False,False,Delaware State,MEAC,41.0,Stony Brook,Coastal Athletic,34.0,,,6.318730480885636,7.0,75.0
401867894,2026,1,regular,2026-08-27T22:00:00.000Z,False,False,Youngstown State,MVFC,43.0,Mercyhurst,NEC,10.0,,,2.439358642927582,33.0,53.0
401906193,2026,1,regular,2026-08-27T22:00:00.000Z,False,False,UNC Pembroke,Carolinas,21.0,Wingate,South Atlantic,13.0,,,,8.0,34.0
401907002,2026,1,regular,2026-08-27T22:00:00.000Z,False,False,Charleston (WV),Mountain East,10.0,Grand Valley State,GLIAC,38.0,,,,-28.0,48.0
401906139,2026,1,regular,2026-08-27T22:00:00.000Z,False,False,Virginia State,CIAA,44.0,Barton,Carolinas,17.0,,,,27.0,61.0
401907195,2026,1,regular,2026-08-27T22:00:00.000Z,False,False,Indianapolis,Great Lakes,39.0,Marian (IN),,7.0,,,,32.0,46.0
401906631,2026,1,regular,2026-08-27T23:00:00.000Z,False,False,Carson Newman,South Atlantic,41.0,Tiffin,Great Midwest Athletic,38.0,,,,3.0,79.0
401906602,2026,1,regular,2026-08-27T23:00:00.000Z,False,False,Valdosta State,Gulf South,38.0,Emory & Henry,South Atlantic,10.0,,,,28.0,48.0
401907110,2026,1,regular,2026-08-27T23:00:00.000Z,False,False,Sioux Falls,Northern Sun,21.0,Black Hills State,Rocky Mountain,24.0,,,,-3.0,45.0
401868279,2026,1,regular,2026-08-27T23:00:00.000Z,False,False,St. Thomas (MN),Pioneer,15.0,Winona State,Northern Sun,9.0,,,4.915783455713548,6.0,24.0
401906902,2026,1,regular,2026-08-27T23:00:00.000Z,False,False,Saginaw Valley State,GLIAC,48.0,McKendree,Great Lakes,24.0,,,,24.0,72.0
401906943,2026,1,regular,2026-08-27T23:00:00.000Z,False,False,Minnesota St Moorhead,Northern Sun,41.0,Northern Michigan,GLIAC,19.0,,,,22.0,60.0
401907536,2026,1,regular,2026-08-27T23:00:00.000Z,False,True,Seton Hill,Pennsylvania State Athletic,20.0,East Stroudsburg,Pennsylvania State Athletic,27.0,,,,-7.0,47.0
401907356,2026,1,regular,2026-08-27T23:00:00.000Z,False,False,Minot State,Northern Sun,30.0,Emporia State,Mid America,36.0,,,,-6.0,66.0
401907239,2026,1,regular,2026-08-27T23:00:00.000Z,False,False,Southwest Baptist,Great Lakes,63.0,William Woods,,6.0,,,,57.0,69.0
401907120,2026,1,regular,2026-08-27T23:00:00.000Z,False,False,Northern State,Northern Sun,42.0,Chadron State,Rocky Mountain,17.0,,,,25.0,59.0
401868273,2026,1,regular,2026-08-27T23:00:00.000Z,False,False,Presbyterian,Pioneer,47.0,UVA Wise,South Atlantic,37.0,,,6.757148783501308,10.0,84.0
401874035,2026,1,regular,2026-08-27T23:00:00.000Z,False,False,West Florida,UAC,34.0,Southern Illinois,MVFC,31.0,,,5.096230508333649,3.0,65.0
401896384,2026,1,regular,2026-08-27T23:00:00.000Z,False,False,Davidson,Pioneer,35.0,Concord,Mountain East,41.0,,,7.11714099016085,-6.0,76.0
401868240,2026,1,regular,2026-08-27T23:00:00.000Z,False,False,West Georgia,UAC,10.0,Chattanooga,Southern,24.0,,,4.338639277500752,-14.0,34.0
401867865,2026,1,regular,2026-08-27T23:00:00.000Z,False,False,Murray State,MVFC,14.0,Eastern Illinois,OVC,28.0,,,5.484109519741736,-14.0,42.0
401907346,2026,1,regular,2026-08-27T23:00:00.000Z,False,False,Texas Wesleyan,,7.0,Central Oklahoma,Mid America,59.0,,,,-52.0,66.0
401868315,2026,1,regular,2026-08-27T23:00:00.000Z,False,True,SE Louisiana,Southland,28.0,Houston Christian,Southland,34.0,,,4.689075828649628,-6.0,62.0
401906993,2026,1,regular,2026-08-27T23:00:00.000Z,False,False,Bemidji State,Northern Sun,29.0,Michigan Tech,GLIAC,31.0,,,,-2.0,60.0
401907381,2026,1,regular,2026-08-27T23:00:00.000Z,False,False,Nebraska Kearney,Mid America,20.0,Wayne State (NE),Northern Sun,21.0,,,,-1.0,41.0
401868169,2026,1,regular,2026-08-27T23:00:00.000Z,False,True,Lindenwood,OVC,20.0,Charleston Southern,OVC,17.0,,,4.030353478564953,3.0,37.0
401868962,2026,1,regular,2026-08-27T23:00:00.000Z,False,False,Nicholls,Southland,44.0,Mississippi Valley State,SWAC,10.0,,,2.808897257621243,34.0,54.0
401868204,2026,1,regular,2026-08-27T23:00:00.000Z,False,False,Western Illinois,OVC,65.0,Northwestern (IA),,14.0,,,3.12980187601089,51.0,79.0
401906620,2026,1,regular,2026-08-27T23:00:00.000Z,False,False,West Liberty,Mountain East,27.0,Walsh,Great Midwest Athletic,30.0,,,,-3.0,57.0
401868060,2026,1,regular,2026-08-27T23:00:00.000Z,False,False,Austin Peay,UAC,35.0,Gardner-Webb,OVC,17.0,,,4.373234148321984,18.0,52.0
401866614,2026,1,regular,2026-08-27T23:00:00.000Z,False,False,Elon,Coastal Athletic,42.0,Glenville State,Mountain East,7.0,,,2.162616610704482,35.0,49.0
401868373,2026,1,regular,2026-08-27T23:00:00.000Z,False,False,Furman,Southern,20.0,Anderson (SC),South Atlantic,3.0,,,2.946223648733626,17.0,23.0
401907234,2026,1,regular,2026-08-27T23:30:00.000Z,False,False,Concordia St. Paul,Northern Sun,38.0,Quincy,Great Lakes,21.0,,,,17.0,59.0
401868070,2026,1,regular,2026-08-27T23:30:00.000Z,False,False,UT Martin,OVC,24.0,Central Arkansas,UAC,36.0,,,5.481780420907878,-12.0,60.0
401868254,2026,1,regular,2026-08-27T23:30:00.000Z,False,False,Drake,Pioneer,35.0,South Dakota Mines,Rocky Mountain,38.0,,,6.059550204859821,-3.0,73.0
401907376,2026,1,regular,2026-08-28T00:00:00.000Z,False,False,Missouri Western,Mid America,58.0,Augustana (SD),Northern Sun,63.0,,,,-5.0,121.0
401907724,2026,1,regular,2026-08-28T00:00:00.000Z,False,False,Southwest Minnesota State,Northern Sun,10.0,Valley City State,,7.0,,,,3.0,17.0
401907099,2026,1,regular,2026-08-28T00:00:00.000Z,False,False,Adams State,Rocky Mountain,45.0,Western New Mexico,Lone Star,62.0,,,,-17.0,107.0
401907007,2026,1,regular,2026-08-28T00:00:00.000Z,False,False,Pittsburg State,Mid America,14.0,Ferris State,GLIAC,42.0,,,,-28.0,56.0
401907161,2026,1,regular,2026-08-28T00:00:00.000Z,False,False,West Texas,Lone Star,21.0,Western Colorado,Rocky Mountain,52.0,,,,-31.0,73.0
401907155,2026,1,regular,2026-08-28T00:00:00.000Z,False,False,New Mexico Highlands,Rocky Mountain,35.0,Eastern New Mexico,Lone Star,34.0,,,,1.0,69.0
401907275,2026,1,regular,2026-08-28T00:00:00.000Z,False,False,Angelo State,Lone Star,14.0,Fort Hays,Mid America,35.0,,,,-21.0,49.0
401867874,2026,1,regular,2026-08-28T00:00:00.000Z,False,False,North Dakota,MVFC,42.0,Long Island University,NEC,21.0,,,1.8375815737052137,21.0,63.0
401907129,2026,1,regular,2026-08-28T00:00:00.000Z,False,False,Colorado Mesa,Rocky Mountain,14.0,Minnesota State,Northern Sun,38.0,,,,-24.0,52.0
401869128,2026,1,regular,2026-08-28T00:00:00.000Z,False,False,Northwestern State,Southland,37.0,Louisiana Christian,,42.0,,,5.8085634766541,-5.0,79.0
401907144,2026,1,regular,2026-08-28T00:00:00.000Z,False,False,CSU Pueblo,Rocky Mountain,44.0,Central Missouri,Mid America,25.0,,,,19.0,69.0
401907702,2026,1,regular,2026-08-28T00:30:00.000Z,True,False,University of Mary,Northern Sun,23.0,Rocky Mountain,,10.0,,,,13.0,33.0
401906145,2026,1,regular,2026-08-28T22:00:00.000Z,False,False,Lenoir Rhyne,South Atlantic,45.0,Virginia Union,CIAA,3.0,,,,42.0,48.0
401868040,2026,1,regular,2026-08-28T22:00:00.000Z,False,True,Villanova,Patriot,32.0,William & Mary,Patriot,35.0,,,8.731585628207727,-3.0,67.0
401866617,2026,1,regular,2026-08-28T22:00:00.000Z,False,False,Merrimack,FCS Independents,7.0,Rhode Island,Coastal Athletic,34.0,,,3.7978919513639418,-27.0,41.0
401868007,2026,1,regular,2026-08-28T22:00:00.000Z,False,True,Fordham,Patriot,14.0,Colgate,Patriot,24.0,,,4.859701298471837,-10.0,38.0
401868261,2026,1,regular,2026-08-28T22:00:00.000Z,False,False,New Haven,NEC,22.0,Marist,Pioneer,21.0,,,4.587828625340828,1.0,43.0
401866616,2026,1,regular,2026-08-28T23:00:00.000Z,False,True,UAlbany,Coastal Athletic,28.0,New Hampshire,Coastal Athletic,14.0,,,3.383504536069686,14.0,42.0
401868129,2026,1,regular,2026-08-29T01:00:00.000Z,False,True,Northern Colorado,Big Sky,29.0,Weber State,Big Sky,30.0,,,7.003749184389798,-1.0,59.0
401868073,2026,1,regular,2026-08-29T02:00:00.000Z,False,True,Cal Poly,Big Sky,38.0,Idaho,Big Sky,34.0,,,6.712328663940096,4.0,72.0
401856766,2026,1,regular,2026-08-29T16:00:00.000Z,True,False,TCU,Big 12,10.0,North Carolina,ACC,15.0,1613.0,1380.0,6.501938416580931,-5.0,25.0
401906177,2026,1,regular,2026-08-29T16:00:00.000Z,False,False,West Virginia State,Mountain East,56.0,Chowan,Carolinas,24.0,,,,32.0,80.0
401868792,2026,1,regular,2026-08-29T16:00:00.000Z,False,False,Dayton,Pioneer,43.0,Fairmont State,Mountain East,20.0,,,2.8615984201206124,23.0,63.0
401907012,2026,1,regular,2026-08-29T16:00:00.000Z,False,False,Davenport,GLIAC,32.0,Gannon,Pennsylvania State Athletic,20.0,,,,12.0,52.0
401867916,2026,1,regular,2026-08-29T16:00:00.000Z,False,True,Wagner,NEC,7.0,Robert Morris,NEC,28.0,,,3.7151837255713245,-21.0,35.0
401906641,2026,1,regular,2026-08-29T16:00:00.000Z,False,False,Wheeling,Mountain East,27.0,Thomas More,Great Midwest Athletic,10.0,,,,17.0,37.0
401906126,2026,1,regular,2026-08-29T17:00:00.000Z,False,False,Elizabeth City State,CIAA,14.0,Fort Valley State,SIAC,17.0,,,,-3.0,31.0
401907150,2026,1,regular,2026-08-29T17:00:00.000Z,False,False,William Jewell,Great Lakes,0.0,Fort Lewis,Rocky Mountain,0.0,,,,0.0,0.0
401907631,2026,1,regular,2026-08-29T17:00:00.000Z,False,True,Shippensburg,Pennsylvania State Athletic,16.0,Lock Haven,Pennsylvania State Athletic,24.0,,,,-8.0,40.0
401869156,2026,1,regular,2026-08-29T17:00:00.000Z,False,False,Chicago State,FCS Independents,28.0,Roosevelt,GLIAC,44.0,,,3.9935477483515367,-16.0,72.0
401868209,2026,1,regular,2026-08-29T17:00:00.000Z,False,False,Butler,Pioneer,27.0,Georgetown College Kentucky,,23.0,,,,4.0,50.0
401906205,2026,1,regular,2026-08-29T17:00:00.000Z,False,False,Shorter,Carolinas,65.0,Andrew,,6.0,,,,59.0,71.0
401906588,2026,1,regular,2026-08-29T17:00:00.000Z,False,False,Northeastern State,Independent DII,52.0,Delta State,Gulf South,0.0,,,,52.0,52.0
401907454,2026,1,regular,2026-08-29T17:00:00.000Z,False,False,American International,Northeast 10,17.0,Monroe,,3.0,,,,14.0,20.0
401907576,2026,1,regular,2026-08-29T17:00:00.000Z,False,False,West Virginia Wesleyan,Mountain East,31.0,Post,Northeast 10,13.0,,,,18.0,44.0
401906185,2026,1,regular,2026-08-29T17:30:00.000Z,False,False,BLUEFIELD,,20.0,Erskine,Carolinas,37.0,,,,-17.0,57.0
401867882,2026,1,regular,2026-08-29T18:00:00.000Z,False,False,South Dakota,MVFC,59.0,Central Connecticut,NEC,20.0,,,4.256094500735783,39.0,79.0
401868288,2026,1,regular,2026-08-29T18:00:00.000Z,False,False,Valparaiso,Pioneer,59.0,Lawrence Tech,,13.0,,,3.0652446764600474,46.0,72.0
401907137,2026,1,regular,2026-08-29T18:00:00.000Z,False,False,Colorado School of Mines,Rocky Mountain,20.0,Western Oregon,Lone Star,22.0,,,,-2.0,42.0
401868324,2026,1,regular,2026-08-29T19:00:00.000Z,True,True,Alabama State,SWAC,30.0,Southern,SWAC,17.0,,,5.654795580603296,13.0,47.0
401868154,2026,1,regular,2026-08-29T19:00:00.000Z,False,True,Portland State,Big Sky,24.0,UC Davis,Big Sky,31.0,,,4.789272099230701,-7.0,55.0
401906949,2026,1,regular,2026-08-29T19:00:00.000Z,False,True,Central State,SIAC,14.0,Kentucky State,SIAC,41.0,,,,-27.0,55.0
401864494,2026,1,regular,2026-08-29T19:00:00.000Z,False,False,USC,Big Ten,42.0,San José State,Mountain West,26.0,1747.0,1411.0,2.1247838400218297,16.0,68.0
401907246,2026,1,regular,2026-08-29T19:00:00.000Z,False,False,Upper Iowa,Great Lakes,30.0,Jamestown,Northern Sun,13.0,,,,17.0,43.0
401858202,2026,1,regular,2026-08-29T19:30:00.000Z,False,True,Virginia,ACC,34.0,NC State,ACC,8.0,1591.0,1570.0,2.3644462220310416,26.0,42.0
401868022,2026,1,regular,2026-08-29T19:30:00.000Z,False,True,Holy Cross,Patriot,10.0,Lehigh,Patriot,35.0,,,2.553763961081132,-25.0,45.0
401868084,2026,1,regular,2026-08-29T21:00:00.000Z,False,True,Northern Arizona,Big Sky,34.0,Eastern Washington,Big Sky,27.0,,,5.344678405243232,7.0,61.0
401906157,2026,1,regular,2026-08-29T21:00:00.000Z,False,False,Benedict,SIAC,32.0,Johnson C. Smith,CIAA,10.0,,,,22.0,42.0
401866620,2026,1,regular,2026-08-29T21:30:00.000Z,False,False,East Tennessee State,Southern,37.0,Campbell,Coastal Athletic,49.0,,,8.046744288326673,-12.0,86.0
401864577,2026,1,regular,2026-08-29T21:30:00.000Z,False,False,North Dakota State,Mountain West,33.0,Jacksonville State,Conference USA,7.0,1500.0,1494.0,3.0503311314063795,26.0,40.0
401867982,2026,1,regular,2026-08-29T22:00:00.000Z,False,False,South Carolina State,MEAC,87.0,Savannah State,SIAC,0.0,,,1.6215438105327789,87.0,87.0
401906162,2026,1,regular,2026-08-29T22:00:00.000Z,False,False,Livingstone,CIAA,16.0,Allen,SIAC,37.0,,,,-21.0,53.0
401866619,2026,1,regular,2026-08-29T22:00:00.000Z,False,False,Stonehill,NEC,6.0,Bryant,Coastal Athletic,24.0,,,3.8056484841920404,-18.0,30.0
401866618,2026,1,regular,2026-08-29T22:00:00.000Z,False,False,North Carolina A&T,Coastal Athletic,7.0,Morgan State,MEAC,17.0,,,4.558640296710313,-10.0,24.0
401867855,2026,1,regular,2026-08-29T22:00:00.000Z,False,False,Indiana State,MVFC,21.0,Southeast Missouri State,OVC,23.0,,,6.394337360254957,-2.0,44.0
401866613,2026,1,regular,2026-08-29T22:00:00.000Z,False,False,Hampton,Coastal Athletic,45.0,Virginia Lynchburg,,0.0,,,2.3519253117556502,45.0,45.0
401868101,2026,1,regular,2026-08-29T22:00:00.000Z,False,False,Idaho State,Big Sky,38.0,VMI,Southern,10.0,,,2.76537668586907,28.0,48.0
401906151,2026,1,regular,2026-08-29T22:00:00.000Z,False,True,Fayetteville State,CIAA,33.0,Shaw,CIAA,20.0,,,,13.0,53.0
401868394,2026,1,regular,2026-08-29T22:00:00.000Z,False,True,Wofford,Southern,42.0,The Citadel,Southern,14.0,,,2.450550395090976,28.0,56.0
401867972,2026,1,regular,2026-08-29T22:00:00.000Z,False,False,Norfolk State,MEAC,56.0,Winston-Salem State,CIAA,0.0,,,1.776819367375125,56.0,56.0
401867988,2026,1,regular,2026-08-29T22:00:00.000Z,False,True,Richmond,Patriot,35.0,Bucknell,Patriot,14.0,,,2.308015864764915,21.0,49.0
401906956,2026,1,regular,2026-08-29T22:00:00.000Z,False,False,Edward Waters,SIAC,42.0,Florida Memorial University,,28.0,,,,14.0,70.0
401907403,2026,1,regular,2026-08-29T22:00:00.000Z,False,False,Ferrum,Carolinas,7.0,Catawba,South Atlantic,13.0,,,,-6.0,20.0
401866408,2026,1,regular,2026-08-29T22:30:00.000Z,False,True,Eastern Michigan,Mid-American,28.0,Sacramento State,Mid-American,17.0,1326.0,1500.0,3.5970782042129867,11.0,45.0
401868952,2026,1,regular,2026-08-29T23:00:00.000Z,False,False,Grambling,SWAC,49.0,Clark Atlanta,SIAC,7.0,,,1.9470762419691368,42.0,56.0
401858201,2026,1,regular,2026-08-29T23:00:00.000Z,False,False,Stanford,ACC,37.0,Hawai'i,Mountain West,27.0,1390.0,1472.0,5.770253187027743,10.0,64.0
401868149,2026,1,regular,2026-08-29T23:00:00.000Z,True,False,North Alabama,UAC,22.0,Samford,Southern,10.0,,,4.218189266169827,12.0,32.0
401867977,2026,1,regular,2026-08-29T23:00:00.000Z,False,False,Texas Southern,SWAC,42.0,North Carolina Central,MEAC,30.0,,,5.293114622874746,12.0,72.0
401907243,2026,1,regular,2026-08-29T23:00:00.000Z,False,False,Truman State,Great Lakes,21.0,Washburn,Mid America,27.0,,,,-6.0,48.0
401913104,2026,1,regular,2026-08-29T23:00:00.000Z,False,False,Incarnate Word,Southland,76.0,Oklahoma Panhandle,,14.0,,,1.4330923502996875,62.0,90.0
401868948,2026,1,regular,2026-08-29T23:00:00.000Z,False,False,Florida A&M,SWAC,20.0,Albany State,SIAC,7.0,,,2.893643316973037,13.0,27.0
401907204,2026,1,regular,2026-08-29T23:00:00.000Z,False,False,Lincoln (MO),Great Lakes,27.0,Central Methodist,,11.0,,,,16.0,38.0
401864570,2026,1,regular,2026-08-29T23:00:00.000Z,False,False,Florida State,ACC,34.0,New Mexico State,Conference USA,17.0,1537.0,1281.0,3.6506915398564455,17.0,51.0
401868305,2026,1,regular,2026-08-29T23:00:00.000Z,False,True,McNeese,Southland,27.0,Stephen F. Austin,Southland,38.0,,,3.6190878220186637,-11.0,65.0
401891332,2026,1,regular,2026-08-29T23:00:00.000Z,False,False,Illinois State,MVFC,76.0,St. Francis (IL),,0.0,,,2.810823229382605,76.0,76.0
401896385,2026,1,regular,2026-08-29T23:00:00.000Z,False,False,Alcorn State,SWAC,56.0,Miles,SIAC,7.0,,,3.0296823731911786,49.0,63.0
401868934,2026,1,regular,2026-08-29T23:00:00.000Z,True,False,Arkansas-Pine Bluff,SWAC,35.0,Morehouse,SIAC,15.0,,,3.222926755949488,20.0,50.0
401874042,2026,1,regular,2026-08-29T23:00:00.000Z,False,False,Mercer,Southern,23.0,East Texas A&M,Southland,15.0,,,5.310723332636079,8.0,38.0
401868049,2026,1,regular,2026-08-29T23:00:00.000Z,False,False,Lamar,Southland,21.0,Abilene Christian,UAC,14.0,,,4.086557869618577,7.0,35.0
401868139,2026,1,regular,2026-08-29T23:00:00.000Z,False,False,Western Carolina,Southern,45.0,Eastern Kentucky,UAC,21.0,,,6.364400709881585,24.0,66.0
401872615,2026,1,regular,2026-08-29T23:00:00.000Z,False,False,South Dakota State,MVFC,70.0,Stetson,Pioneer,7.0,,,1.9805360727069223,63.0,77.0
401866621,2026,1,regular,2026-08-29T23:00:00.000Z,False,False,Tennessee Tech,Southern,38.0,Monmouth,Coastal Athletic,14.0,,,3.4568561732339425,24.0,52.0
401907297,2026,1,regular,2026-08-29T23:00:00.000Z,False,False,Midwestern State,Lone Star,30.0,Missouri Southern State,Mid America,23.0,,,,7.0,53.0
401907219,2026,1,regular,2026-08-29T23:00:00.000Z,False,False,Missouri S&T,Great Lakes,,Westgate Christian University,,,,,,,
401867935,2026,1,regular,2026-08-29T23:30:00.000Z,True,False,Howard,MEAC,31.0,Alabama A&M,SWAC,24.0,,,7.9922217270312865,7.0,55.0
401868245,2026,1,regular,2026-08-30T00:00:00.000Z,False,False,UT Rio Grande Valley,Southland,44.0,UT Permian Basin,Lone Star,0.0,,,2.8480530049230817,44.0,44.0
401907324,2026,1,regular,2026-08-30T00:00:00.000Z,False,False,Bethel University Tennessee,,16.0,Lane College,SIAC,3.0,,,,13.0,19.0
401907308,2026,1,regular,2026-08-30T00:00:00.000Z,False,False,Texas A&M-Kingsville,Lone Star,3.0,Northwest Missouri State,Mid America,48.0,,,,-45.0,51.0
401907334,2026,1,regular,2026-08-30T00:00:00.000Z,False,False,Sul Ross State,Lone Star,20.0,Wayland Baptist,,34.0,,,,-14.0,54.0
401868194,2026,1,regular,2026-08-30T00:30:00.000Z,False,False,Tennessee State,OVC,24.0,Jackson State,SWAC,26.0,,,5.755094315086749,-2.0,50.0
401868235,2026,1,regular,2026-08-30T01:00:00.000Z,False,False,Tarleton State,UAC,49.0,Prairie View A&M,SWAC,30.0,,,4.3911125362926215,19.0,79.0
401868110,2026,1,regular,2026-08-30T01:00:00.000Z,False,True,Montana,Big Sky,28.0,Southern Utah,Big Sky,21.0,,,6.031283022748659,7.0,49.0
401868118,2026,1,regular,2026-08-30T02:00:00.000Z,False,True,Utah Tech,Big Sky,0.0,Montana State,Big Sky,54.0,,,2.585958049903859,-54.0,54.0
401862693,2026,1,regular,2026-08-30T02:00:00.000Z,False,False,UNLV,Mountain West,21.0,Memphis,American Athletic,27.0,1581.0,1526.0,6.40825618898589,-6.0,48.0
401906596,2026,1,regular,2026-08-31T00:00:00.000Z,True,False,Tuskegee,SIAC,17.0,West Alabama,Gulf South,27.0,,,,-10.0,44.0
401908891,2026,1,regular,2026-09-03T21:00:00.000Z,False,False,Montclair State,New Jersey,24.0,Merchant Marine,NEWMAC,41.0,,,,-17.0,65.0
401858423,2026,1,regular,2026-09-03T22:00:00.000Z,False,False,Rutgers,Big Ten,21.0,Massachusetts,Mid-American,37.0,1479.0,978.0,3.19174551401912,-16.0,58.0
401868269,2026,1,regular,2026-09-03T22:00:00.000Z,False,False,Morehead State,Pioneer,75.0,Kentucky Christian,,24.0,,,1.7517657273687588,51.0,99.0
401907838,2026,1,regular,2026-09-03T22:00:00.000Z,False,False,Olivet,Michigan,39.0,Millikin,CCIW,19.0,,,,20.0,58.0
401907610,2026,1,regular,2026-09-03T22:00:00.000Z,False,False,Glenville State,Mountain East,24.0,Millersville,Pennsylvania State Athletic,21.0,,,,3.0,45.0
401907526,2026,1,regular,2026-09-03T22:00:00.000Z,False,False,Clarion,Pennsylvania State Athletic,52.0,West Virginia Wesleyan,Mountain East,14.0,,,,38.0,66.0
401907484,2026,1,regular,2026-09-03T22:00:00.000Z,False,False,Assumption,Northeast 10,35.0,Kutztown,Pennsylvania State Athletic,56.0,,,,-21.0,91.0
401907412,2026,1,regular,2026-09-03T22:00:00.000Z,False,False,Carson Newman,South Atlantic,44.0,Thomas,,0.0,,,,44.0,44.0
401906880,2026,1,regular,2026-09-03T22:00:00.000Z,False,False,Wayne State (MI),GLIAC,0.0,Northwood,Great Midwest Athletic,52.0,,,,-52.0,52.0
401907516,2026,1,regular,2026-09-03T22:00:00.000Z,False,False,California (PA),Pennsylvania State Athletic,49.0,Charleston (WV),Mountain East,24.0,,,,25.0,73.0
401907493,2026,1,regular,2026-09-03T22:00:00.000Z,False,False,Fairmont State,Mountain East,13.0,Bloomsburg,Pennsylvania State Athletic,35.0,,,,-22.0,48.0
401906526,2026,1,regular,2026-09-03T23:00:00.000Z,False,True,Arkansas Monticello,Great American,12.0,Southeastern Oklahoma State,Great American,21.0,,,,-9.0,33.0
401866622,2026,1,regular,2026-09-03T23:00:00.000Z,False,False,Stony Brook,Coastal Athletic,36.0,Lindenwood,OVC,32.0,,,6.6906434191255215,4.0,68.0
401907697,2026,1,regular,2026-09-03T23:00:00.000Z,False,True,Northern State,Northern Sun,31.0,Winona State,Northern Sun,16.0,,,,15.0,47.0
401907677,2026,1,regular,2026-09-03T23:00:00.000Z,False,True,Minnesota St Moorhead,Northern Sun,48.0,Concordia St. Paul,Northern Sun,30.0,,,,18.0,78.0
401907666,2026,1,regular,2026-09-03T23:00:00.000Z,False,False,Trine,Michigan,48.0,Chicago,Midwest,34.0,,,,14.0,82.0
401864424,2026,1,regular,2026-09-03T23:00:00.000Z,False,False,Delaware,Conference USA,42.0,Merrimack,FCS Independents,7.0,1404.0,,2.641449382089869,35.0,49.0
401907003,2026,1,regular,2026-09-03T23:00:00.000Z,False,False,Grand Valley State,GLIAC,56.0,West Texas,Lone Star,14.0,,,,42.0,70.0
401906649,2026,1,regular,2026-09-03T23:00:00.000Z,False,False,Edinboro,Pennsylvania State Athletic,38.0,Ohio Dominican,Great Midwest Athletic,36.0,,,,2.0,74.0
401907644,2026,1,regular,2026-09-03T23:00:00.000Z,False,True,Minnesota Duluth,Northern Sun,30.0,Augustana (SD),Northern Sun,23.0,,,,7.0,53.0
401908346,2026,1,regular,2026-09-03T23:00:00.000Z,False,False,Juniata,Landmark Conference,7.0,Gettysburg,Centennial,24.0,,,,-17.0,31.0
401908201,2026,1,regular,2026-09-03T23:00:00.000Z,False,False,King's,Mid Atlantic,0.0,Wilkes,Landmark Conference,7.0,,,,-7.0,7.0
401907995,2026,1,regular,2026-09-03T23:00:00.000Z,False,False,Wisconsin River Falls,Wisconsin,73.0,Southern Virginia,USA South,7.0,,,,66.0,80.0
401906545,2026,1,regular,2026-09-03T23:00:00.000Z,False,True,Harding,Great American,76.0,Northwestern (OK),Great American,0.0,,,,76.0,76.0
401906553,2026,1,regular,2026-09-03T23:00:00.000Z,False,True,Southern Nazarene,Great American,21.0,Henderson State,Great American,57.0,,,,-36.0,78.0
401908854,2026,1,regular,2026-09-03T23:00:00.000Z,False,False,Wooster,North Coast,19.0,Wilmington (OH),Ohio,22.0,,,,-3.0,41.0
401908789,2026,1,regular,2026-09-03T23:00:00.000Z,False,False,Marietta,Ohio,34.0,Westminster (PA),Presidents',24.0,,,,10.0,58.0
401906877,2026,1,regular,2026-09-03T23:00:00.000Z,False,False,Ashland,Great Midwest Athletic,24.0,IU Pennsylvania,Pennsylvania State Athletic,34.0,,,,-10.0,58.0
401908216,2026,1,regular,2026-09-03T23:00:00.000Z,False,False,Ohio Wesleyan,North Coast,68.0,Bluffton,Heartland,9.0,,,,59.0,77.0
401907871,2026,1,regular,2026-09-03T23:00:00.000Z,False,False,Brockport,Empire 8,68.0,Buffalo State,Liberty League,0.0,,,,68.0,68.0
401867889,2026,1,regular,2026-09-03T23:00:00.000Z,False,False,Samford,Southern,18.0,Southern Illinois,MVFC,22.0,,,5.985629012153314,-4.0,40.0
401856767,2026,1,regular,2026-09-03T23:00:00.000Z,False,False,UCF,Big 12,73.0,Bethune-Cookman,SWAC,6.0,1465.0,,1.897970373376696,67.0,79.0
401858204,2026,1,regular,2026-09-03T23:00:00.000Z,False,False,Wake Forest,ACC,38.0,Akron,Mid-American,16.0,1520.0,925.0,2.6068707243929237,22.0,54.0
401866409,2026,1,regular,2026-09-03T23:00:00.000Z,False,False,Buffalo,Mid-American,21.0,UAlbany,Coastal Athletic,17.0,1365.0,,6.902093440356493,4.0,38.0
401906603,2026,1,regular,2026-09-03T23:00:00.000Z,False,False,Valdosta State,Gulf South,59.0,Warner,,10.0,,,,49.0,69.0
401864425,2026,1,regular,2026-09-03T23:00:00.000Z,False,False,Kennesaw State,Conference USA,47.0,West Georgia,UAC,0.0,1373.0,,2.229737075700872,47.0,47.0
401907727,2026,1,regular,2026-09-03T23:00:00.000Z,False,True,Minot State,Northern Sun,28.0,Wayne State (NE),Northern Sun,35.0,,,,-7.0,63.0
401856776,2026,1,regular,2026-09-04T00:00:00.000Z,False,False,Georgia Tech,ACC,13.0,Colorado,Big 12,14.0,1563.0,1396.0,6.240260056598781,-1.0,27.0
401873393,2026,1,regular,2026-09-04T00:00:00.000Z,False,False,Beloit,Midwest,14.0,Rockford,NACC,12.0,,,,2.0,26.0
401906515,2026,1,regular,2026-09-04T00:00:00.000Z,False,True,Arkansas Tech,Great American,26.0,Southwestern Oklahoma State,Great American,20.0,,,,6.0,46.0
401858422,2026,1,regular,2026-09-04T00:00:00.000Z,False,False,Minnesota,Big Ten,59.0,Eastern Illinois,OVC,7.0,1510.0,,2.14001327981458,52.0,66.0
401908386,2026,1,regular,2026-09-04T00:00:00.000Z,False,False,Millsaps,Southern Athletic,36.0,Belhaven,USA South,20.0,,,,16.0,56.0
401907162,2026,1,regular,2026-09-04T00:00:00.000Z,False,False,Western Colorado,Rocky Mountain,23.0,Angelo State,Lone Star,21.0,,,,2.0,44.0
401907156,2026,1,regular,2026-09-04T00:00:00.000Z,False,False,Western New Mexico,Lone Star,32.0,New Mexico Highlands,Rocky Mountain,55.0,,,,-23.0,87.0
401907121,2026,1,regular,2026-09-04T00:00:00.000Z,False,False,Chadron State,Rocky Mountain,24.0,Nebraska Kearney,Mid America,21.0,,,,3.0,45.0
401907145,2026,1,regular,2026-09-04T00:00:00.000Z,False,False,Fort Hays,Mid America,17.0,CSU Pueblo,Rocky Mountain,35.0,,,,-18.0,52.0
401907337,2026,1,regular,2026-09-04T00:00:00.000Z,False,True,Central Missouri,Mid America,49.0,Missouri Western,Mid America,10.0,,,,39.0,59.0
401906536,2026,1,regular,2026-09-04T00:00:00.000Z,False,True,Ouachita Baptist,Great American,17.0,East Central,Great American,27.0,,,,-10.0,44.0
401906566,2026,1,regular,2026-09-04T00:00:00.000Z,False,True,Oklahoma Baptist,Great American,38.0,Southern Arkansas,Great American,20.0,,,,18.0,58.0
401856663,2026,1,regular,2026-09-04T00:00:00.000Z,False,False,Missouri,SEC,54.0,Arkansas-Pine Bluff,SWAC,14.0,1666.0,,2.395718076222952,40.0,68.0
401856768,2026,1,regular,2026-09-04T01:00:00.000Z,False,False,Utah,Big 12,66.0,Idaho,Big Sky,14.0,1817.0,,2.11235780713634,52.0,80.0
401858424,2026,1,regular,2026-09-04T01:00:00.000Z,False,False,Illinois,Big Ten,42.0,UAB,American Athletic,23.0,1563.0,1443.0,3.799962230181375,19.0,65.0
401908331,2026,1,regular,2026-09-04T22:00:00.000Z,False,False,Dickinson,Centennial,27.0,Randolph Macon,Old Dominion,14.0,,,,13.0,41.0
401908537,2026,1,regular,2026-09-04T22:00:00.000Z,False,False,Nichols,Commonwealth Coast,7.0,MIT,NEWMAC,35.0,,,,-28.0,42.0
401908094,2026,1,regular,2026-09-04T22:00:00.000Z,False,False,Methodist,USA South,3.0,Shenandoah,Old Dominion,30.0,,,,-27.0,33.0
401908318,2026,1,regular,2026-09-04T22:00:00.000Z,False,False,Rowan,New Jersey,14.0,Mary Hardin Baylor,American Southwest,35.0,,,,-21.0,49.0
401907008,2026,1,regular,2026-09-04T22:00:00.000Z,False,False,Ferris State,GLIAC,38.0,Bentley,Northeast 10,3.0,,,,35.0,41.0
401908162,2026,1,regular,2026-09-04T22:00:00.000Z,False,False,Albright,Mid Atlantic,44.0,Gallaudet,Southern Collegiate Athletic,7.0,,,,37.0,51.0
401864495,2026,1,regular,2026-09-04T22:30:00.000Z,False,False,Eastern Michigan,Mid-American,21.0,San José State,Mountain West,27.0,1360.0,1406.0,5.895337083138708,-6.0,48.0
401906610,2026,1,regular,2026-09-04T22:30:00.000Z,False,False,Keystone,Independent DIII,25.0,Alvernia,Mid Atlantic,21.0,,,,4.0,46.0
401866623,2026,1,regular,2026-09-04T23:00:00.000Z,False,False,Georgia State,Sun Belt,59.0,North Carolina A&T,Coastal Athletic,10.0,1241.0,,3.2067711849236753,49.0,69.0
401907966,2026,1,regular,2026-09-04T23:00:00.000Z,False,False,Misericordia,Mid Atlantic,42.0,Hartwick,Empire 8,14.0,,,,28.0,56.0
401907862,2026,1,regular,2026-09-04T23:00:00.000Z,False,False,Hobart,Liberty League,24.0,Alfred,Empire 8,17.0,,,,7.0,41.0
401868262,2026,1,regular,2026-09-04T23:00:00.000Z,False,False,Marist,Pioneer,27.0,Franklin Pierce,Northeast 10,18.0,,,3.2030546167389717,9.0,45.0
401908263,2026,1,regular,2026-09-04T23:00:00.000Z,False,False,Franklin & Marshall,Centennial,31.0,Lebanon Valley,Mid Atlantic,7.0,,,,24.0,38.0
401908309,2026,1,regular,2026-09-04T23:00:00.000Z,False,False,Stevenson,Mid Atlantic,17.0,Bridgewater,Old Dominion,0.0,,,,17.0,17.0
401908181,2026,1,regular,2026-09-04T23:00:00.000Z,False,False,Ursinus,Centennial,17.0,Delaware Valley,Mid Atlantic,14.0,,,,3.0,31.0
401907537,2026,1,regular,2026-09-04T23:00:00.000Z,False,False,Pace,Northeast 10,26.0,East Stroudsburg,Pennsylvania State Athletic,37.0,,,,-11.0,63.0
401908606,2026,1,regular,2026-09-04T23:00:00.000Z,False,False,UMass Dartmouth,MSCAC,13.0,Salve Regina,NEWMAC,21.0,,,,-8.0,34.0
401908690,2026,1,regular,2026-09-04T23:00:00.000Z,False,False,Norwich,NEWMAC,10.0,St. Lawrence,Liberty League,18.0,,,,-8.0,28.0
401908517,2026,1,regular,2026-09-04T23:00:00.000Z,False,False,Springfield,NEWMAC,42.0,Western New England,Commonwealth Coast,28.0,,,,14.0,70.0
401907736,2026,1,regular,2026-09-04T23:00:00.000Z,False,False,Rochester (NY),Liberty League,20.0,Case Western Reserve,Presidents',38.0,,,,-18.0,58.0
401858435,2026,1,regular,2026-09-04T23:00:00.000Z,False,False,Purdue,Big Ten,44.0,Indiana State,MVFC,19.0,1318.0,,2.442458035830671,25.0,63.0
401908359,2026,1,regular,2026-09-04T23:30:00.000Z,False,False,McDaniel,Centennial,13.0,Catholic,Landmark Conference,7.0,,,,6.0,20.0
401907818,2026,1,regular,2026-09-05T00:00:00.000Z,False,False,Carthage,CCIW,23.0,Lakeland,NACC,14.0,,,,9.0,37.0
401858429,2026,1,regular,2026-09-05T00:00:00.000Z,False,False,Michigan State,Big Ten,30.0,Toledo,Mid-American,20.0,1439.0,1597.0,3.933766595911785,10.0,50.0
401856769,2026,1,regular,2026-09-05T00:00:00.000Z,False,False,Kansas,Big 12,51.0,Long Island University,NEC,6.0,1510.0,,2.712433637537601,45.0,57.0
401856664,2026,1,regular,2026-09-05T00:00:00.000Z,False,False,Oklahoma,SEC,51.0,UTEP,Mountain West,0.0,1706.0,1256.0,1.6622847209305427,51.0,51.0
401858436,2026,1,regular,2026-09-05T01:00:00.000Z,False,False,USC,Big Ten,39.0,Fresno State,Pac-12,0.0,1752.0,1532.0,2.768518413523263,39.0,39.0
401858206,2026,1,regular,2026-09-05T01:00:00.000Z,False,True,Stanford,ACC,6.0,Miami,ACC,45.0,1413.0,1842.0,3.861456675658052,-39.0,51.0
401908292,2026,1,regular,2026-09-05T02:00:00.000Z,False,False,Pacific (OR),Northwest,0.0,Howard Payne,American Southwest,49.0,,,,-49.0,49.0
401907138,2026,1,regular,2026-09-05T14:00:00.000Z,False,False,Washburn,Mid America,16.0,Colorado School of Mines,Rocky Mountain,16.0,,,,0.0,32.0
401868284,2026,1,regular,2026-09-05T15:00:00.000Z,False,False,Stetson,Pioneer,45.0,Webber International,,10.0,,,2.814942207182986,35.0,55.0
401908514,2026,1,regular,2026-09-05T15:00:00.000Z,False,False,Minnesota Morris,Upper Midwest,19.0,Concordia Chicago,NACC,52.0,,,,-33.0,71.0
401908141,2026,1,regular,2026-09-05T15:00:00.000Z,False,False,Gustavus Adolphus,Minnesota,29.0,Central College,American Rivers,3.0,,,,26.0,32.0
401908508,2026,1,regular,2026-09-05T15:00:00.000Z,False,False,Martin Luther,Upper Midwest,21.0,Macalester,Minnesota,34.0,,,,-13.0,55.0
401908470,2026,1,regular,2026-09-05T15:00:00.000Z,False,False,Crown,Upper Midwest,21.0,Hamline,Minnesota,31.0,,,,-10.0,52.0
401856778,2026,1,regular,2026-09-05T16:00:00.000Z,False,False,Houston,Big 12,33.0,Oregon State,Pac-12,20.0,1508.0,1266.0,4.451653122690978,13.0,53.0
401856634,2026,1,regular,2026-09-05T16:00:00.000Z,False,False,Alabama,SEC,48.0,East Carolina,American Athletic,10.0,1738.0,1562.0,2.413542657655659,38.0,58.0
401908530,2026,1,regular,2026-09-05T16:00:00.000Z,False,False,Coast Guard,NEWMAC,49.0,New England,Commonwealth Coast,35.0,,,,14.0,84.0
401907843,2026,1,regular,2026-09-05T16:00:00.000Z,False,False,North Central College,CCIW,44.0,Bethel (MN),Minnesota,21.0,,,,23.0,65.0
401908091,2026,1,regular,2026-09-05T16:00:00.000Z,False,False,Utica,Empire 8,26.0,Washington & Jefferson,Presidents',11.0,,,,15.0,37.0
401909005,2026,1,regular,2026-09-05T16:00:00.000Z,False,False,Wabash,North Coast,29.0,Hampden Sydney,Old Dominion,20.0,,,,9.0,49.0
401908624,2026,1,regular,2026-09-05T16:00:00.000Z,False,False,Rensselaer,Liberty League,35.0,WPI,NEWMAC,7.0,,,,28.0,42.0
401907013,2026,1,regular,2026-09-05T16:00:00.000Z,False,False,Davenport,GLIAC,28.0,Truman State,Great Lakes,14.0,,,,14.0,42.0
401907879,2026,1,regular,2026-09-05T16:00:00.000Z,False,False,Grove City,Presidents',18.0,SUNY Cortland,Empire 8,28.0,,,,-10.0,46.0
401908563,2026,1,regular,2026-09-05T16:00:00.000Z,False,False,Mass Maritime,MSCAC,49.0,Maine Maritime,Commonwealth Coast,0.0,,,,49.0,49.0
401908557,2026,1,regular,2026-09-05T16:00:00.000Z,False,False,Plymouth State,MSCAC,28.0,New England College,,14.0,,,,14.0,42.0
401908353,2026,1,regular,2026-09-05T16:00:00.000Z,False,False,Johns Hopkins,Centennial,30.0,Ithaca,Liberty League,21.0,,,,9.0,51.0
401866410,2026,1,regular,2026-09-05T16:00:00.000Z,False,False,Bowling Green,Mid-American,13.0,Tarleton State,UAC,20.0,1340.0,,4.2530976755708005,-7.0,33.0
401856780,2026,1,regular,2026-09-05T16:00:00.000Z,False,False,West Virginia,Big 12,31.0,Coastal Carolina,Sun Belt,24.0,1360.0,1275.0,2.918222613424516,7.0,55.0
401908738,2026,1,regular,2026-09-05T16:00:00.000Z,False,False,Otterbein,Ohio,21.0,Calvin,Michigan,53.0,,,,-32.0,74.0
401867928,2026,1,regular,2026-09-05T16:00:00.000Z,False,False,Wagner,NEC,31.0,Southern Connecticut State,Northeast 10,7.0,,,2.9012779511935176,24.0,38.0
401862701,2026,1,regular,2026-09-05T16:00:00.000Z,False,False,Army,American Athletic,59.0,Bryant,Coastal Athletic,3.0,1527.0,,1.9076028235625277,56.0,62.0
401908189,2026,1,regular,2026-09-05T16:00:00.000Z,False,False,Endicott,Commonwealth Coast,24.0,Eastern,Mid Atlantic,14.0,,,,10.0,38.0
401908101,2026,1,regular,2026-09-05T16:00:00.000Z,False,False,Heidelberg,Ohio,40.0,Maryville (TN),USA South,14.0,,,,26.0,54.0
401907832,2026,1,regular,2026-09-05T16:00:00.000Z,False,False,Albion,Michigan,10.0,Illinois Wesleyan,CCIW,24.0,,,,-14.0,34.0
401906844,2026,1,regular,2026-09-05T16:00:00.000Z,False,False,Hillsdale,Great Midwest Athletic,55.0,McKendree,Great Lakes,24.0,,,,31.0,79.0
401908568,2026,1,regular,2026-09-05T16:00:00.000Z,False,True,Dean,MSCAC,26.0,Fitchburg State,MSCAC,35.0,,,,-9.0,61.0
401867924,2026,1,regular,2026-09-05T16:00:00.000Z,False,True,New Haven,NEC,3.0,Stonehill,NEC,21.0,,,3.624114182285838,-18.0,24.0
401907826,2026,1,regular,2026-09-05T16:00:00.000Z,False,False,Elmhurst,CCIW,13.0,Illinois College,Midwest,28.0,,,,-15.0,41.0
401858430,2026,1,regular,2026-09-05T16:00:00.000Z,False,False,Nebraska,Big Ten,49.0,Ohio,Mid-American,21.0,1538.0,1372.0,4.959056683394593,28.0,70.0
401906994,2026,1,regular,2026-09-05T16:00:00.000Z,False,False,Michigan Tech,GLIAC,48.0,Midwestern State,Lone Star,27.0,,,,21.0,75.0
401858208,2026,1,regular,2026-09-05T16:00:00.000Z,False,False,Syracuse,ACC,66.0,New Hampshire,Coastal Athletic,3.0,1288.0,,2.1397786797517004,63.0,69.0
401908364,2026,1,regular,2026-09-05T16:00:00.000Z,False,False,Moravian,Landmark Conference,7.0,Muhlenberg,Centennial,34.0,,,,-27.0,41.0
401858425,2026,1,regular,2026-09-05T16:00:00.000Z,False,False,Indiana,Big Ten,52.0,North Texas,American Athletic,16.0,2064.0,1639.0,2.2743649912659762,36.0,68.0
401869960,2026,1,regular,2026-09-05T16:00:00.000Z,False,False,James Madison,Sun Belt,20.0,Liberty,Conference USA,13.0,1770.0,1703.0,2.938805175877657,7.0,33.0
401861962,2026,1,regular,2026-09-05T16:00:00.000Z,False,False,UConn,FBS Independents,56.0,Lafayette,Patriot,7.0,1484.0,,2.1293066509575125,49.0,63.0
401868017,2026,1,regular,2026-09-05T16:30:00.000Z,False,True,Georgetown,Patriot,14.0,Lehigh,Patriot,45.0,,,4.289845631098663,-31.0,59.0
401908150,2026,1,regular,2026-09-05T16:30:00.000Z,False,False,Coe,American Rivers,49.0,Cornell (IA),Midwest,7.0,,,,42.0,56.0
401908759,2026,1,regular,2026-09-05T16:30:00.000Z,False,True,Luther,Midwest,30.0,Lawrence,Midwest,7.0,,,,23.0,37.0
401858432,2026,1,regular,2026-09-05T16:30:00.000Z,False,False,Ohio State,Big Ten,56.0,Ball State,Mid-American,3.0,1925.0,1173.0,2.0816947559603913,53.0,59.0
401858207,2026,1,regular,2026-09-05T16:30:00.000Z,False,False,Pittsburgh,ACC,59.0,Miami (OH),Mid-American,14.0,1576.0,1364.0,2.4978793686470273,45.0,73.0
401908771,2026,1,regular,2026-09-05T16:30:00.000Z,False,False,Grinnell,Midwest,16.0,Mount Mercy,,13.0,,,,3.0,29.0
401856665,2026,1,regular,2026-09-05T16:45:00.000Z,False,False,South Carolina,SEC,57.0,Kent State,Mid-American,0.0,1631.0,1167.0,1.927710383165817,57.0,57.0
401908623,2026,1,regular,2026-09-05T17:00:00.000Z,False,False,SUNY Maritime,NEWMAC,42.0,Worcester State,MSCAC,41.0,,,,1.0,83.0
401908617,2026,1,regular,2026-09-05T17:00:00.000Z,False,False,Vermont State Castleton,New Jersey,29.0,Westfield State,MSCAC,7.0,,,,22.0,36.0
401908805,2026,1,regular,2026-09-05T17:00:00.000Z,False,False,Kalamazoo,Michigan,10.0,Kenyon,North Coast,40.0,,,,-30.0,50.0
401908650,2026,1,regular,2026-09-05T17:00:00.000Z,False,False,Adrian,Michigan,17.0,Ohio Northern,Ohio,10.0,,,,7.0,27.0
401908662,2026,1,regular,2026-09-05T17:00:00.000Z,False,False,Waynesburg,Presidents',12.0,Capital,Ohio,35.0,,,,-23.0,47.0
401856659,2026,1,regular,2026-09-05T17:00:00.000Z,False,False,Kentucky,SEC,45.0,Youngstown State,MVFC,13.0,1476.0,,1.7714212792584294,32.0,58.0
401908644,2026,1,regular,2026-09-05T17:00:00.000Z,False,False,The College of New Jersey,New Jersey,7.0,Lycoming,Landmark Conference,17.0,,,,-10.0,24.0
401856779,2026,1,regular,2026-09-05T17:00:00.000Z,False,False,Iowa State,Big 12,38.0,Southeast Missouri State,OVC,10.0,1586.0,,2.775955154249339,28.0,48.0
401908744,2026,1,regular,2026-09-05T17:00:00.000Z,False,False,Denison,North Coast,14.0,Hope,Michigan,28.0,,,,-14.0,42.0
401868000,2026,1,regular,2026-09-05T17:00:00.000Z,False,True,Colgate,Patriot,35.0,Holy Cross,Patriot,10.0,,,2.6617926095430002,25.0,45.0
401908684,2026,1,regular,2026-09-05T17:00:00.000Z,False,False,Union,Liberty League,17.0,Susquehanna,Landmark Conference,23.0,,,,-6.0,40.0
401908609,2026,1,regular,2026-09-05T17:00:00.000Z,False,False,William Paterson,New Jersey,17.0,Western Connecticut State,Landmark Conference,27.0,,,,-10.0,44.0
401864496,2026,1,regular,2026-09-05T17:00:00.000Z,False,False,Air Force,Mountain West,34.0,Duquesne,NEC,0.0,1424.0,,1.8531627866369802,34.0,34.0
401908069,2026,1,regular,2026-09-05T17:00:00.000Z,False,False,Saint Vincent,Presidents',60.0,Hilbert,Empire 8,6.0,,,,54.0,66.0
401908049,2026,1,regular,2026-09-05T17:00:00.000Z,False,False,Wisconsin Eau Claire,Wisconsin,23.0,Alma,Michigan,15.0,,,,8.0,38.0
401908965,2026,1,regular,2026-09-05T17:00:00.000Z,False,False,Washington and Lee,Old Dominion,13.0,Wittenberg,North Coast,7.0,,,,6.0,20.0
401906118,2026,1,regular,2026-09-05T17:00:00.000Z,False,True,Virginia State,CIAA,42.0,Bowie State,CIAA,13.0,,,,29.0,55.0
401907250,2026,1,regular,2026-09-05T17:00:00.000Z,False,True,Morehouse,SIAC,21.0,Clark Atlanta,SIAC,31.0,,,,-10.0,52.0
401873403,2026,1,regular,2026-09-05T17:00:00.000Z,False,False,Kean,New Jersey,30.0,SUNY Morrisville,Empire 8,33.0,,,,-3.0,63.0
401908247,2026,1,regular,2026-09-05T17:00:00.000Z,False,False,Nebraska Wesleyan,American Rivers,0.0,Concordia (MN),Minnesota,28.0,,,,-28.0,28.0
401907604,2026,1,regular,2026-09-05T17:00:00.000Z,False,False,Shepherd,Pennsylvania State Athletic,34.0,Frostburg State,Mountain East,26.0,,,,8.0,60.0
401907850,2026,1,regular,2026-09-05T17:00:00.000Z,False,False,Wheaton (IL),CCIW,24.0,Mount Union,Ohio,23.0,,,,1.0,47.0
401908257,2026,1,regular,2026-09-05T17:00:00.000Z,False,False,Manchester,Heartland,17.0,Westminster (MO),Upper Midwest,10.0,,,,7.0,27.0
401908576,2026,1,regular,2026-09-05T17:00:00.000Z,False,False,Husson,Commonwealth Coast,21.0,Framingham State,MSCAC,33.0,,,,-12.0,54.0
401908285,2026,1,regular,2026-09-05T17:00:00.000Z,False,False,Hardin Simmons,American Southwest,44.0,Chapman,So. Cal.,24.0,,,,20.0,68.0
401868186,2026,1,regular,2026-09-05T17:30:00.000Z,False,False,Wofford,Southern,17.0,Gardner-Webb,OVC,13.0,,,4.039326122227043,4.0,30.0
401908206,2026,1,regular,2026-09-05T17:30:00.000Z,False,False,Anderson (IN),Heartland,12.0,Allegheny,Presidents',28.0,,,,-16.0,40.0
401908448,2026,1,regular,2026-09-05T18:00:00.000Z,False,False,Claremont Mudd Scripps,So. Cal.,19.0,Northwestern (MN),Upper Midwest,14.0,,,,5.0,33.0
401908765,2026,1,regular,2026-09-05T18:00:00.000Z,False,False,Ripon,Midwest,14.0,Concordia (WI),NACC,38.0,,,,-24.0,52.0
401908039,2026,1,regular,2026-09-05T18:00:00.000Z,False,False,Saint John's (MN),Minnesota,24.0,Wisconsin La Crosse,Wisconsin,21.0,,,,3.0,45.0
401908088,2026,1,regular,2026-09-05T18:00:00.000Z,False,False,St. John Fisher,Empire 8,38.0,FDU Florham,Mid Atlantic,8.0,,,,30.0,46.0
401908018,2026,1,regular,2026-09-05T18:00:00.000Z,False,False,Wisconsin Oshkosh,Wisconsin,15.0,Linfield,Northwest,41.0,,,,-26.0,56.0
401908921,2026,1,regular,2026-09-05T18:00:00.000Z,False,False,St. Scholastica,Minnesota,14.0,Wisconsin Lutheran,NACC,37.0,,,,-23.0,51.0
401908499,2026,1,regular,2026-09-05T18:00:00.000Z,False,False,Lake Forest,Midwest,77.0,Greenville,Upper Midwest,14.0,,,,63.0,91.0
401906049,2026,1,regular,2026-09-05T18:00:00.000Z,False,False,Concord,Mountain East,26.0,Bluefield State,CIAA,22.0,,,,4.0,48.0
401906860,2026,1,regular,2026-09-05T18:00:00.000Z,False,False,Indianapolis,Great Lakes,10.0,Findlay,Great Midwest Athletic,30.0,,,,-20.0,40.0
401862698,2026,1,regular,2026-09-05T18:00:00.000Z,False,False,Temple,American Athletic,38.0,Rhode Island,Coastal Athletic,14.0,1312.0,,3.427826148039743,24.0,52.0
401907758,2026,1,regular,2026-09-05T18:00:00.000Z,False,False,Buena Vista,American Rivers,14.0,Benedictine (IL),NACC,41.0,,,,-27.0,55.0
401907691,2026,1,regular,2026-09-05T18:00:00.000Z,False,True,Jamestown,Northern Sun,0.0,Sioux Falls,Northern Sun,31.0,,,,-31.0,31.0
401907655,2026,1,regular,2026-09-05T18:00:00.000Z,False,False,Carnegie Mellon,Presidents',7.0,John Carroll,Ohio,17.0,,,,-10.0,24.0
401907789,2026,1,regular,2026-09-05T18:00:00.000Z,False,False,St. Norbert,NACC,10.0,Carroll (WI),CCIW,40.0,,,,-30.0,50.0
401908460,2026,1,regular,2026-09-05T18:00:00.000Z,False,False,Pomona Pitzer,So. Cal.,42.0,Willamette,Northwest,23.0,,,,19.0,65.0
401907886,2026,1,regular,2026-09-05T18:00:00.000Z,False,False,Wisconsin Whitewater,Wisconsin,69.0,Carleton,Minnesota,7.0,,,,62.0,76.0
401909047,2026,1,regular,2026-09-05T18:00:00.000Z,False,False,Oberlin,North Coast,2.0,Hiram,Presidents',33.0,,,,-31.0,35.0
401907420,2026,1,regular,2026-09-05T18:00:00.000Z,False,False,Ferrum,Carolinas,16.0,Emory & Henry,South Atlantic,55.0,,,,-39.0,71.0
401866624,2026,1,regular,2026-09-05T18:00:00.000Z,False,True,Monmouth,Coastal Athletic,31.0,Sacred Heart,Coastal Athletic,24.0,,,6.384919810070809,7.0,55.0
401908412,2026,1,regular,2026-09-05T18:00:00.000Z,False,False,Sewanee,Southern Athletic,37.0,Bethany (WV),Presidents',40.0,,,,-3.0,77.0
401907159,2026,1,regular,2026-09-05T19:00:00.000Z,False,False,South Dakota Mines,Rocky Mountain,38.0,Southwest Baptist,Great Lakes,17.0,,,,21.0,55.0
401907475,2026,1,regular,2026-09-05T19:00:00.000Z,False,False,American International,Northeast 10,21.0,Lock Haven,Pennsylvania State Athletic,14.0,,,,7.0,35.0
401908722,2026,1,regular,2026-09-05T19:00:00.000Z,False,False,Geneva,Presidents',21.0,Widener,Mid Atlantic,14.0,,,,7.0,35.0
401856658,2026,1,regular,2026-09-05T19:00:00.000Z,False,False,Georgia,SEC,63.0,Tennessee State,OVC,3.0,1871.0,,1.8624348875527263,60.0,66.0
401906682,2026,1,regular,2026-09-05T19:00:00.000Z,False,False,Lake Erie,Great Midwest Athletic,35.0,Saint Anselm,Northeast 10,7.0,,,,28.0,42.0
401907111,2026,1,regular,2026-09-05T19:00:00.000Z,False,False,Black Hills State,Rocky Mountain,44.0,Dakota State University,,31.0,,,,13.0,75.0
401868111,2026,1,regular,2026-09-05T19:00:00.000Z,False,False,Montana,Big Sky,45.0,Drake,Pioneer,10.0,,,3.5466292330107407,35.0,55.0
401906597,2026,1,regular,2026-09-05T19:00:00.000Z,False,False,Lenoir Rhyne,South Atlantic,23.0,West Alabama,Gulf South,34.0,,,,-11.0,57.0
401858433,2026,1,regular,2026-09-05T19:30:00.000Z,False,False,Oregon,Big Ten,34.0,Boise State,Pac-12,27.0,1880.0,1562.0,6.800212461567343,7.0,61.0
401856777,2026,1,regular,2026-09-05T19:30:00.000Z,False,False,Cincinnati,Big 12,34.0,Boston College,ACC,15.0,1480.0,1406.0,3.7856761933742193,19.0,49.0
401862700,2026,1,regular,2026-09-05T19:30:00.000Z,False,False,UTSA,American Athletic,45.0,UT Rio Grande Valley,Southland,16.0,1522.0,,2.762885935131833,29.0,61.0
401866627,2026,1,regular,2026-09-05T19:30:00.000Z,False,False,App State,Sun Belt,55.0,Maine,Coastal Athletic,3.0,1310.0,,2.1860471472481593,52.0,58.0
401858434,2026,1,regular,2026-09-05T19:30:00.000Z,False,False,Penn State,Big Ten,45.0,Marshall,Sun Belt,0.0,1802.0,1478.0,2.069694438371381,45.0,45.0
401862694,2026,1,regular,2026-09-05T19:30:00.000Z,False,False,Charlotte,American Athletic,41.0,The Citadel,Southern,43.0,1182.0,,9.442475061652209,-2.0,84.0
401856636,2026,1,regular,2026-09-05T19:30:00.000Z,True,False,Auburn,SEC,17.0,Baylor,Big 12,16.0,1613.0,1506.0,7.276093790199145,1.0,33.0
401856666,2026,1,regular,2026-09-05T19:30:00.000Z,False,False,Tennessee,SEC,56.0,Furman,Southern,9.0,1691.0,,2.5481180554485405,47.0,65.0
401856667,2026,1,regular,2026-09-05T19:30:00.000Z,False,False,Texas,SEC,59.0,Texas State,Pac-12,7.0,1784.0,1570.0,2.4768900387323205,52.0,66.0
401862696,2026,1,regular,2026-09-05T19:30:00.000Z,False,False,Navy,American Athletic,42.0,Towson,Coastal Athletic,15.0,1550.0,,3.276233467141967,27.0,57.0
401858209,2026,1,regular,2026-09-05T19:30:00.000Z,False,False,Duke,ACC,17.0,Tulane,American Athletic,3.0,1581.0,1555.0,3.3994336317500204,14.0,20.0
401864499,2026,1,regular,2026-09-05T19:30:00.000Z,False,False,North Dakota State,Mountain West,38.0,Fordham,Patriot,0.0,1562.0,,2.332098818300068,38.0,38.0
401856772,2026,1,regular,2026-09-05T19:45:00.000Z,False,False,Tulsa,American Athletic,24.0,Oklahoma State,Big 12,10.0,1240.0,1240.0,3.4798394312225565,14.0,34.0
401867875,2026,1,regular,2026-09-05T20:00:00.000Z,False,False,North Dakota,MVFC,62.0,St. Thomas (MN),Pioneer,26.0,,,1.7582884957394351,36.0,88.0
401908429,2026,1,regular,2026-09-05T20:00:00.000Z,False,False,Pacific Lutheran,Northwest,37.0,Cal Lutheran,So. Cal.,30.0,,,,7.0,67.0
401907852,2026,1,regular,2026-09-05T20:00:00.000Z,False,False,Alfred State,Empire 8,74.0,Thiel,Presidents',13.0,,,,61.0,87.0
401907634,2026,1,regular,2026-09-05T20:00:00.000Z,False,True,Bemidji State,Northern Sun,38.0,Southwest Minnesota State,Northern Sun,0.0,,,,38.0,38.0
401907332,2026,1,regular,2026-09-05T20:00:00.000Z,False,False,Southern Oregon,,35.0,Western Oregon,Lone Star,65.0,,,,-30.0,100.0
401907130,2026,1,regular,2026-09-05T20:00:00.000Z,False,False,Eastern New Mexico,Lone Star,23.0,Colorado Mesa,Rocky Mountain,42.0,,,,-19.0,65.0
401873228,2026,1,regular,2026-09-05T20:00:00.000Z,False,True,Puget Sound,Northwest,21.0,Lewis & Clark,Northwest,42.0,,,,-21.0,63.0
401907615,2026,1,regular,2026-09-05T20:00:00.000Z,False,False,West Liberty,Mountain East,28.0,Seton Hill,Pennsylvania State Athletic,24.0,,,,4.0,52.0
401906921,2026,1,regular,2026-09-05T20:00:00.000Z,False,False,Allen,SIAC,31.0,Florida Memorial University,,38.0,,,,-7.0,69.0
401856635,2026,1,regular,2026-09-05T20:15:00.000Z,False,False,Arkansas,SEC,31.0,North Alabama,UAC,14.0,1547.0,,3.2596139293232698,17.0,45.0
401858426,2026,1,regular,2026-09-05T20:15:00.000Z,False,False,Iowa,Big Ten,40.0,Northern Illinois,Mountain West,0.0,1791.0,1322.0,2.056095441182341,40.0,40.0
401868356,2026,1,regular,2026-09-05T21:00:00.000Z,False,False,Southern Miss,Sun Belt,49.0,Alcorn State,SWAC,3.0,1350.0,,2.906769279204327,46.0,52.0
401908275,2026,1,regular,2026-09-05T21:00:00.000Z,False,False,Lyon,Southern Collegiate Athletic,7.0,East Texas Baptist,American Southwest,58.0,,,,-51.0,65.0
401906973,2026,1,regular,2026-09-05T21:00:00.000Z,True,True,Fort Valley State,SIAC,23.0,Tuskegee,SIAC,24.0,,,,-1.0,47.0
401906206,2026,1,regular,2026-09-05T21:00:00.000Z,False,False,Shorter,Carolinas,20.0,Benedict,SIAC,24.0,,,,-4.0,44.0
401868345,2026,1,regular,2026-09-05T21:30:00.000Z,False,False,East Tennessee State,Southern,48.0,Tusculum,South Atlantic,14.0,,,2.711557790604119,34.0,62.0
401867692,2026,1,regular,2026-09-05T22:00:00.000Z,False,False,William & Mary,Patriot,22.0,Delaware State,MEAC,15.0,,,2.6656949436871837,7.0,37.0
401869127,2026,1,regular,2026-09-05T22:00:00.000Z,False,False,Howard,MEAC,21.0,Richmond,Patriot,28.0,,,4.165780317692332,-7.0,49.0
401906621,2026,1,regular,2026-09-05T22:00:00.000Z,False,False,Walsh,Great Midwest Athletic,23.0,Wheeling,Mountain East,21.0,,,,2.0,44.0
401867989,2026,1,regular,2026-09-05T22:00:00.000Z,False,True,Bucknell,Patriot,16.0,Villanova,Patriot,17.0,,,6.2474039034468065,-1.0,33.0
401868336,2026,1,regular,2026-09-05T22:00:00.000Z,False,True,Chattanooga,Southern,9.0,Tennessee Tech,Southern,24.0,,,5.308656914928921,-15.0,33.0
401906632,2026,1,regular,2026-09-05T22:00:00.000Z,False,False,Northern Michigan,GLIAC,7.0,Tiffin,Great Midwest Athletic,35.0,,,,-28.0,42.0
401906152,2026,1,regular,2026-09-05T22:00:00.000Z,False,False,Fayetteville State,CIAA,10.0,UNC Pembroke,Carolinas,7.0,,,,3.0,17.0
401906133,2026,1,regular,2026-09-05T22:00:00.000Z,False,False,Lincoln (PA),CIAA,13.0,West Chester,Pennsylvania State Athletic,21.0,,,,-8.0,34.0
401867978,2026,1,regular,2026-09-05T22:00:00.000Z,False,False,North Carolina Central,MEAC,27.0,Elizabeth City State,CIAA,6.0,,,2.2044109988742795,21.0,33.0
401907273,2026,1,regular,2026-09-05T22:00:00.000Z,False,False,Anderson (SC),South Atlantic,21.0,Keiser (Fl),,14.0,,,,7.0,35.0
401867973,2026,1,regular,2026-09-05T22:00:00.000Z,False,False,Old Dominion,Sun Belt,31.0,Norfolk State,MEAC,10.0,1336.0,,2.936906991354552,21.0,41.0
401860878,2026,1,regular,2026-09-05T22:00:00.000Z,False,False,Colorado State,Pac-12,35.0,Wyoming,Mountain West,13.0,1273.0,1363.0,3.447543350267783,22.0,48.0
401907847,2026,1,regular,2026-09-05T22:00:00.000Z,False,False,Franklin,Heartland,34.0,North Park,CCIW,31.0,,,,3.0,65.0
401906199,2026,1,regular,2026-09-05T22:00:00.000Z,False,False,Catawba,South Atlantic,38.0,North Greenville,Carolinas,40.0,,,,-2.0,78.0
401906903,2026,1,regular,2026-09-05T22:00:00.000Z,False,False,Saginaw Valley State,GLIAC,41.0,Texas A&M-Kingsville,Lone Star,24.0,,,,17.0,65.0
401908076,2026,1,regular,2026-09-05T22:00:00.000Z,False,False,Averett,Old Dominion,13.0,North Carolina Wesleyan,USA South,27.0,,,,-14.0,40.0
401866626,2026,1,regular,2026-09-05T22:00:00.000Z,False,False,Davidson,Pioneer,0.0,Elon,Coastal Athletic,38.0,,,3.49896080197717,-38.0,38.0
401908304,2026,1,regular,2026-09-05T22:00:00.000Z,False,False,Greensboro,USA South,48.0,Guilford,Old Dominion,7.0,,,,41.0,55.0
401867917,2026,1,regular,2026-09-05T22:00:00.000Z,False,False,Robert Morris,NEC,29.0,West Virginia State,Mountain East,9.0,,,2.8607880530947547,20.0,38.0
401868325,2026,1,regular,2026-09-05T22:00:00.000Z,False,False,Alabama State,SWAC,34.0,Lane College,SIAC,0.0,,,2.2672094415079824,34.0,34.0
401906178,2026,1,regular,2026-09-05T22:00:00.000Z,False,False,UVA Wise,South Atlantic,20.0,Chowan,Carolinas,24.0,,,,-4.0,44.0
401868274,2026,1,regular,2026-09-05T22:00:00.000Z,False,False,Mercer,Southern,62.0,Presbyterian,Pioneer,3.0,,,1.8754313754524157,59.0,65.0
401906146,2026,1,regular,2026-09-05T22:00:00.000Z,False,True,Virginia Union,CIAA,49.0,Livingstone,CIAA,20.0,,,,29.0,69.0
401907703,2026,1,regular,2026-09-05T22:30:00.000Z,False,True,University of Mary,Northern Sun,7.0,Minnesota State,Northern Sun,48.0,,,,-41.0,55.0
401908272,2026,1,regular,2026-09-05T23:00:00.000Z,False,False,Rose Hulman,Heartland,23.0,DePauw,North Coast,31.0,,,,-8.0,54.0
401868316,2026,1,regular,2026-09-05T23:00:00.000Z,False,False,South Alabama,Sun Belt,39.0,SE Louisiana,Southland,14.0,1390.0,,2.5044065669121878,25.0,53.0
401867684,2026,1,regular,2026-09-05T23:00:00.000Z,False,False,UT Martin,OVC,42.0,Chicago State,FCS Independents,7.0,,,3.397227396688193,35.0,49.0
401862699,2026,1,regular,2026-09-05T23:00:00.000Z,False,False,South Florida,American Athletic,19.0,Florida International,Conference USA,9.0,1682.0,1382.0,4.8355795003531155,10.0,28.0
401856668,2026,1,regular,2026-09-05T23:00:00.000Z,False,False,Texas A&M,SEC,50.0,Missouri State,Conference USA,0.0,1748.0,1385.0,1.97195805997534,50.0,50.0
401908298,2026,1,regular,2026-09-05T23:00:00.000Z,False,False,Huntingdon,USA South,20.0,Berry,Southern Athletic,50.0,,,,-30.0,70.0
401907779,2026,1,regular,2026-09-05T23:00:00.000Z,False,False,Augustana (IL),CCIW,42.0,Simpson (IA),American Rivers,14.0,,,,28.0,56.0
401908781,2026,1,regular,2026-09-05T23:00:00.000Z,False,False,Eureka,NACC,0.0,Knox,Midwest,16.0,,,,-16.0,16.0
401868958,2026,1,regular,2026-09-05T23:00:00.000Z,False,False,Jackson State,SWAC,66.0,Edward Waters,SIAC,14.0,,,2.411797851661722,52.0,80.0
401906605,2026,1,regular,2026-09-05T23:00:00.000Z,False,False,Delta State,Gulf South,13.0,Wingate,South Atlantic,36.0,,,,-23.0,49.0
401868071,2026,1,regular,2026-09-05T23:00:00.000Z,False,True,Central Arkansas,UAC,14.0,West Florida,UAC,42.0,,,3.176213967711846,-28.0,56.0
401868970,2026,1,regular,2026-09-05T23:00:00.000Z,False,False,Southern,SWAC,34.0,Kentucky State,SIAC,15.0,,,4.5866734190928025,19.0,49.0
401908325,2026,1,regular,2026-09-05T23:00:00.000Z,False,False,Schreiner,,33.0,Austin,Southern Collegiate Athletic,27.0,,,,6.0,60.0
401856770,2026,1,regular,2026-09-05T23:00:00.000Z,False,False,Texas Tech,Big 12,33.0,Abilene Christian,UAC,10.0,1870.0,,2.270616940713421,23.0,43.0
401907956,2026,1,regular,2026-09-05T23:00:00.000Z,False,False,Dubuque,American Rivers,20.0,Wisconsin Stout,Wisconsin,34.0,,,,-14.0,54.0
401860880,2026,1,regular,2026-09-05T23:00:00.000Z,False,False,Utah State,Pac-12,17.0,Idaho State,Big Sky,29.0,1376.0,,6.264019457225063,-12.0,46.0
401908933,2026,1,regular,2026-09-05T23:00:00.000Z,False,False,Christopher Newport,New Jersey,43.0,Apprentice School,Independent DIII,14.0,,,,29.0,57.0
401908426,2026,1,regular,2026-09-05T23:00:00.000Z,False,False,Southwestern U,Southern Athletic,26.0,McMurry,American Southwest,36.0,,,,-10.0,62.0
401908267,2026,1,regular,2026-09-05T23:00:00.000Z,False,False,Mount St Joseph,Heartland,34.0,Muskingum,Ohio,0.0,,,,34.0,34.0
401907977,2026,1,regular,2026-09-05T23:00:00.000Z,False,False,Wisconsin Stevens Point,Wisconsin,17.0,Augsburg,Minnesota,12.0,,,,5.0,29.0
401906166,2026,1,regular,2026-09-05T23:00:00.000Z,False,False,Barton,Carolinas,13.0,Shaw,CIAA,23.0,,,,-10.0,36.0
401867866,2026,1,regular,2026-09-05T23:00:00.000Z,False,False,Middle Tennessee,Conference USA,38.0,Murray State,MVFC,14.0,1276.0,,2.523397804082168,24.0,52.0
401868170,2026,1,regular,2026-09-05T23:00:00.000Z,False,False,Georgia Southern,Sun Belt,31.0,Charleston Southern,OVC,0.0,1376.0,,2.8280426311254057,31.0,31.0
401862697,2026,1,regular,2026-09-05T23:00:00.000Z,False,False,Rice,American Athletic,31.0,Houston Christian,Southland,3.0,1196.0,,2.594905350092231,28.0,34.0
401856771,2026,1,regular,2026-09-05T23:00:00.000Z,False,False,Kansas State,Big 12,71.0,Nicholls,Southland,3.0,1616.0,,1.860002838700055,68.0,74.0
401856669,2026,1,regular,2026-09-05T23:00:00.000Z,False,False,Vanderbilt,SEC,28.0,Austin Peay,UAC,9.0,1753.0,,3.1370849878505407,19.0,37.0
401868140,2026,1,regular,2026-09-05T23:00:00.000Z,False,False,Jacksonville State,Conference USA,49.0,Eastern Kentucky,UAC,7.0,1432.0,,2.415696723581675,42.0,56.0
401869136,2026,1,regular,2026-09-05T23:00:00.000Z,False,False,McNeese,Southland,52.0,Texas Wesleyan,,0.0,,,2.160602815430135,52.0,52.0
401868953,2026,1,regular,2026-09-05T23:00:00.000Z,False,False,Grambling,SWAC,48.0,Central State,SIAC,26.0,,,2.210715183375184,22.0,74.0
401907456,2026,1,regular,2026-09-05T23:00:00.000Z,False,False,Newberry,South Atlantic,38.0,Reinhardt,,3.0,,,,35.0,41.0
401868297,2026,1,regular,2026-09-05T23:00:00.000Z,False,False,Alabama A&M,SWAC,38.0,Miles,SIAC,23.0,,,2.7377724239382424,15.0,61.0
401862695,2026,1,regular,2026-09-05T23:00:00.000Z,False,False,Memphis,American Athletic,42.0,Arkansas State,Sun Belt,24.0,1541.0,1378.0,5.053423669218713,18.0,66.0
401868085,2026,1,regular,2026-09-05T23:00:00.000Z,False,False,Eastern Washington,Big Sky,34.0,Northern Iowa,MVFC,24.0,,,6.21145694548692,10.0,58.0
401870763,2026,1,regular,2026-09-05T23:00:00.000Z,False,False,Troy,Sun Belt,24.0,Sam Houston,Conference USA,21.0,1422.0,1162.0,5.8888493281709735,3.0,45.0
401906589,2026,1,regular,2026-09-05T23:00:00.000Z,False,False,Missouri S&T,Great Lakes,7.0,Northeastern State,Independent DII,27.0,,,,-20.0,34.0
401908553,2026,1,regular,2026-09-05T23:00:00.000Z,False,False,Centenary (LA),Southern Collegiate Athletic,,Westgate Christian University,,,,,,,
401908111,2026,1,regular,2026-09-05T23:30:00.000Z,False,False,LaGrange,USA South,31.0,Point University,,7.0,,,,24.0,38.0
401856660,2026,1,regular,2026-09-05T23:30:00.000Z,False,False,LSU,SEC,51.0,Clemson,ACC,10.0,1616.0,1670.0,2.4978783376212546,41.0,61.0
401856662,2026,1,regular,2026-09-05T23:30:00.000Z,False,False,Mississippi State,SEC,62.0,UL Monroe,Sun Belt,13.0,1478.0,1177.0,2.163199868290036,49.0,75.0
401869129,2026,1,regular,2026-09-05T23:30:00.000Z,False,False,Louisiana Tech,Sun Belt,80.0,Northwestern State,Southland,6.0,1454.0,,2.285266420139923,74.0,86.0
401908008,2026,1,regular,2026-09-05T23:30:00.000Z,False,False,Wisconsin Platteville,Wisconsin,44.0,Aurora,NACC,7.0,,,,37.0,51.0
401858428,2026,1,regular,2026-09-05T23:30:00.000Z,False,False,Michigan,Big Ten,13.0,Western Michigan,Mid-American,12.0,1690.0,1530.0,5.085374646276987,1.0,25.0
401906929,2026,1,regular,2026-09-05T23:30:00.000Z,False,False,Quincy,Great Lakes,28.0,Roosevelt,GLIAC,41.0,,,,-13.0,69.0
401858211,2026,1,regular,2026-09-05T23:30:00.000Z,False,False,Virginia Tech,ACC,73.0,VMI,Southern,3.0,1421.0,,1.6187263304956838,70.0,76.0
401908231,2026,1,regular,2026-09-05T23:30:00.000Z,False,False,Hanover,Heartland,17.0,Centre,Southern Athletic,0.0,,,,17.0,17.0
401856637,2026,1,regular,2026-09-05T23:45:00.000Z,False,False,Florida,SEC,66.0,Florida Atlantic,American Athletic,21.0,1562.0,1285.0,2.9309560668065715,45.0,87.0
401869142,2026,1,regular,2026-09-06T00:00:00.000Z,False,False,Louisiana,Sun Belt,38.0,Lamar,Southland,7.0,1389.0,,2.254952524080834,31.0,45.0
401856775,2026,1,regular,2026-09-06T00:00:00.000Z,False,False,BYU,Big 12,63.0,Utah Tech,Big Sky,7.0,1666.0,,1.693029251257934,56.0,70.0
401858427,2026,1,regular,2026-09-06T00:00:00.000Z,False,False,Maryland,Big Ten,62.0,Hampton,Coastal Athletic,0.0,1424.0,,2.0262132883316366,62.0,62.0
401908454,2026,1,regular,2026-09-06T00:00:00.000Z,False,True,La Verne,So. Cal.,30.0,Azusa Pacific,So. Cal.,3.0,,,,27.0,33.0
401908433,2026,1,regular,2026-09-06T00:00:00.000Z,False,False,Trinity (TX),Southern Athletic,36.0,Texas Lutheran,Southern Collegiate Athletic,14.0,,,,22.0,50.0
401907357,2026,1,regular,2026-09-06T00:00:00.000Z,False,True,Pittsburg State,Mid America,10.0,Emporia State,Mid America,21.0,,,,-11.0,31.0
401907151,2026,1,regular,2026-09-06T00:00:00.000Z,False,False,Fort Lewis,Rocky Mountain,27.0,Phoenix,,9.0,,,,18.0,36.0
401908254,2026,1,regular,2026-09-06T00:00:00.000Z,False,False,Monmouth (IL),Midwest,21.0,Wartburg,American Rivers,36.0,,,,-15.0,57.0
401867845,2026,1,regular,2026-09-06T00:00:00.000Z,False,False,Western Illinois,OVC,10.0,Illinois State,MVFC,41.0,,,2.994748074708351,-31.0,51.0
401908241,2026,1,regular,2026-09-06T00:00:00.000Z,False,False,Loras,American Rivers,31.0,St. Olaf,Minnesota,16.0,,,,15.0,47.0
401907100,2026,1,regular,2026-09-06T00:00:00.000Z,False,False,Sul Ross State,Lone Star,53.0,Adams State,Rocky Mountain,26.0,,,,27.0,79.0
401908475,2026,1,regular,2026-09-06T00:00:00.000Z,False,False,Bridgewater State,MSCAC,63.0,Curry,Commonwealth Coast,35.0,,,,28.0,98.0
401858431,2026,1,regular,2026-09-06T00:00:00.000Z,False,False,Northwestern,Big Ten,34.0,South Dakota State,MVFC,18.0,1549.0,,4.929680461851733,16.0,52.0
401868306,2026,1,regular,2026-09-06T00:00:00.000Z,False,True,Stephen F. Austin,Southland,44.0,East Texas A&M,Southland,7.0,,,3.367309589681387,37.0,51.0
401907465,2026,1,regular,2026-09-06T00:00:00.000Z,False,False,Rhodes,Southern Athletic,0.0,Washington St. Louis,North Coast,73.0,,,,-73.0,73.0
401906168,2026,1,regular,2026-09-06T00:00:00.000Z,False,False,Winston-Salem State,CIAA,0.0,Mars Hill,South Atlantic,17.0,,,,-17.0,17.0
401868158,2026,1,regular,2026-09-06T00:00:00.000Z,False,True,Southern Utah,Big Sky,47.0,Weber State,Big Sky,42.0,,,7.959900198156093,5.0,89.0
401868074,2026,1,regular,2026-09-06T00:00:00.000Z,False,False,Cal Poly,Big Sky,24.0,Central Washington,Lone Star,17.0,,,3.7792885018818425,7.0,41.0
401907247,2026,1,regular,2026-09-06T00:00:00.000Z,False,False,Missouri Southern State,Mid America,21.0,Upper Iowa,Great Lakes,19.0,,,,2.0,40.0
401867883,2026,1,regular,2026-09-06T00:00:00.000Z,False,False,Northern Colorado,Big Sky,23.0,South Dakota,MVFC,38.0,,,4.610472944303193,-15.0,61.0
401908467,2026,1,regular,2026-09-06T00:00:00.000Z,False,False,Whittier,So. Cal.,14.0,Simpson (CA),,56.0,,,,-42.0,70.0
401868119,2026,1,regular,2026-09-06T00:30:00.000Z,False,False,Montana State,Big Sky,51.0,Butler,Pioneer,24.0,,,2.358195855641531,27.0,75.0
401870790,2026,1,regular,2026-09-06T01:00:00.000Z,False,False,New Mexico State,Conference USA,51.0,Mercyhurst,NEC,14.0,1259.0,,5.633043387226727,37.0,65.0
401856773,2026,1,regular,2026-09-06T01:30:00.000Z,False,False,Arizona,Big 12,35.0,Northern Arizona,Big Sky,7.0,1625.0,,2.0200470826040386,28.0,42.0
401860879,2026,1,regular,2026-09-06T01:30:00.000Z,False,False,San Diego State,Pac-12,53.0,Portland State,Big Sky,20.0,1518.0,,3.4302171098744187,33.0,73.0
401864497,2026,1,regular,2026-09-06T02:00:00.000Z,False,True,Hawai'i,Mountain West,6.0,UNLV,Mountain West,21.0,1449.0,1566.0,4.135331155799781,-15.0,27.0
401868163,2026,1,regular,2026-09-06T02:00:00.000Z,False,False,San Diego,Pioneer,17.0,UC Davis,Big Sky,49.0,,,5.066306648475025,-32.0,66.0
401864498,2026,1,regular,2026-09-06T02:00:00.000Z,False,False,New Mexico,Mountain West,38.0,Central Michigan,Mid-American,7.0,1496.0,1321.0,1.6516373272600842,31.0,45.0
401856774,2026,1,regular,2026-09-06T02:00:00.000Z,False,False,Arizona State,Big 12,70.0,Morgan State,MEAC,7.0,1572.0,,2.1291923925930254,63.0,77.0
401866411,2026,1,regular,2026-09-06T02:00:00.000Z,False,False,Sacramento State,Mid-American,52.0,Mississippi Valley State,SWAC,0.0,1476.0,,2.039980215956526,52.0,52.0
401908393,2026,1,regular,2026-09-06T02:05:00.000Z,False,False,George Fox,Northwest,27.0,Redlands,So. Cal.,0.0,,,,27.0,27.0
401858210,2026,1,regular,2026-09-06T02:30:00.000Z,False,False,California,ACC,24.0,UCLA,Big Ten,45.0,1406.0,1381.0,7.116397431805615,-21.0,69.0
401864432,2026,1,regular,2026-09-06T02:30:00.000Z,False,False,Nevada,Mountain West,49.0,Western Kentucky,Conference USA,14.0,1351.0,1438.0,2.6540355849259845,35.0,63.0
401917058,2026,1,regular,2026-09-06T15:00:00.000Z,False,False,Campbell,Coastal Athletic,28.0,Western Carolina,Southern,19.0,,,2.8918011431160604,9.0,47.0
401868967,2026,1,regular,2026-09-06T16:00:00.000Z,False,True,Prairie View A&M,SWAC,52.0,Texas Southern,SWAC,14.0,,,2.5790489076615093,38.0,66.0
401867939,2026,1,regular,2026-09-06T19:00:00.000Z,True,False,Florida A&M,SWAC,13.0,South Carolina State,MEAC,31.0,,,3.4357733840726516,-18.0,44.0
401906158,2026,1,regular,2026-09-06T20:00:00.000Z,True,False,Johnson C. Smith,CIAA,27.0,Albany State,SIAC,7.0,,,,20.0,34.0
401858437,2026,1,regular,2026-09-06T20:00:00.000Z,False,False,Washington,Big Ten,24.0,Washington State,Pac-12,10.0,1744.0,1619.0,3.4272122553332083,14.0,34.0
401858438,2026,1,regular,2026-09-06T23:30:00.000Z,True,False,Notre Dame,FBS Independents,41.0,Wisconsin,Big Ten,13.0,1995.0,1501.0,4.713404453161819,28.0,54.0
401856661,2026,1,regular,2026-09-06T23:30:00.000Z,True,False,Ole Miss,SEC,41.0,Louisville,ACC,38.0,1839.0,1666.0,7.825231475951447,3.0,79.0
401858212,2026,1,regular,2026-09-07T23:30:00.000Z,False,True,Florida State,ACC,24.0,SMU,ACC,27.0,1551.0,1734.0,6.434540721332048,-3.0,51.0
401907622,2026,2,regular,2026-09-10T23:00:00.000Z,False,False,West Virginia Wesleyan,Mountain East,14.0,Shippensburg,Pennsylvania State Athletic,24.0,,,,-10.0,38.0
401906516,2026,2,regular,2026-09-10T23:00:00.000Z,False,True,Northwestern (OK),Great American,29.0,Arkansas Tech,Great American,34.0,,,,-5.0,63.0
401909126,2026,2,regular,2026-09-10T23:00:00.000Z,False,True,Denison,North Coast,50.0,Oberlin,North Coast,0.0,,,,50.0,50.0
401906527,2026,2,regular,2026-09-11T00:00:00.000Z,False,True,East Central,Great American,42.0,Arkansas Monticello,Great American,37.0,,,,5.0,79.0
401858213,2026,2,regular,2026-09-11T00:00:00.000Z,False,False,Miami,ACC,77.0,Florida A&M,SWAC,7.0,1930.0,,1.8345705305786555,70.0,84.0
401906546,2026,2,regular,2026-09-11T00:00:00.000Z,False,True,Southwestern Oklahoma State,Great American,14.0,Harding,Great American,37.0,,,,-23.0,51.0
401906200,2026,2,regular,2026-09-11T23:00:00.000Z,False,False,North Greenville,Carolinas,42.0,Charleston (WV),Mountain East,31.0,,,,11.0,73.0
401908202,2026,2,regular,2026-09-11T23:00:00.000Z,False,True,King's,Mid Atlantic,21.0,Stevenson,Mid Atlantic,26.0,,,,-5.0,47.0
401908691,2026,2,regular,2026-09-11T23:00:00.000Z,False,False,St. Lawrence,Liberty League,10.0,St. John Fisher,Empire 8,30.0,,,,-20.0,40.0
401858215,2026,2,regular,2026-09-11T23:00:00.000Z,False,False,Louisville,ACC,59.0,Villanova,Patriot,13.0,1668.0,,2.4404798318841623,46.0,72.0
401858220,2026,2,regular,2026-09-11T23:00:00.000Z,False,False,Virginia,ACC,59.0,Norfolk State,MEAC,3.0,1652.0,,2.138828100677014,56.0,62.0
401858222,2026,2,regular,2026-09-11T23:00:00.000Z,False,False,NC State,ACC,73.0,Richmond,Patriot,0.0,1509.0,,1.9801876241116372,73.0,73.0
401858214,2026,2,regular,2026-09-11T23:30:00.000Z,False,False,Boston College,ACC,28.0,Rutgers,Big Ten,21.0,1370.0,1381.0,3.8629434228559565,7.0,49.0
401856678,2026,2,regular,2026-09-12T00:00:00.000Z,False,False,Kansas,Big 12,21.0,Missouri,SEC,38.0,1510.0,1666.0,6.683010293890897,-17.0,59.0
401906159,2026,2,regular,2026-09-12T15:00:00.000Z,False,True,Winston-Salem State,CIAA,6.0,Johnson C. Smith,CIAA,31.0,,,,-25.0,37.0
401906153,2026,2,regular,2026-09-12T15:00:00.000Z,False,False,Fayetteville State,CIAA,9.0,Valdosta State,Gulf South,38.0,,,,-29.0,47.0
401906167,2026,2,regular,2026-09-12T15:00:00.000Z,False,False,Shaw,CIAA,34.0,Ferrum,Carolinas,28.0,,,,6.0,62.0
401867929,2026,2,regular,2026-09-12T16:00:00.000Z,False,False,James Madison,Sun Belt,87.0,Wagner,NEC,3.0,1776.0,,2.521116012299708,84.0,90.0
401908703,2026,2,regular,2026-09-12T16:00:00.000Z,False,False,Bridgewater,Old Dominion,14.0,Susquehanna,Landmark Conference,41.0,,,,-27.0,55.0
401906845,2026,2,regular,2026-09-12T16:00:00.000Z,False,False,Hillsdale,Great Midwest Athletic,49.0,Wayne State (MI),GLIAC,0.0,,,,49.0,49.0
401908531,2026,2,regular,2026-09-12T16:00:00.000Z,False,False,WPI,NEWMAC,22.0,New England,Commonwealth Coast,21.0,,,,1.0,43.0
401908092,2026,2,regular,2026-09-12T16:00:00.000Z,False,False,Rensselaer,Liberty League,14.0,Utica,Empire 8,38.0,,,,-24.0,52.0
401856782,2026,2,regular,2026-09-12T16:00:00.000Z,False,False,Oklahoma State,Big 12,39.0,Oregon,Big Ten,31.0,1212.0,1873.0,5.848195968458265,8.0,70.0
401908019,2026,2,regular,2026-09-12T16:00:00.000Z,False,False,Alma,Michigan,21.0,Wisconsin Oshkosh,Wisconsin,23.0,,,,-2.0,44.0
401907517,2026,2,regular,2026-09-12T16:00:00.000Z,False,True,Millersville,Pennsylvania State Athletic,17.0,California (PA),Pennsylvania State Athletic,40.0,,,,-23.0,57.0
401858442,2026,2,regular,2026-09-12T16:00:00.000Z,False,False,Temple,American Athletic,9.0,Penn State,Big Ten,27.0,1312.0,1891.0,3.5985873235133377,-18.0,36.0
401858439,2026,2,regular,2026-09-12T16:00:00.000Z,False,False,Indiana,Big Ten,55.0,Howard,MEAC,0.0,2132.0,,1.6708804528668852,55.0,55.0
401866416,2026,2,regular,2026-09-12T16:00:00.000Z,False,False,Kent State,Mid-American,36.0,Wofford,Southern,15.0,1035.0,,4.618649026122627,21.0,51.0
401908787,2026,2,regular,2026-09-12T16:00:00.000Z,False,False,Hampden Sydney,Old Dominion,31.0,Monmouth (IL),Midwest,19.0,,,,12.0,50.0
401907014,2026,2,regular,2026-09-12T16:00:00.000Z,False,False,Davenport,GLIAC,19.0,Indianapolis,Great Lakes,12.0,,,,7.0,31.0
401907527,2026,2,regular,2026-09-12T16:00:00.000Z,False,True,Kutztown,Pennsylvania State Athletic,45.0,Clarion,Pennsylvania State Athletic,14.0,,,,31.0,59.0
401907485,2026,2,regular,2026-09-12T16:00:00.000Z,False,False,Frostburg State,Mountain East,24.0,Assumption,Northeast 10,19.0,,,,5.0,43.0
401856781,2026,2,regular,2026-09-12T16:00:00.000Z,False,False,Kansas State,Big 12,34.0,Washington State,Pac-12,7.0,1616.0,1601.0,2.7120452347612307,27.0,41.0
401908538,2026,2,regular,2026-09-12T16:00:00.000Z,False,False,Merchant Marine,NEWMAC,63.0,Nichols,Commonwealth Coast,14.0,,,,49.0,77.0
401908558,2026,2,regular,2026-09-12T16:00:00.000Z,False,False,MIT,NEWMAC,70.0,New England College,,0.0,,,,70.0,70.0
401908476,2026,2,regular,2026-09-12T16:00:00.000Z,False,False,Curry,Commonwealth Coast,41.0,Coast Guard,NEWMAC,35.0,,,,6.0,76.0
401908368,2026,2,regular,2026-09-12T16:00:00.000Z,False,False,Waynesburg,Presidents',10.0,Ursinus,Centennial,46.0,,,,-36.0,56.0
401907880,2026,2,regular,2026-09-12T16:00:00.000Z,False,False,Union,Liberty League,0.0,SUNY Cortland,Empire 8,26.0,,,,-26.0,26.0
401908354,2026,2,regular,2026-09-12T16:00:00.000Z,False,False,Randolph Macon,Old Dominion,28.0,Johns Hopkins,Centennial,21.0,,,,7.0,49.0
401908569,2026,2,regular,2026-09-12T16:00:00.000Z,False,True,Fitchburg State,MSCAC,22.0,UMass Dartmouth,MSCAC,56.0,,,,-34.0,78.0
401856679,2026,2,regular,2026-09-12T16:00:00.000Z,False,False,Michigan,Big Ten,17.0,Oklahoma,SEC,10.0,1686.0,1799.0,4.412815749915213,7.0,27.0
401906861,2026,2,regular,2026-09-12T16:00:00.000Z,False,False,Findlay,Great Midwest Athletic,37.0,Fairmont State,Mountain East,17.0,,,,20.0,54.0
401907746,2026,2,regular,2026-09-12T16:00:00.000Z,False,False,Rochester (NY),Liberty League,21.0,SUNY Morrisville,Empire 8,10.0,,,,11.0,31.0
401870822,2026,2,regular,2026-09-12T16:00:00.000Z,False,False,Davidson,Pioneer,28.0,Dickinson,Centennial,14.0,,,3.90698153145964,14.0,42.0
401908163,2026,2,regular,2026-09-12T16:00:00.000Z,False,True,FDU Florham,Mid Atlantic,17.0,Albright,Mid Atlantic,30.0,,,,-13.0,47.0
401908365,2026,2,regular,2026-09-12T16:00:00.000Z,False,False,Muhlenberg,Centennial,21.0,Endicott,Commonwealth Coast,49.0,,,,-28.0,70.0
401908925,2026,2,regular,2026-09-12T16:00:00.000Z,False,False,Norwich,NEWMAC,17.0,Vermont State Castleton,New Jersey,10.0,,,,7.0,27.0
401907656,2026,2,regular,2026-09-12T16:00:00.000Z,False,False,Catholic,Landmark Conference,35.0,Carnegie Mellon,Presidents',38.0,,,,-3.0,73.0
401858224,2026,2,regular,2026-09-12T16:00:00.000Z,False,False,Purdue,Big Ten,36.0,Wake Forest,ACC,38.0,1318.0,1516.0,10.15891091707647,-2.0,74.0
401862702,2026,2,regular,2026-09-12T16:00:00.000Z,False,True,Army,American Athletic,24.0,South Florida,American Athletic,28.0,1527.0,1679.0,5.644033764124048,-4.0,52.0
401864571,2026,2,regular,2026-09-12T16:00:00.000Z,False,False,East Carolina,American Athletic,24.0,App State,Sun Belt,27.0,1477.0,1310.0,5.840694871750819,-3.0,51.0
401908699,2026,2,regular,2026-09-12T16:00:00.000Z,False,False,Moravian,Landmark Conference,0.0,Rowan,New Jersey,34.0,,,,-34.0,34.0
401908586,2026,2,regular,2026-09-12T16:00:00.000Z,False,True,Mass Maritime,MSCAC,70.0,Dean,MSCAC,0.0,,,,70.0,70.0
401908579,2026,2,regular,2026-09-12T16:00:00.000Z,False,True,Westfield State,MSCAC,28.0,Bridgewater State,MSCAC,34.0,,,,-6.0,62.0
401908577,2026,2,regular,2026-09-12T16:00:00.000Z,False,False,Husson,Commonwealth Coast,0.0,Springfield,NEWMAC,48.0,,,,-48.0,48.0
401907553,2026,2,regular,2026-09-12T16:00:00.000Z,False,True,Shepherd,Pennsylvania State Athletic,45.0,Gannon,Pennsylvania State Athletic,28.0,,,,17.0,73.0
401866633,2026,2,regular,2026-09-12T16:00:00.000Z,False,False,North Carolina Central,MEAC,30.0,North Carolina A&T,Coastal Athletic,22.0,,,3.446554315307343,8.0,52.0
401906676,2026,2,regular,2026-09-12T16:00:00.000Z,False,False,Northwood,Great Midwest Athletic,35.0,Saginaw Valley State,GLIAC,28.0,,,,7.0,63.0
401907559,2026,2,regular,2026-09-12T16:00:00.000Z,False,False,Pace,Northeast 10,59.0,Monroe,,3.0,,,,56.0,62.0
401907851,2026,2,regular,2026-09-12T16:00:00.000Z,False,False,Albion,Michigan,3.0,Wheaton (IL),CCIW,45.0,,,,-42.0,48.0
401856683,2026,2,regular,2026-09-12T16:00:00.000Z,False,False,Texas A&M,SEC,48.0,Arizona State,Big 12,20.0,1849.0,1572.0,4.058681717255771,28.0,68.0
401858218,2026,2,regular,2026-09-12T16:00:00.000Z,False,False,North Carolina,ACC,35.0,East Tennessee State,Southern,3.0,1395.0,,1.8097981493180526,32.0,38.0
401868187,2026,2,regular,2026-09-12T16:00:00.000Z,False,False,Liberty,Conference USA,24.0,Gardner-Webb,OVC,23.0,1697.0,,5.981791198506766,1.0,47.0
401868227,2026,2,regular,2026-09-12T16:00:00.000Z,False,False,Dayton,Pioneer,30.0,Thomas More,Great Midwest Athletic,7.0,,,3.8175301394213523,23.0,37.0
401866628,2026,2,regular,2026-09-12T16:00:00.000Z,False,True,Rhode Island,Coastal Athletic,31.0,Elon,Coastal Athletic,10.0,,,4.386349927723735,21.0,41.0
401866632,2026,2,regular,2026-09-12T16:00:00.000Z,False,False,Long Island University,NEC,13.0,UAlbany,Coastal Athletic,35.0,,,3.264021959334866,-22.0,48.0
401907967,2026,2,regular,2026-09-12T16:00:00.000Z,False,False,Hartwick,Empire 8,47.0,Buffalo State,Liberty League,13.0,,,,34.0,60.0
401908207,2026,2,regular,2026-09-12T16:00:00.000Z,False,False,Anderson (IN),Heartland,49.0,Gallaudet,Southern Collegiate Athletic,28.0,,,,21.0,77.0
401858221,2026,2,regular,2026-09-12T16:00:00.000Z,False,False,Virginia Tech,ACC,44.0,Old Dominion,Sun Belt,21.0,1421.0,1336.0,2.5798047775213986,23.0,65.0
401868028,2026,2,regular,2026-09-12T16:30:00.000Z,False,False,Lafayette,Patriot,13.0,Marist,Pioneer,9.0,,,4.970688691881184,4.0,22.0
401856673,2026,2,regular,2026-09-12T16:45:00.000Z,False,False,Georgia,SEC,70.0,Western Kentucky,Conference USA,20.0,1871.0,1327.0,2.0673143380751107,50.0,90.0
401908182,2026,2,regular,2026-09-12T17:00:00.000Z,False,True,Lebanon Valley,Mid Atlantic,17.0,Delaware Valley,Mid Atlantic,18.0,,,,-1.0,35.0
401907848,2026,2,regular,2026-09-12T17:00:00.000Z,False,False,Olivet,Michigan,43.0,North Park,CCIW,41.0,,,,2.0,84.0
401906950,2026,2,regular,2026-09-12T17:00:00.000Z,False,True,Morehouse,SIAC,21.0,Central State,SIAC,49.0,,,,-28.0,70.0
401907704,2026,2,regular,2026-09-12T17:00:00.000Z,False,True,Concordia St. Paul,Northern Sun,10.0,University of Mary,Northern Sun,13.0,,,,-3.0,23.0
401866415,2026,2,regular,2026-09-12T17:00:00.000Z,False,False,Central Michigan,Mid-American,13.0,Colgate,Patriot,10.0,1253.0,,4.595530284820957,3.0,23.0
401907404,2026,2,regular,2026-09-12T17:00:00.000Z,False,True,Mars Hill,South Atlantic,22.0,Catawba,South Atlantic,16.0,,,,6.0,38.0
401906611,2026,2,regular,2026-09-12T17:00:00.000Z,False,False,Washington & Jefferson,Presidents',42.0,Keystone,Independent DIII,0.0,,,,42.0,42.0
401908651,2026,2,regular,2026-09-12T17:00:00.000Z,False,False,Thiel,Presidents',7.0,Adrian,Michigan,48.0,,,,-41.0,55.0
401906590,2026,2,regular,2026-09-12T17:00:00.000Z,False,False,Truman State,Great Lakes,24.0,Northeastern State,Independent DII,31.0,,,,-7.0,55.0
401907872,2026,2,regular,2026-09-12T17:00:00.000Z,False,False,Hobart,Liberty League,27.0,Brockport,Empire 8,14.0,,,,13.0,41.0
401908172,2026,2,regular,2026-09-12T17:00:00.000Z,False,True,Widener,Mid Atlantic,14.0,Alvernia,Mid Atlantic,10.0,,,,4.0,24.0
401866417,2026,2,regular,2026-09-12T17:00:00.000Z,False,False,Miami (OH),Mid-American,45.0,Holy Cross,Patriot,7.0,1252.0,,1.6097025491435413,38.0,52.0
401908676,2026,2,regular,2026-09-12T17:00:00.000Z,False,True,Ohio Wesleyan,North Coast,7.0,John Carroll,Ohio,44.0,,,,-37.0,51.0
401908610,2026,2,regular,2026-09-12T17:00:00.000Z,False,False,Western Connecticut State,Landmark Conference,7.0,Christopher Newport,New Jersey,37.0,,,,-30.0,44.0
401908518,2026,2,regular,2026-09-12T17:00:00.000Z,False,False,Western New England,Commonwealth Coast,21.0,Salve Regina,NEWMAC,24.0,,,,-3.0,45.0
401908077,2026,2,regular,2026-09-12T17:00:00.000Z,False,False,North Carolina Wesleyan,USA South,42.0,Apprentice School,Independent DIII,0.0,,,,42.0,42.0
401907413,2026,2,regular,2026-09-12T17:00:00.000Z,False,True,Carson Newman,South Atlantic,24.0,Wingate,South Atlantic,23.0,,,,1.0,47.0
401908645,2026,2,regular,2026-09-12T17:00:00.000Z,False,False,Lycoming,Landmark Conference,28.0,Montclair State,New Jersey,30.0,,,,-2.0,58.0
401908102,2026,2,regular,2026-09-12T17:00:00.000Z,False,False,Maryville (TN),USA South,26.0,Hanover,Heartland,43.0,,,,-17.0,69.0
401867685,2026,2,regular,2026-09-12T17:00:00.000Z,False,False,Chicago State,FCS Independents,78.0,Kentucky Christian,,7.0,,,2.27131574496071,71.0,85.0
401906194,2026,2,regular,2026-09-12T17:00:00.000Z,False,True,Shorter,Carolinas,24.0,UNC Pembroke,Carolinas,31.0,,,,-7.0,55.0
401908739,2026,2,regular,2026-09-12T17:00:00.000Z,False,False,Calvin,Michigan,49.0,St. Norbert,NACC,7.0,,,,42.0,56.0
401907421,2026,2,regular,2026-09-12T17:00:00.000Z,False,True,Emory & Henry,South Atlantic,26.0,Tusculum,South Atlantic,28.0,,,,-2.0,54.0
401908638,2026,2,regular,2026-09-12T17:00:00.000Z,False,False,Allegheny,Presidents',27.0,Juniata,Landmark Conference,0.0,,,,27.0,27.0
401906147,2026,2,regular,2026-09-12T17:00:00.000Z,False,False,Chowan,Carolinas,19.0,Virginia Union,CIAA,34.0,,,,-15.0,53.0
401907978,2026,2,regular,2026-09-12T17:00:00.000Z,False,False,Hope,Michigan,38.0,Wisconsin Stevens Point,Wisconsin,10.0,,,,28.0,48.0
401906598,2026,2,regular,2026-09-12T17:00:00.000Z,False,False,West Alabama,Gulf South,24.0,Pittsburg State,Mid America,23.0,,,,1.0,47.0
401908712,2026,2,regular,2026-09-12T17:00:00.000Z,False,False,Wilkes,Landmark Conference,28.0,The College of New Jersey,New Jersey,8.0,,,,20.0,36.0
401908966,2026,2,regular,2026-09-12T17:00:00.000Z,False,True,Wabash,North Coast,31.0,Wittenberg,North Coast,0.0,,,,31.0,31.0
401908377,2026,2,regular,2026-09-12T17:00:00.000Z,False,False,Brevard,USA South,39.0,Sewanee,Southern Athletic,14.0,,,,25.0,53.0
401908360,2026,2,regular,2026-09-12T17:00:00.000Z,False,False,Salisbury,New Jersey,31.0,McDaniel,Centennial,0.0,,,,31.0,31.0
401908190,2026,2,regular,2026-09-12T17:00:00.000Z,False,True,Eastern,Mid Atlantic,27.0,Misericordia,Mid Atlantic,21.0,,,,6.0,48.0
401873404,2026,2,regular,2026-09-12T17:00:00.000Z,False,False,Kean,New Jersey,51.0,SUNY Maritime,NEWMAC,17.0,,,,34.0,68.0
401908339,2026,2,regular,2026-09-12T17:00:00.000Z,False,False,Westminster (PA),Presidents',8.0,Franklin & Marshall,Centennial,45.0,,,,-37.0,53.0
401907578,2026,2,regular,2026-09-12T17:00:00.000Z,False,False,Post,Northeast 10,14.0,West Liberty,Mountain East,35.0,,,,-21.0,49.0
401908273,2026,2,regular,2026-09-12T17:00:00.000Z,False,False,Kalamazoo,Michigan,7.0,Rose Hulman,Heartland,27.0,,,,-20.0,34.0
401908258,2026,2,regular,2026-09-12T17:00:00.000Z,False,False,Hiram,Presidents',20.0,Manchester,Heartland,11.0,,,,9.0,31.0
401907625,2026,2,regular,2026-09-12T17:00:00.000Z,False,True,Lackawanna,,10.0,Seton Hill,Pennsylvania State Athletic,20.0,,,,-10.0,30.0
401873229,2026,2,regular,2026-09-12T17:00:00.000Z,False,False,Puget Sound,Northwest,,Lewis-Clark Valley College,,,,,,,
401856791,2026,2,regular,2026-09-12T17:00:00.000Z,False,False,West Virginia,Big 12,52.0,UT Martin,OVC,7.0,1365.0,,2.208256557952954,45.0,59.0
401907759,2026,2,regular,2026-09-12T17:00:00.000Z,False,False,Lawrence,Midwest,14.0,Buena Vista,American Rivers,26.0,,,,-12.0,40.0
401909137,2026,2,regular,2026-09-12T17:00:00.000Z,False,True,Kenyon,North Coast,19.0,Wooster,North Coast,26.0,,,,-7.0,45.0
401908663,2026,2,regular,2026-09-12T17:30:00.000Z,False,True,Capital,Ohio,44.0,Wilmington (OH),Ohio,19.0,,,,25.0,63.0
401908492,2026,2,regular,2026-09-12T17:30:00.000Z,False,False,Baldwin Wallace,Ohio,84.0,Bethany (WV),Presidents',26.0,,,,58.0,110.0
401867990,2026,2,regular,2026-09-12T17:30:00.000Z,False,False,VMI,Southern,3.0,Bucknell,Patriot,14.0,,,4.3881841382720745,-11.0,17.0
401908836,2026,2,regular,2026-09-12T17:30:00.000Z,False,False,Mount Union,Ohio,21.0,Grove City,Presidents',17.0,,,,4.0,38.0
401867895,2026,2,regular,2026-09-12T18:00:00.000Z,False,False,Youngstown State,MVFC,70.0,Duquesne,NEC,13.0,,,2.4135368745648575,57.0,83.0
401907494,2026,2,regular,2026-09-12T18:00:00.000Z,False,True,Bloomsburg,Pennsylvania State Athletic,6.0,Edinboro,Pennsylvania State Athletic,9.0,,,,-3.0,15.0
401907678,2026,2,regular,2026-09-12T18:00:00.000Z,False,True,Sioux Falls,Northern Sun,29.0,Minnesota St Moorhead,Northern Sun,28.0,,,,1.0,57.0
401907685,2026,2,regular,2026-09-12T18:00:00.000Z,False,True,Augustana (SD),Northern Sun,38.0,Minot State,Northern Sun,33.0,,,,5.0,71.0
401907692,2026,2,regular,2026-09-12T18:00:00.000Z,False,True,Winona State,Northern Sun,28.0,Jamestown,Northern Sun,0.0,,,,28.0,28.0
401867884,2026,2,regular,2026-09-12T18:00:00.000Z,False,False,South Dakota,MVFC,41.0,Eastern Washington,Big Sky,23.0,,,2.6128728648951896,18.0,64.0
401907466,2026,2,regular,2026-09-12T18:00:00.000Z,False,True,Washington St. Louis,North Coast,37.0,DePauw,North Coast,27.0,,,,10.0,64.0
401908782,2026,2,regular,2026-09-12T18:00:00.000Z,False,True,Knox,Midwest,12.0,Lake Forest,Midwest,68.0,,,,-56.0,80.0
401908772,2026,2,regular,2026-09-12T18:00:00.000Z,False,False,Concordia Chicago,NACC,42.0,Grinnell,Midwest,7.0,,,,35.0,49.0
401908401,2026,2,regular,2026-09-12T18:00:00.000Z,False,False,Austin,Southern Collegiate Athletic,23.0,Rhodes,Southern Athletic,17.0,,,,6.0,40.0
401907844,2026,2,regular,2026-09-12T18:00:00.000Z,False,False,Wartburg,American Rivers,20.0,North Central College,CCIW,26.0,,,,-6.0,46.0
401907839,2026,2,regular,2026-09-12T18:00:00.000Z,False,False,Millikin,CCIW,37.0,Luther,Midwest,14.0,,,,23.0,51.0
401908515,2026,2,regular,2026-09-12T18:00:00.000Z,False,False,Mayville State,,37.0,Minnesota Morris,Upper Midwest,13.0,,,,24.0,50.0
401908500,2026,2,regular,2026-09-12T18:00:00.000Z,False,False,Greenville,Upper Midwest,20.0,Lakeland,NACC,41.0,,,,-21.0,61.0
401907833,2026,2,regular,2026-09-12T18:00:00.000Z,False,False,Illinois Wesleyan,CCIW,45.0,Trine,Michigan,35.0,,,,10.0,80.0
401906995,2026,2,regular,2026-09-12T18:00:00.000Z,False,False,Emporia State,Mid America,34.0,Michigan Tech,GLIAC,20.0,,,,14.0,54.0
401866413,2026,2,regular,2026-09-12T18:00:00.000Z,False,False,Ball State,Mid-American,41.0,Stony Brook,Coastal Athletic,17.0,1076.0,,2.9274254084526574,24.0,58.0
401907996,2026,2,regular,2026-09-12T18:00:00.000Z,False,False,Coe,American Rivers,6.0,Wisconsin River Falls,Wisconsin,38.0,,,,-32.0,44.0
401908268,2026,2,regular,2026-09-12T18:00:00.000Z,False,False,Aurora,NACC,21.0,Mount St Joseph,Heartland,49.0,,,,-28.0,70.0
401908305,2026,2,regular,2026-09-12T18:00:00.000Z,False,False,Roanoke College,,28.0,Greensboro,USA South,14.0,,,,14.0,42.0
401907274,2026,2,regular,2026-09-12T18:00:00.000Z,False,True,UVA Wise,South Atlantic,21.0,Anderson (SC),South Atlantic,39.0,,,,-18.0,60.0
401907790,2026,2,regular,2026-09-12T18:00:00.000Z,False,False,Carroll (WI),CCIW,17.0,Wisconsin Eau Claire,Wisconsin,34.0,,,,-17.0,51.0
401908009,2026,2,regular,2026-09-12T18:00:00.000Z,False,False,Wisconsin Platteville,Wisconsin,59.0,Dubuque,American Rivers,0.0,,,,59.0,59.0
401908040,2026,2,regular,2026-09-12T18:00:00.000Z,False,False,Wisconsin La Crosse,Wisconsin,20.0,Hardin Simmons,American Southwest,28.0,,,,-8.0,48.0
401868033,2026,2,regular,2026-09-12T18:00:00.000Z,False,True,Lehigh,Patriot,44.0,William & Mary,Patriot,20.0,,,2.129415929238217,24.0,64.0
401868255,2026,2,regular,2026-09-12T18:00:00.000Z,False,False,Northern Iowa,MVFC,56.0,Drake,Pioneer,14.0,,,2.5096456643598484,42.0,70.0
401906169,2026,2,regular,2026-09-12T18:00:00.000Z,False,False,Barton,Carolinas,36.0,BLUEFIELD,,21.0,,,,15.0,57.0
401907887,2026,2,regular,2026-09-12T18:00:00.000Z,False,False,Wisconsin Whitewater,Wisconsin,49.0,Saint Xavier,,14.0,,,,35.0,63.0
401873394,2026,2,regular,2026-09-12T18:00:00.000Z,False,False,Rockford,NACC,14.0,Elmhurst,CCIW,28.0,,,,-14.0,42.0
401907728,2026,2,regular,2026-09-12T18:00:00.000Z,False,True,Wayne State (NE),Northern Sun,13.0,Minnesota Duluth,Northern Sun,20.0,,,,-7.0,33.0
401907780,2026,2,regular,2026-09-12T18:00:00.000Z,False,False,Wisconsin Stout,Wisconsin,37.0,Augustana (IL),CCIW,34.0,,,,3.0,71.0
401908299,2026,2,regular,2026-09-12T18:00:00.000Z,False,False,Hendrix,Southern Athletic,20.0,Huntingdon,USA South,26.0,,,,-6.0,46.0
401868280,2026,2,regular,2026-09-12T18:00:00.000Z,False,False,St. Thomas (MN),Pioneer,56.0,Northern Michigan,GLIAC,14.0,,,2.534964628275039,42.0,70.0
401906930,2026,2,regular,2026-09-12T18:00:00.000Z,False,False,Southwest Baptist,Great Lakes,56.0,Roosevelt,GLIAC,59.0,,,,-3.0,115.0
401908724,2026,2,regular,2026-09-12T18:00:00.000Z,False,True,Cornell (IA),Midwest,10.0,Beloit,Midwest,0.0,,,,10.0,10.0
401908790,2026,2,regular,2026-09-12T18:00:00.000Z,False,True,Marietta,Ohio,13.0,Ohio Northern,Ohio,20.0,,,,-7.0,33.0
401907385,2026,2,regular,2026-09-12T18:30:00.000Z,False,True,Northwest Missouri State,Mid America,31.0,Washburn,Mid America,24.0,,,,7.0,55.0
401908603,2026,2,regular,2026-09-12T18:30:00.000Z,False,True,Worcester State,MSCAC,28.0,Plymouth State,MSCAC,6.0,,,,22.0,34.0
401907131,2026,2,regular,2026-09-12T19:00:00.000Z,False,True,South Dakota Mines,Rocky Mountain,24.0,Colorado Mesa,Rocky Mountain,30.0,,,,-6.0,54.0
401908509,2026,2,regular,2026-09-12T19:00:00.000Z,False,False,Concordia (WI),NACC,48.0,Martin Luther,Upper Midwest,13.0,,,,35.0,61.0
401907101,2026,2,regular,2026-09-12T19:00:00.000Z,False,True,Black Hills State,Rocky Mountain,44.0,Adams State,Rocky Mountain,8.0,,,,36.0,52.0
401906957,2026,2,regular,2026-09-12T19:00:00.000Z,False,True,Miles,SIAC,20.0,Edward Waters,SIAC,36.0,,,,-16.0,56.0
401908319,2026,2,regular,2026-09-12T19:00:00.000Z,False,False,Pacific Lutheran,Northwest,6.0,Mary Hardin Baylor,American Southwest,29.0,,,,-23.0,35.0
401867953,2026,2,regular,2026-09-12T19:00:00.000Z,False,False,Delaware State,MEAC,21.0,Bowie State,CIAA,6.0,,,3.215526497909931,15.0,27.0
401868112,2026,2,regular,2026-09-12T19:00:00.000Z,False,True,Montana,Big Sky,35.0,Utah Tech,Big Sky,14.0,,,2.4615493753141853,21.0,49.0
401858216,2026,2,regular,2026-09-12T19:30:00.000Z,False,True,Syracuse,ACC,18.0,California,ACC,21.0,1288.0,1349.0,6.3187843827573635,-3.0,39.0
401856790,2026,2,regular,2026-09-12T19:30:00.000Z,False,False,Pittsburgh,ACC,12.0,UCF,Big 12,7.0,1681.0,1465.0,5.379665826795133,5.0,19.0
401856785,2026,2,regular,2026-09-12T19:30:00.000Z,False,False,Colorado,Big 12,52.0,Weber State,Big Sky,21.0,1404.0,,3.107023447998443,31.0,73.0
401860884,2026,2,regular,2026-09-12T19:30:00.000Z,False,False,Texas State,Pac-12,26.0,UTSA,American Athletic,31.0,1441.0,1522.0,6.508105036584822,-5.0,57.0
401858217,2026,2,regular,2026-09-12T19:30:00.000Z,False,False,Illinois,Big Ten,27.0,Duke,ACC,31.0,1595.0,1607.0,5.659197811170286,-4.0,58.0
401866419,2026,2,regular,2026-09-12T19:30:00.000Z,False,False,Toledo,Mid-American,63.0,Central Connecticut,NEC,10.0,1576.0,,3.2197421570118423,53.0,73.0
401856677,2026,2,regular,2026-09-12T19:30:00.000Z,False,False,Minnesota,Big Ten,13.0,Mississippi State,SEC,38.0,1510.0,1584.0,3.6851358285722577,-25.0,51.0
401856810,2026,2,regular,2026-09-12T19:30:00.000Z,False,True,BYU,Big 12,28.0,Arizona,Big 12,17.0,1666.0,1625.0,5.22890503880269,11.0,45.0
401866412,2026,2,regular,2026-09-12T19:30:00.000Z,False,False,Akron,Mid-American,45.0,Robert Morris,NEC,10.0,905.0,,2.9058535163628694,35.0,55.0
401858446,2026,2,regular,2026-09-12T19:30:00.000Z,False,False,Washington,Big Ten,16.0,Utah State,Pac-12,14.0,1762.0,1376.0,7.0473552315932055,2.0,30.0
401858444,2026,2,regular,2026-09-12T19:30:00.000Z,False,False,UConn,FBS Independents,14.0,Maryland,Big Ten,38.0,1484.0,1424.0,4.122592171700131,-24.0,52.0
401858440,2026,2,regular,2026-09-12T19:30:00.000Z,False,False,Michigan State,Big Ten,35.0,Eastern Michigan,Mid-American,7.0,1468.0,1353.0,2.694647689046348,28.0,42.0
401866420,2026,2,regular,2026-09-12T19:30:00.000Z,False,False,Massachusetts,Mid-American,37.0,Sacred Heart,Coastal Athletic,10.0,1049.0,,2.0110112525244674,27.0,47.0
401856674,2026,2,regular,2026-09-12T19:30:00.000Z,False,True,Kentucky,SEC,17.0,Alabama,SEC,45.0,1476.0,1823.0,4.735355751393114,-28.0,62.0
401859184,2026,2,regular,2026-09-12T19:30:00.000Z,False,False,Notre Dame,FBS Independents,52.0,Rice,American Athletic,0.0,2021.0,1196.0,1.9717400884243172,52.0,52.0
401862708,2026,2,regular,2026-09-12T19:30:00.000Z,False,False,UAB,American Athletic,26.0,UL Monroe,Sun Belt,20.0,1411.0,1071.0,5.855949041456546,6.0,46.0
401862705,2026,2,regular,2026-09-12T19:45:00.000Z,False,False,North Texas,American Athletic,44.0,UNLV,Mountain West,6.0,1590.0,1589.0,2.4064488437525,38.0,50.0
401858223,2026,2,regular,2026-09-12T20:00:00.000Z,False,False,SMU,ACC,56.0,UC Davis,Big Sky,10.0,1734.0,,1.917390208205421,46.0,66.0
401868326,2026,2,regular,2026-09-12T20:00:00.000Z,False,False,Troy,Sun Belt,34.0,Alabama State,SWAC,17.0,1416.0,,3.5127105558260845,17.0,51.0
401868285,2026,2,regular,2026-09-12T20:00:00.000Z,False,False,Bethune-Cookman,SWAC,43.0,Stetson,Pioneer,18.0,,,3.3454533140890415,25.0,61.0
401907504,2026,2,regular,2026-09-12T20:00:00.000Z,False,True,Saint Anselm,Northeast 10,14.0,Bentley,Northeast 10,48.0,,,,-34.0,62.0
401907139,2026,2,regular,2026-09-12T20:00:00.000Z,False,True,CSU Pueblo,Rocky Mountain,45.0,Colorado School of Mines,Rocky Mountain,17.0,,,,28.0,62.0
401906683,2026,2,regular,2026-09-12T20:00:00.000Z,False,False,Wheeling,Mountain East,7.0,Lake Erie,Great Midwest Athletic,23.0,,,,-16.0,30.0
401868963,2026,2,regular,2026-09-12T20:00:00.000Z,True,False,Mississippi Valley State,SWAC,31.0,Lincoln (PA),CIAA,20.0,,,4.638643629235433,11.0,51.0
401909074,2026,2,regular,2026-09-12T20:00:00.000Z,False,False,Whitworth,Northwest,17.0,Eastern Oregon,,51.0,,,,-34.0,68.0
401865252,2026,2,regular,2026-09-12T20:00:00.000Z,False,False,New Mexico,Mountain West,70.0,Mercyhurst,NEC,7.0,1564.0,,3.5097709978250333,63.0,77.0
401864506,2026,2,regular,2026-09-12T20:00:00.000Z,False,False,Wyoming,Mountain West,21.0,Northern Colorado,Big Sky,13.0,1309.0,,5.613684794038708,8.0,34.0
401868093,2026,2,regular,2026-09-12T20:00:00.000Z,False,False,Idaho,Big Sky,17.0,Lamar,Southland,23.0,,,5.201830905134967,-6.0,40.0
401856684,2026,2,regular,2026-09-12T20:15:00.000Z,False,False,Vanderbilt,SEC,35.0,Delaware,Conference USA,26.0,1753.0,1404.0,4.163405310327982,9.0,61.0
401908347,2026,2,regular,2026-09-12T21:00:00.000Z,False,False,Gettysburg,Centennial,23.0,Washington and Lee,Old Dominion,27.0,,,,-4.0,50.0
401906922,2026,2,regular,2026-09-12T21:00:00.000Z,False,True,Lane College,SIAC,7.0,Allen,SIAC,43.0,,,,-36.0,50.0
401868123,2026,2,regular,2026-09-12T21:00:00.000Z,False,False,Northern Arizona,Big Sky,38.0,Incarnate Word,Southland,28.0,,,5.469670318037817,10.0,66.0
401868061,2026,2,regular,2026-09-12T21:00:00.000Z,False,False,Austin Peay,UAC,63.0,Morehead State,Pioneer,7.0,,,2.791104387999308,56.0,70.0
401866630,2026,2,regular,2026-09-12T21:00:00.000Z,False,False,Maine,Coastal Athletic,14.0,Merrimack,FCS Independents,23.0,,,5.113881569129783,-9.0,37.0
401856672,2026,2,regular,2026-09-12T21:30:00.000Z,False,False,Florida,SEC,52.0,Campbell,Coastal Athletic,3.0,1669.0,,2.480300376623857,49.0,55.0
401907698,2026,2,regular,2026-09-12T22:00:00.000Z,False,True,Southwest Minnesota State,Northern Sun,3.0,Northern State,Northern Sun,30.0,,,,-27.0,33.0
401907863,2026,2,regular,2026-09-12T22:00:00.000Z,False,False,Ithaca,Liberty League,27.0,Alfred,Empire 8,3.0,,,,24.0,30.0
401868141,2026,2,regular,2026-09-12T22:00:00.000Z,False,False,Eastern Kentucky,UAC,22.0,Chattanooga,Southern,17.0,,,4.630926508628796,5.0,39.0
401866418,2026,2,regular,2026-09-12T22:00:00.000Z,False,False,Ohio,Mid-American,29.0,Jacksonville State,Conference USA,27.0,1318.0,1428.0,7.380048779354027,2.0,56.0
401866631,2026,2,regular,2026-09-12T22:00:00.000Z,False,False,New Hampshire,Coastal Athletic,42.0,Stonehill,NEC,35.0,,,4.813081031703312,7.0,77.0
401867983,2026,2,regular,2026-09-12T22:00:00.000Z,False,False,South Carolina State,MEAC,66.0,Virginia State,CIAA,0.0,,,2.6077852091743274,66.0,66.0
401868374,2026,2,regular,2026-09-12T22:00:00.000Z,False,True,Mercer,Southern,13.0,Furman,Southern,20.0,,,7.411962280505531,-7.0,33.0
401906911,2026,2,regular,2026-09-12T22:00:00.000Z,False,True,Savannah State,SIAC,17.0,Albany State,SIAC,49.0,,,,-32.0,66.0
401908217,2026,2,regular,2026-09-12T22:00:00.000Z,False,False,Bluffton,Heartland,18.0,Madonna,,27.0,,,,-9.0,45.0
401868210,2026,2,regular,2026-09-12T22:00:00.000Z,False,False,Butler,Pioneer,52.0,Franklin,Heartland,0.0,,,2.169728387106482,52.0,52.0
401908112,2026,2,regular,2026-09-12T22:00:00.000Z,False,False,Berry,Southern Athletic,20.0,LaGrange,USA South,17.0,,,,3.0,37.0
401867966,2026,2,regular,2026-09-12T22:00:00.000Z,False,False,Morgan State,MEAC,55.0,Virginia Lynchburg,,0.0,,,2.6678982717528417,55.0,55.0
401860881,2026,2,regular,2026-09-12T22:00:00.000Z,False,False,Boise State,Pac-12,38.0,Memphis,American Athletic,20.0,1569.0,1566.0,5.390900336820925,18.0,58.0
401868102,2026,2,regular,2026-09-12T22:00:00.000Z,False,False,Idaho State,Big Sky,59.0,San Diego,Pioneer,17.0,,,2.4657990497699203,42.0,76.0
401908528,2026,2,regular,2026-09-12T22:00:00.000Z,False,False,Eureka,NACC,0.0,Westminster (MO),Upper Midwest,41.0,,,,-41.0,41.0
401866629,2026,2,regular,2026-09-12T22:00:00.000Z,False,True,Hampton,Coastal Athletic,3.0,Bryant,Coastal Athletic,31.0,,,3.575828499730221,-28.0,34.0
401906050,2026,2,regular,2026-09-12T22:00:00.000Z,False,True,Bluefield State,CIAA,30.0,Livingstone,CIAA,44.0,,,,-14.0,74.0
401866414,2026,2,regular,2026-09-12T22:00:00.000Z,False,False,Florida International,Conference USA,33.0,Buffalo,Mid-American,20.0,1385.0,1365.0,3.115485379206615,13.0,53.0
401907251,2026,2,regular,2026-09-12T22:00:00.000Z,False,True,Clark Atlanta,SIAC,3.0,Kentucky State,SIAC,30.0,,,,-27.0,33.0
401908050,2026,2,regular,2026-09-12T22:00:00.000Z,False,False,Southern Virginia,USA South,34.0,Averett,Old Dominion,41.0,,,,-7.0,75.0
401868171,2026,2,regular,2026-09-12T22:00:00.000Z,False,False,The Citadel,Southern,20.0,Charleston Southern,OVC,26.0,,,7.992594215869929,-6.0,46.0
401907563,2026,2,regular,2026-09-12T22:00:00.000Z,False,True,West Chester,Pennsylvania State Athletic,21.0,IU Pennsylvania,Pennsylvania State Athletic,27.0,,,,-6.0,48.0
401907853,2026,2,regular,2026-09-12T22:00:00.000Z,False,False,Alfred State,Empire 8,57.0,Hilbert,Empire 8,12.0,,,,45.0,69.0
401866421,2026,2,regular,2026-09-12T22:30:00.000Z,False,False,Western Michigan,Mid-American,49.0,Monmouth,Coastal Athletic,14.0,1534.0,,2.799589385494212,35.0,63.0
401907538,2026,2,regular,2026-09-12T22:35:00.000Z,False,True,East Stroudsburg,Pennsylvania State Athletic,35.0,Slippery Rock,Pennsylvania State Athletic,59.0,,,,-24.0,94.0
401907635,2026,2,regular,2026-09-12T23:00:00.000Z,False,True,Minnesota State,Northern Sun,30.0,Bemidji State,Northern Sun,13.0,,,,17.0,43.0
401906840,2026,2,regular,2026-09-12T23:00:00.000Z,False,False,Kentucky Wesleyan,Great Midwest Athletic,14.0,William Jewell,Great Lakes,35.0,,,,-21.0,49.0
401871046,2026,2,regular,2026-09-12T23:00:00.000Z,False,False,Missouri State,Conference USA,48.0,Lindenwood,OVC,14.0,1268.0,,2.3846776173413207,34.0,62.0
401868355,2026,2,regular,2026-09-12T23:00:00.000Z,True,True,Alcorn State,SWAC,53.0,Arkansas-Pine Bluff,SWAC,51.0,,,10.210141246860019,2.0,104.0
401869955,2026,2,regular,2026-09-12T23:00:00.000Z,False,False,Kennesaw State,Conference USA,17.0,Georgia State,Sun Belt,31.0,1373.0,1241.0,3.164195020313668,-14.0,48.0
401908387,2026,2,regular,2026-09-12T23:00:00.000Z,False,False,Centenary (LA),Southern Collegiate Athletic,0.0,Millsaps,Southern Athletic,57.0,,,,-57.0,57.0
401864503,2026,2,regular,2026-09-12T23:00:00.000Z,False,False,Northern Illinois,Mountain West,24.0,Illinois State,MVFC,28.0,1245.0,,6.71050730738745,-4.0,52.0
401868195,2026,2,regular,2026-09-12T23:00:00.000Z,False,False,Alabama A&M,SWAC,30.0,Tennessee State,OVC,3.0,,,2.393354739206308,27.0,33.0
401868386,2026,2,regular,2026-09-12T23:00:00.000Z,False,True,Tennessee Tech,Southern,45.0,Samford,Southern,19.0,,,2.1231834261542653,26.0,64.0
401908567,2026,2,regular,2026-09-12T23:00:00.000Z,False,False,Illinois College,Midwest,14.0,Lyon,Southern Collegiate Athletic,21.0,,,,-7.0,35.0
401908766,2026,2,regular,2026-09-12T23:00:00.000Z,False,False,Wisconsin Lutheran,NACC,25.0,Ripon,Midwest,24.0,,,,1.0,49.0
401907315,2026,2,regular,2026-09-12T23:00:00.000Z,False,True,UT Permian Basin,Lone Star,69.0,Western New Mexico,Lone Star,14.0,,,,55.0,83.0
401908326,2026,2,regular,2026-09-12T23:00:00.000Z,False,False,Oklahoma Panhandle,,47.0,Schreiner,,29.0,,,,18.0,76.0
401908670,2026,2,regular,2026-09-12T23:00:00.000Z,False,True,Otterbein,Ohio,0.0,Heidelberg,Ohio,38.0,,,,-38.0,38.0
401868246,2026,2,regular,2026-09-12T23:00:00.000Z,False,True,Nicholls,Southland,31.0,UT Rio Grande Valley,Southland,28.0,,,4.982423837256076,3.0,59.0
401908242,2026,2,regular,2026-09-12T23:00:00.000Z,False,False,Benedictine (IL),NACC,28.0,Loras,American Rivers,25.0,,,,3.0,53.0
401906571,2026,2,regular,2026-09-12T23:00:00.000Z,False,True,Southeastern Oklahoma State,Great American,17.0,Ouachita Baptist,Great American,23.0,,,,-6.0,40.0
401907427,2026,2,regular,2026-09-12T23:00:00.000Z,False,True,Newberry,South Atlantic,14.0,Lenoir Rhyne,South Atlantic,21.0,,,,-7.0,35.0
401908427,2026,2,regular,2026-09-12T23:00:00.000Z,False,False,Texas Lutheran,Southern Collegiate Athletic,19.0,Southwestern U,Southern Athletic,10.0,,,,9.0,29.0
401908142,2026,2,regular,2026-09-12T23:00:00.000Z,False,False,Northwestern (MN),Upper Midwest,27.0,Central College,American Rivers,51.0,,,,-24.0,78.0
401906878,2026,2,regular,2026-09-12T23:00:00.000Z,False,False,Ashland,Great Midwest Athletic,10.0,Grand Valley State,GLIAC,20.0,,,,-10.0,30.0
401868236,2026,2,regular,2026-09-12T23:00:00.000Z,False,False,McNeese,Southland,24.0,Tarleton State,UAC,27.0,,,6.860506874047205,-3.0,51.0
401908251,2026,2,regular,2026-09-12T23:00:00.000Z,False,False,Simpson (IA),American Rivers,52.0,Crown,Upper Midwest,0.0,,,,52.0,52.0
401868072,2026,2,regular,2026-09-12T23:00:00.000Z,False,False,Central Arkansas,UAC,59.0,Central Oklahoma,Mid America,20.0,,,2.519871009636764,39.0,79.0
401864575,2026,2,regular,2026-09-12T23:00:00.000Z,False,False,Tulane,American Athletic,28.0,South Alabama,Sun Belt,24.0,1529.0,1390.0,6.324042801260324,4.0,52.0
401856786,2026,2,regular,2026-09-12T23:00:00.000Z,False,False,Cincinnati,Big 12,62.0,Western Carolina,Southern,10.0,1516.0,,2.811860573881546,52.0,72.0
401868150,2026,2,regular,2026-09-12T23:00:00.000Z,False,False,SE Louisiana,Southland,30.0,North Alabama,UAC,25.0,,,5.976339819752591,5.0,55.0
401858441,2026,2,regular,2026-09-12T23:00:00.000Z,False,False,Nebraska,Big Ten,56.0,Bowling Green,Mid-American,7.0,1592.0,1340.0,1.8334434786997853,49.0,63.0
401868241,2026,2,regular,2026-09-12T23:00:00.000Z,False,False,Arkansas State,Sun Belt,52.0,West Georgia,UAC,7.0,1349.0,,2.538354222285957,45.0,59.0
401907220,2026,2,regular,2026-09-12T23:00:00.000Z,False,False,Missouri S&T,Great Lakes,30.0,Missouri Western,Mid America,42.0,,,,-12.0,72.0
401871045,2026,2,regular,2026-09-12T23:00:00.000Z,False,False,Marshall,Sun Belt,28.0,Middle Tennessee,Conference USA,26.0,1389.0,1276.0,6.5898616001456,2.0,54.0
401908434,2026,2,regular,2026-09-12T23:00:00.000Z,False,False,Trinity (TX),Southern Athletic,31.0,McMurry,American Southwest,17.0,,,,14.0,48.0
401867867,2026,2,regular,2026-09-12T23:00:00.000Z,False,False,Murray State,MVFC,27.0,Valparaiso,Pioneer,18.0,,,4.4799782839913105,9.0,45.0
401907205,2026,2,regular,2026-09-12T23:00:00.000Z,False,False,Lincoln (MO),Great Lakes,14.0,Langston,,19.0,,,,-5.0,33.0
401860882,2026,2,regular,2026-09-12T23:00:00.000Z,False,False,Colorado State,Pac-12,58.0,Southern Utah,Big Sky,24.0,1327.0,,3.3659690485874445,34.0,82.0
401869150,2026,2,regular,2026-09-12T23:00:00.000Z,False,False,Houston Christian,Southland,88.0,Arkansas Baptist,,0.0,,,1.6557588566354822,88.0,88.0
401869130,2026,2,regular,2026-09-12T23:00:00.000Z,False,True,East Texas A&M,Southland,38.0,Northwestern State,Southland,14.0,,,4.038354763938745,24.0,52.0
401872616,2026,2,regular,2026-09-12T23:00:00.000Z,False,False,South Dakota State,MVFC,57.0,New Haven,NEC,14.0,,,2.1031060662010868,43.0,71.0
401867890,2026,2,regular,2026-09-12T23:00:00.000Z,False,False,Southern Illinois,MVFC,34.0,Southeast Missouri State,OVC,20.0,,,6.541369338952402,14.0,54.0
401867856,2026,2,regular,2026-09-12T23:00:00.000Z,False,False,Eastern Illinois,OVC,35.0,Indiana State,MVFC,42.0,,,4.44075748612048,-7.0,77.0
401856680,2026,2,regular,2026-09-12T23:00:00.000Z,False,False,South Carolina,SEC,45.0,Towson,Coastal Athletic,9.0,1763.0,,3.081217784380853,36.0,54.0
401909018,2026,2,regular,2026-09-12T23:00:00.000Z,False,False,Shenandoah,Old Dominion,48.0,Geneva,Presidents',14.0,,,,34.0,62.0
401856681,2026,2,regular,2026-09-12T23:00:00.000Z,False,False,Georgia Tech,ACC,24.0,Tennessee,SEC,45.0,1553.0,1691.0,4.585174285774379,-21.0,69.0
401856787,2026,2,regular,2026-09-12T23:00:00.000Z,False,False,Houston,Big 12,77.0,Southern,SWAC,6.0,1521.0,,1.4433547098894488,71.0,83.0
401862707,2026,2,regular,2026-09-12T23:00:00.000Z,False,False,Sam Houston,Conference USA,17.0,Tulsa,American Athletic,23.0,1164.0,1268.0,5.6417792526782655,-6.0,40.0
401908095,2026,2,regular,2026-09-12T23:00:00.000Z,False,False,Guilford,Old Dominion,20.0,Methodist,USA South,17.0,,,,3.0,37.0
401906554,2026,2,regular,2026-09-12T23:00:00.000Z,False,True,Henderson State,Great American,66.0,Oklahoma Baptist,Great American,9.0,,,,57.0,75.0
401906579,2026,2,regular,2026-09-12T23:00:00.000Z,False,True,Southern Arkansas,Great American,27.0,Southern Nazarene,Great American,21.0,,,,6.0,48.0
401908276,2026,2,regular,2026-09-12T23:00:00.000Z,False,False,Belhaven,USA South,45.0,East Texas Baptist,American Southwest,44.0,,,,1.0,89.0
401858447,2026,2,regular,2026-09-12T23:15:00.000Z,False,False,Wisconsin,Big Ten,36.0,Western Illinois,OVC,9.0,1455.0,,1.9789155142132075,27.0,45.0
401858443,2026,2,regular,2026-09-12T23:15:00.000Z,False,False,UCLA,Big Ten,28.0,San Diego State,Pac-12,10.0,1438.0,1518.0,3.469360436775447,18.0,38.0
401856682,2026,2,regular,2026-09-12T23:30:00.000Z,False,False,Texas,SEC,24.0,Ohio State,Big Ten,23.0,1913.0,1986.0,5.114837003774396,1.0,47.0
401867796,2026,2,regular,2026-09-12T23:30:00.000Z,False,False,LSU,SEC,45.0,Louisiana Tech,Sun Belt,14.0,1745.0,1454.0,3.7694043568740536,31.0,59.0
401862703,2026,2,regular,2026-09-12T23:30:00.000Z,False,True,Florida Atlantic,American Athletic,38.0,Navy,American Athletic,30.0,1189.0,1550.0,3.34078476829419,8.0,68.0
401856783,2026,2,regular,2026-09-12T23:30:00.000Z,False,False,Oregon State,Pac-12,24.0,Texas Tech,Big 12,35.0,1260.0,1870.0,8.803792527027108,-11.0,59.0
401858219,2026,2,regular,2026-09-12T23:30:00.000Z,False,False,Clemson,ACC,22.0,Georgia Southern,Sun Belt,7.0,1541.0,1376.0,3.8034063954453603,15.0,29.0
401868008,2026,2,regular,2026-09-12T23:30:00.000Z,False,False,Coastal Carolina,Sun Belt,45.0,Fordham,Patriot,7.0,1270.0,,3.0899856745210967,38.0,52.0
401856788,2026,2,regular,2026-09-12T23:30:00.000Z,False,False,Iowa,Big Ten,16.0,Iowa State,Big 12,13.0,1847.0,1586.0,4.958241936566457,3.0,29.0
401856676,2026,2,regular,2026-09-12T23:45:00.000Z,False,False,Ole Miss,SEC,41.0,Charlotte,American Athletic,9.0,1837.0,1182.0,2.0606104158869574,32.0,50.0
401856671,2026,2,regular,2026-09-12T23:45:00.000Z,False,False,Auburn,SEC,43.0,Southern Miss,Sun Belt,8.0,1613.0,1350.0,2.0289423578577437,35.0,51.0
401908817,2026,2,regular,2026-09-13T00:00:00.000Z,False,True,Concordia (MN),Minnesota,51.0,St. Olaf,Minnesota,0.0,,,,51.0,51.0
401906606,2026,2,regular,2026-09-13T00:00:00.000Z,False,False,Central Missouri,Mid America,59.0,Delta State,Gulf South,10.0,,,,49.0,69.0
401907122,2026,2,regular,2026-09-13T00:00:00.000Z,False,True,Western Colorado,Rocky Mountain,30.0,Chadron State,Rocky Mountain,9.0,,,,21.0,39.0
401856789,2026,2,regular,2026-09-13T00:00:00.000Z,False,False,TCU,Big 12,63.0,Grambling,SWAC,7.0,1598.0,,2.1245978996663135,56.0,70.0
401868050,2026,2,regular,2026-09-13T00:00:00.000Z,False,False,Abilene Christian,UAC,7.0,Stephen F. Austin,Southland,26.0,,,3.905822915211089,-19.0,33.0
401908468,2026,2,regular,2026-09-13T00:00:00.000Z,False,False,Whittier,So. Cal.,56.0,Cetys University,,20.0,,,,36.0,76.0
401907152,2026,2,regular,2026-09-13T00:00:00.000Z,False,True,Fort Lewis,Rocky Mountain,31.0,New Mexico Highlands,Rocky Mountain,28.0,,,,3.0,59.0
401856784,2026,2,regular,2026-09-13T00:08:00.000Z,False,False,Baylor,Big 12,44.0,Prairie View A&M,SWAC,3.0,1509.0,,3.4287794730585697,41.0,47.0
401907009,2026,2,regular,2026-09-13T01:00:00.000Z,False,False,Central Washington,Lone Star,14.0,Ferris State,GLIAC,28.0,,,,-14.0,42.0
401864505,2026,2,regular,2026-09-13T01:00:00.000Z,False,False,UTEP,Mountain West,51.0,Texas Southern,SWAC,10.0,1143.0,,3.6816616555625794,41.0,61.0
401864504,2026,2,regular,2026-09-13T01:00:00.000Z,False,False,San José State,Mountain West,30.0,Cal Poly,Big Sky,20.0,1407.0,,5.605784129851264,10.0,50.0
401867876,2026,2,regular,2026-09-13T02:00:00.000Z,False,False,Portland State,Big Sky,23.0,North Dakota,MVFC,47.0,,,3.2079747061616803,-24.0,70.0
401908422,2026,2,regular,2026-09-13T02:00:00.000Z,False,True,Pacific (OR),Northwest,3.0,Willamette,Northwest,6.0,,,,-3.0,9.0
401864502,2026,2,regular,2026-09-13T02:00:00.000Z,False,True,Air Force,Mountain West,32.0,North Dakota State,Mountain West,38.0,1424.0,1566.0,4.633518427306371,-6.0,70.0
401856670,2026,2,regular,2026-09-13T02:15:00.000Z,False,False,Utah,Big 12,43.0,Arkansas,SEC,10.0,1817.0,1547.0,3.092347466132634,33.0,53.0
401864500,2026,2,regular,2026-09-13T02:30:00.000Z,False,False,Nevada,Mountain West,7.0,Montana State,Big Sky,20.0,1451.0,,3.456983827518999,-13.0,27.0
401860883,2026,2,regular,2026-09-13T02:30:00.000Z,False,False,Fresno State,Pac-12,49.0,Sacramento State,Mid-American,3.0,1449.0,1466.0,2.6248456325091527,46.0,52.0
401858445,2026,2,regular,2026-09-13T03:00:00.000Z,False,False,USC,Big Ten,49.0,Louisiana,Sun Belt,30.0,1835.0,1389.0,3.9120114593741944,19.0,79.0
401864578,2026,2,regular,2026-09-13T03:59:00.000Z,False,False,Hawai'i,Mountain West,29.0,New Mexico State,Conference USA,19.0,1426.0,1267.0,4.774929477424329,10.0,48.0
401907580,2026,3,regular,2026-09-17T23:00:00.000Z,False,True,Concord,Mountain East,38.0,Charleston (WV),Mountain East,41.0,,,,-3.0,79.0
401858225,2026,3,regular,2026-09-17T23:30:00.000Z,False,True,Pittsburgh,ACC,27.0,Syracuse,ACC,13.0,1678.0,1287.0,2.681393052123561,14.0,40.0
401908593,2026,3,regular,2026-09-18T23:00:00.000Z,False,True,UMass Dartmouth,MSCAC,21.0,Framingham State,MSCAC,23.0,,,,-2.0,44.0
401858226,2026,3,regular,2026-09-18T23:30:00.000Z,False,True,Wake Forest,ACC,20.0,Miami,ACC,33.0,1508.0,1901.0,4.531463816387299,-13.0,53.0
401856811,2026,3,regular,2026-09-19T00:00:00.000Z,False,True,Texas Tech,Big 12,28.0,Houston,Big 12,26.0,1845.0,1514.0,6.805447451480736,2.0,54.0
401858455,2026,3,regular,2026-09-19T02:30:00.000Z,False,False,Oregon,Big Ten,84.0,Portland State,Big Sky,0.0,1838.0,,1.89479407163626,84.0,84.0
401906841,2026,3,regular,2026-09-19T15:00:00.000Z,False,True,Kentucky Wesleyan,Great Midwest Athletic,0.0,Findlay,Great Midwest Athletic,64.0,,,,-64.0,64.0
401869940,2026,3,regular,2026-09-19T15:30:00.000Z,False,False,Delaware,Conference USA,22.0,Coastal Carolina,Sun Belt,14.0,1411.0,1270.0,4.877524784363484,8.0,36.0
401907486,2026,3,regular,2026-09-19T16:00:00.000Z,False,True,Assumption,Northeast 10,34.0,Pace,Northeast 10,27.0,,,,7.0,61.0
401908519,2026,3,regular,2026-09-19T16:00:00.000Z,False,False,Worcester State,MSCAC,40.0,Western New England,Commonwealth Coast,42.0,,,,-2.0,82.0
401907495,2026,3,regular,2026-09-19T16:00:00.000Z,False,True,Gannon,Pennsylvania State Athletic,27.0,Bloomsburg,Pennsylvania State Athletic,33.0,,,,-6.0,60.0
401907518,2026,3,regular,2026-09-19T16:00:00.000Z,False,True,Shepherd,Pennsylvania State Athletic,28.0,California (PA),Pennsylvania State Athletic,7.0,,,,21.0,35.0
401868242,2026,3,regular,2026-09-19T16:00:00.000Z,False,False,East Tennessee State,Southern,35.0,West Georgia,UAC,27.0,,,5.90282791582526,8.0,62.0
401907546,2026,3,regular,2026-09-19T16:00:00.000Z,False,True,Edinboro,Pennsylvania State Athletic,24.0,West Chester,Pennsylvania State Athletic,44.0,,,,-20.0,68.0
401908296,2026,3,regular,2026-09-19T16:00:00.000Z,False,True,Misericordia,Mid Atlantic,28.0,Stevenson,Mid Atlantic,24.0,,,,4.0,52.0
401908366,2026,3,regular,2026-09-19T16:00:00.000Z,False,False,Muhlenberg,Centennial,41.0,Wilkes,Landmark Conference,27.0,,,,14.0,68.0
401908578,2026,3,regular,2026-09-19T16:00:00.000Z,False,False,WPI,NEWMAC,13.0,Husson,Commonwealth Coast,7.0,,,,6.0,20.0
401908085,2026,3,regular,2026-09-19T16:00:00.000Z,False,False,SUNY Morrisville,Empire 8,17.0,Union,Liberty League,38.0,,,,-21.0,55.0
401867805,2026,3,regular,2026-09-19T16:00:00.000Z,False,False,New Haven,NEC,10.0,Brown,Ivy,17.0,,,4.444234973048124,-7.0,27.0
401907653,2026,3,regular,2026-09-19T16:00:00.000Z,False,True,Millersville,Pennsylvania State Athletic,10.0,Slippery Rock,Pennsylvania State Athletic,70.0,,,,-60.0,80.0
401907657,2026,3,regular,2026-09-19T16:00:00.000Z,False,False,Berry,Southern Athletic,16.0,Carnegie Mellon,Presidents',10.0,,,,6.0,26.0
401907737,2026,3,regular,2026-09-19T16:00:00.000Z,False,False,Case Western Reserve,Presidents',48.0,Shenandoah,Old Dominion,41.0,,,,7.0,89.0
401907864,2026,3,regular,2026-09-19T16:00:00.000Z,False,False,Alfred,Empire 8,31.0,St. Lawrence,Liberty League,7.0,,,,24.0,38.0
401907881,2026,3,regular,2026-09-19T16:00:00.000Z,False,True,SUNY Cortland,Empire 8,55.0,Hartwick,Empire 8,3.0,,,,52.0,58.0
401908103,2026,3,regular,2026-09-19T16:00:00.000Z,False,False,Randolph Macon,Old Dominion,42.0,Maryville (TN),USA South,14.0,,,,28.0,56.0
401908010,2026,3,regular,2026-09-19T16:00:00.000Z,False,False,Springfield,NEWMAC,14.0,Wisconsin Platteville,Wisconsin,37.0,,,,-23.0,51.0
401906677,2026,3,regular,2026-09-19T16:00:00.000Z,False,True,Northwood,Great Midwest Athletic,10.0,Hillsdale,Great Midwest Athletic,7.0,,,,3.0,17.0
401908564,2026,3,regular,2026-09-19T16:00:00.000Z,False,False,Vermont State Castleton,New Jersey,40.0,Maine Maritime,Commonwealth Coast,0.0,,,,40.0,40.0
401908559,2026,3,regular,2026-09-19T16:00:00.000Z,False,False,New England College,,23.0,Fitchburg State,MSCAC,22.0,,,,1.0,45.0
401908580,2026,3,regular,2026-09-19T16:00:00.000Z,False,True,Plymouth State,MSCAC,7.0,Bridgewater State,MSCAC,35.0,,,,-28.0,42.0
401908196,2026,3,regular,2026-09-19T16:00:00.000Z,False,True,FDU Florham,Mid Atlantic,15.0,Widener,Mid Atlantic,17.0,,,,-2.0,32.0
401909141,2026,3,regular,2026-09-19T16:00:00.000Z,False,True,Oberlin,North Coast,7.0,Wabash,North Coast,34.0,,,,-27.0,41.0
401908243,2026,3,regular,2026-09-19T16:00:00.000Z,False,False,Northwestern (MN),Upper Midwest,13.0,Loras,American Rivers,49.0,,,,-36.0,62.0
401908493,2026,3,regular,2026-09-19T16:00:00.000Z,False,False,Baldwin Wallace,Ohio,42.0,Alma,Michigan,17.0,,,,25.0,59.0
401908143,2026,3,regular,2026-09-19T16:00:00.000Z,False,False,Belhaven,USA South,17.0,Central College,American Rivers,31.0,,,,-14.0,48.0
401908164,2026,3,regular,2026-09-19T16:00:00.000Z,False,True,Delaware Valley,Mid Atlantic,24.0,Albright,Mid Atlantic,21.0,,,,3.0,45.0
401908532,2026,3,regular,2026-09-19T16:00:00.000Z,False,False,New England,Commonwealth Coast,41.0,Hampden Sydney,Old Dominion,43.0,,,,-2.0,84.0
401856792,2026,3,regular,2026-09-19T16:00:00.000Z,False,False,Kansas State,Big 12,31.0,Tulane,American Athletic,20.0,1684.0,1528.0,3.379333217409422,11.0,51.0
401856812,2026,3,regular,2026-09-19T16:00:00.000Z,True,True,Kansas,Big 12,17.0,Arizona State,Big 12,24.0,1485.0,1531.0,4.606880390879709,-7.0,41.0
401858451,2026,3,regular,2026-09-19T16:00:00.000Z,False,False,Minnesota,Big Ten,41.0,Akron,Mid-American,7.0,1452.0,929.0,2.252949199441229,34.0,48.0
401858229,2026,3,regular,2026-09-19T16:00:00.000Z,False,True,Clemson,ACC,28.0,North Carolina,ACC,20.0,1558.0,1398.0,4.845464774691703,8.0,48.0
401858228,2026,3,regular,2026-09-19T16:00:00.000Z,False,False,Georgia Tech,ACC,44.0,Mercer,Southern,11.0,1503.0,,1.9715837092751365,33.0,55.0
401856798,2026,3,regular,2026-09-19T16:00:00.000Z,False,False,Iowa State,Big 12,55.0,Bowling Green,Mid-American,7.0,1588.0,1227.0,2.90255500259395,48.0,62.0
401856686,2026,3,regular,2026-09-19T16:00:00.000Z,False,True,Arkansas,SEC,17.0,Georgia,SEC,45.0,1490.0,1948.0,2.951363194479673,-28.0,62.0
401867834,2026,3,regular,2026-09-19T16:00:00.000Z,False,False,Lehigh,Patriot,24.0,Dartmouth,Ivy,20.0,,,5.231117416983247,4.0,44.0
401867908,2026,3,regular,2026-09-19T16:00:00.000Z,False,False,Long Island University,NEC,16.0,Villanova,Patriot,20.0,,,5.86265595700815,-4.0,36.0
401867817,2026,3,regular,2026-09-19T16:00:00.000Z,False,False,Columbia,Ivy,40.0,Lafayette,Patriot,34.0,,,8.374552636199827,6.0,74.0
401858454,2026,3,regular,2026-09-19T16:00:00.000Z,False,False,Ohio State,Big Ten,59.0,Kent State,Mid-American,3.0,1983.0,1056.0,1.5658069191125186,56.0,62.0
401858456,2026,3,regular,2026-09-19T16:00:00.000Z,False,False,Penn State,Big Ten,55.0,Buffalo,Mid-American,13.0,1880.0,1341.0,2.03969834859093,42.0,68.0
401860889,2026,3,regular,2026-09-19T16:00:00.000Z,False,False,Texas State,Pac-12,49.0,North Texas,American Athletic,35.0,1438.0,1699.0,5.544088586426384,14.0,84.0
401907347,2026,3,regular,2026-09-19T16:05:00.000Z,False,True,Washburn,Mid America,14.0,Central Oklahoma,Mid America,10.0,,,,4.0,24.0
401908218,2026,3,regular,2026-09-19T16:30:00.000Z,False,False,Bluffton,Heartland,7.0,Trine,Michigan,59.0,,,,-52.0,66.0
401858460,2026,3,regular,2026-09-19T16:30:00.000Z,False,False,Wisconsin,Big Ten,54.0,Eastern Michigan,Mid-American,10.0,1475.0,1293.0,2.899037008885028,44.0,64.0
401856695,2026,3,regular,2026-09-19T16:45:00.000Z,False,False,Vanderbilt,SEC,35.0,NC State,ACC,31.0,1746.0,1506.0,8.990119449610065,4.0,66.0
401908173,2026,3,regular,2026-09-19T17:00:00.000Z,False,True,Alvernia,Mid Atlantic,28.0,King's,Mid Atlantic,21.0,,,,7.0,49.0
401908274,2026,3,regular,2026-09-19T17:00:00.000Z,False,False,Rose Hulman,Heartland,38.0,Albion,Michigan,24.0,,,,14.0,62.0
401908355,2026,3,regular,2026-09-19T17:00:00.000Z,False,False,Johns Hopkins,Centennial,23.0,Susquehanna,Landmark Conference,49.0,,,,-26.0,72.0
401908113,2026,3,regular,2026-09-19T17:00:00.000Z,False,False,Centre,Southern Athletic,14.0,LaGrange,USA South,16.0,,,,-2.0,30.0
401906944,2026,3,regular,2026-09-19T17:00:00.000Z,False,True,Northern Michigan,GLIAC,7.0,Davenport,GLIAC,42.0,,,,-35.0,49.0
401866638,2026,3,regular,2026-09-19T17:00:00.000Z,False,False,Bryant,Coastal Athletic,21.0,Princeton,Ivy,14.0,,,4.764538626449618,7.0,35.0
401908232,2026,3,regular,2026-09-19T17:00:00.000Z,False,False,Hanover,Heartland,10.0,Hope,Michigan,27.0,,,,-17.0,37.0
401908093,2026,3,regular,2026-09-19T17:00:00.000Z,False,False,Utica,Empire 8,36.0,Hobart,Liberty League,29.0,,,,7.0,65.0
401908259,2026,3,regular,2026-09-19T17:00:00.000Z,False,False,Manchester,Heartland,33.0,Olivet,Michigan,56.0,,,,-23.0,89.0
401908320,2026,3,regular,2026-09-19T17:00:00.000Z,False,False,Mary Hardin Baylor,American Southwest,27.0,Endicott,Commonwealth Coast,28.0,,,,-1.0,55.0
401864508,2026,3,regular,2026-09-19T17:00:00.000Z,False,False,Central Michigan,Mid-American,24.0,Wyoming,Mountain West,10.0,1259.0,1300.0,2.5193044641179796,14.0,34.0
401867686,2026,3,regular,2026-09-19T17:00:00.000Z,False,False,Butler,Pioneer,47.0,Chicago State,FCS Independents,20.0,,,2.7062768129623143,27.0,67.0
401907760,2026,3,regular,2026-09-19T17:00:00.000Z,False,False,Minnesota Morris,Upper Midwest,30.0,Buena Vista,American Rivers,28.0,,,,2.0,58.0
401908070,2026,3,regular,2026-09-19T17:00:00.000Z,False,True,Ithaca,Liberty League,76.0,Hilbert,Empire 8,6.0,,,,70.0,82.0
401908980,2026,3,regular,2026-09-19T17:00:00.000Z,False,False,Salisbury,New Jersey,43.0,Washington and Lee,Old Dominion,13.0,,,,30.0,56.0
401909132,2026,3,regular,2026-09-19T17:00:00.000Z,False,True,DePauw,North Coast,56.0,Ohio Wesleyan,North Coast,21.0,,,,35.0,77.0
401907605,2026,3,regular,2026-09-19T17:00:00.000Z,False,True,West Liberty,Mountain East,30.0,Frostburg State,Mountain East,24.0,,,,6.0,54.0
401908914,2026,3,regular,2026-09-19T17:00:00.000Z,False,True,Middlebury,NESCAC,13.0,Wesleyan (CT),NESCAC,35.0,,,,-22.0,48.0
401908908,2026,3,regular,2026-09-19T17:00:00.000Z,False,True,Tufts,NESCAC,42.0,Hamilton,NESCAC,28.0,,,,14.0,70.0
401908897,2026,3,regular,2026-09-19T17:00:00.000Z,False,True,Trinity (CT),NESCAC,34.0,Colby,NESCAC,14.0,,,,20.0,48.0
401908866,2026,3,regular,2026-09-19T17:00:00.000Z,False,True,Williams,NESCAC,17.0,Bowdoin,NESCAC,7.0,,,,10.0,24.0
401908539,2026,3,regular,2026-09-19T17:00:00.000Z,False,False,Nichols,Commonwealth Coast,42.0,Coast Guard,NEWMAC,49.0,,,,-7.0,91.0
401908332,2026,3,regular,2026-09-19T17:00:00.000Z,False,False,Dickinson,Centennial,40.0,Lycoming,Landmark Conference,21.0,,,,19.0,61.0
401907636,2026,3,regular,2026-09-19T17:00:00.000Z,False,True,Concordia St. Paul,Northern Sun,34.0,Bemidji State,Northern Sun,31.0,,,,3.0,65.0
401907528,2026,3,regular,2026-09-19T17:00:00.000Z,False,True,Lackawanna,,13.0,Clarion,Pennsylvania State Athletic,59.0,,,,-46.0,72.0
401907619,2026,3,regular,2026-09-19T17:00:00.000Z,False,True,West Virginia State,Mountain East,23.0,West Virginia Wesleyan,Mountain East,28.0,,,,-5.0,51.0
401906612,2026,3,regular,2026-09-19T17:00:00.000Z,False,False,Southern Virginia,USA South,38.0,Keystone,Independent DIII,14.0,,,,24.0,52.0
401906937,2026,3,regular,2026-09-19T17:00:00.000Z,False,True,Fort Valley State,SIAC,33.0,Benedict,SIAC,34.0,,,,-1.0,67.0
401906134,2026,3,regular,2026-09-19T17:00:00.000Z,False,True,Shaw,CIAA,49.0,Lincoln (PA),CIAA,27.0,,,,22.0,76.0
401906195,2026,3,regular,2026-09-19T17:00:00.000Z,False,False,UNC Pembroke,Carolinas,44.0,Valdosta State,Gulf South,41.0,,,,3.0,85.0
401906154,2026,3,regular,2026-09-19T17:00:00.000Z,False,True,Johnson C. Smith,CIAA,20.0,Fayetteville State,CIAA,14.0,,,,6.0,34.0
401906127,2026,3,regular,2026-09-19T17:00:00.000Z,False,True,Elizabeth City State,CIAA,14.0,Virginia State,CIAA,28.0,,,,-14.0,42.0
401868397,2026,3,regular,2026-09-19T17:00:00.000Z,False,False,Davidson,Pioneer,27.0,VMI,Southern,24.0,,,7.5895093917888525,3.0,51.0
401906881,2026,3,regular,2026-09-19T17:00:00.000Z,False,False,Wayne State (MI),GLIAC,13.0,Wisconsin La Crosse,Wisconsin,47.0,,,,-34.0,60.0
401867826,2026,3,regular,2026-09-19T17:00:00.000Z,False,False,Colgate,Patriot,20.0,Cornell,Ivy,7.0,,,2.622267461260712,13.0,27.0
401906650,2026,3,regular,2026-09-19T17:00:00.000Z,False,True,Ashland,Great Midwest Athletic,24.0,Ohio Dominican,Great Midwest Athletic,3.0,,,,21.0,27.0
401873620,2026,3,regular,2026-09-19T17:00:00.000Z,False,False,Mercyhurst,NEC,49.0,Glenville State,Mountain East,20.0,,,3.363914207545984,29.0,69.0
401908269,2026,3,regular,2026-09-19T17:00:00.000Z,False,False,Mount St Joseph,Heartland,35.0,Adrian,Michigan,24.0,,,,11.0,59.0
401866639,2026,3,regular,2026-09-19T17:00:00.000Z,False,False,New Hampshire,Coastal Athletic,7.0,Harvard,Ivy,31.0,,,4.361842436229859,-24.0,38.0
401907596,2026,3,regular,2026-09-19T17:00:00.000Z,False,True,Wheeling,Mountain East,28.0,Fairmont State,Mountain East,24.0,,,,4.0,52.0
401907564,2026,3,regular,2026-09-19T17:00:00.000Z,False,True,Shippensburg,Pennsylvania State Athletic,26.0,IU Pennsylvania,Pennsylvania State Athletic,28.0,,,,-2.0,54.0
401867857,2026,3,regular,2026-09-19T17:00:00.000Z,False,False,Indiana State,MVFC,39.0,Valparaiso,Pioneer,16.0,,,3.413960879962719,23.0,55.0
401908477,2026,3,regular,2026-09-19T17:00:00.000Z,False,False,Curry,Commonwealth Coast,48.0,SUNY Maritime,NEWMAC,51.0,,,,-3.0,99.0
401907873,2026,3,regular,2026-09-19T17:00:00.000Z,False,False,Brockport,Empire 8,45.0,Rensselaer,Liberty League,10.0,,,,35.0,55.0
401908340,2026,3,regular,2026-09-19T17:00:00.000Z,False,False,Catholic,Landmark Conference,17.0,Franklin & Marshall,Centennial,31.0,,,,-14.0,48.0
401907854,2026,3,regular,2026-09-19T17:00:00.000Z,False,False,Buffalo State,Liberty League,7.0,Alfred State,Empire 8,41.0,,,,-34.0,48.0
401908824,2026,3,regular,2026-09-19T17:00:00.000Z,False,True,Amherst,NESCAC,24.0,Bates,NESCAC,14.0,,,,10.0,38.0
401908191,2026,3,regular,2026-09-19T17:00:00.000Z,False,True,Eastern,Mid Atlantic,32.0,Lebanon Valley,Mid Atlantic,0.0,,,,32.0,32.0
401907511,2026,3,regular,2026-09-19T17:00:00.000Z,False,True,Saint Anselm,Northeast 10,28.0,Franklin Pierce,Northeast 10,56.0,,,,-28.0,84.0
401908348,2026,3,regular,2026-09-19T17:00:00.000Z,False,False,Gettysburg,Centennial,34.0,Western Connecticut State,Landmark Conference,28.0,,,,6.0,62.0
401908671,2026,3,regular,2026-09-19T17:30:00.000Z,False,True,Mount Union,Ohio,34.0,Heidelberg,Ohio,37.0,,,,-3.0,71.0
401908664,2026,3,regular,2026-09-19T17:30:00.000Z,False,True,Marietta,Ohio,32.0,Capital,Ohio,10.0,,,,22.0,42.0
401908841,2026,3,regular,2026-09-19T17:30:00.000Z,False,True,Ohio Northern,Ohio,41.0,Muskingum,Ohio,13.0,,,,28.0,54.0
401908225,2026,3,regular,2026-09-19T17:30:00.000Z,False,False,Franklin,Heartland,7.0,Calvin,Michigan,41.0,,,,-34.0,48.0
401908543,2026,3,regular,2026-09-19T18:00:00.000Z,False,True,Texas Lutheran,Southern Collegiate Athletic,57.0,Austin,Southern Collegiate Athletic,26.0,,,,31.0,83.0
401908361,2026,3,regular,2026-09-19T18:00:00.000Z,False,False,Juniata,Landmark Conference,28.0,McDaniel,Centennial,7.0,,,,21.0,35.0
401908847,2026,3,regular,2026-09-19T18:00:00.000Z,False,True,Concordia (WI),NACC,29.0,Aurora,NACC,28.0,,,,1.0,57.0
401907997,2026,3,regular,2026-09-19T18:00:00.000Z,False,False,Wartburg,American Rivers,14.0,Wisconsin River Falls,Wisconsin,31.0,,,,-17.0,45.0
401906904,2026,3,regular,2026-09-19T18:00:00.000Z,False,False,Kentucky State,SIAC,21.0,Saginaw Valley State,GLIAC,17.0,,,,4.0,38.0
401908078,2026,3,regular,2026-09-19T18:00:00.000Z,False,False,Sewanee,Southern Athletic,24.0,North Carolina Wesleyan,USA South,17.0,,,,7.0,41.0
401906931,2026,3,regular,2026-09-19T18:00:00.000Z,False,False,Roosevelt,GLIAC,31.0,Wisconsin Stout,Wisconsin,10.0,,,,21.0,41.0
401907979,2026,3,regular,2026-09-19T18:00:00.000Z,False,False,Wisconsin Stevens Point,Wisconsin,48.0,Pacific (OR),Northwest,13.0,,,,35.0,61.0
401909027,2026,3,regular,2026-09-19T18:00:00.000Z,False,True,Bethany (WV),Presidents',52.0,Thiel,Presidents',3.0,,,,49.0,55.0
401908963,2026,3,regular,2026-09-19T18:00:00.000Z,False,False,Salve Regina,NEWMAC,41.0,William Paterson,New Jersey,6.0,,,,35.0,47.0
401908587,2026,3,regular,2026-09-19T18:00:00.000Z,False,True,Westfield State,MSCAC,26.0,Dean,MSCAC,8.0,,,,18.0,34.0
401907395,2026,3,regular,2026-09-19T18:00:00.000Z,False,True,Tusculum,South Atlantic,7.0,Anderson (SC),South Atlantic,14.0,,,,-7.0,21.0
401908725,2026,3,regular,2026-09-19T18:00:00.000Z,False,True,Cornell (IA),Midwest,7.0,Monmouth (IL),Midwest,42.0,,,,-35.0,49.0
401908732,2026,3,regular,2026-09-19T18:00:00.000Z,False,True,Beloit,Midwest,0.0,Luther,Midwest,28.0,,,,-28.0,28.0
401858227,2026,3,regular,2026-09-19T18:00:00.000Z,False,False,Boston College,ACC,22.0,Maine,Coastal Athletic,16.0,1379.0,,3.131625533947348,6.0,38.0
401907791,2026,3,regular,2026-09-19T18:00:00.000Z,False,True,Elmhurst,CCIW,0.0,Carroll (WI),CCIW,33.0,,,,-33.0,33.0
401858448,2026,3,regular,2026-09-19T18:00:00.000Z,False,False,Illinois,Big Ten,48.0,Southern Illinois,MVFC,10.0,1587.0,,2.609181816487975,38.0,58.0
401906996,2026,3,regular,2026-09-19T18:00:00.000Z,False,False,Michigan Tech,GLIAC,33.0,Upper Iowa,Great Lakes,32.0,,,,1.0,65.0
401907467,2026,3,regular,2026-09-19T18:00:00.000Z,False,True,Wittenberg,North Coast,24.0,Washington St. Louis,North Coast,31.0,,,,-7.0,55.0
401908020,2026,3,regular,2026-09-19T18:00:00.000Z,False,False,Coe,American Rivers,7.0,Wisconsin Oshkosh,Wisconsin,28.0,,,,-21.0,35.0
401908748,2026,3,regular,2026-09-19T18:00:00.000Z,False,True,Augsburg,Minnesota,30.0,St. Scholastica,Minnesota,0.0,,,,30.0,30.0
401907140,2026,3,regular,2026-09-19T18:00:00.000Z,False,True,Colorado School of Mines,Rocky Mountain,34.0,Fort Lewis,Rocky Mountain,3.0,,,,31.0,37.0
401907102,2026,3,regular,2026-09-19T18:00:00.000Z,False,True,Adams State,Rocky Mountain,15.0,South Dakota Mines,Rocky Mountain,45.0,,,,-30.0,60.0
401907112,2026,3,regular,2026-09-19T18:00:00.000Z,False,True,New Mexico Highlands,Rocky Mountain,44.0,Black Hills State,Rocky Mountain,36.0,,,,8.0,80.0
401907206,2026,3,regular,2026-09-19T18:00:00.000Z,False,True,Quincy,Great Lakes,34.0,Lincoln (MO),Great Lakes,27.0,,,,7.0,61.0
401907781,2026,3,regular,2026-09-19T18:00:00.000Z,False,True,Augustana (IL),CCIW,10.0,Illinois Wesleyan,CCIW,17.0,,,,-7.0,27.0
401907679,2026,3,regular,2026-09-19T18:00:00.000Z,False,True,Augustana (SD),Northern Sun,45.0,Minnesota St Moorhead,Northern Sun,21.0,,,,24.0,66.0
401907819,2026,3,regular,2026-09-19T18:00:00.000Z,False,False,Wisconsin Eau Claire,Wisconsin,40.0,Carthage,CCIW,0.0,,,,40.0,40.0
401907845,2026,3,regular,2026-09-19T18:00:00.000Z,False,True,North Park,CCIW,10.0,North Central College,CCIW,45.0,,,,-35.0,55.0
401907667,2026,3,regular,2026-09-19T18:00:00.000Z,False,False,Chicago,Midwest,49.0,Nebraska Wesleyan,American Rivers,41.0,,,,8.0,90.0
401907699,2026,3,regular,2026-09-19T18:00:00.000Z,False,True,Minnesota State,Northern Sun,35.0,Northern State,Northern Sun,17.0,,,,18.0,52.0
401907747,2026,3,regular,2026-09-19T18:00:00.000Z,False,False,St. John Fisher,Empire 8,14.0,Rochester (NY),Liberty League,13.0,,,,1.0,27.0
401908873,2026,3,regular,2026-09-19T18:00:00.000Z,False,True,Saint John's (MN),Minnesota,77.0,Hamline,Minnesota,0.0,,,,77.0,77.0
401909127,2026,3,regular,2026-09-19T18:00:00.000Z,False,True,Wooster,North Coast,0.0,Denison,North Coast,38.0,,,,-38.0,38.0
401868159,2026,3,regular,2026-09-19T18:00:00.000Z,False,False,St. Thomas (MN),Pioneer,28.0,Southern Utah,Big Sky,26.0,,,7.75455914649409,2.0,54.0
401908300,2026,3,regular,2026-09-19T18:00:00.000Z,False,False,McMurry,American Southwest,42.0,Huntingdon,USA South,16.0,,,,26.0,58.0
401868023,2026,3,regular,2026-09-19T18:00:00.000Z,False,False,Holy Cross,Patriot,28.0,Yale,Ivy,38.0,,,7.816866738692485,-10.0,66.0
401908773,2026,3,regular,2026-09-19T18:00:00.000Z,False,True,Lake Forest,Midwest,63.0,Grinnell,Midwest,0.0,,,,63.0,63.0
401908760,2026,3,regular,2026-09-19T18:00:00.000Z,False,True,Lawrence,Midwest,7.0,Illinois College,Midwest,54.0,,,,-47.0,61.0
401873395,2026,3,regular,2026-09-19T18:00:00.000Z,False,True,Concordia Chicago,NACC,46.0,Rockford,NACC,20.0,,,,26.0,66.0
401908388,2026,3,regular,2026-09-19T18:00:00.000Z,False,False,Millsaps,Southern Athletic,27.0,Hendrix,Southern Athletic,36.0,,,,-9.0,63.0
401909122,2026,3,regular,2026-09-19T18:00:00.000Z,False,True,Wisconsin Lutheran,NACC,31.0,Lakeland,NACC,32.0,,,,-1.0,63.0
401907371,2026,3,regular,2026-09-19T18:30:00.000Z,False,True,Northwest Missouri State,Mid America,65.0,Missouri Southern State,Mid America,3.0,,,,62.0,68.0
401866634,2026,3,regular,2026-09-19T18:30:00.000Z,False,True,Stony Brook,Coastal Athletic,56.0,Rhode Island,Coastal Athletic,24.0,,,4.147562377071705,32.0,80.0
401907221,2026,3,regular,2026-09-19T18:30:00.000Z,False,True,Truman State,Great Lakes,42.0,Missouri S&T,Great Lakes,14.0,,,,28.0,56.0
401868275,2026,3,regular,2026-09-19T18:30:00.000Z,False,False,Western Carolina,Southern,58.0,Presbyterian,Pioneer,14.0,,,2.6741240032310847,44.0,72.0
401862774,2026,3,regular,2026-09-19T19:00:00.000Z,False,False,Toledo,Mid-American,49.0,Temple,American Athletic,48.0,1568.0,1323.0,7.729420903421505,1.0,97.0
401867898,2026,3,regular,2026-09-19T19:00:00.000Z,False,False,Montana State,Big Sky,35.0,Central Connecticut,NEC,30.0,,,6.656403580894074,5.0,65.0
401907505,2026,3,regular,2026-09-19T19:00:00.000Z,False,True,Bentley,Northeast 10,49.0,Post,Northeast 10,7.0,,,,42.0,56.0
401908985,2026,3,regular,2026-09-19T19:00:00.000Z,False,False,Averett,Old Dominion,55.0,Gallaudet,Southern Collegiate Athletic,19.0,,,,36.0,74.0
401907705,2026,3,regular,2026-09-19T19:00:00.000Z,False,True,University of Mary,Northern Sun,34.0,Sioux Falls,Northern Sun,40.0,,,,-6.0,74.0
401908394,2026,3,regular,2026-09-19T19:00:00.000Z,False,False,Claremont Mudd Scripps,So. Cal.,25.0,George Fox,Northwest,42.0,,,,-17.0,67.0
401907686,2026,3,regular,2026-09-19T19:00:00.000Z,False,True,Minot State,Northern Sun,59.0,Southwest Minnesota State,Northern Sun,0.0,,,,59.0,59.0
401867846,2026,3,regular,2026-09-19T19:00:00.000Z,False,False,Illinois State,MVFC,49.0,Eastern Illinois,OVC,13.0,,,1.8584909352994314,36.0,62.0
401908455,2026,3,regular,2026-09-19T19:00:00.000Z,False,False,Willamette,Northwest,16.0,La Verne,So. Cal.,45.0,,,,-29.0,61.0
401867991,2026,3,regular,2026-09-19T19:00:00.000Z,False,False,Bucknell,Patriot,7.0,Pennsylvania,Ivy,20.0,,,4.69421467117529,-13.0,27.0
401909119,2026,3,regular,2026-09-19T19:00:00.000Z,False,True,Eureka,NACC,0.0,St. Norbert,NACC,31.0,,,,-31.0,31.0
401906187,2026,3,regular,2026-09-19T19:00:00.000Z,False,False,Erskine,Carolinas,14.0,Brevard,USA South,27.0,,,,-13.0,41.0
401907123,2026,3,regular,2026-09-19T19:00:00.000Z,False,True,Chadron State,Rocky Mountain,6.0,CSU Pueblo,Rocky Mountain,33.0,,,,-27.0,39.0
401856801,2026,3,regular,2026-09-19T19:30:00.000Z,False,False,Utah,Big 12,33.0,Utah State,Pac-12,0.0,1874.0,1381.0,1.855585364021608,33.0,33.0
401860890,2026,3,regular,2026-09-19T19:30:00.000Z,False,False,Washington State,Pac-12,48.0,Duquesne,NEC,7.0,1536.0,,3.736257066861516,41.0,55.0
401858450,2026,3,regular,2026-09-19T19:30:00.000Z,False,False,Michigan,Big Ten,52.0,UTEP,Mountain West,17.0,1702.0,1163.0,4.7078150789167,35.0,69.0
401856694,2026,3,regular,2026-09-19T19:30:00.000Z,False,True,Texas A&M,SEC,21.0,Kentucky,SEC,31.0,1890.0,1440.0,4.227566138069254,-10.0,52.0
401858457,2026,3,regular,2026-09-19T19:30:00.000Z,False,True,Rutgers,Big Ten,35.0,USC,Big Ten,42.0,1371.0,1837.0,6.144945172564879,-7.0,77.0
401868018,2026,3,regular,2026-09-19T19:30:00.000Z,False,True,Richmond,Patriot,24.0,Georgetown,Patriot,21.0,,,4.996147499010326,3.0,45.0
401866635,2026,3,regular,2026-09-19T19:30:00.000Z,False,True,UAlbany,Coastal Athletic,20.0,Monmouth,Coastal Athletic,28.0,,,3.908567080934977,-8.0,48.0
401856685,2026,3,regular,2026-09-19T19:30:00.000Z,False,False,Alabama,SEC,50.0,Florida State,ACC,36.0,1859.0,1557.0,5.513821541043104,14.0,86.0
401866424,2026,3,regular,2026-09-19T19:30:00.000Z,False,False,Massachusetts,Mid-American,36.0,Stonehill,NEC,14.0,1049.0,,2.7463259433589973,22.0,50.0
401858230,2026,3,regular,2026-09-19T19:30:00.000Z,False,True,Louisville,ACC,41.0,SMU,ACC,31.0,1668.0,1728.0,7.0761696534289475,10.0,72.0
401858233,2026,3,regular,2026-09-19T19:30:00.000Z,False,False,California,ACC,49.0,Wagner,NEC,7.0,1353.0,,2.013852397878264,42.0,56.0
401856797,2026,3,regular,2026-09-19T19:30:00.000Z,False,False,Cincinnati,Big 12,35.0,Miami (OH),Mid-American,31.0,1516.0,1259.0,6.38672450903238,4.0,66.0
401858471,2026,3,regular,2026-09-19T20:00:00.000Z,False,False,Iowa,Big Ten,55.0,Northern Iowa,MVFC,0.0,1841.0,,2.087183122203247,55.0,55.0
401873230,2026,3,regular,2026-09-19T20:00:00.000Z,False,False,Cal Lutheran,So. Cal.,41.0,Puget Sound,Northwest,7.0,,,,34.0,48.0
401858449,2026,3,regular,2026-09-19T20:00:00.000Z,False,False,Indiana,Big Ten,38.0,Western Kentucky,Conference USA,0.0,2113.0,1250.0,2.876401622365555,38.0,38.0
401858231,2026,3,regular,2026-09-19T20:00:00.000Z,False,True,Duke,ACC,35.0,Stanford,ACC,7.0,1613.0,1354.0,3.237433821701348,28.0,42.0
401868051,2026,3,regular,2026-09-19T20:00:00.000Z,False,False,Idaho,Big Sky,39.0,Abilene Christian,UAC,41.0,,,7.3204349978369505,-2.0,80.0
401867804,2026,3,regular,2026-09-19T20:00:00.000Z,False,False,Baylor,Big 12,36.0,Louisiana Tech,Sun Belt,19.0,1506.0,1405.0,3.360110119380664,17.0,55.0
401866422,2026,3,regular,2026-09-19T20:00:00.000Z,False,False,Liberty,Conference USA,51.0,Ball State,Mid-American,15.0,1697.0,1112.0,2.9032035567150762,36.0,66.0
401906912,2026,3,regular,2026-09-19T20:00:00.000Z,False,True,Allen,SIAC,28.0,Albany State,SIAC,32.0,,,,-4.0,60.0
401868942,2026,3,regular,2026-09-19T20:00:00.000Z,False,False,Bethune-Cookman,SWAC,62.0,Virginia Lynchburg,,3.0,,,2.6139447143618,59.0,65.0
401906633,2026,3,regular,2026-09-19T20:00:00.000Z,False,True,Tiffin,Great Midwest Athletic,38.0,Thomas More,Great Midwest Athletic,14.0,,,,24.0,52.0
401866641,2026,3,regular,2026-09-19T20:00:00.000Z,False,False,Norfolk State,MEAC,42.0,Hampton,Coastal Athletic,21.0,,,5.338546718485145,21.0,63.0
401908406,2026,3,regular,2026-09-19T20:00:00.000Z,False,False,Lewis & Clark,Northwest,49.0,Pomona Pitzer,So. Cal.,28.0,,,,21.0,77.0
401856691,2026,3,regular,2026-09-19T20:15:00.000Z,False,True,South Carolina,SEC,34.0,Mississippi State,SEC,41.0,1742.0,1642.0,5.6081138909839074,-7.0,75.0
401868317,2026,3,regular,2026-09-19T20:30:00.000Z,False,False,UL Monroe,Sun Belt,35.0,SE Louisiana,Southland,38.0,1076.0,,5.870224837157036,-3.0,73.0
401908501,2026,3,regular,2026-09-19T20:30:00.000Z,False,False,Lyon,Southern Collegiate Athletic,32.0,Greenville,Upper Midwest,33.0,,,,-1.0,65.0
401907476,2026,3,regular,2026-09-19T21:00:00.000Z,False,True,Southern Connecticut State,Northeast 10,30.0,American International,Northeast 10,19.0,,,,11.0,49.0
401907645,2026,3,regular,2026-09-19T21:00:00.000Z,False,True,Minnesota Duluth,Northern Sun,9.0,Winona State,Northern Sun,6.0,,,,3.0,15.0
401907358,2026,3,regular,2026-09-19T21:00:00.000Z,False,True,Emporia State,Mid America,19.0,Nebraska Kearney,Mid America,9.0,,,,10.0,28.0
401907569,2026,3,regular,2026-09-19T22:00:00.000Z,False,True,Lock Haven,Pennsylvania State Athletic,20.0,Kutztown,Pennsylvania State Athletic,35.0,,,,-15.0,55.0
401907457,2026,3,regular,2026-09-19T22:00:00.000Z,False,True,Wingate,South Atlantic,22.0,Newberry,South Atlantic,25.0,,,,-3.0,47.0
401906051,2026,3,regular,2026-09-19T22:00:00.000Z,False,True,Virginia Union,CIAA,42.0,Bluefield State,CIAA,0.0,,,,42.0,42.0
401907428,2026,3,regular,2026-09-19T22:00:00.000Z,False,True,Lenoir Rhyne,South Atlantic,7.0,Mars Hill,South Atlantic,15.0,,,,-8.0,22.0
401906170,2026,3,regular,2026-09-19T22:00:00.000Z,False,True,Chowan,Carolinas,34.0,Barton,Carolinas,0.0,,,,34.0,34.0
401906163,2026,3,regular,2026-09-19T22:00:00.000Z,False,True,Livingstone,CIAA,21.0,Winston-Salem State,CIAA,13.0,,,,8.0,34.0
401868935,2026,3,regular,2026-09-19T22:00:00.000Z,False,False,Arkansas-Pine Bluff,SWAC,41.0,Central State,SIAC,35.0,,,3.9555157408063057,6.0,76.0
401864574,2026,3,regular,2026-09-19T22:00:00.000Z,False,False,App State,Sun Belt,26.0,Charlotte,American Athletic,21.0,1325.0,1168.0,3.7335858381066593,5.0,47.0
401866636,2026,3,regular,2026-09-19T22:00:00.000Z,False,True,Campbell,Coastal Athletic,42.0,North Carolina A&T,Coastal Athletic,14.0,,,2.7515476891957986,28.0,56.0
401868172,2026,3,regular,2026-09-19T22:00:00.000Z,False,False,Charleston Southern,OVC,65.0,Point University,,0.0,,,1.4185096247612503,65.0,65.0
401862710,2026,3,regular,2026-09-19T22:00:00.000Z,False,False,Old Dominion,Sun Belt,17.0,East Carolina,American Athletic,20.0,1289.0,1462.0,6.3264494952988874,-3.0,37.0
401908677,2026,3,regular,2026-09-19T22:00:00.000Z,False,True,John Carroll,Ohio,56.0,Kenyon,North Coast,7.0,,,,49.0,63.0
401908306,2026,3,regular,2026-09-19T22:00:00.000Z,False,False,Greensboro,USA South,7.0,BLUEFIELD,,28.0,,,,-21.0,35.0
401908208,2026,3,regular,2026-09-19T22:00:00.000Z,False,False,Anderson (IN),Heartland,17.0,Kalamazoo,Michigan,42.0,,,,-25.0,59.0
401862771,2026,3,regular,2026-09-19T22:00:00.000Z,False,False,Florida Atlantic,American Athletic,16.0,Florida International,Conference USA,10.0,1226.0,1409.0,5.53028244613773,6.0,26.0
401907414,2026,3,regular,2026-09-19T22:00:00.000Z,False,True,UVA Wise,South Atlantic,7.0,Carson Newman,South Atlantic,42.0,,,,-35.0,49.0
401907405,2026,3,regular,2026-09-19T22:00:00.000Z,False,True,Catawba,South Atlantic,24.0,Emory & Henry,South Atlantic,10.0,,,,14.0,34.0
401907252,2026,3,regular,2026-09-19T22:00:00.000Z,False,True,Clark Atlanta,SIAC,14.0,Miles,SIAC,27.0,,,,-13.0,41.0
401907293,2026,3,regular,2026-09-19T22:00:00.000Z,False,True,Lane College,SIAC,0.0,Morehouse,SIAC,44.0,,,,-44.0,44.0
401866637,2026,3,regular,2026-09-19T22:00:00.000Z,False,True,Elon,Coastal Athletic,24.0,Sacred Heart,Coastal Athletic,21.0,,,5.664640615505137,3.0,45.0
401866640,2026,3,regular,2026-09-19T22:00:00.000Z,False,False,Towson,Coastal Athletic,26.0,Morgan State,MEAC,41.0,,,3.503785827321359,-15.0,67.0
401868142,2026,3,regular,2026-09-19T22:00:00.000Z,False,False,Eastern Kentucky,UAC,14.0,Dayton,Pioneer,17.0,,,6.297789174822477,-3.0,31.0
401868009,2026,3,regular,2026-09-19T22:00:00.000Z,False,True,William & Mary,Patriot,27.0,Fordham,Patriot,52.0,,,2.806432042433397,-25.0,79.0
401867979,2026,3,regular,2026-09-19T22:00:00.000Z,False,False,Gardner-Webb,OVC,44.0,North Carolina Central,MEAC,20.0,,,4.545873034848934,24.0,64.0
401868337,2026,3,regular,2026-09-19T22:00:00.000Z,False,True,Chattanooga,Southern,41.0,Wofford,Southern,7.0,,,3.297717355652765,34.0,48.0
401906958,2026,3,regular,2026-09-19T22:30:00.000Z,False,True,Edward Waters,SIAC,55.0,Savannah State,SIAC,30.0,,,,25.0,85.0
401871047,2026,3,regular,2026-09-19T22:30:00.000Z,False,False,Missouri State,Conference USA,24.0,Marshall,Sun Belt,30.0,1284.0,1388.0,6.715983248413741,-6.0,54.0
401907240,2026,3,regular,2026-09-19T23:00:00.000Z,False,True,Southwest Baptist,Great Lakes,17.0,William Jewell,Great Lakes,27.0,,,,-10.0,44.0
401907276,2026,3,regular,2026-09-19T23:00:00.000Z,False,True,Angelo State,Lone Star,19.0,West Texas,Lone Star,27.0,,,,-8.0,46.0
401908369,2026,3,regular,2026-09-19T23:00:00.000Z,False,False,Ursinus,Centennial,35.0,Moravian,Landmark Conference,19.0,,,,16.0,54.0
401908846,2026,3,regular,2026-09-19T23:00:00.000Z,False,True,Wilmington (OH),Ohio,14.0,Otterbein,Ohio,35.0,,,,-21.0,49.0
401909020,2026,3,regular,2026-09-19T23:00:00.000Z,False,True,Allegheny,Presidents',38.0,Waynesburg,Presidents',20.0,,,,18.0,58.0
401862772,2026,3,regular,2026-09-19T23:00:00.000Z,False,False,Memphis,American Athletic,45.0,UT Martin,OVC,21.0,1529.0,,2.4351672171204406,24.0,66.0
401862773,2026,3,regular,2026-09-19T23:00:00.000Z,False,False,Rice,American Athletic,21.0,Western Michigan,Mid-American,28.0,1147.0,1534.0,4.697684070810628,-7.0,49.0
401868964,2026,3,regular,2026-09-19T23:00:00.000Z,False,False,Mississippi Valley State,SWAC,6.0,Delta State,Gulf South,21.0,,,3.6742485026239495,-15.0,27.0
401868062,2026,3,regular,2026-09-19T23:00:00.000Z,False,True,West Florida,UAC,16.0,Austin Peay,UAC,38.0,,,3.271145145737536,-22.0,54.0
401868237,2026,3,regular,2026-09-19T23:00:00.000Z,False,False,Tarleton State,UAC,45.0,Merrimack,FCS Independents,20.0,,,3.868772956310622,25.0,65.0
401868959,2026,3,regular,2026-09-19T23:00:00.000Z,False,False,Jackson State,SWAC,41.0,Tuskegee,SIAC,7.0,,,2.5831035400085365,34.0,48.0
401861963,2026,3,regular,2026-09-19T23:00:00.000Z,False,False,Southern Miss,Sun Belt,20.0,UConn,FBS Independents,48.0,1285.0,1413.0,4.811639806925726,-28.0,68.0
401856687,2026,3,regular,2026-09-19T23:00:00.000Z,False,True,Auburn,SEC,39.0,Florida,SEC,44.0,1678.0,1658.0,4.915838118486049,-5.0,83.0
401868971,2026,3,regular,2026-09-19T23:00:00.000Z,False,False,Southern,SWAC,50.0,Louisiana Christian,,31.0,,,2.781539654220854,19.0,81.0
401868196,2026,3,regular,2026-09-19T23:00:00.000Z,False,False,Florida A&M,SWAC,26.0,Tennessee State,OVC,29.0,,,7.374137593579643,-3.0,55.0
401867896,2026,3,regular,2026-09-19T23:00:00.000Z,False,True,South Dakota State,MVFC,27.0,Youngstown State,MVFC,20.0,,,3.9519042883269844,7.0,47.0
401869147,2026,3,regular,2026-09-19T23:00:00.000Z,False,True,Incarnate Word,Southland,30.0,Houston Christian,Southland,23.0,,,8.817507344417995,7.0,53.0
401868205,2026,3,regular,2026-09-19T23:00:00.000Z,False,False,Western Illinois,OVC,59.0,Morehead State,Pioneer,2.0,,,1.7646611069809675,57.0,61.0
401868151,2026,3,regular,2026-09-19T23:00:00.000Z,False,False,North Alabama,UAC,38.0,Alcorn State,SWAC,20.0,,,4.109287710452121,18.0,58.0
401864443,2026,3,regular,2026-09-19T23:00:00.000Z,False,False,Middle Tennessee,Conference USA,27.0,Nevada,Mountain West,20.0,1277.0,1462.0,5.943196413737067,7.0,47.0
401907298,2026,3,regular,2026-09-19T23:00:00.000Z,False,True,Midwestern State,Lone Star,84.0,Western New Mexico,Lone Star,17.0,,,,67.0,101.0
401866423,2026,3,regular,2026-09-19T23:00:00.000Z,False,False,South Alabama,Sun Belt,41.0,Ohio,Mid-American,36.0,1391.0,1320.0,3.9245862967611207,5.0,77.0
401856689,2026,3,regular,2026-09-19T23:00:00.000Z,False,False,Missouri,SEC,27.0,Troy,Sun Belt,17.0,1691.0,1420.0,4.3885685456675425,10.0,44.0
401862777,2026,3,regular,2026-09-19T23:00:00.000Z,False,False,South Florida,American Athletic,59.0,Delaware State,MEAC,17.0,1682.0,,3.6874871503721045,42.0,76.0
401869948,2026,3,regular,2026-09-19T23:00:00.000Z,False,False,Jacksonville State,Conference USA,31.0,Georgia Southern,Sun Belt,27.0,1426.0,1359.0,5.231225171281374,4.0,58.0
401870764,2026,3,regular,2026-09-19T23:00:00.000Z,False,False,Sam Houston,Conference USA,59.0,Nicholls,Southland,0.0,1155.0,,1.8754360356013395,59.0,59.0
401856803,2026,3,regular,2026-09-19T23:00:00.000Z,False,False,Oklahoma State,Big 12,59.0,Murray State,MVFC,0.0,1247.0,,1.8571430379362441,59.0,59.0
401906201,2026,3,regular,2026-09-19T23:00:00.000Z,False,False,West Alabama,Gulf South,14.0,North Greenville,Carolinas,24.0,,,,-10.0,38.0
401906528,2026,3,regular,2026-09-19T23:00:00.000Z,False,True,Henderson State,Great American,35.0,Arkansas Monticello,Great American,24.0,,,,11.0,59.0
401908277,2026,3,regular,2026-09-19T23:00:00.000Z,False,False,East Texas Baptist,American Southwest,46.0,Centenary (LA),Southern Collegiate Athletic,14.0,,,,32.0,60.0
401907729,2026,3,regular,2026-09-19T23:00:00.000Z,False,True,Wayne State (NE),Northern Sun,44.0,Jamestown,Northern Sun,7.0,,,,37.0,51.0
401907840,2026,3,regular,2026-09-19T23:00:00.000Z,False,True,Wheaton (IL),CCIW,82.0,Millikin,CCIW,10.0,,,,72.0,92.0
401907004,2026,3,regular,2026-09-19T23:00:00.000Z,False,False,Grand Valley State,GLIAC,96.0,Elgin,,0.0,,,,96.0,96.0
401906560,2026,3,regular,2026-09-19T23:00:00.000Z,False,True,Northwestern (OK),Great American,37.0,Oklahoma Baptist,Great American,55.0,,,,-18.0,92.0
401906575,2026,3,regular,2026-09-19T23:00:00.000Z,False,True,Southwestern Oklahoma State,Great American,21.0,Southeastern Oklahoma State,Great American,27.0,,,,-6.0,48.0
401906622,2026,3,regular,2026-09-19T23:00:00.000Z,False,True,Walsh,Great Midwest Athletic,28.0,Lake Erie,Great Midwest Athletic,7.0,,,,21.0,35.0
401868298,2026,3,regular,2026-09-19T23:00:00.000Z,False,False,Alabama A&M,SWAC,45.0,Bowie State,CIAA,3.0,,,1.513540065600934,42.0,48.0
401856800,2026,3,regular,2026-09-19T23:00:00.000Z,False,False,UCF,Big 12,44.0,Georgia State,Sun Belt,30.0,1468.0,1287.0,5.735549721200934,14.0,74.0
401868133,2026,3,regular,2026-09-19T23:00:00.000Z,False,False,Southeast Missouri State,OVC,27.0,Central Arkansas,UAC,9.0,,,3.595085867316662,18.0,36.0
401907196,2026,3,regular,2026-09-19T23:00:00.000Z,False,True,McKendree,Great Lakes,35.0,Indianapolis,Great Lakes,31.0,,,,4.0,66.0
401908327,2026,3,regular,2026-09-19T23:00:00.000Z,False,False,Schreiner,,31.0,Southwestern U,Southern Athletic,28.0,,,,3.0,59.0
401908767,2026,3,regular,2026-09-19T23:00:00.000Z,False,True,Ripon,Midwest,30.0,Knox,Midwest,7.0,,,,23.0,37.0
401867984,2026,3,regular,2026-09-19T23:00:00.000Z,False,False,Furman,Southern,17.0,South Carolina State,MEAC,20.0,,,5.1049575835267325,-3.0,37.0
401906537,2026,3,regular,2026-09-19T23:00:00.000Z,False,True,Southern Nazarene,Great American,24.0,East Central,Great American,35.0,,,,-11.0,59.0
401858452,2026,3,regular,2026-09-19T23:15:00.000Z,False,False,Nebraska,Big Ten,34.0,North Dakota,MVFC,7.0,1715.0,,1.859135207140717,27.0,41.0
401858459,2026,3,regular,2026-09-19T23:15:00.000Z,False,False,Washington,Big Ten,48.0,Eastern Washington,Big Sky,16.0,1752.0,,3.1874741790894,32.0,64.0
401856795,2026,3,regular,2026-09-19T23:30:00.000Z,False,False,Colorado State,Pac-12,23.0,BYU,Big 12,41.0,1336.0,1683.0,3.8666532735004533,-18.0,64.0
401856802,2026,3,regular,2026-09-19T23:30:00.000Z,True,False,Virginia,ACC,27.0,West Virginia,Big 12,38.0,1655.0,1365.0,6.0148190025336605,-11.0,65.0
401856688,2026,3,regular,2026-09-19T23:30:00.000Z,False,True,Ole Miss,SEC,32.0,LSU,SEC,24.0,1851.0,1794.0,4.662154542037517,8.0,56.0
401858232,2026,3,regular,2026-09-19T23:30:00.000Z,False,False,Maryland,Big Ten,26.0,Virginia Tech,ACC,35.0,1495.0,1468.0,4.1187773296057335,-9.0,61.0
401856796,2026,3,regular,2026-09-19T23:30:00.000Z,False,False,Northwestern,Big Ten,41.0,Colorado,Big 12,7.0,1549.0,1406.0,2.6936814550593233,34.0,48.0
401858453,2026,3,regular,2026-09-19T23:30:00.000Z,False,False,Notre Dame,FBS Independents,27.0,Michigan State,Big Ten,10.0,2070.0,1528.0,2.726436174502571,17.0,37.0
401856690,2026,3,regular,2026-09-19T23:30:00.000Z,False,False,Oklahoma,SEC,14.0,New Mexico,Mountain West,6.0,1783.0,1558.0,3.888959815772902,8.0,20.0
401856692,2026,3,regular,2026-09-19T23:45:00.000Z,False,False,Tennessee,SEC,42.0,Kennesaw State,Conference USA,9.0,1729.0,1327.0,1.9992992525092796,33.0,51.0
401907285,2026,3,regular,2026-09-20T00:00:00.000Z,False,True,Texas A&M-Kingsville,Lone Star,56.0,Eastern New Mexico,Lone Star,22.0,,,,34.0,78.0
401906517,2026,3,regular,2026-09-20T00:00:00.000Z,False,True,Arkansas Tech,Great American,17.0,Ouachita Baptist,Great American,34.0,,,,-17.0,51.0
401907316,2026,3,regular,2026-09-20T00:00:00.000Z,False,True,Sul Ross State,Lone Star,7.0,UT Permian Basin,Lone Star,66.0,,,,-59.0,73.0
401907132,2026,3,regular,2026-09-20T00:00:00.000Z,False,True,Colorado Mesa,Rocky Mountain,17.0,Western Colorado,Rocky Mountain,31.0,,,,-14.0,48.0
401856693,2026,3,regular,2026-09-20T00:00:00.000Z,False,False,Texas,SEC,30.0,UTSA,American Athletic,6.0,1916.0,1525.0,2.120834864199118,24.0,36.0
401862775,2026,3,regular,2026-09-20T00:00:00.000Z,False,False,Tulsa,American Athletic,42.0,East Texas A&M,Southland,0.0,1277.0,,2.2230052365386244,42.0,42.0
401906547,2026,3,regular,2026-09-20T00:00:00.000Z,False,True,Harding,Great American,52.0,Southern Arkansas,Great American,21.0,,,,31.0,73.0
401862776,2026,3,regular,2026-09-20T00:00:00.000Z,False,False,Louisiana,Sun Belt,21.0,UAB,American Athletic,14.0,1387.0,1403.0,3.4527354029997275,7.0,35.0
401868247,2026,3,regular,2026-09-20T00:00:00.000Z,False,True,UT Rio Grande Valley,Southland,27.0,McNeese,Southland,10.0,,,3.195055913456465,17.0,37.0
401868130,2026,3,regular,2026-09-20T00:00:00.000Z,False,False,Northern Colorado,Big Sky,23.0,Northeastern State,Independent DII,17.0,,,7.687510606130718,6.0,40.0
401907364,2026,3,regular,2026-09-20T00:00:00.000Z,False,True,Fort Hays,Mid America,42.0,Pittsburg State,Mid America,17.0,,,,25.0,59.0
401908430,2026,3,regular,2026-09-20T00:00:00.000Z,False,False,Trinity (TX),Southern Athletic,24.0,Pacific Lutheran,Northwest,6.0,,,,18.0,30.0
401908471,2026,3,regular,2026-09-20T00:00:00.000Z,False,True,Crown,Upper Midwest,13.0,Martin Luther,Upper Midwest,9.0,,,,4.0,22.0
401908797,2026,3,regular,2026-09-20T00:00:00.000Z,False,True,Bethel (MN),Minnesota,49.0,Gustavus Adolphus,Minnesota,7.0,,,,42.0,56.0
401908808,2026,3,regular,2026-09-20T00:00:00.000Z,False,True,Macalester,Minnesota,45.0,Carleton,Minnesota,48.0,,,,-3.0,93.0
401856799,2026,3,regular,2026-09-20T00:00:00.000Z,False,False,TCU,Big 12,31.0,Arkansas State,Sun Belt,7.0,1595.0,1353.0,3.1451508269075092,24.0,38.0
401868124,2026,3,regular,2026-09-20T00:00:00.000Z,False,True,Utah Tech,Big Sky,23.0,Northern Arizona,Big Sky,35.0,,,5.021765592825793,-12.0,58.0
401868075,2026,3,regular,2026-09-20T00:00:00.000Z,False,False,Cal Poly,Big Sky,35.0,San Diego,Pioneer,38.0,,,8.855398394840327,-3.0,73.0
401868168,2026,3,regular,2026-09-20T00:00:00.000Z,False,False,Weber State,Big Sky,49.0,Northwestern State,Southland,20.0,,,2.3282195960766816,29.0,69.0
401868307,2026,3,regular,2026-09-20T00:00:00.000Z,False,False,Prairie View A&M,SWAC,10.0,Stephen F. Austin,Southland,31.0,,,4.0698421713727635,-21.0,41.0
401907330,2026,3,regular,2026-09-20T01:00:00.000Z,False,True,Central Washington,Lone Star,45.0,Western Oregon,Lone Star,36.0,,,,9.0,81.0
401908469,2026,3,regular,2026-09-20T02:00:00.000Z,False,True,Azusa Pacific,So. Cal.,35.0,Whittier,So. Cal.,17.0,,,,18.0,52.0
401868164,2026,3,regular,2026-09-20T02:00:00.000Z,False,False,UC Davis,Big Sky,45.0,Stetson,Pioneer,7.0,,,2.3597259352432545,38.0,52.0
401908417,2026,3,regular,2026-09-20T02:00:00.000Z,False,False,Chapman,So. Cal.,24.0,Linfield,Northwest,21.0,,,,3.0,45.0
401860885,2026,3,regular,2026-09-20T02:00:00.000Z,False,False,Boise State,Pac-12,38.0,South Dakota,MVFC,24.0,1606.0,,5.709640287937467,14.0,62.0
401860887,2026,3,regular,2026-09-20T02:00:00.000Z,False,False,San Diego State,Pac-12,13.0,James Madison,Sun Belt,26.0,1469.0,1776.0,4.566228542357562,-13.0,39.0
401908464,2026,3,regular,2026-09-20T02:05:00.000Z,False,False,Redlands,So. Cal.,14.0,Whitworth,Northwest,33.0,,,,-19.0,47.0
401864507,2026,3,regular,2026-09-20T02:30:00.000Z,False,False,Sacramento State,Mid-American,10.0,North Dakota State,Mountain West,31.0,1324.0,1567.0,4.201292419504139,-21.0,41.0
401856793,2026,3,regular,2026-09-20T02:30:00.000Z,False,False,Arizona,Big 12,42.0,Northern Illinois,Mountain West,17.0,1608.0,1266.0,3.8379336626917135,25.0,59.0
401858458,2026,3,regular,2026-09-20T03:00:00.000Z,False,True,UCLA,Big Ten,52.0,Purdue,Big Ten,38.0,1487.0,1326.0,5.646131474311363,14.0,90.0
401860886,2026,3,regular,2026-09-20T03:00:00.000Z,False,False,Oregon State,Pac-12,52.0,Montana,Big Sky,17.0,1259.0,,2.5196248513888295,35.0,69.0
401860888,2026,3,regular,2026-09-20T03:00:00.000Z,False,False,San José State,Mountain West,10.0,Fresno State,Pac-12,26.0,1413.0,1591.0,5.372592252759031,-16.0,36.0
