game_id,season,week,home_team,away_team,provider,spread,formatted_spread,spread_open,over_under,over_under_open,home_moneyline,away_moneyline
401856666,2026,1,Tennessee,Furman,DraftKings,-49.5,Tennessee -49.5,-46.5,66.5,66.5,,
401856666,2026,1,Tennessee,Furman,Draft Kings,-49.5,Tennessee -49.5,,66.5,,,
401856666,2026,1,Tennessee,Furman,Bovada,-49.0,Tennessee -49.0,-48.0,66.5,66.5,,
401862698,2026,1,Temple,Rhode Island,DraftKings,-14.5,Temple -14.5,-10.0,51.5,51.5,-700.0,500.0
401862698,2026,1,Temple,Rhode Island,Bovada,-14.5,Temple -14.5,-14.5,51.0,51.0,-700.0,475.0
401862698,2026,1,Temple,Rhode Island,Draft Kings,-14.5,Temple -14.5,,51.5,,,
401856635,2026,1,Arkansas,North Alabama,DraftKings,-40.5,Arkansas -40.5,-40.5,63.5,63.5,,
401856635,2026,1,Arkansas,North Alabama,Draft Kings,-40.5,Arkansas -40.5,,63.5,,,
401856635,2026,1,Arkansas,North Alabama,Bovada,-40.5,Arkansas -40.5,-40.5,63.0,63.0,,
401856777,2026,1,Cincinnati,Boston College,DraftKings,-7.0,Cincinnati -7,-9.5,51.5,,-278.0,225.0
401856777,2026,1,Cincinnati,Boston College,Draft Kings,-7.0,Cincinnati -7,,51.5,,,
401856777,2026,1,Cincinnati,Boston College,Bovada,-7.0,Cincinnati -7.0,-9.5,51.0,54.5,-270.0,220.0
401869960,2026,1,James Madison,Liberty,DraftKings,-6.0,James Madison -6,-6.0,50.5,,-225.0,185.0
401869960,2026,1,James Madison,Liberty,Bovada,-6.0,James Madison -6.0,-6.0,50.5,50.5,-250.0,210.0
401869960,2026,1,James Madison,Liberty,Draft Kings,-6.0,James Madison -6,,50.5,,,
401856779,2026,1,Iowa State,Southeast Missouri State,DraftKings,-29.5,Iowa State -29.5,-29.5,52.5,53.5,-9000.0,2500.0
401856779,2026,1,Iowa State,Southeast Missouri State,Draft Kings,-29.5,Iowa State -29.5,,52.5,,,
401858208,2026,1,Syracuse,New Hampshire,DraftKings,-35.5,Syracuse -35.5,-32.5,56.5,55.5,-100000.0,5000.0
401858208,2026,1,Syracuse,New Hampshire,Bovada,-34.5,Syracuse -34.5,-34.5,55.5,55.0,,
401858208,2026,1,Syracuse,New Hampshire,Draft Kings,-35.5,Syracuse -35.5,,56.5,,,
401856767,2026,1,UCF,Bethune-Cookman,DraftKings,-43.5,UCF -43.5,-41.5,58.5,,,
401856767,2026,1,UCF,Bethune-Cookman,Draft Kings,-43.5,UCF -43.5,,58.5,,,
401856658,2026,1,Georgia,Tennessee State,DraftKings,-49.5,Georgia -49.5,-46.5,55.5,56.5,,
401856658,2026,1,Georgia,Tennessee State,Draft Kings,-49.5,Georgia -49.5,,55.5,,,
401856658,2026,1,Georgia,Tennessee State,Bovada,-49.0,Georgia -49.0,-48.0,55.0,54.5,,
401862701,2026,1,Army,Bryant,DraftKings,-37.5,Army -37.5,-36.5,51.5,,,
401862701,2026,1,Army,Bryant,Bovada,-37.0,Army -37.0,-37.0,50.5,50.5,,
401862701,2026,1,Army,Bryant,Draft Kings,-37.5,Army -37.5,,51.5,,,
401861962,2026,1,UConn,Lafayette,DraftKings,-21.5,UConn -21.5,-19.5,51.5,58.5,-1800.0,1000.0
401861962,2026,1,UConn,Lafayette,Bovada,-19.5,UConn -19.5,-19.5,51.5,51.5,-1300.0,725.0
401861962,2026,1,UConn,Lafayette,Draft Kings,-21.5,UConn -21.5,,51.5,,,
401856659,2026,1,Kentucky,Youngstown State,DraftKings,-22.5,Kentucky -22.5,-23.5,61.5,62.5,-1600.0,900.0
401856659,2026,1,Kentucky,Youngstown State,Bovada,-22.0,Kentucky -22.0,-23.0,62.5,62.5,-2200.0,1000.0
401856659,2026,1,Kentucky,Youngstown State,Draft Kings,-22.5,Kentucky -22.5,,61.5,,,
401866410,2026,1,Bowling Green,Tarleton State,DraftKings,-1.5,Bowling Green -1.5,-2.5,49.5,47.5,-120.0,100.0
401866410,2026,1,Bowling Green,Tarleton State,Bovada,-2.0,Bowling Green -2.0,-2.0,48.0,48.0,-125.0,105.0
401866410,2026,1,Bowling Green,Tarleton State,Draft Kings,-1.5,Bowling Green -1.5,,49.5,,,
401866409,2026,1,Buffalo,UAlbany,DraftKings,-18.5,Buffalo -18.5,-24.5,47.5,48.5,-1000.0,650.0
401866409,2026,1,Buffalo,UAlbany,Draft Kings,-18.5,Buffalo -18.5,,47.5,,,
401862694,2026,1,Charlotte,The Citadel,DraftKings,-20.5,Charlotte -20.5,-15.5,49.5,46.5,-1650.0,950.0
401862694,2026,1,Charlotte,The Citadel,Draft Kings,-20.5,Charlotte -20.5,,49.5,,,
401862694,2026,1,Charlotte,The Citadel,Bovada,-20.5,Charlotte -20.5,-20.0,49.0,46.5,-1400.0,750.0
401866623,2026,1,Georgia State,North Carolina A&T,DraftKings,-28.5,Georgia State -28.5,-28.5,58.5,63.5,-4000.0,1600.0
401866623,2026,1,Georgia State,North Carolina A&T,Bovada,-28.0,Georgia State -28.0,-28.0,61.0,61.0,,
401866623,2026,1,Georgia State,North Carolina A&T,Draft Kings,-28.5,Georgia State -28.5,,58.5,,,
401858422,2026,1,Minnesota,Eastern Illinois,DraftKings,-42.5,Minnesota -42.5,-43.5,52.5,,,
401858422,2026,1,Minnesota,Eastern Illinois,Draft Kings,-42.5,Minnesota -42.5,,52.5,,,
401856769,2026,1,Kansas,Long Island University,DraftKings,-44.5,Kansas -44.5,-38.5,57.5,53.5,,
401856769,2026,1,Kansas,Long Island University,Bovada,-42.0,Kansas -42.0,-42.0,54.5,54.5,,
401856769,2026,1,Kansas,Long Island University,Draft Kings,-44.5,Kansas -44.5,,57.5,,,
401856663,2026,1,Missouri,Arkansas-Pine Bluff,DraftKings,-55.5,Missouri -55.5,-54.5,62.5,60.5,,
401856663,2026,1,Missouri,Arkansas-Pine Bluff,Draft Kings,-55.5,Missouri -55.5,,62.5,,,
401864424,2026,1,Delaware,Merrimack,DraftKings,-31.5,Delaware -31.5,-28.5,56.5,55.5,-8000.0,2200.0
401864424,2026,1,Delaware,Merrimack,Draft Kings,-31.5,Delaware -31.5,,56.5,,,
401858435,2026,1,Purdue,Indiana State,DraftKings,-34.5,Purdue -34.5,-34.5,55.5,56.5,,
401858435,2026,1,Purdue,Indiana State,Bovada,-35.5,Purdue -35.5,-35.5,56.0,56.0,,
401858435,2026,1,Purdue,Indiana State,Draft Kings,-35.5,Purdue -35.5,,55.5,,,
401864425,2026,1,Kennesaw State,West Georgia,DraftKings,-22.5,Kennesaw State -22.5,-22.5,50.5,51.5,-3600.0,1500.0
401864425,2026,1,Kennesaw State,West Georgia,Draft Kings,-22.5,Kennesaw State -22.5,,50.5,,,
401862696,2026,1,Navy,Towson,DraftKings,-31.5,Navy -31.5,-30.5,50.5,53.5,-100000.0,5000.0
401862696,2026,1,Navy,Towson,Draft Kings,-31.5,Navy -31.5,,50.5,,,
401862696,2026,1,Navy,Towson,Bovada,-30.5,Navy -30.5,-30.5,50.5,50.5,,
401864499,2026,1,North Dakota State,Fordham,DraftKings,-41.5,North Dakota State -41.5,-39.5,54.5,57.5,,
401864499,2026,1,North Dakota State,Fordham,Bovada,-41.5,North Dakota State -41.5,-41.5,54.0,56.0,,
401864499,2026,1,North Dakota State,Fordham,Draft Kings,-41.5,North Dakota State -41.5,,54.5,,,
401862700,2026,1,UTSA,UT Rio Grande Valley,DraftKings,-28.5,UTSA -28.5,-28.5,59.5,59.5,-6500.0,2000.0
401862700,2026,1,UTSA,UT Rio Grande Valley,Draft Kings,-28.5,UTSA -28.5,,59.5,,,
401862700,2026,1,UTSA,UT Rio Grande Valley,Bovada,-28.5,UTSA -28.5,-28.5,59.5,59.5,-10000.0,1600.0
401866627,2026,1,App State,Maine,DraftKings,-20.5,App State -20.5,-17.5,53.5,53.5,-1450.0,850.0
401866627,2026,1,App State,Maine,Draft Kings,-21.0,App State -21,,53.5,,,
401866627,2026,1,App State,Maine,Bovada,-21.0,App State -21.0,-19.5,54.0,53.5,-1300.0,725.0
401856782,2026,2,Oklahoma State,Oregon,DraftKings,23.5,Oregon -23.5,18.5,54.5,60.5,1100.0,-2100.0
401856782,2026,2,Oklahoma State,Oregon,Bovada,24.0,Oregon -24.0,22.5,55.5,57.5,1000.0,-2200.0
401856782,2026,2,Oklahoma State,Oregon,Draft Kings,24.5,Oregon -24.5,,55.5,,,
401866411,2026,1,Sacramento State,Mississippi Valley State,DraftKings,-37.5,Sacramento State -37.5,-35.5,56.5,56.5,,
401866411,2026,1,Sacramento State,Mississippi Valley State,Draft Kings,-38.5,Sacramento State -38.5,,56.5,,,
401856775,2026,1,BYU,Utah Tech,DraftKings,-50.5,BYU -50.5,-47.5,61.5,54.5,,
401856775,2026,1,BYU,Utah Tech,Bovada,-49.5,BYU -49.5,-51.5,61.0,61.0,,
401856775,2026,1,BYU,Utah Tech,Draft Kings,-50.5,BYU -50.5,,61.5,,,
401868140,2026,1,Jacksonville State,Eastern Kentucky,DraftKings,-22.5,Jacksonville State -22.5,-19.5,51.5,52.5,-2100.0,1100.0
401868140,2026,1,Jacksonville State,Eastern Kentucky,Draft Kings,-22.5,Jacksonville State -22.5,,51.5,,,
401868140,2026,1,Jacksonville State,Eastern Kentucky,Bovada,-22.0,Jacksonville State -22.0,-21.0,53.0,53.5,-1600.0,800.0
401856669,2026,1,Vanderbilt,Austin Peay,DraftKings,-28.5,Vanderbilt -28.5,-30.5,57.5,61.5,-6500.0,2000.0
401856669,2026,1,Vanderbilt,Austin Peay,Draft Kings,-29.5,Vanderbilt -29.5,,57.5,,,
401856669,2026,1,Vanderbilt,Austin Peay,Bovada,-29.0,Vanderbilt -29.0,-29.0,59.0,60.5,-6000.0,1325.0
401858431,2026,1,Northwestern,South Dakota State,DraftKings,-14.0,Northwestern -14,-12.5,49.5,46.5,-600.0,440.0
401858431,2026,1,Northwestern,South Dakota State,Bovada,-12.5,Northwestern -12.5,-12.5,48.5,46.0,-525.0,375.0
401858431,2026,1,Northwestern,South Dakota State,Draft Kings,-14.0,Northwestern -14,,49.5,,,
401856770,2026,1,Texas Tech,Abilene Christian,DraftKings,-45.5,Texas Tech -45.5,-42.5,60.5,59.5,,
401856770,2026,1,Texas Tech,Abilene Christian,Draft Kings,-45.5,Texas Tech -45.5,,61.5,,,
401856770,2026,1,Texas Tech,Abilene Christian,Bovada,-44.5,Texas Tech -44.5,-42.5,60.5,59.5,,
401856773,2026,1,Arizona,Northern Arizona,DraftKings,-32.5,Arizona -32.5,-31.5,59.5,56.5,-6500.0,2000.0
401856773,2026,1,Arizona,Northern Arizona,Bovada,-31.5,Arizona -31.5,-31.5,58.5,58.5,-10000.0,1600.0
401856773,2026,1,Arizona,Northern Arizona,Draft Kings,-33.5,Arizona -33.5,,59.5,,,
401862697,2026,1,Rice,Houston Christian,DraftKings,-22.5,Rice -22.5,-24.5,47.5,47.5,-2400.0,1200.0
401862697,2026,1,Rice,Houston Christian,Draft Kings,-22.5,Rice -22.5,,47.5,,,
401862697,2026,1,Rice,Houston Christian,Bovada,-23.0,Rice -23.0,-22.5,47.5,47.5,-2000.0,950.0
401868170,2026,1,Georgia Southern,Charleston Southern,DraftKings,-28.5,Georgia Southern -28.5,-25.5,51.5,51.5,-5000.0,1800.0
401868170,2026,1,Georgia Southern,Charleston Southern,Draft Kings,-28.5,Georgia Southern -28.5,,51.5,,,
401868170,2026,1,Georgia Southern,Charleston Southern,Bovada,-28.0,Georgia Southern -28.0,-25.5,52.5,51.5,-4000.0,1200.0
401856771,2026,1,Kansas State,Nicholls,DraftKings,-41.5,Kansas State -41.5,-40.5,55.5,55.5,,
401856771,2026,1,Kansas State,Nicholls,Draft Kings,-41.5,Kansas State -41.5,,55.5,,,
401856771,2026,1,Kansas State,Nicholls,Bovada,-41.0,Kansas State -41.0,-40.5,55.0,54.5,,
401860880,2026,1,Utah State,Idaho State,DraftKings,-15.5,Utah State -15.5,-11.5,59.5,64.5,-650.0,470.0
401860880,2026,1,Utah State,Idaho State,Draft Kings,-15.5,Utah State -15.5,,59.5,,,
401860880,2026,1,Utah State,Idaho State,Bovada,-14.5,Utah State -14.5,-14.0,60.0,62.0,-600.0,425.0
401856688,2026,3,Ole Miss,LSU,DraftKings,3.0,LSU -3,-1.5,58.5,57.5,124.0,-148.0
401856688,2026,3,Ole Miss,LSU,Bovada,2.5,LSU -2.5,3.0,59.0,58.5,130.0,-165.0
401856688,2026,3,Ole Miss,LSU,Draft Kings,3.0,LSU -3,,58.5,,,
401860879,2026,1,San Diego State,Portland State,DraftKings,-38.5,San Diego State -38.5,-38.5,62.5,57.5,,
401860879,2026,1,San Diego State,Portland State,Bovada,-40.5,San Diego State -40.5,-40.5,62.0,62.0,,
401860879,2026,1,San Diego State,Portland State,Draft Kings,-38.5,San Diego State -38.5,,61.5,,,
401856685,2026,3,Alabama,Florida State,DraftKings,-18.5,Alabama -18.5,-15.5,49.5,52.5,-1350.0,800.0
401856685,2026,3,Alabama,Florida State,Bovada,-18.5,Alabama -18.5,-20.5,50.0,49.0,-1500.0,775.0
401856685,2026,3,Alabama,Florida State,Draft Kings,-18.5,Alabama -18.5,,50.5,,,
401869129,2026,1,Louisiana Tech,Northwestern State,DraftKings,-44.5,Louisiana Tech -44.5,-41.5,56.5,52.5,,
401869129,2026,1,Louisiana Tech,Northwestern State,Bovada,-44.5,Louisiana Tech -44.5,-44.5,56.5,55.5,,
401869129,2026,1,Louisiana Tech,Northwestern State,Draft Kings,-44.5,Louisiana Tech -44.5,,56.5,,,
401858211,2026,1,Virginia Tech,VMI,DraftKings,-54.5,Virginia Tech -54.5,-50.5,60.5,57.5,,
401858211,2026,1,Virginia Tech,VMI,Bovada,-54.5,Virginia Tech -54.5,-55.5,62.0,62.0,,
401858211,2026,1,Virginia Tech,VMI,Draft Kings,-54.5,Virginia Tech -54.5,,60.5,,,
401858230,2026,3,Louisville,SMU,DraftKings,-3.0,Louisville -3,-1.5,57.5,56.5,-142.0,120.0
401858230,2026,3,Louisville,SMU,Bovada,-3.0,Louisville -3.0,-1.0,57.5,59.5,-115.0,-105.0
401858230,2026,3,Louisville,SMU,Draft Kings,-3.0,Louisville -3,,57.5,,,
401856687,2026,3,Auburn,Florida,DraftKings,2.5,Florida -2.5,-1.5,52.5,53.5,114.0,-135.0
401856687,2026,3,Auburn,Florida,Bovada,2.5,Florida -2.5,2.5,53.0,53.0,115.0,-135.0
401856687,2026,3,Auburn,Florida,Draft Kings,2.5,Florida -2.5,,53.5,,,
401858427,2026,1,Maryland,Hampton,DraftKings,-45.5,Maryland -45.5,-45.5,56.5,56.5,,
401858427,2026,1,Maryland,Hampton,Bovada,-45.5,Maryland -45.5,-45.5,56.0,55.5,,
401858427,2026,1,Maryland,Hampton,Draft Kings,-45.5,Maryland -45.5,,56.5,,,
401858469,2026,4,USC,Oregon,DraftKings,3.0,Oregon -3,5.5,62.5,58.5,136.0,-162.0
401858469,2026,4,USC,Oregon,Bovada,3.0,Oregon -3.0,2.5,62.5,62.0,140.0,-140.0
401856679,2026,2,Michigan,Oklahoma,DraftKings,5.5,Oklahoma -5.5,-1.5,43.5,46.5,170.0,-205.0
401856679,2026,2,Michigan,Oklahoma,Bovada,4.5,Oklahoma -4.5,-1.5,43.5,45.5,175.0,-210.0
401856679,2026,2,Michigan,Oklahoma,Draft Kings,5.5,Oklahoma -5.5,,43.5,,,
401867973,2026,1,Old Dominion,Norfolk State,DraftKings,-41.5,Old Dominion -41.5,-41.5,52.5,55.5,,
401867973,2026,1,Old Dominion,Norfolk State,Draft Kings,-41.5,Old Dominion -41.5,,52.5,,,
401867973,2026,1,Old Dominion,Norfolk State,Bovada,-41.0,Old Dominion -41.0,-41.0,52.0,52.5,,
401856702,2026,4,LSU,Texas A&M,DraftKings,-8.5,LSU -8.5,-3.0,52.5,57.5,-340.0,270.0
401856702,2026,4,LSU,Texas A&M,Bovada,-9.0,LSU -9.0,-9.5,52.5,52.5,-380.0,290.0
401856774,2026,1,Arizona State,Morgan State,DraftKings,-43.5,Arizona State -43.5,-41.5,52.5,52.5,,
401856774,2026,1,Arizona State,Morgan State,Bovada,-45.0,Arizona State -45.0,-45.0,52.5,52.5,,
401856774,2026,1,Arizona State,Morgan State,Draft Kings,-43.5,Arizona State -43.5,,52.5,,,
401856683,2026,2,Texas A&M,Arizona State,DraftKings,-14.5,Texas A&M -14.5,-14.5,51.5,51.5,-750.0,525.0
401856683,2026,2,Texas A&M,Arizona State,Bovada,-15.0,Texas A&M -15.0,-14.0,51.5,51.5,-650.0,450.0
401856683,2026,2,Texas A&M,Arizona State,Draft Kings,-15.5,Texas A&M -15.5,,51.5,,,
401856700,2026,4,Georgia,Oklahoma,DraftKings,-14.0,Georgia -14,-10.0,43.5,52.5,-575.0,425.0
401856700,2026,4,Georgia,Oklahoma,Bovada,-13.5,Georgia -13.5,-14.0,44.5,43.5,-650.0,450.0
401868356,2026,1,Southern Miss,Alcorn State,DraftKings,-19.5,Southern Miss -19.5,-21.0,51.5,50.5,-1600.0,900.0
401868356,2026,1,Southern Miss,Alcorn State,Draft Kings,-20.5,Southern Miss -20.5,,51.5,,,
401868356,2026,1,Southern Miss,Alcorn State,Bovada,-19.5,Southern Miss -19.5,-20.0,51.0,50.5,-1400.0,750.0
401856678,2026,2,Kansas,Missouri,DraftKings,4.0,Missouri -4,7.0,51.5,52.5,160.0,-192.0
401856678,2026,2,Kansas,Missouri,Bovada,4.0,Missouri -4.0,6.5,52.0,50.0,175.0,-210.0
401856678,2026,2,Kansas,Missouri,Draft Kings,4.0,Missouri -4,,51.5,,,
401856670,2026,2,Utah,Arkansas,DraftKings,-12.5,Utah -12.5,-9.5,55.5,54.5,-500.0,380.0
401856670,2026,2,Utah,Arkansas,Bovada,-12.5,Utah -12.5,-13.0,55.5,57.0,-525.0,375.0
401856670,2026,2,Utah,Arkansas,Draft Kings,-13.5,Utah -13.5,,55.5,,,
401869142,2026,1,Louisiana,Lamar,DraftKings,-20.5,Louisiana -20.5,-18.5,48.5,48.5,-1200.0,750.0
401869142,2026,1,Louisiana,Lamar,Bovada,-20.0,Louisiana -20.0,-20.0,48.5,48.5,-1400.0,750.0
401869142,2026,1,Louisiana,Lamar,Draft Kings,-20.5,Louisiana -20.5,,48.5,,,
401868316,2026,1,South Alabama,SE Louisiana,DraftKings,-13.5,South Alabama -13.5,-12.5,53.5,52.5,-575.0,425.0
401868316,2026,1,South Alabama,SE Louisiana,Draft Kings,-13.5,South Alabama -13.5,,53.5,,,
401868316,2026,1,South Alabama,SE Louisiana,Bovada,-14.0,South Alabama -14.0,-12.5,53.5,52.5,-510.0,370.0
401867866,2026,1,Middle Tennessee,Murray State,DraftKings,-22.5,Middle Tennessee -22.5,-20.5,55.5,59.5,-1800.0,1000.0
401867866,2026,1,Middle Tennessee,Murray State,Draft Kings,-22.5,Middle Tennessee -22.5,,55.5,,,
401867866,2026,1,Middle Tennessee,Murray State,Bovada,-22.5,Middle Tennessee -22.5,-21.0,56.0,57.5,-1800.0,850.0
401856788,2026,2,Iowa,Iowa State,DraftKings,-14.0,Iowa -14,-11.5,42.5,41.5,-625.0,455.0
401856788,2026,2,Iowa,Iowa State,Bovada,-14.0,Iowa -14.0,-14.0,42.5,41.0,-650.0,450.0
401856788,2026,2,Iowa,Iowa State,Draft Kings,-14.0,Iowa -14,,42.5,,,
401856811,2026,3,Texas Tech,Houston,DraftKings,-7.5,Texas Tech -7.5,-13.5,52.5,,-310.0,250.0
401856811,2026,3,Texas Tech,Houston,Bovada,-8.5,Texas Tech -8.5,-8.5,52.5,53.0,-300.0,270.0
401856811,2026,3,Texas Tech,Houston,Draft Kings,-7.5,Texas Tech -7.5,,52.5,,,
401856682,2026,2,Texas,Ohio State,DraftKings,-2.5,Texas -2.5,-1.5,50.5,,-142.0,120.0
401856682,2026,2,Texas,Ohio State,Bovada,-2.0,Texas -2.0,-2.5,51.0,47.5,-110.0,-110.0
401856682,2026,2,Texas,Ohio State,Draft Kings,-2.5,Texas -2.5,,50.5,,,
401858423,2026,1,Rutgers,Massachusetts,Bovada,-29.0,Rutgers -29.0,-30.5,54.5,54.5,,
401858423,2026,1,Rutgers,Massachusetts,Draft Kings,-29.5,Rutgers -29.5,,55.5,,,
401858423,2026,1,Rutgers,Massachusetts,DraftKings,-29.5,Rutgers -29.5,-30.5,54.5,,-8000.0,2200.0
401856768,2026,1,Utah,Idaho,DraftKings,-37.5,Utah -37.5,-32.5,60.5,56.5,-100000.0,5000.0
401856768,2026,1,Utah,Idaho,Draft Kings,-38.5,Utah -38.5,,60.5,,,
401870790,2026,1,New Mexico State,Mercyhurst,DraftKings,-29.5,New Mexico State -29.5,-24.5,52.5,50.5,-8000.0,2200.0
401870790,2026,1,New Mexico State,Mercyhurst,Bovada,-28.5,New Mexico State -28.5,-28.5,52.0,52.0,,
401870790,2026,1,New Mexico State,Mercyhurst,Draft Kings,-29.5,New Mexico State -29.5,,52.5,,,
401867894,2026,1,Youngstown State,Mercyhurst,Draft Kings,-30.5,Youngstown State -30.5,,57.5,,,
401858249,2026,5,Clemson,Miami,DraftKings,7.0,Miami -7,7.0,55.5,55.5,260.0,-325.0
401856704,2026,4,Tennessee,Texas,DraftKings,5.5,Texas -5.5,6.5,55.5,56.5,180.0,-218.0
401856704,2026,4,Tennessee,Texas,Bovada,5.5,Texas -5.5,3.5,56.5,56.0,155.0,-180.0
401868129,2026,1,Northern Colorado,Weber State,DraftKings,-3.0,Northern Colorado -3,-3.5,50.5,49.5,-161.0,129.0
401868129,2026,1,Northern Colorado,Weber State,Draft Kings,-3.0,Northern Colorado -3,,50.5,,,
401858540,2026,13,Ohio State,Michigan,DraftKings,-13.5,Ohio State -13.5,-13.5,46.5,46.5,-575.0,425.0
401856873,2026,13,Arizona,Arizona State,DraftKings,-4.5,Arizona -4.5,-4.5,52.5,52.5,-218.0,180.0
401866617,2026,1,Merrimack,Rhode Island,DraftKings,20.5,Rhode Island -20.5,20.5,47.5,53.5,890.0,-1960.0
401866617,2026,1,Merrimack,Rhode Island,Draft Kings,21.0,Rhode Island -21,,47.5,,,
401868324,2026,1,Alabama State,Southern,DraftKings,-19.5,Alabama State -19.5,-19.5,56.5,56.5,-1760.0,830.0
401868324,2026,1,Alabama State,Southern,Draft Kings,19.5,Southern -19.5,,56.5,,,
401866616,2026,1,UAlbany,New Hampshire,DraftKings,10.0,New Hampshire -10,11.5,46.5,45.5,268.0,-357.0
401866616,2026,1,UAlbany,New Hampshire,Draft Kings,10.0,New Hampshire -10,,46.5,,,
401858485,2026,6,Penn State,USC,DraftKings,-1.5,Penn State -1.5,-1.5,56.5,56.5,-125.0,105.0
401856885,2026,11,LSU,Texas,DraftKings,2.5,Texas -2.5,2.5,54.5,54.5,120.0,-142.0
401858518,2026,11,Indiana,USC,DraftKings,-10.0,Indiana -10,-10.0,58.5,58.5,-455.0,350.0
401868040,2026,1,Villanova,William & Mary,DraftKings,-12.5,Villanova -12.5,-11.5,47.5,50.5,-700.0,462.0
401868040,2026,1,Villanova,William & Mary,Draft Kings,-12.5,Villanova -12.5,,47.5,,,
401867882,2026,1,South Dakota,Central Connecticut,DraftKings,-21.5,South Dakota -21.5,-22.5,49.5,53.5,-3900.0,1180.0
401867882,2026,1,South Dakota,Central Connecticut,Draft Kings,-20.5,South Dakota -20.5,,49.5,,,
401867916,2026,1,Wagner,Robert Morris,DraftKings,-5.5,Wagner -5.5,-5.5,40.5,39.5,-223.0,176.0
401867916,2026,1,Wagner,Robert Morris,Draft Kings,-5.5,Wagner -5.5,,40.5,,,
401858523,2026,11,Oregon,Michigan,DraftKings,-13.5,Oregon -13.5,-13.5,53.5,53.5,-600.0,440.0
401856764,2026,13,Clemson,South Carolina,DraftKings,-3.0,Clemson -3,-3.0,53.5,53.5,-162.0,136.0
401862844,2026,15,Army,Navy,DraftKings,2.5,Navy -2.5,2.5,37.5,37.5,120.0,-142.0
401858313,2026,13,North Carolina,NC State,DraftKings,1.5,NC State -1.5,1.5,55.5,55.5,-102.0,-118.0
401858317,2026,13,Virginia Tech,Virginia,DraftKings,-1.5,Virginia Tech -1.5,-1.5,53.5,53.5,-125.0,105.0
401856712,2026,6,Alabama,Georgia,DraftKings,3.0,Georgia -3,3.0,50.5,50.5,136.0,-162.0
401858212,2026,1,Florida State,SMU,DraftKings,3.0,SMU -3,,54.5,,130.0,-155.0
401858212,2026,1,Florida State,SMU,Bovada,3.0,SMU -3.0,2.5,54.5,52.5,145.0,-170.0
401858212,2026,1,Florida State,SMU,Draft Kings,3.0,SMU -3,,52.5,,,
401858201,2026,1,Stanford,Hawai'i,DraftKings,-4.5,Stanford -4.5,-3.0,48.5,,-205.0,170.0
401858201,2026,1,Stanford,Hawai'i,Draft Kings,-4.5,Stanford -4.5,,48.5,,,
401858201,2026,1,Stanford,Hawai'i,Bovada,-5.0,Stanford -5.0,-3.0,48.5,50.5,-170.0,145.0
401858436,2026,1,USC,Fresno State,DraftKings,-21.5,USC -21.5,-23.5,51.5,,-1800.0,1000.0
401858436,2026,1,USC,Fresno State,Bovada,-22.5,USC -22.5,-23.0,51.0,51.5,-3500.0,1100.0
401858436,2026,1,USC,Fresno State,Draft Kings,-21.5,USC -21.5,,51.5,,,
401858250,2026,5,North Carolina,Notre Dame,DraftKings,23.5,Notre Dame -23.5,23.5,55.5,55.5,1100.0,-2100.0
401858263,2026,7,Miami,Florida State,DraftKings,-16.5,Miami -16.5,-16.5,53.5,53.5,-1200.0,750.0
401858271,2026,8,Virginia,Duke,DraftKings,-6.5,Virginia -6.5,-6.5,53.5,53.5,-278.0,225.0
401858509,2026,9,USC,Ohio State,DraftKings,7.5,Ohio State -7.5,7.5,54.5,54.5,260.0,-325.0
401856734,2026,9,Georgia,Florida,DraftKings,-12.5,Georgia -12.5,-12.5,53.5,53.5,-550.0,410.0
401858514,2026,10,Ohio State,Oregon,DraftKings,-6.0,Ohio State -6,-6.0,52.5,52.5,-258.0,210.0
401856741,2026,10,Ole Miss,Georgia,DraftKings,4.5,Georgia -4.5,4.5,55.5,55.5,180.0,-218.0
401856740,2026,10,LSU,Alabama,DraftKings,-3.5,LSU -3.5,-3.5,54.5,54.5,-185.0,154.0
401858511,2026,10,Michigan,Michigan State,DraftKings,-16.5,Michigan -16.5,-16.5,50.5,50.5,-950.0,625.0
401856887,2026,11,Oklahoma,Ole Miss,DraftKings,-4.0,Oklahoma -4,-4.0,53.5,53.5,-198.0,164.0
401856879,2026,13,Texas Tech,TCU,DraftKings,-16.5,Texas Tech -16.5,-16.5,55.5,55.5,-950.0,625.0
401856759,2026,13,Florida State,Florida,DraftKings,4.5,Florida -4.5,4.5,52.5,52.5,170.0,-205.0
401858543,2026,13,UCLA,USC,DraftKings,10.5,USC -10.5,10.5,55.5,55.5,360.0,-470.0
401858291,2026,10,Notre Dame,Miami,DraftKings,-6.5,Notre Dame -6.5,-6.5,54.5,54.5,-238.0,195.0
401858490,2026,7,Michigan,Penn State,DraftKings,-6.5,Michigan -6.5,-6.5,51.5,51.5,-270.0,220.0
401856837,2026,8,Utah,Houston,DraftKings,-6.5,Utah -6.5,-6.5,50.5,50.5,-258.0,210.0
401858266,2026,7,Duke,North Carolina,DraftKings,-4.5,Duke -4.5,-4.5,54.5,54.5,-225.0,185.0
401856717,2026,6,Oklahoma,Texas,DraftKings,6.0,Texas -6,6.0,48.5,48.5,180.0,-218.0
401856765,2026,13,Vanderbilt,Tennessee,DraftKings,3.0,Tennessee -3,3.0,57.5,57.5,136.0,-162.0
401858492,2026,7,Oregon,Nebraska,DraftKings,-21.5,Oregon -21.5,-21.5,51.5,51.5,-3600.0,1500.0
401858496,2026,8,Michigan,Indiana,DraftKings,6.0,Indiana -6,6.0,52.5,52.5,210.0,-258.0
401856809,2026,7,BYU,Notre Dame,DraftKings,10.0,Notre Dame -10,10.0,54.5,54.5,340.0,-440.0
401858296,2026,11,Miami,Duke,DraftKings,-21.0,Miami -21,-21.0,55.5,55.5,-1800.0,1000.0
401858307,2026,12,Notre Dame,SMU,DraftKings,-17.5,Notre Dame -17.5,-17.5,56.5,56.5,-1200.0,750.0
401856754,2026,12,Tennessee,LSU,DraftKings,1.5,LSU -1.5,1.5,57.5,57.5,100.0,-120.0
401856849,2026,10,Utah,BYU,DraftKings,-3.0,Utah -3,-3.0,51.5,51.5,-142.0,120.0
401858488,2026,7,Indiana,Ohio State,DraftKings,-1.5,Indiana -1.5,1.5,48.5,48.5,-110.0,-110.0
401856727,2026,8,Alabama,Texas A&M,DraftKings,-2.5,Alabama -2.5,-2.5,54.5,54.5,-142.0,120.0
401856863,2026,11,Oklahoma State,Texas Tech,DraftKings,15.5,Texas Tech -15.5,15.5,61.5,61.5,500.0,-700.0
401856757,2026,13,Alabama,Auburn,DraftKings,-10.0,Alabama -10,-10.0,52.5,53.5,-425.0,330.0
401856830,2026,7,Kansas State,Kansas,DraftKings,-7.5,Kansas State -7.5,-7.5,54.5,54.5,-290.0,235.0
401856723,2026,7,Tennessee,Alabama,DraftKings,1.5,Alabama -1.5,1.5,56.5,56.5,100.0,-120.0
401856719,2026,7,Georgia,Auburn,DraftKings,-16.5,Georgia -16.5,-16.5,54.5,54.5,-1200.0,750.0
401856888,2026,11,Texas A&M,Tennessee,DraftKings,-8.5,Texas A&M -8.5,-8.5,55.5,55.5,-360.0,285.0
401856762,2026,13,Ole Miss,Mississippi State,DraftKings,-14.5,Ole Miss -14.5,-14.5,57.5,56.5,-600.0,440.0
401856756,2026,13,Texas A&M,Texas,DraftKings,2.5,Texas -2.5,2.5,53.5,53.5,120.0,-142.0
401856732,2026,8,Texas,Ole Miss,DraftKings,-8.5,Texas -8.5,-8.5,54.5,54.5,-310.0,250.0
401858541,2026,13,Oregon,Washington,DraftKings,-15.5,Oregon -15.5,-15.5,54.5,54.5,-700.0,500.0
401858302,2026,12,Miami,Virginia Tech,DraftKings,-16.5,Miami -16.5,-16.5,56.5,56.5,-1050.0,675.0
401858280,2026,9,Florida State,Clemson,DraftKings,1.5,Clemson -1.5,1.5,51.5,51.5,-108.0,-112.0
401856752,2026,12,Oklahoma,Texas A&M,DraftKings,-2.5,Oklahoma -2.5,-2.5,51.5,51.5,-142.0,120.0
401858425,2026,1,Indiana,North Texas,DraftKings,-39.5,Indiana -39.5,-40.5,56.5,,,
401858425,2026,1,Indiana,North Texas,Draft Kings,-39.5,Indiana -39.5,,57.5,,,
401858425,2026,1,Indiana,North Texas,Bovada,-40.5,Indiana -40.5,-40.5,56.0,55.5,,
401856667,2026,1,Texas,Texas State,DraftKings,-29.5,Texas -29.5,-30.5,60.5,,-9000.0,2500.0
401856667,2026,1,Texas,Texas State,Draft Kings,-29.5,Texas -29.5,,61.5,,,
401856667,2026,1,Texas,Texas State,Bovada,-29.5,Texas -29.5,-30.5,60.0,59.5,-10000.0,2500.0
401866620,2026,1,East Tennessee State,Campbell,DraftKings,-7.0,East Tennessee State -7,-7.0,56.5,55.5,-267.0,207.0
401866620,2026,1,East Tennessee State,Campbell,Draft Kings,-7.0,East Tennessee State -7,,56.5,,,
401868101,2026,1,Idaho State,VMI,DraftKings,-34.5,Idaho State -34.5,-34.5,53.5,60.5,,
401868101,2026,1,Idaho State,VMI,Draft Kings,-34.5,Idaho State -34.5,,53.5,,,
401866621,2026,1,Tennessee Tech,Monmouth,DraftKings,-8.5,Tennessee Tech -8.5,-8.5,58.5,58.5,-340.0,257.0
401866621,2026,1,Tennessee Tech,Monmouth,Draft Kings,-8.5,Tennessee Tech -8.5,,58.5,,,
401858437,2026,1,Washington,Washington State,DraftKings,-23.5,Washington -23.5,-21.5,51.5,,-2800.0,1300.0
401858437,2026,1,Washington,Washington State,Bovada,-23.0,Washington -23.0,-21.5,51.0,50.5,-2200.0,1000.0
401858437,2026,1,Washington,Washington State,Draft Kings,-23.5,Washington -23.5,,51.5,,,
401866619,2026,1,Stonehill,Bryant,DraftKings,4.5,Bryant -4.5,4.5,45.5,44.5,153.0,-192.0
401866619,2026,1,Stonehill,Bryant,Draft Kings,4.0,Bryant -4,,45.5,,,
401868394,2026,1,Wofford,The Citadel,DraftKings,-7.5,Wofford -7.5,-8.5,45.5,45.5,-415.0,305.0
401868394,2026,1,Wofford,The Citadel,Draft Kings,-7.5,Wofford -7.5,,45.5,,,
401858206,2026,1,Stanford,Miami,DraftKings,24.5,Miami -24.5,21.5,46.5,,1600.0,-4000.0
401858206,2026,1,Stanford,Miami,Bovada,24.5,Miami -24.5,21.5,46.5,48.5,1100.0,-3500.0
401858206,2026,1,Stanford,Miami,Draft Kings,24.5,Miami -24.5,,46.5,,,
401856772,2026,1,Tulsa,Oklahoma State,DraftKings,13.5,Oklahoma State -13.5,11.5,57.5,,410.0,-550.0
401856772,2026,1,Tulsa,Oklahoma State,Draft Kings,13.5,Oklahoma State -13.5,,57.5,,,
401856772,2026,1,Tulsa,Oklahoma State,Bovada,13.0,Oklahoma State -13.0,11.5,57.5,61.5,390.0,-550.0
401858209,2026,1,Duke,Tulane,DraftKings,-9.5,Duke -9.5,-8.5,51.5,,-380.0,300.0
401858209,2026,1,Duke,Tulane,Bovada,-8.0,Duke -8.0,-8.5,50.5,53.5,-480.0,350.0
401858209,2026,1,Duke,Tulane,Draft Kings,-9.5,Duke -9.5,,51.5,,,
401868084,2026,1,Northern Arizona,Eastern Washington,DraftKings,-5.5,Northern Arizona -5.5,-3.0,55.5,56.5,-242.0,189.0
401868084,2026,1,Northern Arizona,Eastern Washington,Draft Kings,-5.5,Northern Arizona -5.5,,55.5,,,
401868022,2026,1,Holy Cross,Lehigh,DraftKings,14.0,Lehigh -14,14.0,47.5,47.5,509.0,-800.0
401868022,2026,1,Holy Cross,Lehigh,Draft Kings,14.0,Lehigh -14,,47.5,,,
401867855,2026,1,Indiana State,Southeast Missouri State,DraftKings,-2.5,Indiana State -2.5,-2.5,52.5,52.5,-143.0,115.0
401867855,2026,1,Indiana State,Southeast Missouri State,Draft Kings,-2.5,Indiana State -2.5,,52.5,,,
401866618,2026,1,North Carolina A&T,Morgan State,DraftKings,7.0,Morgan State -7,8.5,49.5,50.5,210.0,-270.0
401866618,2026,1,North Carolina A&T,Morgan State,Draft Kings,7.0,Morgan State -7,,49.5,,,
401858202,2026,1,Virginia,NC State,Bovada,-4.0,Virginia -4.0,-3.5,50.5,54.5,-145.0,125.0
401858202,2026,1,Virginia,NC State,Draft Kings,-4.0,Virginia -4,,50.5,,,
401858202,2026,1,Virginia,NC State,DraftKings,-4.0,Virginia -4,,50.5,,-185.0,154.0
401862693,2026,1,UNLV,Memphis,DraftKings,-4.0,UNLV -4,-3.0,55.5,,-198.0,164.0
401862693,2026,1,UNLV,Memphis,Draft Kings,-4.5,UNLV -4.5,,55.5,,,
401862693,2026,1,UNLV,Memphis,Bovada,-5.0,UNLV -5.0,-3.0,55.5,60.5,-170.0,145.0
401867977,2026,1,Texas Southern,North Carolina Central,DraftKings,10.5,North Carolina Central -10.5,11.5,51.5,51.5,328.0,-453.0
401867977,2026,1,Texas Southern,North Carolina Central,Draft Kings,10.5,North Carolina Central -10.5,,51.5,,,
401856776,2026,1,Georgia Tech,Colorado,DraftKings,-6.5,Georgia Tech -6.5,-7.0,53.5,,-238.0,195.0
401856776,2026,1,Georgia Tech,Colorado,Draft Kings,-6.5,Georgia Tech -6.5,,53.5,,,
401856776,2026,1,Georgia Tech,Colorado,Bovada,-6.5,Georgia Tech -6.5,-7.0,52.5,51.5,-290.0,240.0
401867988,2026,1,Richmond,Bucknell,DraftKings,-12.5,Richmond -12.5,-10.5,48.5,49.5,-620.0,420.0
401867988,2026,1,Richmond,Bucknell,Draft Kings,-12.5,Richmond -12.5,,48.5,,,
401868049,2026,1,Lamar,Abilene Christian,DraftKings,7.5,Abilene Christian -7.5,7.5,49.5,49.5,232.0,-303.0
401868049,2026,1,Lamar,Abilene Christian,Draft Kings,7.5,Abilene Christian -7.5,,49.5,,,
401867935,2026,1,Howard,Alabama A&M,DraftKings,-1.5,Howard -1.5,-2.5,46.5,46.5,-124.0,100.0
401867935,2026,1,Howard,Alabama A&M,Draft Kings,1.5,Alabama A&M -1.5,,46.5,,,
401868110,2026,1,Montana,Southern Utah,DraftKings,-15.5,Montana -15.5,-16.5,59.5,58.5,-1080.0,620.0
401868110,2026,1,Montana,Southern Utah,Draft Kings,-15.5,Montana -15.5,,59.5,,,
401868235,2026,1,Tarleton State,Prairie View A&M,DraftKings,-19.5,Tarleton State -19.5,-21.5,54.5,54.5,-1540.0,770.0
401868235,2026,1,Tarleton State,Prairie View A&M,Draft Kings,-19.5,Tarleton State -19.5,,54.5,,,
401874042,2026,1,Mercer,East Texas A&M,DraftKings,-22.5,Mercer -22.5,-23.5,57.5,60.5,-3200.0,1100.0
401874042,2026,1,Mercer,East Texas A&M,Draft Kings,-22.5,Mercer -22.5,,57.5,,,
401868139,2026,1,Western Carolina,Eastern Kentucky,DraftKings,-3.0,Western Carolina -3,-4.5,54.5,50.5,-152.0,122.0
401868139,2026,1,Western Carolina,Eastern Kentucky,Draft Kings,-3.0,Western Carolina -3,,54.5,,,
401872615,2026,1,South Dakota State,Stetson,DraftKings,-50.5,South Dakota State -50.5,-47.5,58.5,56.5,,
401872615,2026,1,South Dakota State,Stetson,Draft Kings,-50.5,South Dakota State -50.5,,58.5,,,
401868149,2026,1,North Alabama,Samford,DraftKings,-7.0,North Alabama -7,-7.5,55.5,55.5,-313.0,239.0
401868149,2026,1,North Alabama,Samford,Draft Kings,-7.0,North Alabama -7,,55.5,,,
401868305,2026,1,McNeese,Stephen F. Austin,DraftKings,12.5,Stephen F. Austin -12.5,13.5,49.5,49.5,328.0,-453.0
401868305,2026,1,McNeese,Stephen F. Austin,Draft Kings,12.5,Stephen F. Austin -12.5,,49.5,,,
401868118,2026,1,Utah Tech,Montana State,DraftKings,32.5,Montana State -32.5,31.5,57.5,56.5,,
401868118,2026,1,Utah Tech,Montana State,Draft Kings,32.5,Montana State -32.5,,57.5,,,
401868154,2026,1,Portland State,UC Davis,DraftKings,25.5,UC Davis -25.5,24.5,60.5,62.5,1300.0,-5400.0
401868154,2026,1,Portland State,UC Davis,Draft Kings,25.5,UC Davis -25.5,,60.5,,,
401868194,2026,1,Tennessee State,Jackson State,DraftKings,12.5,Jackson State -12.5,15.5,49.5,49.5,435.0,-650.0
401868194,2026,1,Tennessee State,Jackson State,Draft Kings,12.5,Jackson State -12.5,,49.5,,,
401868261,2026,1,New Haven,Marist,DraftKings,-2.5,New Haven -2.5,1.5,46.5,44.5,-145.0,116.0
401868261,2026,1,New Haven,Marist,Draft Kings,-2.5,New Haven -2.5,,46.5,,,
401868007,2026,1,Fordham,Colgate,DraftKings,8.5,Colgate -8.5,10.0,55.5,50.5,242.0,-318.0
401868007,2026,1,Fordham,Colgate,Draft Kings,8.5,Colgate -8.5,,55.5,,,
401868073,2026,1,Cal Poly,Idaho,DraftKings,5.5,Idaho -5.5,3.5,53.5,55.5,172.0,-219.0
401868073,2026,1,Cal Poly,Idaho,Draft Kings,5.5,Idaho -5.5,,53.5,,,
401864570,2026,1,Florida State,New Mexico State,Draft Kings,-30.5,Florida State -30.5,,53.5,,,
401864570,2026,1,Florida State,New Mexico State,DraftKings,-31.5,Florida State -31.5,-28.5,53.5,,-8000.0,2200.0
401864570,2026,1,Florida State,New Mexico State,Bovada,-31.0,Florida State -31.0,-29.5,53.5,53.5,-100000.0,2800.0
401866408,2026,1,Eastern Michigan,Sacramento State,Draft Kings,-9.5,Eastern Michigan -9.5,,52.5,,,
401866408,2026,1,Eastern Michigan,Sacramento State,DraftKings,-8.5,Eastern Michigan -8.5,-8.5,52.5,,-355.0,280.0
401866408,2026,1,Eastern Michigan,Sacramento State,Bovada,-9.0,Eastern Michigan -9.0,-8.5,53.0,52.5,-330.0,265.0
401864577,2026,1,North Dakota State,Jacksonville State,Draft Kings,-6.5,North Dakota State -6.5,,46.5,,,
401864577,2026,1,North Dakota State,Jacksonville State,Bovada,-7.0,North Dakota State -7.0,-10.0,46.5,48.5,-330.0,265.0
401864577,2026,1,North Dakota State,Jacksonville State,DraftKings,-6.5,North Dakota State -6.5,-10.0,46.5,,-265.0,215.0
401856766,2026,1,TCU,North Carolina,Draft Kings,-7.5,TCU -7.5,,46.5,,,
401856766,2026,1,TCU,North Carolina,DraftKings,-7.5,TCU -7.5,,46.5,,-310.0,250.0
401856766,2026,1,TCU,North Carolina,Bovada,-7.5,TCU -7.5,-7.5,46.0,50.5,-235.0,195.0
401864494,2026,1,USC,San José State,Draft Kings,-37.5,USC -37.5,,61.5,,,
401864494,2026,1,USC,San José State,DraftKings,-37.5,USC -37.5,-35.5,61.5,,-100000.0,5000.0
401864494,2026,1,USC,San José State,Bovada,-37.0,USC -37.0,-35.5,60.5,57.5,-100000.0,3500.0
401866615,2026,1,Delaware State,Stony Brook,Draft Kings,4.5,Stony Brook -4.5,,50.5,,,
401867865,2026,1,Murray State,Eastern Illinois,Draft Kings,-4.5,Murray State -4.5,,49.5,,,
401868060,2026,1,Austin Peay,Gardner-Webb,Draft Kings,-14.5,Austin Peay -14.5,,59.5,,,
401868240,2026,1,West Georgia,Chattanooga,Draft Kings,3.5,Chattanooga -3.5,,50.5,,,
401868315,2026,1,SE Louisiana,Houston Christian,Draft Kings,-24.5,SE Louisiana -24.5,,51.5,,,
401868070,2026,1,UT Martin,Central Arkansas,Draft Kings,-3.0,UT Martin -3,,50.5,,,
401868962,2026,1,Nicholls,Mississippi Valley State,Draft Kings,-28.5,Nicholls -28.5,,51.5,,,
401867874,2026,1,North Dakota,Long Island University,Draft Kings,-27.5,North Dakota -27.5,,44.5,,,
401874035,2026,1,West Florida,Southern Illinois,Draft Kings,19.5,Southern Illinois -19.5,,55.5,,,
401868169,2026,1,Lindenwood,Charleston Southern,Draft Kings,-7.5,Lindenwood -7.5,,45.5,,,
401866532,2026,1,Towson,Maine,Draft Kings,-2.5,Towson -2.5,,46.5,,,
401860881,2026,2,Boise State,Memphis,DraftKings,-9.5,Boise State -9.5,-6.5,54.5,,-360.0,285.0
401860881,2026,2,Boise State,Memphis,Bovada,-9.0,Boise State -9.0,-7.5,54.5,55.5,-330.0,265.0
401860881,2026,2,Boise State,Memphis,Draft Kings,-9.5,Boise State -9.5,,54.5,,,
401858428,2026,1,Michigan,Western Michigan,Bovada,-27.5,Michigan -27.5,-26.5,49.5,47.5,-7000.0,1300.0
401858428,2026,1,Michigan,Western Michigan,DraftKings,-27.5,Michigan -27.5,-26.5,49.5,,-6500.0,2000.0
401858428,2026,1,Michigan,Western Michigan,Draft Kings,-27.5,Michigan -27.5,,50.5,,,
401858424,2026,1,Illinois,UAB,Bovada,-26.5,Illinois -26.5,-27.5,54.5,56.5,-8000.0,1400.0
401858424,2026,1,Illinois,UAB,Draft Kings,-25.5,Illinois -25.5,,53.5,,,
401858424,2026,1,Illinois,UAB,DraftKings,-25.5,Illinois -25.5,-27.5,54.5,,-3600.0,1500.0
401864498,2026,1,New Mexico,Central Michigan,Bovada,-11.0,New Mexico -11.0,-12.5,47.0,49.0,-575.0,400.0
401864498,2026,1,New Mexico,Central Michigan,DraftKings,-10.5,New Mexico -10.5,-12.5,47.5,,-440.0,340.0
401864498,2026,1,New Mexico,Central Michigan,Draft Kings,-11.5,New Mexico -11.5,,47.5,,,
401858430,2026,1,Nebraska,Ohio,DraftKings,-23.5,Nebraska -23.5,-23.5,47.5,,-2100.0,1100.0
401858430,2026,1,Nebraska,Ohio,Draft Kings,-23.5,Nebraska -23.5,,47.5,,,
401858430,2026,1,Nebraska,Ohio,Bovada,-24.0,Nebraska -24.0,-23.5,46.5,47.5,-2800.0,1100.0
401867889,2026,1,Samford,Southern Illinois,DraftKings,20.5,Southern Illinois -20.5,24.5,54.5,49.5,730.0,-1400.0
401867889,2026,1,Samford,Southern Illinois,Draft Kings,20.5,Southern Illinois -20.5,,54.5,,,
401856810,2026,2,BYU,Arizona,DraftKings,-7.0,BYU -7,-6.5,48.5,,-270.0,220.0
401856810,2026,2,BYU,Arizona,Bovada,-7.0,BYU -7.0,-7.5,49.0,50.5,-310.0,255.0
401856810,2026,2,BYU,Arizona,Draft Kings,-6.5,BYU -6.5,,49.5,,,
401856636,2026,1,Auburn,Baylor,DraftKings,-6.5,Auburn -6.5,-6.5,58.5,,-270.0,220.0
401856636,2026,1,Auburn,Baylor,Bovada,-6.5,Auburn -6.5,-7.5,58.5,58.5,-270.0,220.0
401856636,2026,1,Auburn,Baylor,Draft Kings,-6.5,Auburn -6.5,,58.5,,,
401858221,2026,2,Virginia Tech,Old Dominion,DraftKings,-17.5,Virginia Tech -17.5,-14.0,47.5,,-1000.0,650.0
401858221,2026,2,Virginia Tech,Old Dominion,Bovada,-18.0,Virginia Tech -18.0,-18.5,47.5,51.0,-1200.0,700.0
401858221,2026,2,Virginia Tech,Old Dominion,Draft Kings,-17.5,Virginia Tech -17.5,,47.5,,,
401858433,2026,1,Oregon,Boise State,DraftKings,-24.5,Oregon -24.5,-24.5,52.5,,-2800.0,1300.0
401858433,2026,1,Oregon,Boise State,Bovada,-25.0,Oregon -25.0,-24.5,51.5,53.5,-3300.0,1100.0
401858433,2026,1,Oregon,Boise State,Draft Kings,-24.5,Oregon -24.5,,53.5,,,
401866622,2026,1,Stony Brook,Lindenwood,DraftKings,-4.0,Stony Brook -4,-4.0,50.5,50.5,-189.0,150.0
401866622,2026,1,Stony Brook,Lindenwood,Draft Kings,-4.0,Stony Brook -4,,50.5,,,
401856674,2026,2,Kentucky,Alabama,DraftKings,8.5,Alabama -8.5,10.5,46.5,,285.0,-360.0
401856674,2026,2,Kentucky,Alabama,Bovada,8.0,Alabama -8.0,10.5,47.0,49.0,320.0,-430.0
401856674,2026,2,Kentucky,Alabama,Draft Kings,9.5,Alabama -9.5,,47.5,,,
401858443,2026,2,UCLA,San Diego State,DraftKings,-13.5,UCLA -13.5,-8.5,53.5,,-535.0,400.0
401858443,2026,2,UCLA,San Diego State,Bovada,-13.5,UCLA -13.5,-11.5,53.5,53.0,-490.0,355.0
401858443,2026,2,UCLA,San Diego State,Draft Kings,-13.5,UCLA -13.5,,53.5,,,
401858204,2026,1,Wake Forest,Akron,Draft Kings,-27.5,Wake Forest -27.5,,50.5,,,
401858204,2026,1,Wake Forest,Akron,Bovada,-27.5,Wake Forest -27.5,-22.5,50.5,49.5,-3500.0,1100.0
401858204,2026,1,Wake Forest,Akron,DraftKings,-27.5,Wake Forest -27.5,-22.5,50.5,,-3600.0,1500.0
401856681,2026,2,Georgia Tech,Tennessee,DraftKings,12.5,Tennessee -12.5,8.5,55.5,,370.0,-485.0
401856681,2026,2,Georgia Tech,Tennessee,Bovada,12.5,Tennessee -12.5,13.5,55.5,55.0,390.0,-550.0
401856681,2026,2,Georgia Tech,Tennessee,Draft Kings,12.5,Tennessee -12.5,,55.5,,,
401864497,2026,1,Hawai'i,UNLV,Bovada,3.0,UNLV -3.0,1.5,55.5,58.5,130.0,-150.0
401864497,2026,1,Hawai'i,UNLV,DraftKings,3.0,UNLV -3,1.5,55.5,,120.0,-142.0
401864497,2026,1,Hawai'i,UNLV,Draft Kings,2.5,UNLV -2.5,,55.5,,,
401858426,2026,1,Iowa,Northern Illinois,Bovada,-32.0,Iowa -32.0,-29.5,44.5,43.5,-100000.0,4500.0
401858426,2026,1,Iowa,Northern Illinois,Draft Kings,-31.5,Iowa -31.5,,44.5,,,
401858426,2026,1,Iowa,Northern Illinois,DraftKings,-31.5,Iowa -31.5,-29.5,44.5,,-10000.0,3000.0
401856665,2026,1,South Carolina,Kent State,Bovada,-36.5,South Carolina -36.5,-34.5,53.5,52.5,-100000.0,-100000.0
401856665,2026,1,South Carolina,Kent State,Draft Kings,-35.5,South Carolina -35.5,,52.5,,,
401856665,2026,1,South Carolina,Kent State,DraftKings,-35.5,South Carolina -35.5,-33.5,53.5,,-50000.0,4000.0
401858438,2026,1,Notre Dame,Wisconsin,Bovada,-20.5,Notre Dame -20.5,-16.5,46.5,46.5,-2500.0,1000.0
401858438,2026,1,Notre Dame,Wisconsin,Draft Kings,-21.0,Notre Dame -21,,45.5,,,
401858438,2026,1,Notre Dame,Wisconsin,DraftKings,-21.0,Notre Dame -21,,46.5,47.5,-1800.0,1000.0
401862699,2026,1,South Florida,Florida International,Bovada,-14.5,South Florida -14.5,-12.5,53.0,54.5,-460.0,340.0
401862699,2026,1,South Florida,Florida International,DraftKings,-14.5,South Florida -14.5,-12.5,53.5,,-650.0,470.0
401862699,2026,1,South Florida,Florida International,Draft Kings,-14.5,South Florida -14.5,,53.5,,,
401870763,2026,1,Troy,Sam Houston,Bovada,-16.5,Troy -16.5,-17.0,53.0,50.5,-1300.0,725.0
401870763,2026,1,Troy,Sam Houston,Draft Kings,-15.5,Troy -15.5,,52.5,,,
401870763,2026,1,Troy,Sam Houston,DraftKings,-16.5,Troy -16.5,-17.5,52.5,,-850.0,575.0
401860878,2026,1,Colorado State,Wyoming,DraftKings,-2.5,Colorado State -2.5,-4.0,46.5,,-142.0,120.0
401860878,2026,1,Colorado State,Wyoming,Draft Kings,-2.5,Colorado State -2.5,,45.5,,,
401860878,2026,1,Colorado State,Wyoming,Bovada,-3.0,Colorado State -3.0,-4.0,46.5,47.5,-180.0,155.0
401858210,2026,1,California,UCLA,Bovada,2.5,UCLA -2.5,-3.5,53.5,53.5,110.0,-130.0
401858210,2026,1,California,UCLA,Draft Kings,2.5,UCLA -2.5,,53.5,,,
401858210,2026,1,California,UCLA,DraftKings,2.5,UCLA -2.5,-1.5,53.5,,120.0,-142.0
401856634,2026,1,Alabama,East Carolina,Bovada,-28.0,Alabama -28.0,-25.5,52.5,53.5,-7500.0,1400.0
401856634,2026,1,Alabama,East Carolina,DraftKings,-27.5,Alabama -27.5,-25.5,52.5,,-5000.0,1800.0
401856634,2026,1,Alabama,East Carolina,Draft Kings,-28.5,Alabama -28.5,,52.5,,,
401856637,2026,1,Florida,Florida Atlantic,Bovada,-26.5,Florida -26.5,-25.5,59.5,56.5,-6500.0,1300.0
401856637,2026,1,Florida,Florida Atlantic,Draft Kings,-26.5,Florida -26.5,,59.5,,,
401856637,2026,1,Florida,Florida Atlantic,DraftKings,-25.5,Florida -25.5,-25.5,59.5,,-2400.0,1200.0
401860884,2026,2,Texas State,UTSA,DraftKings,-2.5,Texas State -2.5,-1.5,65.5,,-135.0,114.0
401860884,2026,2,Texas State,UTSA,Bovada,-1.5,Texas State -1.5,1.0,65.5,64.5,-110.0,-110.0
401860884,2026,2,Texas State,UTSA,Draft Kings,-1.5,Texas State -1.5,,65.5,,,
401858217,2026,2,Illinois,Duke,DraftKings,-6.5,Illinois -6.5,-8.5,51.5,,-250.0,205.0
401858217,2026,2,Illinois,Duke,Bovada,-6.5,Illinois -6.5,-6.0,51.5,53.5,-235.0,195.0
401858217,2026,2,Illinois,Duke,Draft Kings,-6.0,Illinois -6,,51.5,,,
401856778,2026,1,Houston,Oregon State,Bovada,-20.5,Houston -20.5,-18.5,50.5,51.5,-1300.0,725.0
401856778,2026,1,Houston,Oregon State,DraftKings,-21.0,Houston -21,-18.5,50.5,,-1450.0,850.0
401856778,2026,1,Houston,Oregon State,Draft Kings,-21.0,Houston -21,,50.5,,,
401858434,2026,1,Penn State,Marshall,Bovada,-23.0,Penn State -23.0,-23.5,52.0,54.5,-3500.0,1100.0
401858434,2026,1,Penn State,Marshall,Draft Kings,-23.5,Penn State -23.5,,53.5,,,
401858434,2026,1,Penn State,Marshall,DraftKings,-23.5,Penn State -23.5,-23.5,53.5,,-1800.0,1000.0
401867883,2026,1,Northern Colorado,South Dakota,DraftKings,20.5,South Dakota -20.5,20.5,56.5,56.5,920.0,-2100.0
401867883,2026,1,Northern Colorado,South Dakota,Draft Kings,20.5,South Dakota -20.5,,56.5,,,
401868158,2026,1,Southern Utah,Weber State,DraftKings,-14.5,Southern Utah -14.5,-14.5,58.5,58.5,-820.0,520.0
401868158,2026,1,Southern Utah,Weber State,Draft Kings,-14.5,Southern Utah -14.5,,58.5,,,
401868119,2026,1,Montana State,Butler,DraftKings,-45.5,Montana State -45.5,-45.5,59.5,59.5,,
401868119,2026,1,Montana State,Butler,Draft Kings,-45.5,Montana State -45.5,,59.5,,,
401868967,2026,1,Prairie View A&M,Texas Southern,DraftKings,-10.5,Prairie View A&M -10.5,-10.5,54.5,54.5,-483.0,345.0
401868967,2026,1,Prairie View A&M,Texas Southern,Draft Kings,-10.5,Prairie View A&M -10.5,,54.5,,,
401866626,2026,1,Davidson,Elon,DraftKings,32.5,Elon -32.5,31.5,58.5,57.5,,
401866626,2026,1,Davidson,Elon,Draft Kings,32.5,Elon -32.5,,58.5,,,
401868000,2026,1,Colgate,Holy Cross,DraftKings,-4.5,Colgate -4.5,-4.5,49.5,47.5,-185.0,147.0
401868000,2026,1,Colgate,Holy Cross,Draft Kings,-4.5,Colgate -4.5,,49.5,,,
401868071,2026,1,Central Arkansas,West Florida,DraftKings,-7.5,Central Arkansas -7.5,-7.5,55.5,55.5,-296.0,227.0
401868071,2026,1,Central Arkansas,West Florida,Draft Kings,-7.5,Central Arkansas -7.5,,55.5,,,
401866624,2026,1,Monmouth,Sacred Heart,DraftKings,-12.5,Monmouth -12.5,-15.5,58.5,58.5,-640.0,432.0
401866624,2026,1,Monmouth,Sacred Heart,Draft Kings,-11.5,Monmouth -11.5,,58.5,,,
401868336,2026,1,Chattanooga,Tennessee Tech,DraftKings,10.5,Tennessee Tech -10.5,10.5,48.5,49.5,358.0,-504.0
401868336,2026,1,Chattanooga,Tennessee Tech,Draft Kings,10.5,Tennessee Tech -10.5,,48.5,,,
401868163,2026,1,San Diego,UC Davis,DraftKings,14.5,UC Davis -14.5,15.5,54.5,57.5,509.0,-800.0
401868163,2026,1,San Diego,UC Davis,Draft Kings,14.5,UC Davis -14.5,,54.5,,,
401867924,2026,1,New Haven,Stonehill,DraftKings,-6.5,New Haven -6.5,-7.0,42.5,41.5,-226.0,178.0
401867924,2026,1,New Haven,Stonehill,Draft Kings,-6.5,New Haven -6.5,,42.5,,,
401868085,2026,1,Eastern Washington,Northern Iowa,DraftKings,-7.0,Eastern Washington -7,-6.5,52.5,52.5,-280.0,216.0
401868085,2026,1,Eastern Washington,Northern Iowa,Draft Kings,-7.0,Eastern Washington -7,,52.5,,,
401868306,2026,1,Stephen F. Austin,East Texas A&M,DraftKings,-23.5,Stephen F. Austin -23.5,-25.5,55.5,56.5,-3300.0,1100.0
401868306,2026,1,Stephen F. Austin,East Texas A&M,Draft Kings,-23.5,Stephen F. Austin -23.5,,55.5,,,
401867989,2026,1,Bucknell,Villanova,DraftKings,22.5,Villanova -22.5,26.5,54.5,56.5,1160.0,-3700.0
401867989,2026,1,Bucknell,Villanova,Draft Kings,22.5,Villanova -22.5,,54.5,,,
401868111,2026,1,Montana,Drake,DraftKings,-35.5,Montana -35.5,-34.5,60.5,57.5,,
401868111,2026,1,Montana,Drake,Draft Kings,-35.5,Montana -35.5,,60.5,,,
401862702,2026,2,Army,South Florida,DraftKings,-3.0,Army -3,-1.5,45.5,52.5,-166.0,140.0
401862702,2026,2,Army,South Florida,Bovada,-3.0,Army -3.0,-3.5,45.5,49.5,-175.0,150.0
401862702,2026,2,Army,South Florida,Draft Kings,-3.0,Army -3,,45.5,,,
401867684,2026,1,UT Martin,Chicago State,DraftKings,-45.5,UT Martin -45.5,-44.5,61.5,61.5,,
401867684,2026,1,UT Martin,Chicago State,Draft Kings,-45.5,UT Martin -45.5,,61.5,,,
401869127,2026,1,Howard,Richmond,DraftKings,14.0,Richmond -14,14.5,43.5,45.5,453.0,-680.0
401869127,2026,1,Howard,Richmond,Draft Kings,14.0,Richmond -14,,43.5,,,
401867939,2026,1,Florida A&M,South Carolina State,DraftKings,19.5,South Carolina State -19.5,17.5,54.5,,740.0,-1420.0
401867939,2026,1,Florida A&M,South Carolina State,Draft Kings,19.5,South Carolina State -19.5,,52.5,,,
401856790,2026,2,Pittsburgh,UCF,DraftKings,-7.0,Pittsburgh -7,-8.5,55.5,51.5,-298.0,240.0
401856790,2026,2,Pittsburgh,UCF,Bovada,-7.0,Pittsburgh -7.0,-7.5,55.0,57.0,-300.0,250.0
401856790,2026,2,Pittsburgh,UCF,Draft Kings,-7.5,Pittsburgh -7.5,,55.5,,,
401858216,2026,2,Syracuse,California,DraftKings,-3.5,Syracuse -3.5,1.5,56.5,52.5,-198.0,164.0
401858216,2026,2,Syracuse,California,Bovada,-4.0,Syracuse -4.0,-3.0,57.0,56.0,-165.0,140.0
401858216,2026,2,Syracuse,California,Draft Kings,-4.0,Syracuse -4,,56.5,,,
401858442,2026,2,Temple,Penn State,DraftKings,24.5,Penn State -24.5,21.5,50.5,51.5,1300.0,-2800.0
401858442,2026,2,Temple,Penn State,Bovada,24.0,Penn State -24.0,23.5,50.0,49.5,1100.0,-3300.0
401858442,2026,2,Temple,Penn State,Draft Kings,24.5,Penn State -24.5,,49.5,,,
401858446,2026,2,Washington,Utah State,DraftKings,-28.5,Washington -28.5,-24.5,55.5,56.5,-6500.0,2000.0
401858446,2026,2,Washington,Utah State,Bovada,-28.5,Washington -28.5,-26.5,55.5,55.5,-5000.0,1300.0
401858446,2026,2,Washington,Utah State,Draft Kings,-28.5,Washington -28.5,,55.5,,,
401868186,2026,1,Wofford,Gardner-Webb,DraftKings,-8.5,Wofford -8.5,-7.0,50.5,47.5,-300.0,230.0
401868186,2026,1,Wofford,Gardner-Webb,Draft Kings,-8.5,Wofford -8.5,,50.5,,,
401867692,2026,1,William & Mary,Delaware State,DraftKings,-9.5,William & Mary -9.5,-10.0,54.5,56.5,-348.0,262.0
401867692,2026,1,William & Mary,Delaware State,Draft Kings,-9.5,William & Mary -9.5,,54.5,,,
401864432,2026,1,Nevada,Western Kentucky,DraftKings,1.5,Western Kentucky -1.5,4.5,51.5,,-108.0,-112.0
401864432,2026,1,Nevada,Western Kentucky,Bovada,-1.0,Nevada -1.0,4.0,51.5,53.5,120.0,-140.0
401864432,2026,1,Nevada,Western Kentucky,Draft Kings,1.5,Western Kentucky -1.5,,51.5,,,
401864495,2026,1,Eastern Michigan,San José State,DraftKings,-1.5,Eastern Michigan -1.5,-3.5,55.5,,-115.0,-105.0
401864495,2026,1,Eastern Michigan,San José State,Draft Kings,-1.5,Eastern Michigan -1.5,,54.5,,,
401864495,2026,1,Eastern Michigan,San José State,Bovada,-1.5,Eastern Michigan -1.5,-3.5,55.0,53.5,-170.0,145.0
401858207,2026,1,Pittsburgh,Miami (OH),Bovada,-16.0,Pittsburgh -16.0,-16.5,47.0,50.5,-800.0,525.0
401858207,2026,1,Pittsburgh,Miami (OH),Draft Kings,-16.5,Pittsburgh -16.5,,47.5,,,
401858207,2026,1,Pittsburgh,Miami (OH),DraftKings,-16.5,Pittsburgh -16.5,-16.5,47.5,,-850.0,575.0
401856780,2026,1,West Virginia,Coastal Carolina,Bovada,-21.0,West Virginia -21.0,-17.5,54.5,57.5,-1725.0,-100000.0
401856780,2026,1,West Virginia,Coastal Carolina,Draft Kings,-21.0,West Virginia -21,,54.5,,,
401856780,2026,1,West Virginia,Coastal Carolina,DraftKings,-21.0,West Virginia -21,-17.5,54.5,,-1450.0,850.0
401867845,2026,1,Western Illinois,Illinois State,DraftKings,20.5,Illinois State -20.5,23.5,58.5,59.5,990.0,-2500.0
401867845,2026,1,Western Illinois,Illinois State,Draft Kings,20.5,Illinois State -20.5,,58.5,,,
401858537,2026,13,Northwestern,Illinois,DraftKings,3.5,Illinois -3.5,3.5,52.5,52.5,145.0,-175.0
401867875,2026,1,North Dakota,St. Thomas (MN),DraftKings,-28.5,North Dakota -28.5,-27.5,53.5,52.5,,
401867875,2026,1,North Dakota,St. Thomas (MN),Draft Kings,-28.5,North Dakota -28.5,,53.5,,,
401864496,2026,1,Air Force,Duquesne,Bovada,-28.5,Air Force -28.5,-28.5,57.5,57.5,,
401864496,2026,1,Air Force,Duquesne,DraftKings,-31.5,Air Force -31.5,-30.5,55.5,58.5,-6500.0,2000.0
401864496,2026,1,Air Force,Duquesne,Draft Kings,-31.5,Air Force -31.5,,55.5,,,
401868017,2026,1,Georgetown,Lehigh,DraftKings,22.5,Lehigh -22.5,20.5,46.5,49.5,870.0,-1920.0
401868017,2026,1,Georgetown,Lehigh,Draft Kings,22.5,Lehigh -22.5,,46.5,,,
401868274,2026,1,Mercer,Presbyterian,DraftKings,-22.5,Mercer -22.5,-21.5,54.5,56.5,-2100.0,920.0
401868274,2026,1,Mercer,Presbyterian,Draft Kings,-22.5,Mercer -22.5,,54.5,,,
401856781,2026,2,Kansas State,Washington State,DraftKings,-17.5,Kansas State -17.5,-16.5,48.5,51.5,-1050.0,675.0
401856781,2026,2,Kansas State,Washington State,Bovada,-18.0,Kansas State -18.0,-18.5,48.0,49.0,-1100.0,650.0
401856781,2026,2,Kansas State,Washington State,Draft Kings,-17.5,Kansas State -17.5,,48.5,,,
401862705,2026,2,North Texas,UNLV,DraftKings,3.0,UNLV -3,6.5,57.5,61.5,124.0,-148.0
401862705,2026,2,North Texas,UNLV,Bovada,2.5,UNLV -2.5,4.5,58.0,57.0,160.0,-185.0
401862705,2026,2,North Texas,UNLV,Draft Kings,3.0,UNLV -3,,58.5,,,
401864575,2026,2,Tulane,South Alabama,DraftKings,-9.5,Tulane -9.5,-10.0,48.5,55.5,-360.0,285.0
401864575,2026,2,Tulane,South Alabama,Bovada,-9.5,Tulane -9.5,-10.0,47.5,50.5,-420.0,315.0
401864575,2026,2,Tulane,South Alabama,Draft Kings,-9.5,Tulane -9.5,,48.5,,,
401856664,2026,1,Oklahoma,UTEP,Draft Kings,-40.5,Oklahoma -40.5,,51.5,,,
401856664,2026,1,Oklahoma,UTEP,Bovada,-41.0,Oklahoma -41.0,-40.5,51.0,50.5,,
401856664,2026,1,Oklahoma,UTEP,DraftKings,-40.5,Oklahoma -40.5,-40.5,51.5,,,
401858432,2026,1,Ohio State,Ball State,Draft Kings,-50.5,Ohio State -50.5,,55.5,,,
401858432,2026,1,Ohio State,Ball State,DraftKings,-49.5,Ohio State -49.5,-49.5,55.5,,,
401858432,2026,1,Ohio State,Ball State,Bovada,-51.0,Ohio State -51.0,-50.5,56.5,56.5,,
401858429,2026,1,Michigan State,Toledo,Draft Kings,-10.0,Michigan State -10,,48.5,,,
401858429,2026,1,Michigan State,Toledo,Bovada,-10.0,Michigan State -10.0,-10.5,48.5,49.5,-410.0,305.0
401858429,2026,1,Michigan State,Toledo,DraftKings,-10.0,Michigan State -10,-10.5,48.5,,-410.0,320.0
401856673,2026,2,Georgia,Western Kentucky,DraftKings,-40.5,Georgia -40.5,-35.5,55.5,52.5,,
401856673,2026,2,Georgia,Western Kentucky,Bovada,-40.0,Georgia -40.0,-39.5,56.0,54.0,,
401856673,2026,2,Georgia,Western Kentucky,Draft Kings,-40.5,Georgia -40.5,,55.5,,,
401866418,2026,2,Ohio,Jacksonville State,DraftKings,-1.5,Ohio -1.5,-2.5,49.5,48.5,-125.0,105.0
401866418,2026,2,Ohio,Jacksonville State,Bovada,-2.0,Ohio -2.0,-2.0,50.0,51.5,-125.0,105.0
401866418,2026,2,Ohio,Jacksonville State,Draft Kings,-1.5,Ohio -1.5,,48.5,,,
401858440,2026,2,Michigan State,Eastern Michigan,DraftKings,-17.5,Michigan State -17.5,-15.5,49.5,51.5,-900.0,600.0
401858440,2026,2,Michigan State,Eastern Michigan,Bovada,-17.5,Michigan State -17.5,-17.0,50.0,51.0,-1000.0,625.0
401858440,2026,2,Michigan State,Eastern Michigan,Draft Kings,-17.5,Michigan State -17.5,,49.5,,,
401862708,2026,2,UAB,UL Monroe,DraftKings,-9.5,UAB -9.5,-7.5,53.5,54.5,-360.0,285.0
401862708,2026,2,UAB,UL Monroe,Bovada,-9.0,UAB -9.0,-10.5,53.5,56.0,-435.0,325.0
401862708,2026,2,UAB,UL Monroe,Draft Kings,-9.5,UAB -9.5,,53.5,,,
401864571,2026,2,East Carolina,App State,DraftKings,-6.5,East Carolina -6.5,-11.5,55.5,56.5,-250.0,205.0
401864571,2026,2,East Carolina,App State,Bovada,-6.5,East Carolina -6.5,-8.0,56.0,56.5,-350.0,275.0
401864571,2026,2,East Carolina,App State,Draft Kings,-6.5,East Carolina -6.5,,55.5,,,
401858444,2026,2,UConn,Maryland,DraftKings,11.5,Maryland -11.5,12.5,52.5,53.5,350.0,-455.0
401858444,2026,2,UConn,Maryland,Bovada,11.5,Maryland -11.5,12.5,52.5,53.5,360.0,-500.0
401858444,2026,2,UConn,Maryland,Draft Kings,11.5,Maryland -11.5,,52.5,,,
401859184,2026,2,Notre Dame,Rice,DraftKings,-44.5,Notre Dame -44.5,-44.5,54.5,52.5,,
401859184,2026,2,Notre Dame,Rice,Bovada,-45.0,Notre Dame -45.0,-44.5,54.5,54.5,,
401859184,2026,2,Notre Dame,Rice,Draft Kings,-44.5,Notre Dame -44.5,,54.5,,,
401871045,2026,2,Marshall,Middle Tennessee,DraftKings,-12.5,Marshall -12.5,-17.5,55.5,57.5,-535.0,400.0
401871045,2026,2,Marshall,Middle Tennessee,Bovada,-13.0,Marshall -13.0,-14.0,55.5,57.5,-750.0,500.0
401871045,2026,2,Marshall,Middle Tennessee,Draft Kings,-11.5,Marshall -11.5,,56.5,,,
401858219,2026,2,Clemson,Georgia Southern,DraftKings,-19.5,Clemson -19.5,-26.5,54.5,57.5,-1350.0,800.0
401858219,2026,2,Clemson,Georgia Southern,Bovada,-19.5,Clemson -19.5,-21.0,54.5,55.5,-1800.0,850.0
401858219,2026,2,Clemson,Georgia Southern,Draft Kings,-20.5,Clemson -20.5,,54.5,,,
401858445,2026,2,USC,Louisiana,DraftKings,-30.5,USC -30.5,-28.5,58.5,63.5,-5000.0,1800.0
401858445,2026,2,USC,Louisiana,Bovada,-31.0,USC -31.0,-31.0,58.5,60.0,-10000.0,1600.0
401858445,2026,2,USC,Louisiana,Draft Kings,-30.5,USC -30.5,,58.5,,,
401864578,2026,2,Hawai'i,New Mexico State,DraftKings,-7.5,Hawai'i -7.5,-11.5,50.5,51.5,-298.0,240.0
401864578,2026,2,Hawai'i,New Mexico State,Bovada,-7.5,Hawai'i -7.5,-10.0,50.0,50.5,-410.0,305.0
401864578,2026,2,Hawai'i,New Mexico State,Draft Kings,-7.5,Hawai'i -7.5,,50.5,,,
401856783,2026,2,Oregon State,Texas Tech,DraftKings,25.5,Texas Tech -25.5,27.5,52.5,49.5,1400.0,-3200.0
401856783,2026,2,Oregon State,Texas Tech,Bovada,25.5,Texas Tech -25.5,26.5,52.5,51.5,1300.0,-5000.0
401856783,2026,2,Oregon State,Texas Tech,Draft Kings,25.5,Texas Tech -25.5,,52.5,,,
401858441,2026,2,Nebraska,Bowling Green,DraftKings,-30.5,Nebraska -30.5,-25.5,48.5,48.5,-9000.0,2500.0
401858441,2026,2,Nebraska,Bowling Green,Bovada,-30.5,Nebraska -30.5,-29.0,49.0,52.0,-10000.0,1600.0
401858441,2026,2,Nebraska,Bowling Green,Draft Kings,-30.5,Nebraska -30.5,,48.5,,,
401862695,2026,1,Memphis,Arkansas State,Bovada,-10.5,Memphis -10.5,-10.5,52.0,55.5,-340.0,270.0
401862695,2026,1,Memphis,Arkansas State,DraftKings,-10.5,Memphis -10.5,-10.5,52.5,,-395.0,310.0
401862695,2026,1,Memphis,Arkansas State,Draft Kings,-10.5,Memphis -10.5,,52.5,,,
401856660,2026,1,LSU,Clemson,Bovada,-10.0,LSU -10.0,-11.5,50.0,51.5,-480.0,350.0
401856660,2026,1,LSU,Clemson,Draft Kings,-10.0,LSU -10,,48.5,,,
401856660,2026,1,LSU,Clemson,DraftKings,-10.0,LSU -10,,48.5,,-410.0,320.0
401856662,2026,1,Mississippi State,UL Monroe,Bovada,-28.5,Mississippi State -28.5,-28.5,55.0,55.5,-100000.0,2500.0
401856662,2026,1,Mississippi State,UL Monroe,DraftKings,-28.5,Mississippi State -28.5,-28.5,54.5,,-4000.0,1600.0
401856662,2026,1,Mississippi State,UL Monroe,Draft Kings,-28.5,Mississippi State -28.5,,54.5,,,
401856668,2026,1,Texas A&M,Missouri State,Bovada,-40.5,Texas A&M -40.5,-38.5,53.5,52.5,,
401856668,2026,1,Texas A&M,Missouri State,Draft Kings,-38.5,Texas A&M -38.5,,53.5,,,
401856668,2026,1,Texas A&M,Missouri State,DraftKings,-38.5,Texas A&M -38.5,-38.5,53.5,,,
401856684,2026,2,Vanderbilt,Delaware,DraftKings,-20.5,Vanderbilt -20.5,-21.5,54.5,55.5,-1350.0,800.0
401856684,2026,2,Vanderbilt,Delaware,Bovada,-21.0,Vanderbilt -21.0,-21.0,54.5,53.5,-1800.0,850.0
401856684,2026,2,Vanderbilt,Delaware,Draft Kings,-20.5,Vanderbilt -20.5,,54.5,,,
401866414,2026,2,Florida International,Buffalo,DraftKings,-8.5,Florida International -8.5,-10.5,47.5,51.5,-345.0,275.0
401866414,2026,2,Florida International,Buffalo,Bovada,-9.0,Florida International -9.0,-10.0,47.5,48.5,-415.0,310.0
401866414,2026,2,Florida International,Buffalo,Draft Kings,-8.5,Florida International -8.5,,47.5,,,
401856661,2026,1,Ole Miss,Louisville,Bovada,-6.5,Ole Miss -6.5,-8.5,55.0,52.5,-270.0,220.0
401856661,2026,1,Ole Miss,Louisville,Draft Kings,-6.5,Ole Miss -6.5,,54.5,,,
401856661,2026,1,Ole Miss,Louisville,DraftKings,-6.5,Ole Miss -6.5,,55.5,,-258.0,210.0
401856676,2026,2,Ole Miss,Charlotte,DraftKings,-44.5,Ole Miss -44.5,-46.5,59.5,61.5,,
401856676,2026,2,Ole Miss,Charlotte,Bovada,-44.5,Ole Miss -44.5,-47.5,59.5,61.5,,
401856676,2026,2,Ole Miss,Charlotte,Draft Kings,-44.5,Ole Miss -44.5,,59.5,,,
401856677,2026,2,Minnesota,Mississippi State,DraftKings,-1.5,Minnesota -1.5,-2.5,54.5,,-110.0,-110.0
401856677,2026,2,Minnesota,Mississippi State,Bovada,-1.0,Minnesota -1.0,1.0,53.5,55.5,-115.0,-105.0
401856677,2026,2,Minnesota,Mississippi State,Draft Kings,1.5,Mississippi State -1.5,,53.5,,,
401860883,2026,2,Fresno State,Sacramento State,DraftKings,-17.5,Fresno State -17.5,-18.5,44.5,48.5,-900.0,600.0
401860883,2026,2,Fresno State,Sacramento State,Bovada,-18.5,Fresno State -18.5,-18.0,43.5,46.0,-1100.0,650.0
401860883,2026,2,Fresno State,Sacramento State,Draft Kings,-17.5,Fresno State -17.5,,43.5,,,
401858214,2026,2,Boston College,Rutgers,DraftKings,-3.0,Boston College -3,-3.5,53.5,,-148.0,124.0
401858214,2026,2,Boston College,Rutgers,Bovada,-3.0,Boston College -3.0,-3.5,53.5,54.5,-170.0,145.0
401858214,2026,2,Boston College,Rutgers,Draft Kings,-3.0,Boston College -3,,53.5,,,
401858224,2026,2,Purdue,Wake Forest,DraftKings,3.0,Wake Forest -3,3.5,51.5,49.5,124.0,-148.0
401858224,2026,2,Purdue,Wake Forest,Bovada,2.5,Wake Forest -2.5,4.5,51.0,50.0,160.0,-185.0
401858224,2026,2,Purdue,Wake Forest,Draft Kings,2.5,Wake Forest -2.5,,51.5,,,
401862707,2026,2,Sam Houston,Tulsa,DraftKings,12.5,Tulsa -12.5,10.5,51.5,53.5,380.0,-500.0
401862707,2026,2,Sam Houston,Tulsa,Bovada,11.5,Tulsa -11.5,13.5,52.0,52.0,425.0,-600.0
401862707,2026,2,Sam Houston,Tulsa,Draft Kings,12.5,Tulsa -12.5,,51.5,,,
401864502,2026,2,Air Force,North Dakota State,DraftKings,1.5,North Dakota State -1.5,6.5,47.5,49.5,105.0,-125.0
401864502,2026,2,Air Force,North Dakota State,Bovada,2.0,North Dakota State -2.0,3.5,48.5,47.5,140.0,-165.0
401864502,2026,2,Air Force,North Dakota State,Draft Kings,1.5,North Dakota State -1.5,,48.5,,,
401867796,2026,2,LSU,Louisiana Tech,DraftKings,-34.5,LSU -34.5,-31.5,55.5,55.5,-20000.0,3500.0
401867796,2026,2,LSU,Louisiana Tech,Bovada,-35.0,LSU -35.0,-33.5,55.0,55.5,,
401867796,2026,2,LSU,Louisiana Tech,Draft Kings,-34.5,LSU -34.5,,54.5,,,
401869955,2026,2,Kennesaw State,Georgia State,DraftKings,-7.0,Kennesaw State -7,-9.5,55.5,50.5,-298.0,240.0
401869955,2026,2,Kennesaw State,Georgia State,Bovada,-7.5,Kennesaw State -7.5,-9.0,55.5,51.0,-360.0,280.0
401869955,2026,2,Kennesaw State,Georgia State,Draft Kings,-7.5,Kennesaw State -7.5,,55.5,,,
401856671,2026,2,Auburn,Southern Miss,DraftKings,-32.5,Auburn -32.5,-29.5,56.5,52.5,-10000.0,3000.0
401856671,2026,2,Auburn,Southern Miss,Bovada,-33.0,Auburn -33.0,-30.0,57.0,53.0,,
401856671,2026,2,Auburn,Southern Miss,Draft Kings,-32.5,Auburn -32.5,,56.5,,,
401862703,2026,2,Florida Atlantic,Navy,DraftKings,4.0,Navy -4,6.5,59.5,57.5,164.0,-198.0
401862703,2026,2,Florida Atlantic,Navy,Bovada,4.5,Navy -4.5,5.5,59.5,59.0,185.0,-225.0
401862703,2026,2,Florida Atlantic,Navy,Draft Kings,4.5,Navy -4.5,,59.5,,,
401860882,2026,2,Colorado State,Southern Utah,DraftKings,-19.5,Colorado State -19.5,-20.5,57.5,56.5,-1350.0,800.0
401860882,2026,2,Colorado State,Southern Utah,Bovada,-20.0,Colorado State -20.0,-20.0,57.0,56.5,-1400.0,750.0
401860882,2026,2,Colorado State,Southern Utah,Draft Kings,-19.5,Colorado State -19.5,,57.5,,,
401856791,2026,2,West Virginia,UT Martin,Bovada,-41.5,West Virginia -41.5,-42.0,57.5,55.5,,
401856791,2026,2,West Virginia,UT Martin,DraftKings,-41.5,West Virginia -41.5,-40.5,56.5,55.5,,
401856791,2026,2,West Virginia,UT Martin,Draft Kings,-41.5,West Virginia -41.5,,57.5,,,
401867876,2026,2,Portland State,North Dakota,DraftKings,25.5,North Dakota -25.5,25.5,60.5,58.5,1180.0,-4000.0
401867876,2026,2,Portland State,North Dakota,Draft Kings,25.5,North Dakota -25.5,,60.5,,,
401868150,2026,2,SE Louisiana,North Alabama,DraftKings,-6.5,SE Louisiana -6.5,-6.5,51.5,49.5,-204.0,162.0
401868150,2026,2,SE Louisiana,North Alabama,Draft Kings,-6.5,SE Louisiana -6.5,,51.5,,,
401858453,2026,3,Notre Dame,Michigan State,DraftKings,-28.5,Notre Dame -28.5,-29.5,51.5,53.5,-5000.0,1800.0
401858453,2026,3,Notre Dame,Michigan State,Bovada,-29.0,Notre Dame -29.0,-30.0,51.5,52.0,-10000.0,1600.0
401858453,2026,3,Notre Dame,Michigan State,Draft Kings,-28.5,Notre Dame -28.5,,51.5,,,
401866630,2026,2,Maine,Merrimack,DraftKings,-10.0,Maine -10,-10.0,47.5,47.5,-431.0,314.0
401866630,2026,2,Maine,Merrimack,Draft Kings,-10.0,Maine -10,,47.5,,,
401858439,2026,2,Indiana,Howard,DraftKings,-57.5,Indiana -57.5,-56.5,66.5,64.5,,
401858439,2026,2,Indiana,Howard,Bovada,-57.5,Indiana -57.5,-57.5,67.5,66.0,,
401858439,2026,2,Indiana,Howard,Draft Kings,-57.5,Indiana -57.5,,67.5,,,
401868093,2026,2,Idaho,Lamar,DraftKings,-3.5,Idaho -3.5,-1.5,51.5,49.5,-175.0,139.0
401868093,2026,2,Idaho,Lamar,Draft Kings,-4.5,Idaho -4.5,,51.5,,,
401858213,2026,2,Miami,Florida A&M,Bovada,-59.5,Miami -59.5,-56.5,65.0,62.5,,
401858213,2026,2,Miami,Florida A&M,DraftKings,-59.5,Miami -59.5,-55.5,66.5,62.5,,
401858213,2026,2,Miami,Florida A&M,Draft Kings,-59.5,Miami -59.5,,66.5,,,
401868008,2026,2,Coastal Carolina,Fordham,DraftKings,-36.5,Coastal Carolina -36.5,-31.5,54.5,52.5,-100000.0,5000.0
401868008,2026,2,Coastal Carolina,Fordham,Bovada,-37.5,Coastal Carolina -37.5,-34.5,54.5,53.0,,
401868008,2026,2,Coastal Carolina,Fordham,Draft Kings,-36.5,Coastal Carolina -36.5,,54.5,,,
401856786,2026,2,Cincinnati,Western Carolina,DraftKings,-36.5,Cincinnati -36.5,-36.5,61.5,60.5,,
401856786,2026,2,Cincinnati,Western Carolina,Bovada,-36.5,Cincinnati -36.5,-36.5,61.5,60.5,,
401856786,2026,2,Cincinnati,Western Carolina,Draft Kings,-36.5,Cincinnati -36.5,,61.5,,,
401866415,2026,2,Central Michigan,Colgate,DraftKings,-18.5,Central Michigan -18.5,-23.5,49.5,49.5,-1600.0,900.0
401866415,2026,2,Central Michigan,Colgate,Bovada,-18.5,Central Michigan -18.5,-22.0,49.0,49.5,-1600.0,850.0
401866415,2026,2,Central Michigan,Colgate,Draft Kings,-18.5,Central Michigan -18.5,,48.5,,,
401866417,2026,2,Miami (OH),Holy Cross,DraftKings,-30.5,Miami (OH) -30.5,-30.5,47.5,49.5,-6500.0,2000.0
401866417,2026,2,Miami (OH),Holy Cross,Bovada,-30.5,Miami (OH) -30.5,-30.5,47.0,50.0,,
401866417,2026,2,Miami (OH),Holy Cross,Draft Kings,-30.5,Miami (OH) -30.5,,46.5,,,
401866629,2026,2,Hampton,Bryant,DraftKings,3.5,Bryant -3.5,3.5,51.5,48.5,133.0,-166.0
401866629,2026,2,Hampton,Bryant,Draft Kings,3.5,Bryant -3.5,,51.5,,,
401866413,2026,2,Ball State,Stony Brook,DraftKings,-13.5,Ball State -13.5,-14.5,52.5,57.5,-575.0,425.0
401866413,2026,2,Ball State,Stony Brook,Bovada,-13.5,Ball State -13.5,-14.0,53.0,54.5,-625.0,430.0
401866413,2026,2,Ball State,Stony Brook,Draft Kings,-13.5,Ball State -13.5,,52.5,,,
401858215,2026,2,Louisville,Villanova,Bovada,-38.5,Louisville -38.5,-36.5,57.0,56.0,,
401858215,2026,2,Louisville,Villanova,DraftKings,-38.5,Louisville -38.5,-36.5,56.5,55.5,,
401858215,2026,2,Louisville,Villanova,Draft Kings,-39.5,Louisville -39.5,,56.5,,,
401868123,2026,2,Northern Arizona,Incarnate Word,DraftKings,-4.5,Northern Arizona -4.5,-4.5,54.5,54.5,-186.0,148.0
401868123,2026,2,Northern Arizona,Incarnate Word,Draft Kings,-4.5,Northern Arizona -4.5,,54.5,,,
401858218,2026,2,North Carolina,East Tennessee State,DraftKings,-35.5,North Carolina -35.5,-34.5,54.5,54.5,-100000.0,5000.0
401858218,2026,2,North Carolina,East Tennessee State,Bovada,-35.5,North Carolina -35.5,-35.5,55.0,54.0,,
401858218,2026,2,North Carolina,East Tennessee State,Draft Kings,-36.5,North Carolina -36.5,,55.5,,,
401867929,2026,2,James Madison,Wagner,Bovada,-46.5,James Madison -46.5,-45.5,57.0,55.0,,
401867929,2026,2,James Madison,Wagner,DraftKings,-46.5,James Madison -46.5,-45.5,56.5,54.5,,
401867929,2026,2,James Madison,Wagner,Draft Kings,-46.5,James Madison -46.5,,56.5,,,
401864504,2026,2,San José State,Cal Poly,DraftKings,-21.5,San José State -21.5,-20.5,58.5,56.5,-1800.0,1000.0
401864504,2026,2,San José State,Cal Poly,Bovada,-21.5,San José State -21.5,-20.5,58.5,56.5,-1500.0,775.0
401864504,2026,2,San José State,Cal Poly,Draft Kings,-21.5,San José State -21.5,,58.5,,,
401866420,2026,2,Massachusetts,Sacred Heart,DraftKings,-23.5,Massachusetts -23.5,-23.5,53.5,53.5,-2400.0,1200.0
401866420,2026,2,Massachusetts,Sacred Heart,Bovada,-23.5,Massachusetts -23.5,-23.5,53.5,53.5,-2500.0,1000.0
401866420,2026,2,Massachusetts,Sacred Heart,Draft Kings,-23.5,Massachusetts -23.5,,53.5,,,
401858225,2026,3,Pittsburgh,Syracuse,DraftKings,-10.5,Pittsburgh -10.5,-10.5,51.5,59.5,-425.0,330.0
401858225,2026,3,Pittsburgh,Syracuse,Bovada,-11.0,Pittsburgh -11.0,-11.0,51.5,51.0,-450.0,335.0
401858225,2026,3,Pittsburgh,Syracuse,Draft Kings,-10.5,Pittsburgh -10.5,,51.5,,,
401866633,2026,2,North Carolina Central,North Carolina A&T,DraftKings,-24.5,North Carolina Central -24.5,-24.5,55.5,55.5,-2800.0,1040.0
401866633,2026,2,North Carolina Central,North Carolina A&T,Draft Kings,-24.5,North Carolina Central -24.5,,55.5,,,
401856789,2026,2,TCU,Grambling,DraftKings,-44.5,TCU -44.5,-43.5,56.5,53.5,,
401856789,2026,2,TCU,Grambling,Bovada,-44.5,TCU -44.5,-44.0,56.5,54.5,,
401856789,2026,2,TCU,Grambling,Draft Kings,-44.5,TCU -44.5,,56.5,,,
401858232,2026,3,Maryland,Virginia Tech,DraftKings,2.5,Virginia Tech -2.5,1.5,53.5,53.5,110.0,-130.0
401858232,2026,3,Maryland,Virginia Tech,Bovada,2.5,Virginia Tech -2.5,3.5,53.0,53.5,140.0,-165.0
401858232,2026,3,Maryland,Virginia Tech,Draft Kings,2.5,Virginia Tech -2.5,,53.5,,,
401872616,2026,2,South Dakota State,New Haven,DraftKings,-42.5,South Dakota State -42.5,-44.5,54.5,55.5,,
401872616,2026,2,South Dakota State,New Haven,Draft Kings,-42.5,South Dakota State -42.5,,54.5,,,
401856784,2026,2,Baylor,Prairie View A&M,DraftKings,-37.5,Baylor -37.5,-37.5,55.5,56.5,,
401856784,2026,2,Baylor,Prairie View A&M,Bovada,-37.5,Baylor -37.5,-37.5,55.5,55.5,,
401856784,2026,2,Baylor,Prairie View A&M,Draft Kings,-37.5,Baylor -37.5,,55.5,,,
401868241,2026,2,Arkansas State,West Georgia,DraftKings,-31.5,Arkansas State -31.5,-31.5,56.5,56.5,-10000.0,3000.0
401868241,2026,2,Arkansas State,West Georgia,Bovada,-31.5,Arkansas State -31.5,-31.5,56.5,56.5,,
401868241,2026,2,Arkansas State,West Georgia,Draft Kings,-31.5,Arkansas State -31.5,,56.5,,,
401856686,2026,3,Arkansas,Georgia,DraftKings,24.5,Georgia -24.5,17.5,54.5,52.5,1300.0,-2800.0
401856686,2026,3,Arkansas,Georgia,Bovada,24.5,Georgia -24.5,24.5,55.0,54.0,1100.0,-3300.0
401856686,2026,3,Arkansas,Georgia,Draft Kings,24.5,Georgia -24.5,,54.5,,,
401868355,2026,2,Alcorn State,Arkansas-Pine Bluff,DraftKings,-8.5,Alcorn State -8.5,-8.5,49.5,49.5,-346.0,261.0
401868355,2026,2,Alcorn State,Arkansas-Pine Bluff,Draft Kings,-8.5,Alcorn State -8.5,,49.5,,,
401868187,2026,2,Liberty,Gardner-Webb,Bovada,-28.5,Liberty -28.5,-27.5,55.5,55.0,,
401868187,2026,2,Liberty,Gardner-Webb,DraftKings,-29.5,Liberty -29.5,-25.5,55.5,55.5,-4500.0,1700.0
401868187,2026,2,Liberty,Gardner-Webb,Draft Kings,-28.5,Liberty -28.5,,55.5,,,
401856785,2026,2,Colorado,Weber State,DraftKings,-38.5,Colorado -38.5,-33.5,57.5,53.5,-6500.0,2000.0
401856785,2026,2,Colorado,Weber State,Bovada,-38.5,Colorado -38.5,-34.5,57.5,55.5,,
401856785,2026,2,Colorado,Weber State,Draft Kings,-38.5,Colorado -38.5,,57.5,,,
401864506,2026,2,Wyoming,Northern Colorado,DraftKings,-23.5,Wyoming -23.5,-22.5,44.5,47.5,-1800.0,1000.0
401864506,2026,2,Wyoming,Northern Colorado,Bovada,-23.5,Wyoming -23.5,-22.5,44.0,47.5,-2000.0,950.0
401864506,2026,2,Wyoming,Northern Colorado,Draft Kings,-23.5,Wyoming -23.5,,44.5,,,
401858222,2026,2,NC State,Richmond,DraftKings,-33.5,NC State -33.5,-30.5,50.5,48.5,-6500.0,2000.0
401858222,2026,2,NC State,Richmond,Bovada,-33.0,NC State -33.0,-31.0,50.5,49.5,,
401858222,2026,2,NC State,Richmond,Draft Kings,-33.5,NC State -33.5,,50.5,,,
401866632,2026,2,Long Island University,UAlbany,DraftKings,2.5,UAlbany -2.5,5.5,44.5,44.5,116.0,-145.0
401866632,2026,2,Long Island University,UAlbany,Draft Kings,2.5,UAlbany -2.5,,44.5,,,
401866416,2026,2,Kent State,Wofford,Bovada,-11.0,Kent State -11.0,-11.0,47.0,47.0,,
401866416,2026,2,Kent State,Wofford,DraftKings,-10.0,Kent State -10,-11.5,45.5,47.5,-455.0,350.0
401866416,2026,2,Kent State,Wofford,Draft Kings,-10.0,Kent State -10,,45.5,,,
401868112,2026,2,Montana,Utah Tech,Bovada,-38.5,Montana -38.5,-38.5,56.5,56.5,,
401868112,2026,2,Montana,Utah Tech,DraftKings,-36.5,Montana -36.5,-38.5,56.5,56.5,,
401868112,2026,2,Montana,Utah Tech,Draft Kings,-35.5,Montana -35.5,,56.5,,,
401866419,2026,2,Toledo,Central Connecticut,Bovada,-36.5,Toledo -36.5,-36.0,52.5,54.5,,
401866419,2026,2,Toledo,Central Connecticut,DraftKings,-36.5,Toledo -36.5,-33.5,52.5,55.5,-20000.0,3500.0
401866419,2026,2,Toledo,Central Connecticut,Draft Kings,-36.5,Toledo -36.5,,52.5,,,
401868326,2026,2,Troy,Alabama State,DraftKings,-23.5,Troy -23.5,,52.5,51.5,-2100.0,1100.0
401868326,2026,2,Troy,Alabama State,Bovada,-24.0,Troy -24.0,-22.5,52.5,51.5,-2000.0,950.0
401868326,2026,2,Troy,Alabama State,Draft Kings,-23.5,Troy -23.5,,52.5,,,
401869130,2026,2,East Texas A&M,Northwestern State,DraftKings,-20.5,East Texas A&M -20.5,-20.5,53.5,51.5,-1320.0,710.0
401869130,2026,2,East Texas A&M,Northwestern State,Draft Kings,-20.5,East Texas A&M -20.5,,53.5,,,
401868061,2026,2,Austin Peay,Morehead State,DraftKings,-36.5,Austin Peay -36.5,-34.5,62.5,62.5,,
401868061,2026,2,Austin Peay,Morehead State,Draft Kings,-36.5,Austin Peay -36.5,,62.5,,,
401858220,2026,2,Virginia,Norfolk State,DraftKings,-47.5,Virginia -47.5,-44.5,56.5,54.5,,
401858220,2026,2,Virginia,Norfolk State,Bovada,-47.0,Virginia -47.0,-45.0,56.5,55.0,,
401858220,2026,2,Virginia,Norfolk State,Draft Kings,-47.5,Virginia -47.5,,56.5,,,
401856691,2026,3,South Carolina,Mississippi State,DraftKings,-3.0,South Carolina -3,-7.5,59.5,54.5,-162.0,136.0
401856691,2026,3,South Carolina,Mississippi State,Bovada,-3.0,South Carolina -3.0,-3.5,59.0,58.5,-165.0,140.0
401856691,2026,3,South Carolina,Mississippi State,Draft Kings,-3.0,South Carolina -3,,59.5,,,
401867856,2026,2,Eastern Illinois,Indiana State,DraftKings,3.0,Indiana State -3,1.5,49.5,49.5,124.0,-154.0
401867856,2026,2,Eastern Illinois,Indiana State,Draft Kings,3.0,Indiana State -3,,49.5,,,
401868246,2026,2,Nicholls,UT Rio Grande Valley,DraftKings,5.5,UT Rio Grande Valley -5.5,5.5,50.5,50.5,184.0,-235.0
401868246,2026,2,Nicholls,UT Rio Grande Valley,Draft Kings,5.5,UT Rio Grande Valley -5.5,,50.5,,,
401868374,2026,2,Mercer,Furman,DraftKings,-15.5,Mercer -15.5,-15.5,54.5,54.5,-590.0,406.0
401868374,2026,2,Mercer,Furman,Draft Kings,-15.5,Mercer -15.5,,54.5,,,
401868033,2026,2,Lehigh,William & Mary,DraftKings,-13.5,Lehigh -13.5,-11.5,47.5,47.5,-449.0,325.0
401868033,2026,2,Lehigh,William & Mary,Draft Kings,-13.5,Lehigh -13.5,,47.5,,,
401856787,2026,2,Houston,Southern,DraftKings,-51.5,Houston -51.5,-51.5,61.5,60.5,,
401856787,2026,2,Houston,Southern,Bovada,-52.0,Houston -52.0,-51.5,62.0,60.5,,
401856787,2026,2,Houston,Southern,Draft Kings,-51.5,Houston -51.5,,61.5,,,
401868195,2026,2,Alabama A&M,Tennessee State,DraftKings,3.5,Tennessee State -3.5,1.5,49.5,49.5,118.0,-147.0
401868195,2026,2,Alabama A&M,Tennessee State,Draft Kings,3.5,Tennessee State -3.5,,49.5,,,
401866412,2026,2,Akron,Robert Morris,DraftKings,-26.5,Akron -26.5,-27.5,45.5,41.5,-3200.0,1400.0
401866412,2026,2,Akron,Robert Morris,Bovada,-26.5,Akron -26.5,-27.5,45.5,44.0,-6500.0,1300.0
401866412,2026,2,Akron,Robert Morris,Draft Kings,-26.5,Akron -26.5,,45.5,,,
401866631,2026,2,New Hampshire,Stonehill,DraftKings,-13.5,New Hampshire -13.5,-13.5,43.5,43.5,-479.0,343.0
401866631,2026,2,New Hampshire,Stonehill,Draft Kings,-13.5,New Hampshire -13.5,,43.5,,,
401867867,2026,2,Murray State,Valparaiso,DraftKings,-14.5,Murray State -14.5,-10.5,47.5,51.5,-810.0,515.0
401867867,2026,2,Murray State,Valparaiso,Draft Kings,-14.0,Murray State -14,,47.5,,,
401868102,2026,2,Idaho State,San Diego,DraftKings,-22.5,Idaho State -22.5,-25.5,58.5,58.5,-1860.0,860.0
401868102,2026,2,Idaho State,San Diego,Draft Kings,-22.5,Idaho State -22.5,,58.5,,,
401858223,2026,2,SMU,UC Davis,DraftKings,-32.5,SMU -32.5,-24.5,58.5,58.5,-4000.0,1600.0
401858223,2026,2,SMU,UC Davis,Bovada,-32.5,SMU -32.5,-29.5,59.0,58.5,,
401858223,2026,2,SMU,UC Davis,Draft Kings,-32.5,SMU -32.5,,59.5,,,
401868171,2026,2,The Citadel,Charleston Southern,DraftKings,-3.0,The Citadel -3,1.5,45.5,45.5,-156.0,125.0
401868171,2026,2,The Citadel,Charleston Southern,Draft Kings,-3.0,The Citadel -3,,45.5,,,
401868236,2026,2,McNeese,Tarleton State,DraftKings,19.5,Tarleton State -19.5,20.5,56.5,56.5,690.0,-1260.0
401868236,2026,2,McNeese,Tarleton State,Draft Kings,19.5,Tarleton State -19.5,,56.5,,,
401858226,2026,3,Wake Forest,Miami,DraftKings,20.5,Miami -20.5,19.5,55.5,50.5,900.0,-1600.0
401858226,2026,3,Wake Forest,Miami,Bovada,20.0,Miami -20.0,21.0,56.0,55.0,900.0,-1900.0
401858226,2026,3,Wake Forest,Miami,Draft Kings,20.5,Miami -20.5,,55.5,,,
401858229,2026,3,Clemson,North Carolina,DraftKings,-3.0,Clemson -3,-9.5,44.5,44.5,-148.0,124.0
401858229,2026,3,Clemson,North Carolina,Bovada,-3.0,Clemson -3.0,-3.0,44.5,44.5,-170.0,135.0
401858229,2026,3,Clemson,North Carolina,Draft Kings,-3.0,Clemson -3,,44.5,,,
401868285,2026,2,Bethune-Cookman,Stetson,DraftKings,-14.5,Bethune-Cookman -14.5,-14.5,56.5,56.5,-880.0,545.0
401868285,2026,2,Bethune-Cookman,Stetson,Draft Kings,-14.5,Bethune-Cookman -14.5,,56.5,,,
401867890,2026,2,Southern Illinois,Southeast Missouri State,DraftKings,-7.5,Southern Illinois -7.5,-7.5,53.5,53.5,-355.0,266.0
401867890,2026,2,Southern Illinois,Southeast Missouri State,Draft Kings,-7.5,Southern Illinois -7.5,,53.5,,,
401864505,2026,2,UTEP,Texas Southern,DraftKings,-27.5,UTEP -27.5,-25.5,53.5,52.5,-4500.0,1700.0
401864505,2026,2,UTEP,Texas Southern,Bovada,-27.0,UTEP -27.0,-25.5,53.5,53.0,-4000.0,1200.0
401864505,2026,2,UTEP,Texas Southern,Draft Kings,-27.5,UTEP -27.5,,53.5,,,
401866421,2026,2,Western Michigan,Monmouth,Bovada,-28.5,Western Michigan -28.5,-27.5,54.5,52.5,,
401866421,2026,2,Western Michigan,Monmouth,DraftKings,-29.5,Western Michigan -29.5,-25.5,54.5,52.5,-5000.0,1800.0
401866421,2026,2,Western Michigan,Monmouth,Draft Kings,-29.5,Western Michigan -29.5,,54.5,,,
401867990,2026,2,VMI,Bucknell,DraftKings,8.5,Bucknell -8.5,10.5,47.5,47.5,248.0,-327.0
401867990,2026,2,VMI,Bucknell,Draft Kings,8.5,Bucknell -8.5,,47.5,,,
401865252,2026,2,New Mexico,Mercyhurst,Bovada,-42.0,New Mexico -42.0,-41.5,54.5,52.5,,
401865252,2026,2,New Mexico,Mercyhurst,DraftKings,-42.5,New Mexico -42.5,-40.5,54.5,51.5,,
401865252,2026,2,New Mexico,Mercyhurst,Draft Kings,-42.5,New Mexico -42.5,,54.5,,,
401868050,2026,2,Abilene Christian,Stephen F. Austin,DraftKings,3.0,Stephen F. Austin -3,3.0,50.5,50.5,128.0,-160.0
401868050,2026,2,Abilene Christian,Stephen F. Austin,Draft Kings,3.0,Stephen F. Austin -3,,50.5,,,
401867895,2026,2,Youngstown State,Duquesne,DraftKings,-22.5,Youngstown State -22.5,-22.5,54.5,53.5,-2500.0,980.0
401867895,2026,2,Youngstown State,Duquesne,Draft Kings,-22.5,Youngstown State -22.5,,54.5,,,
401868255,2026,2,Northern Iowa,Drake,DraftKings,-11.5,Northern Iowa -11.5,-10.5,59.5,54.5,-521.0,368.0
401868255,2026,2,Northern Iowa,Drake,Draft Kings,-11.5,Northern Iowa -11.5,,59.5,,,
401866628,2026,2,Rhode Island,Elon,DraftKings,-8.5,Rhode Island -8.5,-8.5,48.5,48.5,-288.0,221.0
401866628,2026,2,Rhode Island,Elon,Draft Kings,-8.5,Rhode Island -8.5,,48.5,,,
401856672,2026,2,Florida,Campbell,DraftKings,-51.5,Florida -51.5,-49.5,66.5,65.5,,
401856672,2026,2,Florida,Campbell,Bovada,-51.5,Florida -51.5,-50.5,67.0,66.0,,
401856672,2026,2,Florida,Campbell,Draft Kings,-51.5,Florida -51.5,,66.5,,,
401871046,2026,2,Missouri State,Lindenwood,DraftKings,-16.5,Missouri State -16.5,-19.5,53.5,52.5,-850.0,575.0
401871046,2026,2,Missouri State,Lindenwood,Bovada,-17.0,Missouri State -17.0,-17.0,53.0,52.5,-850.0,550.0
401871046,2026,2,Missouri State,Lindenwood,Draft Kings,-16.5,Missouri State -16.5,,53.5,,,
401858447,2026,2,Wisconsin,Western Illinois,Bovada,-43.0,Wisconsin -43.0,-40.0,53.0,49.5,,
401858447,2026,2,Wisconsin,Western Illinois,DraftKings,-43.5,Wisconsin -43.5,-38.5,52.5,48.5,,
401858447,2026,2,Wisconsin,Western Illinois,Draft Kings,-43.5,Wisconsin -43.5,,53.5,,,
401864503,2026,2,Northern Illinois,Illinois State,Bovada,2.5,Illinois State -2.5,5.0,48.0,48.0,175.0,-210.0
401864503,2026,2,Northern Illinois,Illinois State,DraftKings,2.5,Illinois State -2.5,4.5,47.5,48.5,124.0,-148.0
401864503,2026,2,Northern Illinois,Illinois State,Draft Kings,2.5,Illinois State -2.5,,47.5,,,
401867884,2026,2,South Dakota,Eastern Washington,DraftKings,-15.5,South Dakota -15.5,-16.5,61.5,58.5,-740.0,482.0
401867884,2026,2,South Dakota,Eastern Washington,Draft Kings,-15.5,South Dakota -15.5,,61.5,,,
401856680,2026,2,South Carolina,Towson,Bovada,-44.5,South Carolina -44.5,-43.5,57.5,56.0,,
401856680,2026,2,South Carolina,Towson,DraftKings,-44.5,South Carolina -44.5,-43.5,57.5,54.5,,
401856680,2026,2,South Carolina,Towson,Draft Kings,-44.5,South Carolina -44.5,,57.5,,,
401868028,2026,2,Lafayette,Marist,DraftKings,-15.5,Lafayette -15.5,-12.5,47.5,47.5,-820.0,517.0
401868028,2026,2,Lafayette,Marist,Draft Kings,-15.5,Lafayette -15.5,,47.5,,,
401864500,2026,2,Nevada,Montana State,Bovada,5.5,Montana State -5.5,3.5,51.5,49.5,155.0,-180.0
401864500,2026,2,Nevada,Montana State,Draft Kings,4.5,Montana State -4.5,,51.5,,,
401864500,2026,2,Nevada,Montana State,DraftKings,4.5,Montana State -4.5,4.5,51.5,49.5,170.0,-205.0
401868386,2026,2,Tennessee Tech,Samford,DraftKings,-26.5,Tennessee Tech -26.5,-26.5,48.5,48.5,-5900.0,1340.0
401868386,2026,2,Tennessee Tech,Samford,Draft Kings,-26.5,Tennessee Tech -26.5,,48.5,,,
401868141,2026,2,Eastern Kentucky,Chattanooga,DraftKings,3.0,Chattanooga -3,3.0,48.5,48.5,135.0,-169.0
401868141,2026,2,Eastern Kentucky,Chattanooga,Draft Kings,3.0,Chattanooga -3,,48.5,,,
401856812,2026,3,Kansas,Arizona State,DraftKings,5.5,Arizona State -5.5,5.5,51.5,56.5,180.0,-218.0
401856812,2026,3,Kansas,Arizona State,Bovada,5.0,Arizona State -5.0,6.5,51.0,53.0,190.0,-230.0
401856812,2026,3,Kansas,Arizona State,Draft Kings,5.5,Arizona State -5.5,,50.5,,,
401869940,2026,3,Delaware,Coastal Carolina,DraftKings,-4.5,Delaware -4.5,-4.5,56.5,58.5,-205.0,170.0
401869940,2026,3,Delaware,Coastal Carolina,Bovada,-5.5,Delaware -5.5,-5.0,56.5,57.5,-210.0,175.0
401869940,2026,3,Delaware,Coastal Carolina,Draft Kings,-4.5,Delaware -4.5,,56.5,,,
401858454,2026,3,Ohio State,Kent State,DraftKings,-52.5,Ohio State -52.5,-52.5,58.5,56.5,,
401858454,2026,3,Ohio State,Kent State,Bovada,-52.0,Ohio State -52.0,-53.0,59.0,58.5,,
401858454,2026,3,Ohio State,Kent State,Draft Kings,-52.5,Ohio State -52.5,,58.5,,,
401856792,2026,3,Kansas State,Tulane,DraftKings,-20.5,Kansas State -20.5,-20.5,49.5,49.5,-1450.0,850.0
401856792,2026,3,Kansas State,Tulane,Bovada,-20.5,Kansas State -20.5,-19.5,49.5,49.5,-1300.0,725.0
401856792,2026,3,Kansas State,Tulane,Draft Kings,-20.5,Kansas State -20.5,,49.5,,,
401858456,2026,3,Penn State,Buffalo,DraftKings,-39.5,Penn State -39.5,-39.5,48.5,48.5,,
401858456,2026,3,Penn State,Buffalo,Bovada,-40.0,Penn State -40.0,-38.5,48.0,47.5,,
401858456,2026,3,Penn State,Buffalo,Draft Kings,-39.5,Penn State -39.5,,48.5,,,
401861963,2026,3,Southern Miss,UConn,DraftKings,3.5,UConn -3.5,2.5,54.5,55.5,136.0,-162.0
401861963,2026,3,Southern Miss,UConn,Bovada,3.5,UConn -3.5,3.5,54.5,54.0,140.0,-165.0
401861963,2026,3,Southern Miss,UConn,Draft Kings,3.5,UConn -3.5,,54.5,,,
401856693,2026,3,Texas,UTSA,DraftKings,-29.5,Texas -29.5,-29.5,58.5,57.5,-5000.0,1800.0
401856693,2026,3,Texas,UTSA,Bovada,-30.0,Texas -30.0,-30.0,58.0,58.0,,
401856693,2026,3,Texas,UTSA,Draft Kings,-29.5,Texas -29.5,,58.5,,,
401856796,2026,3,Northwestern,Colorado,DraftKings,-3.5,Northwestern -3.5,-4.5,47.5,45.5,-175.0,145.0
401856796,2026,3,Northwestern,Colorado,Bovada,-3.5,Northwestern -3.5,-4.5,48.0,47.0,-195.0,165.0
401856796,2026,3,Northwestern,Colorado,Draft Kings,-3.5,Northwestern -3.5,,47.5,,,
401856694,2026,3,Texas A&M,Kentucky,DraftKings,-16.5,Texas A&M -16.5,-15.5,49.5,48.5,-850.0,575.0
401856694,2026,3,Texas A&M,Kentucky,Bovada,-16.5,Texas A&M -16.5,-16.0,48.5,49.0,-750.0,500.0
401856694,2026,3,Texas A&M,Kentucky,Draft Kings,-16.5,Texas A&M -16.5,,48.5,,,
401858459,2026,3,Washington,Eastern Washington,DraftKings,-42.5,Washington -42.5,-42.5,58.5,56.5,,
401858459,2026,3,Washington,Eastern Washington,Bovada,-43.5,Washington -43.5,-42.5,59.0,58.0,,
401858459,2026,3,Washington,Eastern Washington,Draft Kings,-42.5,Washington -42.5,,58.5,,,
401866423,2026,3,South Alabama,Ohio,Bovada,-7.0,South Alabama -7.0,-4.0,50.0,52.5,-185.0,160.0
401866423,2026,3,South Alabama,Ohio,DraftKings,-7.0,South Alabama -7,-3.5,49.5,53.5,-270.0,220.0
401866423,2026,3,South Alabama,Ohio,Draft Kings,-7.0,South Alabama -7,,49.5,,,
401856798,2026,3,Iowa State,Bowling Green,Bovada,-23.0,Iowa State -23.0,-23.0,43.5,46.0,-2200.0,1000.0
401856798,2026,3,Iowa State,Bowling Green,DraftKings,-23.5,Iowa State -23.5,-22.5,43.5,45.5,-2400.0,1200.0
401856798,2026,3,Iowa State,Bowling Green,Draft Kings,-22.5,Iowa State -22.5,,43.5,,,
401858452,2026,3,Nebraska,North Dakota,DraftKings,-27.5,Nebraska -27.5,-24.5,56.5,51.5,-2800.0,1300.0
401858452,2026,3,Nebraska,North Dakota,Bovada,-27.0,Nebraska -27.0,-24.0,56.5,51.0,-2500.0,1000.0
401858452,2026,3,Nebraska,North Dakota,Draft Kings,-27.5,Nebraska -27.5,,56.5,,,
401856803,2026,3,Oklahoma State,Murray State,DraftKings,-56.5,Oklahoma State -56.5,-56.5,70.5,70.5,,
401856803,2026,3,Oklahoma State,Murray State,Bovada,-55.5,Oklahoma State -55.5,-55.5,70.0,70.0,,
401856803,2026,3,Oklahoma State,Murray State,Draft Kings,-56.5,Oklahoma State -56.5,,70.5,,,
401860889,2026,3,Texas State,North Texas,DraftKings,-3.0,Texas State -3,-3.0,62.5,63.5,-142.0,120.0
401860889,2026,3,Texas State,North Texas,Bovada,-3.0,Texas State -3.0,-3.0,62.5,63.5,-150.0,130.0
401860889,2026,3,Texas State,North Texas,Draft Kings,-3.0,Texas State -3,,62.5,,,
401858448,2026,3,Illinois,Southern Illinois,DraftKings,-34.5,Illinois -34.5,-41.5,55.5,54.5,,
401858448,2026,3,Illinois,Southern Illinois,Bovada,-35.0,Illinois -35.0,-38.5,55.5,55.5,,
401858448,2026,3,Illinois,Southern Illinois,Draft Kings,-34.5,Illinois -34.5,,55.5,,,
401864443,2026,3,Middle Tennessee,Nevada,DraftKings,3.5,Nevada -3.5,6.5,50.5,49.5,150.0,-180.0
401864443,2026,3,Middle Tennessee,Nevada,Bovada,4.0,Nevada -4.0,5.5,50.5,51.0,180.0,-220.0
401864443,2026,3,Middle Tennessee,Nevada,Draft Kings,3.5,Nevada -3.5,,50.5,,,
401869948,2026,3,Jacksonville State,Georgia Southern,Bovada,-3.5,Jacksonville State -3.5,-3.5,51.0,52.5,-175.0,150.0
401869948,2026,3,Jacksonville State,Georgia Southern,DraftKings,-3.5,Jacksonville State -3.5,-2.5,51.5,53.5,-175.0,145.0
401869948,2026,3,Jacksonville State,Georgia Southern,Draft Kings,-3.5,Jacksonville State -3.5,,51.5,,,
401856797,2026,3,Cincinnati,Miami (OH),DraftKings,-14.5,Cincinnati -14.5,-15.5,50.5,49.5,-650.0,470.0
401856797,2026,3,Cincinnati,Miami (OH),Bovada,-14.5,Cincinnati -14.5,-14.5,50.0,51.0,-675.0,460.0
401856797,2026,3,Cincinnati,Miami (OH),Draft Kings,-14.5,Cincinnati -14.5,,50.5,,,
401866422,2026,3,Liberty,Ball State,DraftKings,-14.5,Liberty -14.5,-14.5,49.5,55.5,-650.0,470.0
401866422,2026,3,Liberty,Ball State,Bovada,-14.5,Liberty -14.5,-14.0,49.0,51.0,-625.0,430.0
401866422,2026,3,Liberty,Ball State,Draft Kings,-14.5,Liberty -14.5,,49.5,,,
401858471,2026,3,Iowa,Northern Iowa,DraftKings,-37.5,Iowa -37.5,-40.5,48.5,49.5,,
401858471,2026,3,Iowa,Northern Iowa,Bovada,-37.5,Iowa -37.5,-40.5,49.0,49.0,,
401858471,2026,3,Iowa,Northern Iowa,Draft Kings,-37.5,Iowa -37.5,,48.5,,,
401860886,2026,3,Oregon State,Montana,DraftKings,-17.5,Oregon State -17.5,-17.5,55.5,52.5,-850.0,575.0
401860886,2026,3,Oregon State,Montana,Bovada,-17.5,Oregon State -17.5,-17.0,56.0,54.5,-900.0,575.0
401860886,2026,3,Oregon State,Montana,Draft Kings,-17.5,Oregon State -17.5,,55.5,,,
401858460,2026,3,Wisconsin,Eastern Michigan,DraftKings,-23.5,Wisconsin -23.5,-24.5,43.5,45.5,-2400.0,1200.0
401858460,2026,3,Wisconsin,Eastern Michigan,Bovada,-23.5,Wisconsin -23.5,-24.5,44.0,46.0,-3300.0,1100.0
401858460,2026,3,Wisconsin,Eastern Michigan,Draft Kings,-23.5,Wisconsin -23.5,,43.5,,,
401862710,2026,3,Old Dominion,East Carolina,Bovada,-2.5,Old Dominion -2.5,-3.0,49.0,49.5,-145.0,125.0
401862710,2026,3,Old Dominion,East Carolina,DraftKings,-2.5,Old Dominion -2.5,-2.5,48.5,49.5,-130.0,110.0
401862710,2026,3,Old Dominion,East Carolina,Draft Kings,-2.5,Old Dominion -2.5,,48.5,,,
401856795,2026,3,Colorado State,BYU,Bovada,17.5,BYU -17.5,18.0,54.0,52.0,650.0,-1100.0
401856795,2026,3,Colorado State,BYU,DraftKings,17.5,BYU -17.5,21.0,54.5,52.5,650.0,-1000.0
401856795,2026,3,Colorado State,BYU,Draft Kings,17.5,BYU -17.5,,54.5,,,
401856695,2026,3,Vanderbilt,NC State,Bovada,-3.0,Vanderbilt -3.0,-4.0,50.5,52.5,-185.0,160.0
401856695,2026,3,Vanderbilt,NC State,DraftKings,-3.0,Vanderbilt -3,-4.0,50.5,54.5,-155.0,130.0
401856695,2026,3,Vanderbilt,NC State,Draft Kings,-3.0,Vanderbilt -3,,50.5,,,
401858455,2026,3,Oregon,Portland State,DraftKings,-58.5,Oregon -58.5,-57.5,71.5,66.5,,
401858455,2026,3,Oregon,Portland State,Bovada,-58.5,Oregon -58.5,-57.5,71.5,68.0,,
401858455,2026,3,Oregon,Portland State,Draft Kings,-58.5,Oregon -58.5,,71.5,,,
401858458,2026,3,UCLA,Purdue,DraftKings,-14.0,UCLA -14,-14.0,52.5,53.5,-600.0,440.0
401858458,2026,3,UCLA,Purdue,Bovada,-13.5,UCLA -13.5,-15.5,52.5,53.0,-800.0,525.0
401858458,2026,3,UCLA,Purdue,Draft Kings,-13.5,UCLA -13.5,,53.5,,,
401862774,2026,3,Toledo,Temple,Bovada,-5.0,Toledo -5.0,-5.0,48.5,51.0,-210.0,175.0
401862774,2026,3,Toledo,Temple,DraftKings,-4.5,Toledo -4.5,-4.0,48.5,52.5,-205.0,170.0
401862774,2026,3,Toledo,Temple,Draft Kings,-4.5,Toledo -4.5,,48.5,,,
401864508,2026,3,Central Michigan,Wyoming,DraftKings,1.5,Wyoming -1.5,-2.5,39.5,39.5,102.0,-122.0
401864508,2026,3,Central Michigan,Wyoming,Bovada,2.0,Wyoming -2.0,-1.5,40.0,39.5,-120.0,100.0
401864508,2026,3,Central Michigan,Wyoming,Draft Kings,1.5,Wyoming -1.5,,39.5,,,
401856800,2026,3,UCF,Georgia State,Bovada,-17.5,UCF -17.5,-20.5,50.0,50.5,-1500.0,775.0
401856800,2026,3,UCF,Georgia State,DraftKings,-17.5,UCF -17.5,-21.0,50.5,49.5,-1050.0,675.0
401856800,2026,3,UCF,Georgia State,Draft Kings,-17.5,UCF -17.5,,50.5,,,
401862773,2026,3,Rice,Western Michigan,Bovada,8.5,Western Michigan -8.5,12.0,43.5,44.0,325.0,-510.0
401862773,2026,3,Rice,Western Michigan,DraftKings,8.5,Western Michigan -8.5,11.5,43.5,45.5,285.0,-360.0
401862773,2026,3,Rice,Western Michigan,Draft Kings,8.5,Western Michigan -8.5,,43.5,,,
401864574,2026,3,App State,Charlotte,Bovada,-16.0,App State -16.0,-20.5,52.5,50.5,-1600.0,800.0
401864574,2026,3,App State,Charlotte,DraftKings,-15.5,App State -15.5,-19.5,52.5,53.5,-1000.0,650.0
401864574,2026,3,App State,Charlotte,Draft Kings,-16.5,App State -16.5,,52.5,,,
401867804,2026,3,Baylor,Louisiana Tech,Bovada,-20.0,Baylor -20.0,-19.0,50.0,55.0,-1100.0,650.0
401867804,2026,3,Baylor,Louisiana Tech,DraftKings,-19.5,Baylor -19.5,-17.5,50.5,55.5,-1350.0,800.0
401867804,2026,3,Baylor,Louisiana Tech,Draft Kings,-20.5,Baylor -20.5,,50.5,,,
401856801,2026,3,Utah,Utah State,DraftKings,-26.5,Utah -26.5,-27.5,55.5,57.5,-4500.0,1700.0
401856801,2026,3,Utah,Utah State,Bovada,-26.0,Utah -26.0,-28.0,56.0,57.0,-7000.0,1300.0
401856801,2026,3,Utah,Utah State,Draft Kings,-26.5,Utah -26.5,,55.5,,,
401858451,2026,3,Minnesota,Akron,DraftKings,-22.5,Minnesota -22.5,-26.5,48.5,48.5,-3200.0,1400.0
401858451,2026,3,Minnesota,Akron,Bovada,-22.5,Minnesota -22.5,-26.5,48.5,49.0,-5000.0,1300.0
401858451,2026,3,Minnesota,Akron,Draft Kings,-22.5,Minnesota -22.5,,48.5,,,
401858457,2026,3,Rutgers,USC,DraftKings,21.0,USC -21,24.5,58.5,57.5,1100.0,-2100.0
401858457,2026,3,Rutgers,USC,Bovada,21.0,USC -21.0,24.5,58.5,57.5,1100.0,-3300.0
401858457,2026,3,Rutgers,USC,Draft Kings,21.0,USC -21,,59.5,,,
401870764,2026,3,Sam Houston,Nicholls,DraftKings,-21.0,Sam Houston -21,-17.5,50.5,49.5,,
401870764,2026,3,Sam Houston,Nicholls,Bovada,-21.0,Sam Houston -21.0,-17.5,51.5,49.0,-1000.0,625.0
401870764,2026,3,Sam Houston,Nicholls,Draft Kings,-21.0,Sam Houston -21,,50.5,,,
401858449,2026,3,Indiana,Western Kentucky,DraftKings,-44.5,Indiana -44.5,-44.5,59.5,59.5,,
401858449,2026,3,Indiana,Western Kentucky,Bovada,-45.0,Indiana -45.0,-44.0,59.0,59.5,,
401858449,2026,3,Indiana,Western Kentucky,Draft Kings,-44.5,Indiana -44.5,,59.5,,,
401858231,2026,3,Duke,Stanford,DraftKings,-9.5,Duke -9.5,-10.0,51.5,50.5,-375.0,295.0
401858231,2026,3,Duke,Stanford,Bovada,-10.0,Duke -10.0,-9.5,51.5,51.0,-370.0,285.0
401858231,2026,3,Duke,Stanford,Draft Kings,-9.5,Duke -9.5,,51.5,,,
401856881,2026,4,West Virginia,Oklahoma State,DraftKings,-1.5,West Virginia -1.5,2.5,59.5,57.5,-122.0,102.0
401856881,2026,4,West Virginia,Oklahoma State,Bovada,-1.0,West Virginia -1.0,-1.5,59.0,59.5,-120.0,100.0
401860888,2026,3,San José State,Fresno State,DraftKings,4.5,Fresno State -4.5,7.5,47.5,52.5,164.0,-198.0
401860888,2026,3,San José State,Fresno State,Bovada,4.0,Fresno State -4.0,7.0,47.5,50.5,225.0,-275.0
401860888,2026,3,San José State,Fresno State,Draft Kings,4.0,Fresno State -4,,47.5,,,
401856703,2026,4,Mississippi State,Missouri,DraftKings,-6.5,Mississippi State -6.5,-1.5,58.5,56.5,-238.0,195.0
401856703,2026,4,Mississippi State,Missouri,Bovada,-6.5,Mississippi State -6.5,-6.0,58.5,58.0,-230.0,190.0
401856799,2026,3,TCU,Arkansas State,DraftKings,-18.5,TCU -18.5,-20.5,56.5,57.5,-1350.0,800.0
401856799,2026,3,TCU,Arkansas State,Bovada,-19.5,TCU -19.5,-20.0,56.0,57.5,-1400.0,750.0
401856799,2026,3,TCU,Arkansas State,Draft Kings,-18.5,TCU -18.5,,56.5,,,
401862771,2026,3,Florida Atlantic,Florida International,DraftKings,-4.5,Florida Atlantic -4.5,-7.5,62.5,62.5,-205.0,170.0
401862771,2026,3,Florida Atlantic,Florida International,Bovada,-5.0,Florida Atlantic -5.0,-7.0,62.0,62.5,-275.0,225.0
401862771,2026,3,Florida Atlantic,Florida International,Draft Kings,-5.5,Florida Atlantic -5.5,,62.5,,,
401856692,2026,3,Tennessee,Kennesaw State,DraftKings,-35.5,Tennessee -35.5,-34.5,60.5,59.5,-8000.0,2200.0
401856692,2026,3,Tennessee,Kennesaw State,Bovada,-35.5,Tennessee -35.5,-35.5,61.0,60.0,,
401856692,2026,3,Tennessee,Kennesaw State,Draft Kings,-35.5,Tennessee -35.5,,60.5,,,
401858463,2026,4,Michigan,Iowa,DraftKings,-5.5,Michigan -5.5,-4.5,38.5,39.5,-218.0,180.0
401858463,2026,4,Michigan,Iowa,Bovada,-5.5,Michigan -5.5,-4.0,38.5,37.5,-185.0,160.0
401858462,2026,4,Maryland,UCLA,DraftKings,1.5,UCLA -1.5,1.5,57.5,51.5,100.0,-120.0
401858462,2026,4,Maryland,UCLA,Bovada,1.0,UCLA -1.0,2.0,57.5,58.0,105.0,-125.0
401860885,2026,3,Boise State,South Dakota,DraftKings,-28.5,Boise State -28.5,-23.5,61.5,55.5,-3200.0,1400.0
401860885,2026,3,Boise State,South Dakota,Bovada,-28.0,Boise State -28.0,-24.5,60.5,56.0,-2800.0,1100.0
401860885,2026,3,Boise State,South Dakota,Draft Kings,-28.5,Boise State -28.5,,61.5,,,
401860887,2026,3,San Diego State,James Madison,DraftKings,-2.5,San Diego State -2.5,-1.5,46.5,46.5,-135.0,114.0
401860887,2026,3,San Diego State,James Madison,Bovada,-3.0,San Diego State -3.0,-2.5,46.5,46.5,-135.0,115.0
401860887,2026,3,San Diego State,James Madison,Draft Kings,-3.0,San Diego State -3,,46.5,,,
401856802,2026,3,Virginia,West Virginia,DraftKings,-10.5,Virginia -10.5,-8.5,51.5,50.5,-410.0,320.0
401856802,2026,3,Virginia,West Virginia,Bovada,-11.0,Virginia -11.0,-9.5,51.5,54.5,-380.0,290.0
401856802,2026,3,Virginia,West Virginia,Draft Kings,-10.5,Virginia -10.5,,51.5,,,
401862777,2026,3,South Florida,Delaware State,DraftKings,-36.5,South Florida -36.5,-36.5,59.5,61.5,,
401862777,2026,3,South Florida,Delaware State,Bovada,-37.5,South Florida -37.5,-36.5,60.5,61.0,,
401862777,2026,3,South Florida,Delaware State,Draft Kings,-37.5,South Florida -37.5,,59.5,,,
401856793,2026,3,Arizona,Northern Illinois,DraftKings,-34.5,Arizona -34.5,-35.5,50.5,49.5,-6500.0,2000.0
401856793,2026,3,Arizona,Northern Illinois,Bovada,-34.5,Arizona -34.5,-34.5,50.0,50.0,,
401856793,2026,3,Arizona,Northern Illinois,Draft Kings,-34.5,Arizona -34.5,,50.5,,,
401856696,2026,4,Alabama,South Carolina,DraftKings,-12.5,Alabama -12.5,-11.5,54.5,46.5,-485.0,370.0
401856696,2026,4,Alabama,South Carolina,Bovada,-12.5,Alabama -12.5,-13.0,54.5,54.0,-550.0,390.0
401864507,2026,3,Sacramento State,North Dakota State,DraftKings,26.5,North Dakota State -26.5,23.5,50.5,53.5,1800.0,-5000.0
401864507,2026,3,Sacramento State,North Dakota State,Bovada,24.5,North Dakota State -24.5,28.0,50.5,53.0,1300.0,-7000.0
401864507,2026,3,Sacramento State,North Dakota State,Draft Kings,26.5,North Dakota State -26.5,,50.5,,,
401871047,2026,3,Missouri State,Marshall,DraftKings,4.0,Marshall -4,4.5,52.5,53.5,160.0,-192.0
401871047,2026,3,Missouri State,Marshall,Bovada,4.0,Marshall -4.0,4.0,52.5,52.0,160.0,-185.0
401871047,2026,3,Missouri State,Marshall,Draft Kings,4.0,Marshall -4,,52.5,,,
401858466,2026,4,Penn State,Wisconsin,DraftKings,-9.5,Penn State -9.5,-11.5,44.5,42.5,-375.0,295.0
401858466,2026,4,Penn State,Wisconsin,Bovada,-10.0,Penn State -10.0,-10.0,45.0,46.5,-400.0,300.0
401858450,2026,3,Michigan,UTEP,DraftKings,-34.5,Michigan -34.5,-36.5,48.5,49.5,,
401858450,2026,3,Michigan,UTEP,Bovada,-34.5,Michigan -34.5,-37.0,48.5,49.5,,
401858450,2026,3,Michigan,UTEP,Draft Kings,-34.5,Michigan -34.5,,48.5,,,
401858228,2026,3,Georgia Tech,Mercer,DraftKings,-38.5,Georgia Tech -38.5,-38.5,57.5,58.5,,
401858228,2026,3,Georgia Tech,Mercer,Bovada,-38.5,Georgia Tech -38.5,-38.5,57.5,59.5,,
401858228,2026,3,Georgia Tech,Mercer,Draft Kings,-38.5,Georgia Tech -38.5,,58.5,,,
401860897,2026,4,Western Michigan,Boise State,DraftKings,7.0,Boise State -7,7.5,48.5,47.5,220.0,-270.0
401860897,2026,4,Western Michigan,Boise State,Bovada,7.0,Boise State -7.0,7.0,48.5,48.5,230.0,-280.0
401856690,2026,3,Oklahoma,New Mexico,DraftKings,-21.5,Oklahoma -21.5,-23.5,45.5,48.5,-2100.0,1100.0
401856690,2026,3,Oklahoma,New Mexico,Bovada,-21.0,Oklahoma -21.0,-23.5,45.5,48.0,-2500.0,1000.0
401856690,2026,3,Oklahoma,New Mexico,Draft Kings,-21.5,Oklahoma -21.5,,45.5,,,
401866424,2026,3,Massachusetts,Stonehill,DraftKings,-30.5,Massachusetts -30.5,-33.5,50.5,49.5,,
401866424,2026,3,Massachusetts,Stonehill,Bovada,-31.0,Massachusetts -31.0,-33.5,51.0,50.5,,
401866424,2026,3,Massachusetts,Stonehill,Draft Kings,-30.5,Massachusetts -30.5,,50.5,,,
401856698,2026,4,Auburn,Vanderbilt,DraftKings,-9.5,Auburn -9.5,-8.5,55.5,50.5,-355.0,280.0
401856698,2026,4,Auburn,Vanderbilt,Bovada,-9.5,Auburn -9.5,-9.5,55.0,54.5,-360.0,280.0
401858464,2026,4,Michigan State,Nebraska,DraftKings,5.5,Nebraska -5.5,5.5,48.5,52.5,180.0,-218.0
401858464,2026,4,Michigan State,Nebraska,Bovada,5.5,Nebraska -5.5,5.5,48.5,48.5,180.0,-220.0
401856699,2026,4,Florida,Ole Miss,DraftKings,-3.5,Florida -3.5,-1.5,60.5,57.5,-148.0,124.0
401856699,2026,4,Florida,Ole Miss,Bovada,-3.0,Florida -3.0,-3.5,60.0,61.0,-165.0,140.0
401862775,2026,3,Tulsa,East Texas A&M,DraftKings,-41.5,Tulsa -41.5,-42.5,55.5,56.5,,
401862775,2026,3,Tulsa,East Texas A&M,Bovada,-41.0,Tulsa -41.0,-42.5,56.0,57.5,,
401862775,2026,3,Tulsa,East Texas A&M,Draft Kings,-41.5,Tulsa -41.5,,55.5,,,
401862776,2026,3,Louisiana,UAB,DraftKings,-7.0,Louisiana -7,-10.0,55.5,59.5,-278.0,225.0
401862776,2026,3,Louisiana,UAB,Bovada,-7.0,Louisiana -7.0,-7.5,55.5,56.5,-330.0,265.0
401862776,2026,3,Louisiana,UAB,Draft Kings,-7.0,Louisiana -7,,55.5,,,
401868317,2026,3,UL Monroe,SE Louisiana,Bovada,-10.0,UL Monroe -10.0,-10.5,48.0,48.0,-415.0,310.0
401868317,2026,3,UL Monroe,SE Louisiana,DraftKings,-9.5,UL Monroe -9.5,-10.5,48.5,48.5,,
401868317,2026,3,UL Monroe,SE Louisiana,Draft Kings,-9.5,UL Monroe -9.5,,48.5,,,
401866634,2026,3,Stony Brook,Rhode Island,DraftKings,9.5,Rhode Island -9.5,13.5,51.5,52.5,260.0,-346.0
401866634,2026,3,Stony Brook,Rhode Island,Draft Kings,9.5,Rhode Island -9.5,,51.5,,,
401868247,2026,3,UT Rio Grande Valley,McNeese,DraftKings,-5.5,UT Rio Grande Valley -5.5,-5.5,52.5,52.5,-204.0,162.0
401868247,2026,3,UT Rio Grande Valley,McNeese,Draft Kings,-5.5,UT Rio Grande Valley -5.5,,52.5,,,
401867979,2026,3,Gardner-Webb,North Carolina Central,DraftKings,-7.0,Gardner-Webb -7,-3.5,53.5,51.5,-309.0,236.0
401867979,2026,3,Gardner-Webb,North Carolina Central,Draft Kings,-7.0,Gardner-Webb -7,,53.5,,,
401867898,2026,3,Montana State,Central Connecticut,DraftKings,-41.5,Montana State -41.5,-38.5,59.5,59.5,,
401867898,2026,3,Montana State,Central Connecticut,Bovada,-39.0,Montana State -39.0,-39.0,60.0,60.0,,
401867898,2026,3,Montana State,Central Connecticut,Draft Kings,-41.5,Montana State -41.5,,59.5,,,
401867846,2026,3,Illinois State,Eastern Illinois,DraftKings,-29.5,Illinois State -29.5,-29.5,53.5,53.5,,
401867846,2026,3,Illinois State,Eastern Illinois,Draft Kings,-29.5,Illinois State -29.5,,53.5,,,
401858233,2026,3,California,Wagner,DraftKings,-58.5,California -58.5,-58.5,65.5,65.5,,
401858233,2026,3,California,Wagner,Bovada,-57.5,California -57.5,-57.5,65.0,65.0,,
401858233,2026,3,California,Wagner,Draft Kings,-58.5,California -58.5,,65.5,,,
401866636,2026,3,Campbell,North Carolina A&T,DraftKings,-20.5,Campbell -20.5,-18.5,56.5,56.5,-1520.0,770.0
401866636,2026,3,Campbell,North Carolina A&T,Draft Kings,-20.5,Campbell -20.5,,56.5,,,
401858227,2026,3,Boston College,Maine,DraftKings,-37.5,Boston College -37.5,-38.5,54.5,53.5,,
401858227,2026,3,Boston College,Maine,Bovada,-37.5,Boston College -37.5,-38.5,54.5,53.5,,
401858227,2026,3,Boston College,Maine,Draft Kings,-37.5,Boston College -37.5,,54.5,,,
401868023,2026,3,Holy Cross,Yale,DraftKings,21.0,Yale -21,18.5,50.5,50.5,800.0,-1640.0
401868023,2026,3,Holy Cross,Yale,Draft Kings,21.0,Yale -21,,50.5,,,
401860890,2026,3,Washington State,Duquesne,DraftKings,-38.5,Washington State -38.5,-37.5,51.5,53.5,,
401860890,2026,3,Washington State,Duquesne,Bovada,-38.5,Washington State -38.5,-38.5,52.5,54.0,,
401860890,2026,3,Washington State,Duquesne,Draft Kings,-38.5,Washington State -38.5,,51.5,,,
401868075,2026,3,Cal Poly,San Diego,DraftKings,-17.5,Cal Poly -17.5,-18.5,57.5,56.5,-810.0,515.0
401868075,2026,3,Cal Poly,San Diego,Draft Kings,-17.5,Cal Poly -17.5,,57.5,,,
401867805,2026,3,New Haven,Brown,DraftKings,10.0,Brown -10,9.5,53.5,50.5,311.0,-425.0
401867805,2026,3,New Haven,Brown,Draft Kings,10.0,Brown -10,,50.5,,,
401866638,2026,3,Bryant,Princeton,DraftKings,2.5,Princeton -2.5,3.0,44.5,44.5,121.0,-150.0
401866638,2026,3,Bryant,Princeton,Draft Kings,2.5,Princeton -2.5,,44.5,,,
401868275,2026,3,Western Carolina,Presbyterian,DraftKings,-33.5,Western Carolina -33.5,-28.5,66.5,62.5,,
401868275,2026,3,Western Carolina,Presbyterian,Draft Kings,-33.5,Western Carolina -33.5,,66.5,,,
401867826,2026,3,Colgate,Cornell,DraftKings,-12.5,Colgate -12.5,-12.5,50.5,52.5,-551.0,384.0
401867826,2026,3,Colgate,Cornell,Draft Kings,-12.5,Colgate -12.5,,50.5,,,
401868397,2026,3,Davidson,VMI,DraftKings,4.0,VMI -4,3.0,42.5,42.5,125.0,-156.0
401868397,2026,3,Davidson,VMI,Draft Kings,4.0,VMI -4,,42.5,,,
401868151,2026,3,North Alabama,Alcorn State,DraftKings,-13.5,North Alabama -13.5,-13.5,52.5,52.5,-510.0,361.0
401868151,2026,3,North Alabama,Alcorn State,Draft Kings,-13.5,North Alabama -13.5,,52.5,,,
401869147,2026,3,Incarnate Word,Houston Christian,DraftKings,-14.0,Incarnate Word -14,-14.0,50.5,50.5,-680.0,450.0
401869147,2026,3,Incarnate Word,Houston Christian,Draft Kings,-14.0,Incarnate Word -14,,50.5,,,
401866641,2026,3,Norfolk State,Hampton,DraftKings,-5.5,Norfolk State -5.5,-8.5,49.5,50.5,-279.0,216.0
401866641,2026,3,Norfolk State,Hampton,Draft Kings,-5.5,Norfolk State -5.5,,49.5,,,
401868142,2026,3,Eastern Kentucky,Dayton,DraftKings,-11.5,Eastern Kentucky -11.5,-10.0,46.5,45.5,-436.0,317.0
401868142,2026,3,Eastern Kentucky,Dayton,Draft Kings,-11.5,Eastern Kentucky -11.5,,46.5,,,
401867686,2026,3,Butler,Chicago State,DraftKings,-20.5,Butler -20.5,-19.5,54.5,53.5,-1700.0,820.0
401867686,2026,3,Butler,Chicago State,Draft Kings,-20.5,Butler -20.5,,54.5,,,
401858465,2026,4,Ohio State,Illinois,DraftKings,-27.5,Ohio State -27.5,-27.5,53.5,54.5,-4000.0,1600.0
401858465,2026,4,Ohio State,Illinois,Bovada,-27.0,Ohio State -27.0,-27.0,53.5,54.0,-6500.0,1300.0
401868164,2026,3,UC Davis,Stetson,DraftKings,-47.5,UC Davis -47.5,-47.5,65.5,63.5,,
401868164,2026,3,UC Davis,Stetson,Bovada,-47.5,UC Davis -47.5,-47.5,64.5,64.5,,
401868164,2026,3,UC Davis,Stetson,Draft Kings,-47.5,UC Davis -47.5,,65.5,,,
401868124,2026,3,Utah Tech,Northern Arizona,DraftKings,16.5,Northern Arizona -16.5,21.5,51.5,53.5,640.0,-1140.0
401868124,2026,3,Utah Tech,Northern Arizona,Draft Kings,16.5,Northern Arizona -16.5,,51.5,,,
401856689,2026,3,Missouri,Troy,Bovada,-27.0,Missouri -27.0,-27.0,50.0,49.5,-6500.0,1300.0
401856689,2026,3,Missouri,Troy,DraftKings,-27.5,Missouri -27.5,-27.5,49.5,49.5,-4500.0,1700.0
401856689,2026,3,Missouri,Troy,Draft Kings,-26.5,Missouri -26.5,,49.5,,,
401866635,2026,3,UAlbany,Monmouth,DraftKings,2.5,Monmouth -2.5,-1.5,50.5,51.5,121.0,-150.0
401866635,2026,3,UAlbany,Monmouth,Draft Kings,2.5,Monmouth -2.5,,50.5,,,
401866640,2026,3,Towson,Morgan State,DraftKings,-8.5,Towson -8.5,-10.0,44.5,44.5,-400.0,295.0
401866640,2026,3,Towson,Morgan State,Draft Kings,-8.5,Towson -8.5,,44.5,,,
401867834,2026,3,Lehigh,Dartmouth,DraftKings,-17.5,Lehigh -17.5,-16.5,50.5,50.5,-960.0,577.0
401867834,2026,3,Lehigh,Dartmouth,Draft Kings,-17.5,Lehigh -17.5,,50.5,,,
401868237,2026,3,Tarleton State,Merrimack,DraftKings,-32.5,Tarleton State -32.5,-34.5,54.5,58.5,,
401868237,2026,3,Tarleton State,Merrimack,Draft Kings,-32.5,Tarleton State -32.5,,54.5,,,
401868242,2026,3,East Tennessee State,West Georgia,DraftKings,-16.5,East Tennessee State -16.5,-16.5,53.5,53.5,-680.0,450.0
401868242,2026,3,East Tennessee State,West Georgia,Draft Kings,-16.5,East Tennessee State -16.5,,53.5,,,
401867908,2026,3,Long Island University,Villanova,DraftKings,18.5,Villanova -18.5,18.5,49.5,45.5,830.0,-1740.0
401867908,2026,3,Long Island University,Villanova,Draft Kings,18.5,Villanova -18.5,,50.5,,,
401867991,2026,3,Bucknell,Pennsylvania,DraftKings,3.5,Pennsylvania -3.5,3.0,46.5,48.5,155.0,-195.0
401867991,2026,3,Bucknell,Pennsylvania,Draft Kings,3.5,Pennsylvania -3.5,,46.5,,,
401868018,2026,3,Richmond,Georgetown,DraftKings,-15.5,Richmond -15.5,-12.5,45.5,47.5,-575.0,397.0
401868018,2026,3,Richmond,Georgetown,Draft Kings,-15.5,Richmond -15.5,,45.5,,,
401868051,2026,3,Idaho,Abilene Christian,DraftKings,1.5,Abilene Christian -1.5,1.5,55.5,54.5,-109.0,-114.0
401868051,2026,3,Idaho,Abilene Christian,Draft Kings,1.5,Abilene Christian -1.5,,55.5,,,
401868337,2026,3,Chattanooga,Wofford,DraftKings,-1.5,Chattanooga -1.5,-1.5,43.5,43.5,-137.0,110.0
401868337,2026,3,Chattanooga,Wofford,Draft Kings,-1.5,Chattanooga -1.5,,43.5,,,
401867817,2026,3,Columbia,Lafayette,DraftKings,-3.0,Columbia -3,-2.5,47.5,47.5,-170.0,136.0
401867817,2026,3,Columbia,Lafayette,Draft Kings,-3.0,Columbia -3,,47.5,,,
401868009,2026,3,William & Mary,Fordham,DraftKings,-16.5,William & Mary -16.5,-19.5,51.5,51.5,-1560.0,780.0
401868009,2026,3,William & Mary,Fordham,Draft Kings,-15.5,William & Mary -15.5,,51.5,,,
401868307,2026,3,Prairie View A&M,Stephen F. Austin,DraftKings,16.5,Stephen F. Austin -16.5,17.5,52.5,50.5,610.0,-1060.0
401868307,2026,3,Prairie View A&M,Stephen F. Austin,Draft Kings,16.5,Stephen F. Austin -16.5,,52.5,,,
401867896,2026,3,South Dakota State,Youngstown State,DraftKings,-9.5,South Dakota State -9.5,-10.0,59.5,59.5,-361.0,271.0
401867896,2026,3,South Dakota State,Youngstown State,Draft Kings,-9.5,South Dakota State -9.5,,59.5,,,
401868159,2026,3,St. Thomas (MN),Southern Utah,DraftKings,12.5,Southern Utah -12.5,14.0,62.5,57.5,294.0,-398.0
401868159,2026,3,St. Thomas (MN),Southern Utah,Draft Kings,12.5,Southern Utah -12.5,,62.5,,,
401868062,2026,3,West Florida,Austin Peay,DraftKings,10.5,Austin Peay -10.5,6.5,55.5,55.5,284.0,-382.0
401868062,2026,3,West Florida,Austin Peay,Bovada,11.5,Austin Peay -11.5,11.5,55.0,55.0,,
401868062,2026,3,West Florida,Austin Peay,Draft Kings,10.5,Austin Peay -10.5,,55.5,,,
401866637,2026,3,Elon,Sacred Heart,DraftKings,-12.5,Elon -12.5,-15.5,46.5,49.5,-517.0,365.0
401866637,2026,3,Elon,Sacred Heart,Draft Kings,-11.5,Elon -11.5,,46.5,,,
401867984,2026,3,Furman,South Carolina State,DraftKings,4.5,South Carolina State -4.5,10.0,46.5,48.5,177.0,-225.0
401867984,2026,3,Furman,South Carolina State,Draft Kings,4.5,South Carolina State -4.5,,46.5,,,
401866639,2026,3,New Hampshire,Harvard,DraftKings,14.5,Harvard -14.5,15.5,51.5,52.5,554.0,-900.0
401866639,2026,3,New Hampshire,Harvard,Draft Kings,14.5,Harvard -14.5,,51.5,,,
401868133,2026,3,Southeast Missouri State,Central Arkansas,DraftKings,-4.0,Southeast Missouri State -4,-3.0,54.5,54.5,-189.0,151.0
401868133,2026,3,Southeast Missouri State,Central Arkansas,Draft Kings,-4.0,Southeast Missouri State -4,,54.5,,,
401862772,2026,3,Memphis,UT Martin,DraftKings,-33.5,Memphis -33.5,-34.5,58.5,57.5,-50000.0,4000.0
401862772,2026,3,Memphis,UT Martin,Bovada,-33.5,Memphis -33.5,-34.5,59.0,57.0,,
401862772,2026,3,Memphis,UT Martin,Draft Kings,-33.5,Memphis -33.5,,58.5,,,
401868196,2026,3,Florida A&M,Tennessee State,DraftKings,-3.0,Florida A&M -3,-4.5,47.5,47.5,-154.0,123.0
401868196,2026,3,Florida A&M,Tennessee State,Draft Kings,-3.0,Florida A&M -3,,47.5,,,
401867857,2026,3,Indiana State,Valparaiso,DraftKings,-22.5,Indiana State -22.5,-22.5,53.5,53.5,-2900.0,1060.0
401867857,2026,3,Indiana State,Valparaiso,Draft Kings,-22.5,Indiana State -22.5,,53.5,,,
401868168,2026,3,Weber State,Northwestern State,Draft Kings,-35.5,Weber State -35.5,,56.5,,,
401868168,2026,3,Weber State,Northwestern State,DraftKings,-35.5,Weber State -35.5,-34.5,56.5,54.5,,
401858243,2026,4,Louisville,Wake Forest,DraftKings,-12.5,Louisville -12.5,-13.5,58.5,58.5,-500.0,380.0
401858243,2026,4,Louisville,Wake Forest,Bovada,-12.5,Louisville -12.5,-12.5,58.0,58.0,-510.0,370.0
401856816,2026,4,Iowa State,Utah,DraftKings,7.5,Utah -7.5,11.5,48.5,49.5,270.0,-340.0
401856816,2026,4,Iowa State,Utah,Bovada,8.0,Utah -8.0,8.5,48.5,49.0,280.0,-360.0
401858238,2026,4,Miami,Central Michigan,DraftKings,-41.5,Miami -41.5,-42.5,53.5,54.5,,
401858238,2026,4,Miami,Central Michigan,Bovada,-41.0,Miami -41.0,-39.0,53.5,53.0,,
401868205,2026,3,Western Illinois,Morehead State,DraftKings,-20.5,Western Illinois -20.5,-18.5,61.5,58.5,-1900.0,870.0
401868205,2026,3,Western Illinois,Morehead State,Draft Kings,-20.5,Western Illinois -20.5,,61.5,,,
401858470,2026,4,Washington,Minnesota,DraftKings,-10.0,Washington -10,-9.5,46.5,44.5,-395.0,310.0
401858470,2026,4,Washington,Minnesota,Bovada,-10.0,Washington -10.0,-9.0,46.0,45.0,-350.0,275.0
401858467,2026,4,Purdue,Notre Dame,DraftKings,27.5,Notre Dame -27.5,27.5,57.5,56.5,1600.0,-4000.0
401858467,2026,4,Purdue,Notre Dame,Bovada,28.0,Notre Dame -28.0,26.5,58.0,57.5,1300.0,-5000.0
401864509,2026,4,Nevada,Air Force,DraftKings,5.5,Air Force -5.5,4.5,49.5,48.5,180.0,-218.0
401864509,2026,4,Nevada,Air Force,Bovada,5.5,Air Force -5.5,4.0,49.5,49.0,160.0,-185.0
401860893,2026,4,Toledo,San Diego State,DraftKings,-3.0,Toledo -3,1.5,51.5,48.5,-148.0,124.0
401860893,2026,4,Toledo,San Diego State,Bovada,-3.0,Toledo -3.0,-2.5,51.5,49.0,-140.0,120.0
401864510,2026,4,Wyoming,Hawai'i,DraftKings,3.0,Hawai'i -3,5.5,44.5,44.5,130.0,-155.0
401864510,2026,4,Wyoming,Hawai'i,Bovada,3.0,Hawai'i -3.0,3.0,44.5,46.0,135.0,-160.0
401858242,2026,4,Boston College,Virginia Tech,DraftKings,14.0,Virginia Tech -14,14.0,48.5,54.5,425.0,-575.0
401858242,2026,4,Boston College,Virginia Tech,Bovada,14.0,Virginia Tech -14.0,14.0,48.5,52.0,430.0,-625.0
401862785,2026,4,Bowling Green,South Florida,DraftKings,17.5,South Florida -17.5,15.5,48.5,51.5,650.0,-1000.0
401862785,2026,4,Bowling Green,South Florida,Bovada,17.5,South Florida -17.5,17.5,48.5,49.5,600.0,-1000.0
401862780,2026,4,Charlotte,Louisiana,DraftKings,10.0,Louisiana -10,14.5,48.5,52.5,320.0,-410.0
401862780,2026,4,Charlotte,Louisiana,Bovada,10.0,Louisiana -10.0,10.0,48.5,50.0,325.0,-435.0
401862778,2026,4,UAB,Navy,DraftKings,7.0,Navy -7,11.5,51.5,53.5,225.0,-278.0
401862778,2026,4,UAB,Navy,Bovada,7.0,Navy -7.0,7.0,51.5,51.5,235.0,-285.0
401860894,2026,4,Utah State,Troy,DraftKings,-3.0,Utah State -3,-2.5,48.5,52.5,-155.0,130.0
401860894,2026,4,Utah State,Troy,Bovada,-3.0,Utah State -3.0,-2.5,48.5,49.0,-130.0,110.0
401861970,2026,4,Miami (OH),UConn,DraftKings,-3.5,Miami (OH) -3.5,-3.0,51.5,50.5,-180.0,150.0
401861970,2026,4,Miami (OH),UConn,Bovada,-3.5,Miami (OH) -3.5,-4.5,52.0,51.0,-200.0,170.0
401858461,2026,4,Indiana,Northwestern,DraftKings,-21.0,Indiana -21,-23.5,49.5,47.5,-1800.0,1000.0
401858461,2026,4,Indiana,Northwestern,Bovada,-20.5,Indiana -20.5,-21.5,49.5,50.0,-1900.0,900.0
401869941,2026,4,Coastal Carolina,Liberty,Bovada,2.5,Liberty -2.5,2.5,52.0,52.0,120.0,-140.0
401869941,2026,4,Coastal Carolina,Liberty,DraftKings,2.5,Liberty -2.5,-1.5,52.5,54.5,114.0,-135.0
401856806,2026,4,Georgia Southern,Houston,Bovada,19.0,Houston -19.0,18.0,56.5,55.0,625.0,-1000.0
401856806,2026,4,Georgia Southern,Houston,DraftKings,18.5,Houston -18.5,19.5,56.5,55.5,675.0,-1050.0
401858240,2026,4,Stanford,Georgia Tech,DraftKings,3.5,Georgia Tech -3.5,4.5,48.5,48.5,145.0,-175.0
401858240,2026,4,Stanford,Georgia Tech,Bovada,3.5,Georgia Tech -3.5,3.5,48.0,48.0,150.0,-175.0
401866425,2026,4,Kent State,Ball State,DraftKings,-3.5,Kent State -3.5,-4.5,50.5,51.5,-162.0,136.0
401866425,2026,4,Kent State,Ball State,Bovada,-3.0,Kent State -3.0,-3.0,51.0,49.5,-165.0,140.0
401864579,2026,4,New Mexico State,New Mexico,DraftKings,11.5,New Mexico -11.5,12.5,48.5,49.5,350.0,-455.0
401864579,2026,4,New Mexico State,New Mexico,Bovada,11.0,New Mexico -11.0,12.0,48.5,48.5,370.0,-510.0
401864576,2026,4,Kentucky,South Alabama,Bovada,-20.5,Kentucky -20.5,-21.0,54.5,55.0,-1600.0,800.0
401864576,2026,4,Kentucky,South Alabama,DraftKings,-20.5,Kentucky -20.5,-19.5,54.5,55.5,-1600.0,900.0
401856813,2026,4,Baylor,Colorado,DraftKings,-10.0,Baylor -10,-8.5,55.5,53.5,-380.0,300.0
401856813,2026,4,Baylor,Colorado,Bovada,-10.0,Baylor -10.0,-10.0,55.5,55.0,-410.0,305.0
401856804,2026,4,Washington State,Arizona,DraftKings,10.0,Arizona -10,13.5,47.5,48.5,310.0,-395.0
401856804,2026,4,Washington State,Arizona,Bovada,10.0,Arizona -10.0,10.0,48.5,47.5,325.0,-435.0
401864512,2026,4,Akron,UNLV,DraftKings,13.5,UNLV -13.5,14.0,52.5,49.5,410.0,-550.0
401864512,2026,4,Akron,UNLV,Bovada,13.5,UNLV -13.5,13.5,52.0,50.0,400.0,-575.0
401860891,2026,4,Fresno State,Rice,DraftKings,-13.5,Fresno State -13.5,-13.5,44.5,43.5,-550.0,410.0
401860891,2026,4,Fresno State,Rice,Bovada,-13.5,Fresno State -13.5,-14.0,44.0,44.5,-585.0,430.0
401869961,2026,4,Old Dominion,James Madison,DraftKings,6.0,James Madison -6,4.5,44.5,50.5,185.0,-225.0
401869961,2026,4,Old Dominion,James Madison,Bovada,6.0,James Madison -6.0,5.0,45.0,47.5,175.0,-210.0
401860896,2026,4,UTSA,Colorado State,DraftKings,-13.5,UTSA -13.5,-11.5,58.5,57.5,-520.0,390.0
401860896,2026,4,UTSA,Colorado State,Bovada,-13.0,UTSA -13.0,-12.5,58.0,57.5,-525.0,375.0
401858239,2026,4,Virginia,Delaware,DraftKings,-19.5,Virginia -19.5,-20.5,52.5,,-1450.0,850.0
401858239,2026,4,Virginia,Delaware,Bovada,-19.5,Virginia -19.5,-20.0,52.5,52.5,-1400.0,750.0
401862779,2026,4,Temple,Army,Bovada,3.0,Army -3.0,3.0,48.0,49.0,130.0,-150.0
401862779,2026,4,Temple,Army,DraftKings,3.0,Army -3,3.0,48.5,49.5,136.0,-162.0
401864572,2026,4,NC State,App State,DraftKings,-14.0,NC State -14,-14.0,55.5,55.5,-600.0,440.0
401864572,2026,4,NC State,App State,Bovada,-14.0,NC State -14.0,-13.5,55.0,55.0,-575.0,400.0
401856815,2026,4,UCF,TCU,DraftKings,3.0,TCU -3,3.0,48.5,50.5,136.0,-162.0
401856815,2026,4,UCF,TCU,Bovada,3.0,TCU -3.0,3.0,48.5,49.5,135.0,-160.0
401856805,2026,4,Texas Tech,Sam Houston,DraftKings,-34.5,Texas Tech -34.5,-37.5,54.5,54.5,,
401856805,2026,4,Texas Tech,Sam Houston,Bovada,-35.0,Texas Tech -35.0,-35.5,54.5,55.0,,
401862784,2026,4,Tulane,Southern Miss,DraftKings,-18.5,Tulane -18.5,-17.5,51.5,53.5,-1050.0,675.0
401862784,2026,4,Tulane,Southern Miss,Bovada,-18.0,Tulane -18.0,-18.0,51.5,52.5,-1100.0,650.0
401858241,2026,4,SMU,Missouri State,DraftKings,-34.5,SMU -34.5,-34.5,59.5,59.5,-10000.0,3000.0
401858241,2026,4,SMU,Missouri State,Bovada,-35.0,SMU -35.0,-35.0,60.0,58.0,,
401869931,2026,4,Arkansas State,Kennesaw State,DraftKings,-5.5,Arkansas State -5.5,-5.5,52.5,53.5,-218.0,180.0
401869931,2026,4,Arkansas State,Kennesaw State,Bovada,-6.0,Arkansas State -6.0,-4.0,53.0,53.5,-185.0,160.0
401858234,2026,4,California,Clemson,Bovada,1.0,Clemson -1.0,-1.5,50.5,50.5,-120.0,100.0
401858234,2026,4,California,Clemson,DraftKings,1.5,Clemson -1.5,1.5,50.5,47.5,-105.0,-115.0
401864511,2026,4,Georgia State,Northern Illinois,DraftKings,-10.0,Georgia State -10,-8.5,56.5,54.5,-375.0,295.0
401864511,2026,4,Georgia State,Northern Illinois,Bovada,-10.0,Georgia State -10.0,-10.0,55.5,55.0,-380.0,290.0
401860895,2026,4,UTEP,Oregon State,DraftKings,10.5,Oregon State -10.5,12.5,54.5,55.5,340.0,-440.0
401860895,2026,4,UTEP,Oregon State,Bovada,10.5,Oregon State -10.5,11.0,55.0,54.0,355.0,-490.0
401862782,2026,4,UL Monroe,Florida Atlantic,DraftKings,13.5,Florida Atlantic -13.5,13.5,57.5,59.5,410.0,-550.0
401862782,2026,4,UL Monroe,Florida Atlantic,Bovada,13.5,Florida Atlantic -13.5,13.5,57.5,57.0,410.0,-585.0
401856814,2026,4,Cincinnati,Kansas State,DraftKings,6.5,Kansas State -6.5,6.0,55.5,52.5,195.0,-238.0
401856814,2026,4,Cincinnati,Kansas State,Bovada,6.0,Kansas State -6.0,6.5,55.5,54.0,200.0,-240.0
401856697,2026,4,Arkansas,Tulsa,DraftKings,-7.0,Arkansas -7,-8.5,51.5,52.5,-270.0,220.0
401856697,2026,4,Arkansas,Tulsa,Bovada,-7.0,Arkansas -7.0,-7.0,51.5,53.0,-275.0,225.0
401871048,2026,4,Jacksonville State,Middle Tennessee,DraftKings,-7.0,Jacksonville State -7,-9.5,51.5,54.5,-285.0,230.0
401871048,2026,4,Jacksonville State,Middle Tennessee,Bovada,-7.0,Jacksonville State -7.0,-8.5,51.0,52.0,-340.0,270.0
401866429,2026,4,Sacramento State,Massachusetts,DraftKings,4.5,Massachusetts -4.5,6.0,48.5,50.5,164.0,-198.0
401866429,2026,4,Sacramento State,Massachusetts,Bovada,4.5,Massachusetts -4.5,6.0,48.5,48.5,185.0,-225.0
