game_id,season,week,team,opponent,off_epa,off_epa_pass,off_epa_rush,def_epa,def_epa_pass,def_epa_rush
401760359,2025,1,Air Force,Bucknell,0.46,0.83,0.39,0.06,0.19,-0.08
401762789,2025,1,Akron,Wyoming,-0.23,-0.24,-0.04,0.08,0.24,-0.06
401752665,2025,1,Alabama,Florida State,0.1,0.16,0.0,0.29,0.36,0.27
401761589,2025,1,App State,Charlotte,0.21,0.32,0.07,0.09,0.41,-0.11
401756849,2025,1,Arizona,Hawai'i,0.28,-0.12,0.62,-0.04,0.0,-0.13
401756850,2025,1,Arizona State,Northern Arizona,0.52,0.38,0.86,-0.01,0.01,0.08
401752666,2025,1,Arkansas,Alabama A&M,0.41,0.78,0.03,0.05,0.19,-0.12
401761591,2025,1,Arkansas State,Southeast Missouri State,0.33,0.93,-0.23,0.19,0.39,-0.05
401762432,2025,1,Army,Tarleton State,0.09,0.6,-0.03,0.22,0.21,0.23
401752667,2025,1,Auburn,Baylor,0.29,0.37,0.26,0.3,0.4,0.04
401752801,2025,1,Ball State,Purdue,-0.03,-0.08,0.0,0.4,0.65,0.14
401752667,2025,1,Baylor,Auburn,0.3,0.4,0.04,0.29,0.37,0.26
401762522,2025,1,Boise State,South Florida,-0.03,0.09,-0.19,0.32,0.28,0.36
401754518,2025,1,Boston College,Fordham,0.45,0.82,0.04,-0.19,-0.22,-0.14
401762790,2025,1,Bowling Green,Lafayette,-0.03,0.15,-0.11,-0.08,0.01,-0.19
401752793,2025,1,Buffalo,Minnesota,0.03,0.18,-0.11,0.22,0.52,-0.05
401756851,2025,1,BYU,Portland State,0.66,0.64,0.67,-0.3,-0.25,-0.35
401752936,2025,1,California,Oregon State,0.16,0.3,0.02,0.09,0.31,-0.19
401760358,2025,1,Central Michigan,San José State,0.13,0.5,0.03,0.09,0.3,-0.06
401761589,2025,1,Charlotte,App State,0.09,0.41,-0.11,0.21,0.32,0.07
401752796,2025,1,Cincinnati,Nebraska,0.19,-0.17,0.62,0.15,0.3,-0.05
401752671,2025,1,Clemson,LSU,-0.01,0.0,-0.03,0.06,0.1,0.02
401754616,2025,1,Coastal Carolina,Virginia,-0.09,-0.03,-0.16,0.37,0.41,0.33
401754375,2025,1,Colorado,Georgia Tech,0.15,0.16,0.14,0.35,0.33,0.36
401752805,2025,1,Colorado State,Washington,0.18,0.31,0.07,0.31,0.4,0.26
401757219,2025,1,Delaware,Delaware State,0.36,0.39,0.3,0.12,-0.12,0.29
401754517,2025,1,Duke,Elon,0.5,0.63,0.3,0.2,0.18,0.21
401754373,2025,1,East Carolina,NC State,0.16,0.39,-0.2,0.18,0.35,0.0
401761594,2025,1,Eastern Michigan,Texas State,0.36,0.47,0.24,0.67,0.62,0.7
401752668,2025,1,Florida,Long Island University,0.36,0.38,0.33,-0.46,-0.31,-0.52
401752797,2025,1,Florida Atlantic,Maryland,-0.23,-0.1,-0.19,0.04,0.18,-0.19
401766898,2025,1,Florida International,Bethune-Cookman,0.41,0.12,0.69,-0.02,-0.04,0.0
401752665,2025,1,Florida State,Alabama,0.29,0.36,0.27,0.1,0.16,0.0
401760361,2025,1,Fresno State,Georgia Southern,0.36,0.52,0.41,0.2,0.48,-0.07
401756847,2025,1,Fresno State,Kansas,0.06,0.48,-0.27,0.34,0.86,0.05
401752669,2025,1,Georgia,Marshall,0.38,0.5,0.29,0.0,0.25,-0.16
401760361,2025,1,Georgia Southern,Fresno State,0.2,0.48,-0.07,0.36,0.52,0.41
401752672,2025,1,Georgia State,Ole Miss,-0.05,-0.3,0.14,0.5,0.68,0.46
401754375,2025,1,Georgia Tech,Colorado,0.35,0.33,0.36,0.15,0.16,0.14
401756849,2025,1,Hawai'i,Arizona,-0.04,0.0,-0.13,0.28,-0.12,0.62
401754516,2025,1,Hawai'i,Stanford,0.04,0.22,-0.31,0.08,0.0,0.24
401756852,2025,1,Houston,Stephen F. Austin,-0.01,0.14,-0.11,-0.26,-0.22,-0.19
401752795,2025,1,Illinois,Western Illinois,0.54,0.76,0.38,-0.18,-0.06,-0.33
401752806,2025,1,Indiana,Old Dominion,0.1,-0.15,0.25,0.3,0.14,0.48
401752799,2025,1,Iowa,UAlbany,0.25,0.2,0.27,-0.02,0.01,-0.07
401756853,2025,1,Iowa State,South Dakota,0.56,1.05,0.27,0.03,0.08,-0.03
401756846,2025,1,Iowa State,Kansas State,0.12,0.11,0.13,0.11,0.43,-0.26
401756848,2025,1,Jacksonville State,UCF,0.07,-0.12,0.23,0.22,0.47,-0.02
401761590,2025,1,James Madison,Weber State,0.28,0.21,0.42,-0.14,-0.01,-0.25
401756854,2025,1,Kansas,Wagner,0.37,0.75,0.2,-0.11,0.08,-0.28
401756847,2025,1,Kansas,Fresno State,0.34,0.86,0.05,0.06,0.48,-0.27
401756846,2025,1,Kansas State,Iowa State,0.11,0.43,-0.26,0.12,0.11,0.13
401756855,2025,1,Kansas State,North Dakota,0.31,0.33,0.27,0.15,0.24,0.03
401754374,2025,1,Kennesaw State,Wake Forest,0.07,0.0,0.15,0.05,0.14,-0.01
401762792,2025,1,Kent State,Merrimack,0.13,0.61,-0.19,0.07,0.07,0.08
401752670,2025,1,Kentucky,Toledo,0.1,-0.08,0.28,0.04,0.3,-0.33
401757220,2025,1,Liberty,Maine,0.13,0.15,0.11,0.12,0.08,0.2
401761592,2025,1,Louisiana,Rice,0.04,-0.14,0.24,0.0,0.07,-0.02
401757221,2025,1,Louisiana Tech,SE Louisiana,0.03,0.03,0.03,-0.22,-0.13,-0.22
401754519,2025,1,Louisville,Eastern Kentucky,0.34,0.29,0.41,-0.09,-0.2,-0.04
401752671,2025,1,LSU,Clemson,0.06,0.1,0.02,-0.01,0.0,-0.03
401752669,2025,1,Marshall,Georgia,0.0,0.25,-0.16,0.38,0.5,0.29
401752797,2025,1,Maryland,Florida Atlantic,0.04,0.18,-0.19,-0.23,-0.1,-0.19
401762456,2025,1,Massachusetts,Temple,-0.07,0.12,-0.2,0.47,0.99,0.06
401762433,2025,1,Memphis,Chattanooga,0.44,0.44,0.44,-0.12,0.01,-0.14
401754522,2025,1,Miami,Notre Dame,0.16,0.45,-0.08,0.18,0.19,0.17
401762791,2025,1,Miami (OH),Wisconsin,-0.19,-0.02,-0.22,0.13,-0.06,0.4
401752808,2025,1,Michigan,New Mexico,0.38,0.43,0.33,-0.05,0.12,-0.21
401752802,2025,1,Michigan State,Western Michigan,0.01,0.21,-0.12,-0.2,-0.14,-0.19
401757222,2025,1,Middle Tennessee,Austin Peay,-0.15,-0.24,0.06,0.18,0.39,0.04
401752793,2025,1,Minnesota,Buffalo,0.22,0.52,-0.05,0.03,0.18,-0.11
401752673,2025,1,Mississippi State,Southern Miss,0.31,0.31,0.34,0.05,0.14,-0.02
401752674,2025,1,Missouri,Central Arkansas,0.55,0.69,0.43,-0.15,-0.63,0.15
401752798,2025,1,Missouri State,USC,-0.05,-0.07,-0.03,0.83,1.05,0.63
401762434,2025,1,Navy,VMI,0.53,0.34,0.58,0.01,0.11,-0.18
401754373,2025,1,NC State,East Carolina,0.18,0.35,0.0,0.16,0.39,-0.2
401752796,2025,1,Nebraska,Cincinnati,0.15,0.3,-0.05,0.19,-0.17,0.62
401752807,2025,1,Nevada,Penn State,-0.06,-0.02,-0.1,0.35,0.39,0.31
401752808,2025,1,New Mexico,Michigan,-0.05,0.12,-0.21,0.38,0.43,0.33
401757223,2025,1,New Mexico State,Bryant,0.02,0.26,-0.22,-0.12,0.06,-0.3
401754523,2025,1,North Carolina,TCU,-0.02,0.2,-0.21,0.39,0.48,0.3
401762793,2025,1,Northern Illinois,Holy Cross,0.05,0.17,0.05,-0.17,-0.06,-0.21
401762435,2025,1,North Texas,Lamar,0.29,0.75,-0.09,-0.21,-0.22,-0.18
401752803,2025,1,Northwestern,Tulane,-0.13,-0.13,0.05,0.16,0.03,0.26
401754522,2025,1,Notre Dame,Miami,0.18,0.19,0.17,0.16,0.45,-0.08
401752794,2025,1,Ohio,Rutgers,0.24,0.51,0.12,0.33,0.58,0.12
401752677,2025,1,Ohio State,Texas,0.04,0.32,-0.13,-0.12,-0.25,0.1
401752675,2025,1,Oklahoma,Illinois State,0.48,0.69,0.25,-0.23,-0.44,-0.03
401756876,2025,1,Oklahoma State,UT Martin,0.19,0.4,0.02,0.05,0.24,0.03
401752806,2025,1,Old Dominion,Indiana,0.3,0.14,0.48,0.1,-0.15,0.25
401752672,2025,1,Ole Miss,Georgia State,0.5,0.68,0.46,-0.05,-0.3,0.14
401752804,2025,1,Oregon,Montana State,0.63,0.79,0.53,0.08,0.24,-0.12
401752936,2025,1,Oregon State,California,0.09,0.31,-0.19,0.16,0.3,0.02
401752807,2025,1,Penn State,Nevada,0.35,0.39,0.31,-0.06,-0.02,-0.1
401754520,2025,1,Pittsburgh,Duquesne,0.4,0.57,0.3,-0.05,0.13,-0.24
401752801,2025,1,Purdue,Ball State,0.4,0.65,0.14,-0.03,-0.08,0.0
401761592,2025,1,Rice,Louisiana,0.0,0.07,-0.02,0.04,-0.14,0.24
401752794,2025,1,Rutgers,Ohio,0.33,0.58,0.12,0.24,0.51,0.12
401757218,2025,1,Sam Houston,Western Kentucky,0.04,0.12,-0.05,0.13,0.4,-0.29
401757224,2025,1,Sam Houston,UNLV,0.04,0.0,0.17,0.35,0.74,0.12
401760357,2025,1,San Diego State,Stony Brook,0.23,0.15,0.27,-0.23,-0.45,-0.01
401760358,2025,1,San José State,Central Michigan,0.09,0.3,-0.06,0.13,0.5,0.03
401754521,2025,1,SMU,East Texas A&M,0.21,0.43,0.16,-0.17,-0.3,0.02
401761593,2025,1,South Alabama,Morgan State,0.35,0.76,0.18,0.16,0.21,0.13
401752680,2025,1,South Carolina,Virginia Tech,0.16,0.43,0.06,-0.01,-0.03,0.0
401752673,2025,1,Southern Miss,Mississippi State,0.05,0.14,-0.02,0.31,0.31,0.34
401762522,2025,1,South Florida,Boise State,0.32,0.28,0.36,-0.03,0.09,-0.19
401754516,2025,1,Stanford,Hawai'i,0.08,0.0,0.24,0.04,0.22,-0.31
401752676,2025,1,Syracuse,Tennessee,0.15,0.21,0.1,0.43,0.64,0.29
401754523,2025,1,TCU,North Carolina,0.39,0.48,0.3,-0.02,0.2,-0.21
401762456,2025,1,Temple,Massachusetts,0.47,0.99,0.06,-0.07,0.12,-0.2
401752676,2025,1,Tennessee,Syracuse,0.43,0.64,0.29,0.15,0.21,0.1
401752677,2025,1,Texas,Ohio State,-0.12,-0.25,0.1,0.04,0.32,-0.13
401752678,2025,1,Texas A&M,UTSA,0.35,0.52,0.07,0.23,0.17,0.3
401761594,2025,1,Texas State,Eastern Michigan,0.67,0.62,0.7,0.36,0.47,0.24
401756877,2025,1,Texas Tech,Arkansas-Pine Bluff,0.77,0.85,0.69,-0.1,0.03,-0.3
401752670,2025,1,Toledo,Kentucky,0.04,0.3,-0.33,0.1,-0.08,0.28
401761595,2025,1,Troy,Nicholls,0.34,0.38,0.31,0.05,0.08,0.02
401752803,2025,1,Tulane,Northwestern,0.16,0.03,0.26,-0.13,-0.13,0.05
401762457,2025,1,Tulsa,Abilene Christian,0.37,0.45,0.31,-0.12,-0.12,-0.12
401762430,2025,1,UAB,Alabama State,0.55,0.65,0.49,0.55,1.08,0.18
401756848,2025,1,UCF,Jacksonville State,0.22,0.47,-0.02,0.07,-0.12,0.23
401752800,2025,1,UCLA,Utah,0.07,-0.05,0.23,0.44,0.62,0.35
401757167,2025,1,UConn,Central Connecticut,0.61,0.55,0.69,-0.04,-0.04,-0.04
401761588,2025,1,UL Monroe,St. Francis (PA),0.31,0.02,0.51,-0.12,-0.23,0.01
401760371,2025,1,UNLV,Idaho State,0.28,0.35,0.23,0.16,0.3,0.24
401757224,2025,1,UNLV,Sam Houston,0.35,0.74,0.12,0.04,0.0,0.17
401752798,2025,1,USC,Missouri State,0.83,1.05,0.63,-0.05,-0.07,-0.03
401752800,2025,1,Utah,UCLA,0.44,0.62,0.35,0.07,-0.05,0.23
401757225,2025,1,Utah State,UTEP,0.1,0.1,0.09,0.05,0.12,0.04
401757225,2025,1,UTEP,Utah State,0.05,0.12,0.04,0.1,0.1,0.09
401752678,2025,1,UTSA,Texas A&M,0.23,0.17,0.3,0.35,0.52,0.07
401752679,2025,1,Vanderbilt,Charleston Southern,0.56,0.65,0.47,-0.11,0.25,-0.24
401754616,2025,1,Virginia,Coastal Carolina,0.37,0.41,0.33,-0.09,-0.03,-0.16
401752680,2025,1,Virginia Tech,South Carolina,-0.01,-0.03,0.0,0.16,0.43,0.06
401754374,2025,1,Wake Forest,Kennesaw State,0.05,0.14,-0.01,0.07,0.0,0.15
401752805,2025,1,Washington,Colorado State,0.31,0.4,0.26,0.18,0.31,0.07
401752947,2025,1,Washington State,Idaho,0.06,0.17,-0.12,0.02,0.02,0.02
401757226,2025,1,Western Kentucky,North Alabama,0.54,0.87,0.15,-0.11,-0.33,0.14
401757218,2025,1,Western Kentucky,Sam Houston,0.13,0.4,-0.29,0.04,0.12,-0.05
401752802,2025,1,Western Michigan,Michigan State,-0.2,-0.14,-0.19,0.01,0.21,-0.12
401756878,2025,1,West Virginia,Robert Morris,0.41,0.17,0.52,-0.3,-0.12,-0.43
401762791,2025,1,Wisconsin,Miami (OH),0.13,-0.06,0.4,-0.19,-0.02,-0.22
401762789,2025,1,Wyoming,Akron,0.08,0.24,-0.06,-0.23,-0.24,-0.04
401752810,2025,2,Akron,Nebraska,-0.19,-0.25,-0.09,0.58,0.78,0.34
401752681,2025,2,Alabama,UL Monroe,0.73,1.16,0.34,-0.06,0.33,-0.24
401761596,2025,2,App State,Lindenwood,0.17,0.3,0.03,-0.07,0.02,-0.22
401756879,2025,2,Arizona,Weber State,0.42,0.65,0.29,-0.14,-0.23,0.0
401752688,2025,2,Arizona State,Mississippi State,0.05,-0.05,0.1,0.15,0.38,-0.16
401752682,2025,2,Arkansas,Arkansas State,0.69,0.7,0.81,-0.1,-0.17,-0.02
401752682,2025,2,Arkansas State,Arkansas,-0.1,-0.17,-0.02,0.69,0.7,0.81
401756882,2025,2,Army,Kansas State,0.17,0.7,0.08,0.12,0.36,-0.2
401752683,2025,2,Auburn,Ball State,0.43,0.44,0.41,-0.21,0.0,-0.37
401752683,2025,2,Ball State,Auburn,-0.21,0.0,-0.37,0.43,0.44,0.41
401754525,2025,2,Baylor,SMU,0.26,0.5,-0.06,0.26,0.63,0.18
401760363,2025,2,Boise State,Eastern Washington,0.49,0.59,0.42,-0.02,-0.1,0.09
401752816,2025,2,Boston College,Michigan State,0.31,0.59,-0.17,0.13,0.3,0.01
401756880,2025,2,Bowling Green,Cincinnati,0.14,0.25,-0.03,0.41,1.01,-0.08
401762794,2025,2,Buffalo,St. Francis (PA),0.34,0.32,0.38,-0.02,0.12,-0.28
401754526,2025,2,BYU,Stanford,0.08,-0.11,0.22,-0.08,0.0,-0.21
401754530,2025,2,California,Texas Southern,0.19,0.13,0.28,-0.31,-0.41,-0.07
401754529,2025,2,Central Michigan,Pittsburgh,0.04,0.22,-0.11,0.47,0.65,0.21
401754527,2025,2,Charlotte,North Carolina,-0.08,0.05,-0.29,0.14,0.21,0.08
401756880,2025,2,Cincinnati,Bowling Green,0.41,1.01,-0.08,0.14,0.25,-0.03
401754637,2025,2,Clemson,Troy,0.08,0.27,-0.08,0.07,0.19,-0.06
401761597,2025,2,Coastal Carolina,Charleston Southern,0.11,0.46,0.13,-0.23,-0.33,0.03
401756881,2025,2,Colorado,Delaware,0.21,0.24,0.18,0.17,0.24,0.09
401760364,2025,2,Colorado State,Northern Colorado,0.14,0.22,0.15,-0.07,0.13,-0.24
401756881,2025,2,Delaware,Colorado,0.17,0.24,0.09,0.21,0.24,0.18
401752825,2025,2,Duke,Illinois,0.21,0.38,-0.05,0.3,0.64,-0.02
401762459,2025,2,East Carolina,Campbell,0.42,0.51,0.31,-0.18,-0.01,-0.42
401762795,2025,2,Eastern Michigan,Long Island University,0.17,0.26,0.06,0.34,0.58,0.11
401752684,2025,2,Florida,South Florida,0.11,0.32,0.03,0.16,0.2,0.09
401762460,2025,2,Florida Atlantic,Florida A&M,0.4,0.44,0.34,0.08,0.13,0.02
401752811,2025,2,Florida International,Penn State,-0.01,0.0,-0.01,0.22,0.15,0.31
401754621,2025,2,Florida State,East Texas A&M,0.81,1.53,0.55,-0.11,-0.3,-0.01
401752937,2025,2,Fresno State,Oregon State,0.2,0.5,0.01,0.32,0.44,0.09
401752685,2025,2,Georgia,Austin Peay,0.28,0.35,0.23,-0.18,-0.06,-0.22
401752814,2025,2,Georgia Southern,USC,0.07,-0.06,0.29,0.79,1.01,0.59
401761598,2025,2,Georgia State,Memphis,0.15,0.5,-0.34,0.3,0.43,0.4
401754622,2025,2,Georgia Tech,Gardner-Webb,0.42,0.84,0.08,0.03,-0.01,-0.2
401757230,2025,2,Hawai'i,Sam Houston,0.04,0.12,-0.07,0.05,0.09,-0.01
401756884,2025,2,Houston,Rice,0.16,0.4,0.0,-0.07,0.12,-0.11
401752825,2025,2,Illinois,Duke,0.3,0.64,-0.02,0.21,0.38,-0.05
401752812,2025,2,Indiana,Kennesaw State,0.59,0.72,0.51,0.03,0.3,-0.18
401752822,2025,2,Iowa,Iowa State,0.04,-0.01,0.09,0.12,0.22,0.03
401752822,2025,2,Iowa State,Iowa,0.12,0.22,0.03,0.04,-0.01,0.09
401757227,2025,2,Jacksonville State,Liberty,0.26,0.02,0.31,0.37,0.58,0.18
401754528,2025,2,James Madison,Louisville,-0.06,-0.23,0.1,0.06,0.05,0.07
401752689,2025,2,Kansas,Missouri,0.11,0.28,-0.06,0.31,0.56,0.06
401756882,2025,2,Kansas State,Army,0.12,0.36,-0.2,0.17,0.7,0.08
401752812,2025,2,Kennesaw State,Indiana,0.03,0.3,-0.18,0.59,0.72,0.51
401756885,2025,2,Kent State,Texas Tech,-0.18,-0.33,-0.05,0.34,0.6,0.11
401752686,2025,2,Kentucky,Ole Miss,0.1,-0.22,0.44,0.26,0.61,0.07
401757227,2025,2,Liberty,Jacksonville State,0.37,0.58,0.18,0.26,0.02,0.31
401761600,2025,2,Louisiana,McNeese,0.2,-0.08,0.37,-0.05,0.1,0.07
401752687,2025,2,Louisiana Tech,LSU,-0.07,-0.04,-0.11,0.12,0.21,0.06
401754528,2025,2,Louisville,James Madison,0.06,0.05,0.07,-0.06,-0.23,0.1
401752687,2025,2,LSU,Louisiana Tech,0.12,0.21,0.06,-0.07,-0.04,-0.11
401757228,2025,2,Marshall,Missouri State,0.12,0.19,0.03,0.28,0.64,-0.09
401752826,2025,2,Maryland,Northern Illinois,-0.04,0.18,-0.33,0.1,-0.01,0.17
401762816,2025,2,Massachusetts,Bryant,0.18,0.39,0.01,0.04,0.15,-0.06
401761598,2025,2,Memphis,Georgia State,0.3,0.43,0.4,0.15,0.5,-0.34
401754641,2025,2,Miami,Bethune-Cookman,0.48,0.44,0.53,-0.23,0.43,-0.42
401752818,2025,2,Miami (OH),Rutgers,0.32,0.37,0.27,0.27,0.53,0.01
401752690,2025,2,Michigan,Oklahoma,0.03,-0.05,0.1,0.21,0.31,0.12
401752816,2025,2,Michigan State,Boston College,0.13,0.3,0.01,0.31,0.59,-0.17
401752820,2025,2,Middle Tennessee,Wisconsin,0.05,0.2,-0.13,0.41,0.77,0.13
401752813,2025,2,Minnesota,Northwestern State,0.37,0.62,0.33,-0.49,-0.7,-0.32
401752688,2025,2,Mississippi State,Arizona State,0.15,0.38,-0.16,0.05,-0.05,0.1
401752689,2025,2,Missouri,Kansas,0.31,0.56,0.06,0.11,0.28,-0.06
401757228,2025,2,Missouri State,Marshall,0.28,0.64,-0.09,0.12,0.19,0.03
401762458,2025,2,Navy,UAB,0.57,1.19,0.47,0.35,0.71,0.1
401754524,2025,2,NC State,Virginia,0.45,0.5,0.41,0.32,0.33,0.46
401752810,2025,2,Nebraska,Akron,0.58,0.78,0.34,-0.19,-0.25,-0.09
401760365,2025,2,Nevada,Sacramento State,0.04,-0.3,0.26,0.11,0.02,0.16
401760366,2025,2,New Mexico,Idaho State,0.18,0.09,0.32,-0.02,0.29,-0.04
401757229,2025,2,New Mexico State,Tulsa,0.11,0.29,-0.29,0.02,0.26,-0.18
401754527,2025,2,North Carolina,Charlotte,0.14,0.21,0.08,-0.08,0.05,-0.29
401752826,2025,2,Northern Illinois,Maryland,0.1,-0.01,0.17,-0.04,0.18,-0.33
401762461,2025,2,North Texas,Western Michigan,0.31,0.16,0.61,-0.02,-0.38,0.07
401752817,2025,2,Northwestern,Western Illinois,0.3,0.56,0.2,0.04,-0.02,0.36
401756883,2025,2,Ohio,West Virginia,0.02,-0.02,0.09,-0.16,-0.12,-0.21
401752815,2025,2,Ohio State,Grambling,0.62,0.55,0.68,-0.27,-0.2,-0.33
401752690,2025,2,Oklahoma,Michigan,0.21,0.31,0.12,0.03,-0.05,0.1
401752824,2025,2,Oklahoma State,Oregon,-0.28,-0.81,0.0,0.71,0.84,0.63
401761599,2025,2,Old Dominion,North Carolina Central,0.5,0.63,0.37,-0.17,-0.01,-0.26
401752686,2025,2,Ole Miss,Kentucky,0.26,0.61,0.07,0.1,-0.22,0.44
401752824,2025,2,Oregon,Oklahoma State,0.71,0.84,0.63,-0.28,-0.81,0.0
401752937,2025,2,Oregon State,Fresno State,0.32,0.44,0.09,0.2,0.5,0.01
401752811,2025,2,Penn State,Florida International,0.22,0.15,0.31,-0.01,0.0,-0.01
401754529,2025,2,Pittsburgh,Central Michigan,0.47,0.65,0.21,0.04,0.22,-0.11
401752819,2025,2,Purdue,Southern Illinois,0.22,0.46,0.19,0.2,0.22,0.16
401756884,2025,2,Rice,Houston,-0.07,0.12,-0.11,0.16,0.4,0.0
401752818,2025,2,Rutgers,Miami (OH),0.27,0.53,0.01,0.32,0.37,0.27
401757230,2025,2,Sam Houston,Hawai'i,0.05,0.09,-0.01,0.04,0.12,-0.07
401752948,2025,2,San Diego State,Washington State,0.05,0.03,0.15,0.15,0.33,-0.05
401752693,2025,2,San José State,Texas,-0.16,-0.12,-0.21,0.19,0.3,0.08
401754525,2025,2,SMU,Baylor,0.26,0.63,0.18,0.26,0.5,-0.06
401761601,2025,2,South Alabama,Tulane,0.25,0.27,0.24,0.24,0.33,0.17
401752691,2025,2,South Carolina,South Carolina State,0.18,0.3,0.1,-0.13,0.3,-0.57
401761602,2025,2,Southern Miss,Jackson State,0.15,0.3,-0.01,0.04,-0.27,0.3
401752684,2025,2,South Florida,Florida,0.16,0.2,0.09,0.11,0.32,0.03
401754526,2025,2,Stanford,BYU,-0.08,0.0,-0.21,0.08,-0.11,0.22
401754618,2025,2,Syracuse,UConn,0.12,0.28,-0.21,0.18,0.27,0.07
401762462,2025,2,Temple,Howard,0.56,1.15,0.34,0.01,0.07,-0.05
401752692,2025,2,Tennessee,East Tennessee State,0.49,0.58,0.39,0.0,0.03,-0.03
401752693,2025,2,Texas,San José State,0.19,0.3,0.08,-0.16,-0.12,-0.21
401752694,2025,2,Texas A&M,Utah State,0.27,0.31,0.23,-0.02,0.03,-0.07
401761603,2025,2,Texas State,UTSA,0.26,0.5,0.15,0.27,0.15,0.43
401756885,2025,2,Texas Tech,Kent State,0.34,0.6,0.11,-0.18,-0.33,-0.05
401757232,2025,2,Toledo,Western Kentucky,0.46,0.88,0.31,-0.09,-0.18,0.05
401754637,2025,2,Troy,Clemson,0.07,0.19,-0.06,0.08,0.27,-0.08
401761601,2025,2,Tulane,South Alabama,0.24,0.33,0.17,0.25,0.27,0.24
401757229,2025,2,Tulsa,New Mexico State,0.02,0.26,-0.18,0.11,0.29,-0.29
401762458,2025,2,UAB,Navy,0.35,0.71,0.1,0.57,1.19,0.47
401756886,2025,2,UCF,North Carolina A&T,0.64,0.45,0.79,-0.05,0.08,-0.08
401752823,2025,2,UCLA,UNLV,0.26,0.33,0.31,0.34,0.63,0.12
401754618,2025,2,UConn,Syracuse,0.18,0.27,0.07,0.12,0.28,-0.21
401752681,2025,2,UL Monroe,Alabama,-0.06,0.33,-0.24,0.73,1.16,0.34
401752823,2025,2,UNLV,UCLA,0.34,0.63,0.12,0.26,0.33,0.31
401752814,2025,2,USC,Georgia Southern,0.79,1.01,0.59,0.07,-0.06,0.29
401756887,2025,2,Utah,Cal Poly,0.51,0.46,0.54,-0.25,-0.38,-0.07
401752694,2025,2,Utah State,Texas A&M,-0.02,0.03,-0.07,0.27,0.31,0.23
401757231,2025,2,UTEP,UT Martin,0.41,0.36,0.48,0.06,0.33,-0.24
401761603,2025,2,UTSA,Texas State,0.27,0.15,0.43,0.26,0.5,0.15
401752695,2025,2,Vanderbilt,Virginia Tech,0.7,1.59,0.41,0.12,0.14,0.09
401754524,2025,2,Virginia,NC State,0.32,0.33,0.46,0.45,0.5,0.41
401752695,2025,2,Virginia Tech,Vanderbilt,0.12,0.14,0.09,0.7,1.59,0.41
401754620,2025,2,Wake Forest,Western Carolina,0.26,0.57,0.13,-0.09,-0.07,-0.06
401752821,2025,2,Washington,UC Davis,0.65,0.48,0.77,0.05,0.12,0.03
401752948,2025,2,Washington State,San Diego State,0.15,0.33,-0.05,0.05,0.03,0.15
401757232,2025,2,Western Kentucky,Toledo,-0.09,-0.18,0.05,0.46,0.88,0.31
401762461,2025,2,Western Michigan,North Texas,-0.02,-0.38,0.07,0.31,0.16,0.61
401756883,2025,2,West Virginia,Ohio,-0.16,-0.12,-0.21,0.02,-0.02,0.09
401752820,2025,2,Wisconsin,Middle Tennessee,0.41,0.77,0.13,0.05,0.2,-0.13
401760367,2025,2,Wyoming,Northern Iowa,0.22,0.24,0.21,-0.16,0.05,-0.18
401760368,2025,3,Air Force,Utah State,0.25,0.09,0.32,0.58,0.64,0.53
401762463,2025,3,Akron,UAB,0.18,0.42,-0.07,0.19,0.31,0.0
401752696,2025,3,Alabama,Wisconsin,0.54,0.9,0.01,0.06,0.0,0.11
401761607,2025,3,App State,Southern Miss,-0.06,-0.21,0.19,0.42,0.55,0.24
401756888,2025,3,Arizona,Kansas State,0.06,-0.04,0.16,-0.02,-0.08,0.04
401756889,2025,3,Arizona State,Texas State,0.34,0.21,0.43,0.12,0.04,0.2
401752700,2025,3,Arkansas,Ole Miss,0.49,0.51,0.48,0.39,0.79,0.05
401756890,2025,3,Arkansas State,Iowa State,-0.01,-0.05,0.02,0.37,0.61,0.18
401752697,2025,3,Auburn,South Alabama,0.32,0.21,0.4,0.09,0.24,-0.01
401762818,2025,3,Ball State,New Hampshire,0.33,0.47,0.55,0.15,0.08,0.28
401756891,2025,3,Baylor,Samford,0.25,0.16,0.34,-0.07,-0.03,-0.09
401754533,2025,3,Boston College,Stanford,0.05,0.19,-0.27,0.2,0.4,0.09
401757256,2025,3,Bowling Green,Liberty,0.07,0.07,0.06,0.08,-0.04,0.17
401762817,2025,3,Buffalo,Kent State,0.23,0.37,0.03,0.27,0.39,0.19
401752840,2025,3,California,Minnesota,0.17,0.31,-0.14,0.09,0.19,-0.01
401752839,2025,3,Central Michigan,Michigan,-0.17,-0.06,-0.26,0.47,0.63,0.4
401762464,2025,3,Charlotte,Monmouth,0.36,0.81,0.04,0.32,0.37,0.17
401756892,2025,3,Cincinnati,Northwestern State,0.91,1.41,0.46,-0.23,-0.16,-0.26
401754623,2025,3,Clemson,Georgia Tech,0.25,0.15,0.32,0.15,0.31,0.04
401761604,2025,3,Coastal Carolina,East Carolina,-0.05,-0.07,0.0,0.18,0.52,-0.07
401756893,2025,3,Colorado,Houston,0.21,0.14,0.33,0.02,0.31,-0.11
401757168,2025,3,Delaware,UConn,0.41,0.24,0.58,0.46,0.68,0.19
401754534,2025,3,Duke,Tulane,0.19,0.33,-0.08,0.2,0.49,-0.01
401761604,2025,3,East Carolina,Coastal Carolina,0.18,0.52,-0.07,-0.05,-0.07,0.0
401752698,2025,3,Eastern Michigan,Kentucky,0.18,0.16,0.21,0.41,0.74,0.26
401752699,2025,3,Florida,LSU,-0.02,-0.06,0.07,0.07,0.33,-0.2
401757233,2025,3,Florida Atlantic,Florida International,0.14,0.19,0.05,0.06,0.16,0.18
401757233,2025,3,Florida International,Florida Atlantic,0.06,0.16,0.18,0.14,0.19,0.05
401760369,2025,3,Fresno State,Southern,0.52,0.91,0.26,0.0,0.48,-0.41
401752705,2025,3,Georgia,Tennessee,0.23,0.43,0.09,0.34,0.61,0.03
401757234,2025,3,Georgia Southern,Jacksonville State,0.39,0.52,0.32,0.31,0.35,0.28
401761605,2025,3,Georgia State,Murray State,0.41,0.69,0.14,0.08,0.08,0.13
401754623,2025,3,Georgia Tech,Clemson,0.15,0.31,0.04,0.25,0.15,0.32
401760370,2025,3,Hawai'i,Portland State,0.16,0.19,0.11,-0.06,0.21,-0.53
401756893,2025,3,Houston,Colorado,0.02,0.31,-0.11,0.21,0.14,0.33
401752829,2025,3,Illinois,Western Michigan,0.31,0.36,0.26,-0.1,0.04,-0.21
401752836,2025,3,Indiana,Indiana State,0.8,1.08,0.57,-0.24,-0.3,-0.18
401752830,2025,3,Iowa,Massachusetts,0.28,0.44,0.15,-0.15,-0.13,-0.16
401756890,2025,3,Iowa State,Arkansas State,0.37,0.61,0.18,-0.01,-0.05,0.02
401757234,2025,3,Jacksonville State,Georgia Southern,0.31,0.35,0.28,0.39,0.52,0.32
401756888,2025,3,Kansas State,Arizona,-0.02,-0.08,0.04,0.06,-0.04,0.16
401757235,2025,3,Kennesaw State,Merrimack,0.15,-0.13,0.43,0.16,0.34,0.01
401762817,2025,3,Kent State,Buffalo,0.27,0.39,0.19,0.23,0.37,0.03
401752698,2025,3,Kentucky,Eastern Michigan,0.41,0.74,0.26,0.18,0.16,0.21
401757256,2025,3,Liberty,Bowling Green,0.08,-0.04,0.17,0.07,0.07,0.06
401752702,2025,3,Louisiana,Missouri,-0.08,-0.52,0.26,0.49,0.34,0.56
401757257,2025,3,Louisiana Tech,New Mexico State,0.37,0.63,0.28,-0.07,0.31,-0.8
401752699,2025,3,LSU,Florida,0.07,0.33,-0.2,-0.02,-0.06,0.07
401761606,2025,3,Marshall,Eastern Kentucky,0.09,0.33,0.02,-0.15,-0.06,-0.25
401752838,2025,3,Maryland,Towson,0.31,0.55,0.14,-0.23,-0.13,-0.37
401752830,2025,3,Massachusetts,Iowa,-0.15,-0.13,-0.16,0.28,0.44,0.15
401761608,2025,3,Memphis,Troy,0.17,0.21,0.14,-0.15,-0.21,-0.04
401754535,2025,3,Miami,South Florida,0.5,0.68,0.35,0.0,0.25,-0.43
401752839,2025,3,Michigan,Central Michigan,0.47,0.63,0.4,-0.17,-0.06,-0.26
401752834,2025,3,Michigan State,Youngstown State,0.46,0.69,0.27,0.23,0.34,0.06
401757258,2025,3,Middle Tennessee,Nevada,0.08,0.01,0.22,0.07,-0.09,0.22
401752840,2025,3,Minnesota,California,0.09,0.19,-0.01,0.17,0.31,-0.14
401752701,2025,3,Mississippi State,Alcorn State,0.71,0.69,0.73,-0.12,0.06,-0.25
401752702,2025,3,Missouri,Louisiana,0.49,0.34,0.56,-0.08,-0.52,0.26
401754615,2025,3,Missouri State,SMU,-0.03,0.07,-0.22,0.32,0.25,0.41
401762465,2025,3,Navy,Tulsa,0.31,0.15,0.34,0.04,-0.03,0.13
401754531,2025,3,NC State,Wake Forest,0.12,0.44,-0.13,0.04,-0.03,0.16
401752828,2025,3,Nebraska,Houston Christian,0.48,0.68,0.32,-0.1,-0.08,-0.11
401757258,2025,3,Nevada,Middle Tennessee,0.07,-0.09,0.22,0.08,0.01,0.22
401752837,2025,3,New Mexico,UCLA,0.32,0.74,0.16,0.16,0.19,0.11
401757257,2025,3,New Mexico State,Louisiana Tech,-0.07,0.31,-0.8,0.37,0.63,0.28
401754639,2025,3,North Carolina,Richmond,0.12,-0.11,0.28,-0.25,0.09,-0.37
401752949,2025,3,North Texas,Washington State,0.55,0.59,0.51,0.07,0.13,-0.01
401752831,2025,3,Northwestern,Oregon,0.15,-0.03,0.28,0.3,0.3,0.3
401752707,2025,3,Notre Dame,Texas A&M,0.2,0.27,0.13,0.38,0.56,0.18
401752827,2025,3,Ohio,Ohio State,-0.06,0.06,-0.15,0.38,0.51,0.22
401752827,2025,3,Ohio State,Ohio,0.38,0.51,0.22,-0.06,0.06,-0.15
401752703,2025,3,Oklahoma,Temple,0.27,0.17,0.36,-0.25,-0.14,-0.37
401754536,2025,3,Old Dominion,Virginia Tech,0.5,0.88,0.28,0.21,0.14,0.32
401752700,2025,3,Ole Miss,Arkansas,0.39,0.79,0.05,0.49,0.51,0.48
401752831,2025,3,Oregon,Northwestern,0.3,0.3,0.3,0.15,-0.03,0.28
401752938,2025,3,Oregon State,Texas Tech,0.01,0.17,-0.37,0.45,0.84,0.02
401752835,2025,3,Penn State,Villanova,0.31,0.09,0.46,-0.21,-0.14,-0.29
401754638,2025,3,Pittsburgh,West Virginia,0.07,0.17,-0.07,0.19,0.36,0.06
401752832,2025,3,Purdue,USC,-0.07,-0.11,0.01,0.36,0.66,0.15
401762466,2025,3,Rice,Prairie View A&M,0.31,0.03,0.4,0.03,0.12,-0.05
401752833,2025,3,Rutgers,Norfolk State,0.46,0.68,0.27,-0.41,-0.43,0.16
401754615,2025,3,SMU,Missouri State,0.32,0.25,0.41,-0.03,0.07,-0.22
401752697,2025,3,South Alabama,Auburn,0.09,0.24,-0.01,0.32,0.21,0.4
401752704,2025,3,South Carolina,Vanderbilt,0.14,0.24,0.03,0.27,0.47,0.12
401761607,2025,3,Southern Miss,App State,0.42,0.55,0.24,-0.06,-0.21,0.19
401754535,2025,3,South Florida,Miami,0.0,0.25,-0.43,0.5,0.68,0.35
401754533,2025,3,Stanford,Boston College,0.2,0.4,0.09,0.05,0.19,-0.27
401754532,2025,3,Syracuse,Colgate,0.59,0.95,0.2,0.05,0.02,0.12
401756894,2025,3,TCU,Abilene Christian,0.49,0.74,0.2,0.34,0.58,0.15
401752703,2025,3,Temple,Oklahoma,-0.25,-0.14,-0.37,0.27,0.17,0.36
401752705,2025,3,Tennessee,Georgia,0.34,0.61,0.03,0.23,0.43,0.09
401752706,2025,3,Texas,UTEP,-0.05,-0.17,0.01,-0.07,-0.04,-0.13
401752707,2025,3,Texas A&M,Notre Dame,0.38,0.56,0.18,0.2,0.27,0.13
401756889,2025,3,Texas State,Arizona State,0.12,0.04,0.2,0.34,0.21,0.43
401752938,2025,3,Texas Tech,Oregon State,0.45,0.84,0.02,0.01,0.17,-0.37
401762819,2025,3,Toledo,Morgan State,0.37,0.52,0.25,-0.31,-0.21,-0.36
401761608,2025,3,Troy,Memphis,-0.15,-0.21,-0.04,0.17,0.21,0.14
401754534,2025,3,Tulane,Duke,0.2,0.49,-0.01,0.19,0.33,-0.08
401762465,2025,3,Tulsa,Navy,0.04,-0.03,0.13,0.31,0.15,0.34
401762463,2025,3,UAB,Akron,0.19,0.31,0.0,0.18,0.42,-0.07
401752837,2025,3,UCLA,New Mexico,0.16,0.19,0.11,0.32,0.74,0.16
401757168,2025,3,UConn,Delaware,0.46,0.68,0.19,0.41,0.24,0.58
401752832,2025,3,USC,Purdue,0.36,0.66,0.15,-0.07,-0.11,0.01
401756895,2025,3,Utah,Wyoming,0.35,0.2,0.48,-0.09,-0.01,-0.15
401760368,2025,3,Utah State,Air Force,0.58,0.64,0.53,0.25,0.09,0.32
401752706,2025,3,UTEP,Texas,-0.07,-0.04,-0.13,-0.05,-0.17,0.01
401762467,2025,3,UTSA,Incarnate Word,0.36,0.48,0.22,0.13,0.24,-0.09
401752704,2025,3,Vanderbilt,South Carolina,0.27,0.47,0.12,0.14,0.24,0.03
401754619,2025,3,Virginia,William & Mary,0.47,0.36,0.6,-0.01,0.02,-0.04
401754536,2025,3,Virginia Tech,Old Dominion,0.21,0.14,0.32,0.5,0.88,0.28
401754531,2025,3,Wake Forest,NC State,0.04,-0.03,0.16,0.12,0.44,-0.13
401752949,2025,3,Washington State,North Texas,0.07,0.13,-0.01,0.55,0.59,0.51
401752829,2025,3,Western Michigan,Illinois,-0.1,0.04,-0.21,0.31,0.36,0.26
401754638,2025,3,West Virginia,Pittsburgh,0.19,0.36,0.06,0.07,0.17,-0.07
401752696,2025,3,Wisconsin,Alabama,0.06,0.0,0.11,0.54,0.9,0.01
401756895,2025,3,Wyoming,Utah,-0.09,-0.01,-0.15,0.35,0.2,0.48
401760372,2025,4,Air Force,Boise State,0.41,0.78,0.27,0.72,0.81,0.64
401762821,2025,4,Akron,Duquesne,0.33,0.2,0.43,-0.11,-0.51,0.18
401756896,2025,4,Arizona State,Baylor,0.1,0.33,-0.05,0.26,0.21,0.35
401752708,2025,4,Arkansas,Memphis,0.18,0.27,0.09,0.31,-0.03,0.59
401757261,2025,4,Arkansas State,Kennesaw State,0.14,0.31,-0.13,0.15,0.28,0.06
401762469,2025,4,Army,North Texas,0.35,0.5,0.33,0.26,0.3,0.23
401752714,2025,4,Auburn,Oklahoma,0.12,0.1,0.22,0.06,0.33,-0.34
401757169,2025,4,Ball State,UConn,0.26,0.35,0.19,0.28,0.27,0.28
401756896,2025,4,Baylor,Arizona State,0.26,0.21,0.35,0.1,0.33,-0.05
401760372,2025,4,Boise State,Air Force,0.72,0.81,0.64,0.41,0.78,0.27
401754642,2025,4,Bowling Green,Louisville,0.07,-0.18,0.25,0.37,0.42,0.31
401761613,2025,4,Buffalo,Troy,0.08,0.08,0.07,0.07,0.04,0.11
401756898,2025,4,BYU,East Carolina,0.35,0.54,0.2,-0.08,-0.16,0.04
401754540,2025,4,California,San Diego State,-0.31,-0.31,-0.32,0.12,0.32,0.0
401762822,2025,4,Central Michigan,Wagner,0.23,1.1,-0.07,-0.42,-0.6,-0.29
401762468,2025,4,Charlotte,Rice,0.08,0.12,0.01,0.23,0.89,0.07
401754537,2025,4,Clemson,Syracuse,0.19,0.2,0.14,0.17,0.34,-0.02
401761611,2025,4,Coastal Carolina,South Alabama,0.21,0.08,0.32,0.04,-0.04,0.12
401756897,2025,4,Colorado,Wyoming,0.38,0.61,0.14,0.1,0.25,0.04
401760373,2025,4,Colorado State,UTSA,0.18,0.26,0.09,0.07,0.15,0.01
401757259,2025,4,Delaware,Florida International,0.23,0.27,0.17,0.1,0.07,0.14
401754538,2025,4,Duke,NC State,0.32,0.54,0.1,0.28,0.48,0.03
401756898,2025,4,East Carolina,BYU,-0.08,-0.16,0.04,0.35,0.54,0.2
401761610,2025,4,Eastern Michigan,Louisiana,0.2,0.11,0.29,0.29,0.21,0.4
401752709,2025,4,Florida,Miami,-0.06,-0.21,0.1,0.12,0.04,0.18
401757259,2025,4,Florida International,Delaware,0.1,0.07,0.14,0.23,0.27,0.17
401754541,2025,4,Florida State,Kent State,0.65,0.47,0.73,-0.14,-0.03,-0.25
401760374,2025,4,Fresno State,Hawai'i,-0.01,0.61,-0.54,-0.03,-0.17,0.26
401761609,2025,4,Georgia Southern,Maine,0.27,0.2,0.33,-0.02,-0.1,0.08
401752716,2025,4,Georgia State,Vanderbilt,0.08,0.3,-0.17,0.59,0.55,0.62
401754542,2025,4,Georgia Tech,Temple,0.45,0.44,0.45,-0.04,-0.09,0.02
401760374,2025,4,Hawai'i,Fresno State,-0.03,-0.17,0.26,-0.01,0.61,-0.54
401752843,2025,4,Illinois,Indiana,-0.21,-0.12,0.06,0.6,1.03,0.36
401752843,2025,4,Indiana,Illinois,0.6,1.03,0.36,-0.21,-0.12,0.06
401752844,2025,4,Iowa,Rutgers,0.3,0.31,0.29,0.25,0.28,0.21
401757260,2025,4,Jacksonville State,Murray State,0.42,0.17,0.61,-0.16,-0.16,-0.16
401757262,2025,4,James Madison,Liberty,0.25,0.27,0.24,-0.01,-0.38,0.2
401756899,2025,4,Kansas,West Virginia,0.24,0.2,0.26,0.01,0.04,-0.02
401757261,2025,4,Kennesaw State,Arkansas State,0.15,0.28,0.06,0.14,0.31,-0.13
401754541,2025,4,Kent State,Florida State,-0.14,-0.03,-0.25,0.65,0.47,0.73
401757262,2025,4,Liberty,James Madison,-0.01,-0.38,0.2,0.25,0.27,0.24
401761610,2025,4,Louisiana,Eastern Michigan,0.29,0.21,0.4,0.2,0.11,0.29
401757263,2025,4,Louisiana Tech,Southern Miss,0.15,0.48,-0.04,0.05,0.23,-0.21
401754642,2025,4,Louisville,Bowling Green,0.37,0.42,0.31,0.07,-0.18,0.25
401752710,2025,4,LSU,SE Louisiana,0.55,0.67,0.39,0.0,-0.04,0.04
401757264,2025,4,Marshall,Middle Tennessee,0.3,1.02,-0.05,0.33,0.38,0.19
401752845,2025,4,Maryland,Wisconsin,0.15,0.3,-0.08,-0.05,-0.1,0.0
401752708,2025,4,Memphis,Arkansas,0.31,-0.03,0.59,0.18,0.27,0.09
401752709,2025,4,Miami,Florida,0.12,0.04,0.18,-0.06,-0.21,0.1
401760376,2025,4,Miami (OH),UNLV,0.04,0.07,0.0,0.23,0.22,0.24
401752846,2025,4,Michigan,Nebraska,0.23,-0.01,0.41,0.16,0.28,-0.07
401752847,2025,4,Michigan State,USC,0.27,0.52,0.06,0.55,0.69,0.45
401757264,2025,4,Middle Tennessee,Marshall,0.33,0.38,0.19,0.3,1.02,-0.05
401752712,2025,4,Mississippi State,Northern Illinois,0.46,0.48,0.46,0.05,0.13,-0.03
401752713,2025,4,Missouri,South Carolina,0.22,0.19,0.23,0.13,0.38,-0.38
401757265,2025,4,Missouri State,UT Martin,0.46,0.64,0.23,0.14,0.16,0.12
401754538,2025,4,NC State,Duke,0.28,0.48,0.03,0.32,0.54,0.1
401752846,2025,4,Nebraska,Michigan,0.16,0.28,-0.07,0.23,-0.01,0.41
401757268,2025,4,Nevada,Western Kentucky,0.07,-0.16,0.19,0.22,0.11,0.35
401754640,2025,4,North Carolina,UCF,-0.03,-0.09,0.07,0.38,0.45,0.32
401752712,2025,4,Northern Illinois,Mississippi State,0.05,0.13,-0.03,0.46,0.48,0.46
401762469,2025,4,North Texas,Army,0.26,0.3,0.23,0.35,0.5,0.33
401752848,2025,4,Notre Dame,Purdue,0.5,0.92,0.32,0.18,0.34,-0.07
401762823,2025,4,Ohio,Gardner-Webb,0.46,0.48,0.44,0.39,0.51,0.26
401752714,2025,4,Oklahoma,Auburn,0.06,0.33,-0.34,0.12,0.1,0.22
401756900,2025,4,Oklahoma State,Tulsa,-0.01,-0.13,0.16,0.15,0.31,0.01
401752711,2025,4,Ole Miss,Tulane,0.41,0.54,0.32,-0.09,-0.22,0.01
401752841,2025,4,Oregon,Oregon State,0.46,0.61,0.37,-0.06,0.07,-0.16
401752841,2025,4,Oregon State,Oregon,-0.06,0.07,-0.16,0.46,0.61,0.37
401752848,2025,4,Purdue,Notre Dame,0.18,0.34,-0.07,0.5,0.92,0.32
401762468,2025,4,Rice,Charlotte,0.23,0.89,0.07,0.08,0.12,0.01
401752844,2025,4,Rutgers,Iowa,0.25,0.28,0.21,0.3,0.31,0.29
401752723,2025,4,Sam Houston,Texas,-0.23,-0.39,0.02,0.78,1.04,0.53
401754540,2025,4,San Diego State,California,0.12,0.32,0.0,-0.31,-0.31,-0.32
401760375,2025,4,San José State,Idaho,0.49,0.44,0.53,0.3,0.49,0.16
401754636,2025,4,SMU,TCU,0.27,0.43,0.02,0.29,0.47,0.06
401761611,2025,4,South Alabama,Coastal Carolina,0.04,-0.04,0.12,0.21,0.08,0.32
401752713,2025,4,South Carolina,Missouri,0.13,0.38,-0.38,0.22,0.19,0.23
401757263,2025,4,Southern Miss,Louisiana Tech,0.05,0.23,-0.21,0.15,0.48,-0.04
401762470,2025,4,South Florida,South Carolina State,0.56,0.66,0.46,-0.23,-0.18,-0.11
401754539,2025,4,Stanford,Virginia,0.22,0.45,-0.06,0.47,0.87,0.15
401754537,2025,4,Syracuse,Clemson,0.17,0.34,-0.02,0.19,0.2,0.14
401754636,2025,4,TCU,SMU,0.29,0.47,0.06,0.27,0.43,0.02
401754542,2025,4,Temple,Georgia Tech,-0.04,-0.09,0.02,0.45,0.44,0.45
401752715,2025,4,Tennessee,UAB,0.35,0.34,0.36,0.08,0.26,-0.45
401752723,2025,4,Texas,Sam Houston,0.78,1.04,0.53,-0.23,-0.39,0.02
401761612,2025,4,Texas State,Nicholls,0.32,0.39,0.29,-0.12,-0.22,-0.07
401756901,2025,4,Texas Tech,Utah,0.16,0.39,-0.05,0.04,0.12,-0.07
401762820,2025,4,Toledo,Western Michigan,-0.13,-0.39,0.08,-0.02,-0.04,0.0
401761613,2025,4,Troy,Buffalo,0.07,0.04,0.11,0.08,0.08,0.07
401752711,2025,4,Tulane,Ole Miss,-0.09,-0.22,0.01,0.41,0.54,0.32
401756900,2025,4,Tulsa,Oklahoma State,0.15,0.31,0.01,-0.01,-0.13,0.16
401752715,2025,4,UAB,Tennessee,0.08,0.26,-0.45,0.35,0.34,0.36
401754640,2025,4,UCF,North Carolina,0.38,0.45,0.32,-0.03,-0.09,0.07
401757169,2025,4,UConn,Ball State,0.28,0.27,0.28,0.26,0.35,0.19
401757267,2025,4,UL Monroe,UTEP,0.24,0.79,0.05,0.06,0.22,-0.26
401760376,2025,4,UNLV,Miami (OH),0.23,0.22,0.24,0.04,0.07,0.0
401752847,2025,4,USC,Michigan State,0.55,0.69,0.45,0.27,0.52,0.06
401756901,2025,4,Utah,Texas Tech,0.04,0.12,-0.07,0.16,0.39,-0.05
401760377,2025,4,Utah State,McNeese,0.39,0.58,0.28,-0.03,-0.04,-0.03
401757267,2025,4,UTEP,UL Monroe,0.06,0.22,-0.26,0.24,0.79,0.05
401760373,2025,4,UTSA,Colorado State,0.07,0.15,0.01,0.18,0.26,0.09
401752716,2025,4,Vanderbilt,Georgia State,0.59,0.55,0.62,0.08,0.3,-0.17
401754539,2025,4,Virginia,Stanford,0.47,0.87,0.15,0.22,0.45,-0.06
401754617,2025,4,Virginia Tech,Wofford,0.28,0.82,-0.18,-0.27,-0.16,-0.45
401752842,2025,4,Washington,Washington State,0.67,1.13,0.33,0.07,0.25,-0.2
401752842,2025,4,Washington State,Washington,0.07,0.25,-0.2,0.67,1.13,0.33
401757268,2025,4,Western Kentucky,Nevada,0.22,0.11,0.35,0.07,-0.16,0.19
401762820,2025,4,Western Michigan,Toledo,-0.02,-0.04,0.0,-0.13,-0.39,0.08
401756899,2025,4,West Virginia,Kansas,0.01,0.04,-0.02,0.24,0.2,0.26
401752845,2025,4,Wisconsin,Maryland,-0.05,-0.1,0.0,0.15,0.3,-0.08
401756897,2025,4,Wyoming,Colorado,0.1,0.25,0.04,0.38,0.61,0.14
401760378,2025,5,Air Force,Hawai'i,0.56,1.3,0.22,0.44,0.8,-0.13
401762824,2025,5,Akron,Toledo,-0.29,-0.02,-0.51,0.56,0.82,0.37
401752718,2025,5,Alabama,Georgia,0.24,0.52,-0.06,0.17,0.13,0.19
401760379,2025,5,App State,Boise State,-0.23,-0.65,0.3,0.13,0.45,-0.16
401756904,2025,5,Arizona,Iowa State,0.07,0.01,0.2,0.19,0.4,0.08
401756902,2025,5,Arizona State,TCU,0.18,0.21,0.15,0.12,0.2,-0.04
401752717,2025,5,Arkansas,Notre Dame,0.11,-0.04,0.29,0.59,1.03,0.22
401761616,2025,5,Arkansas State,UL Monroe,-0.02,0.01,-0.1,0.23,0.25,0.22
401762471,2025,5,Army,East Carolina,-0.09,-0.35,-0.03,0.23,0.62,0.04
401752724,2025,5,Auburn,Texas A&M,-0.15,-0.18,-0.1,0.05,0.42,-0.16
401756907,2025,5,Baylor,Oklahoma State,0.51,0.69,0.34,0.09,0.12,0.05
401760379,2025,5,Boise State,App State,0.13,0.45,-0.16,-0.23,-0.65,0.3
401754544,2025,5,Boston College,California,0.26,-0.01,0.75,0.18,0.44,-0.08
401762825,2025,5,Bowling Green,Ohio,-0.08,-0.4,0.24,0.21,0.35,0.12
401757170,2025,5,Buffalo,UConn,0.07,0.07,0.08,0.16,0.16,0.16
401756903,2025,5,BYU,Colorado,0.26,0.44,0.12,0.17,0.18,0.17
401754544,2025,5,California,Boston College,0.18,0.44,-0.08,0.26,-0.01,0.75
401762826,2025,5,Central Michigan,Eastern Michigan,0.33,0.6,0.24,0.14,0.18,0.09
401756905,2025,5,Cincinnati,Kansas,0.45,0.54,0.34,0.61,0.99,0.21
401756903,2025,5,Colorado,BYU,0.17,0.18,0.17,0.26,0.44,0.12
401752950,2025,5,Colorado State,Washington State,0.05,0.04,0.06,0.17,0.33,0.02
401754545,2025,5,Duke,Syracuse,0.48,0.62,0.37,0.02,-0.07,0.14
401762471,2025,5,East Carolina,Army,0.23,0.62,0.04,-0.09,-0.35,-0.03
401762826,2025,5,Eastern Michigan,Central Michigan,0.14,0.18,0.09,0.33,0.6,0.24
401762472,2025,5,Florida Atlantic,Memphis,0.22,0.2,0.25,0.41,0.5,0.37
401754543,2025,5,Florida State,Virginia,0.22,0.18,0.31,0.29,0.36,0.24
401752718,2025,5,Georgia,Alabama,0.17,0.13,0.19,0.24,0.52,-0.06
401761614,2025,5,Georgia Southern,James Madison,-0.04,0.03,-0.16,0.3,0.46,0.23
401754546,2025,5,Georgia Tech,Wake Forest,0.05,0.06,0.03,0.26,0.3,0.23
401760378,2025,5,Hawai'i,Air Force,0.44,0.8,-0.13,0.56,1.3,0.22
401752939,2025,5,Houston,Oregon State,0.04,0.24,-0.22,0.05,0.03,0.07
401752850,2025,5,Illinois,USC,0.25,0.89,-0.25,0.34,0.47,0.17
401752853,2025,5,Indiana,Iowa,0.12,0.55,-0.09,0.0,0.15,-0.21
401752853,2025,5,Iowa,Indiana,0.0,0.15,-0.21,0.12,0.55,-0.09
401756904,2025,5,Iowa State,Arizona,0.19,0.4,0.08,0.07,0.01,0.2
401757269,2025,5,Jacksonville State,Southern Miss,0.03,-0.3,0.21,0.25,0.29,0.23
401761614,2025,5,James Madison,Georgia Southern,0.3,0.46,0.23,-0.04,0.03,-0.16
401756905,2025,5,Kansas,Cincinnati,0.61,0.99,0.21,0.45,0.54,0.34
401756906,2025,5,Kansas State,UCF,0.19,0.12,0.23,0.14,0.25,0.05
401757270,2025,5,Kennesaw State,Middle Tennessee,0.25,0.61,0.02,0.14,0.1,0.18
401752722,2025,5,Kentucky,South Carolina,-0.28,-0.35,-0.24,0.18,0.44,0.09
401757271,2025,5,Liberty,Old Dominion,-0.01,-0.11,0.02,0.21,0.55,-0.01
401761615,2025,5,Louisiana,Marshall,0.12,0.0,0.2,0.42,0.62,0.28
401757272,2025,5,Louisiana Tech,UTEP,-0.16,0.02,-0.29,-0.32,-0.67,0.19
401754547,2025,5,Louisville,Pittsburgh,0.05,0.16,-0.14,0.04,0.12,-0.09
401752719,2025,5,LSU,Ole Miss,0.05,0.11,-0.06,0.21,0.6,-0.11
401761615,2025,5,Marshall,Louisiana,0.42,0.62,0.28,0.12,0.0,0.2
401752721,2025,5,Massachusetts,Missouri,-0.07,-0.08,-0.04,0.32,0.31,0.33
401762472,2025,5,Memphis,Florida Atlantic,0.41,0.5,0.37,0.22,0.2,0.25
401762827,2025,5,Miami (OH),Lindenwood,0.22,0.41,0.14,-0.31,-0.18,-0.19
401757270,2025,5,Middle Tennessee,Kennesaw State,0.14,0.1,0.18,0.25,0.61,0.02
401752849,2025,5,Minnesota,Rutgers,0.26,0.46,-0.3,0.21,0.26,0.15
401752720,2025,5,Mississippi State,Tennessee,-0.06,-0.13,-0.01,0.34,0.47,0.16
401752721,2025,5,Missouri,Massachusetts,0.32,0.31,0.33,-0.07,-0.08,-0.04
401757273,2025,5,Missouri State,Western Kentucky,0.14,0.02,0.25,0.3,0.37,0.21
401762473,2025,5,Navy,Rice,0.39,0.81,0.27,0.06,0.18,-0.02
401754548,2025,5,NC State,Virginia Tech,0.26,0.42,0.04,0.27,0.15,0.41
401757274,2025,5,New Mexico,New Mexico State,0.22,0.93,-0.35,-0.11,-0.2,0.08
401757274,2025,5,New Mexico State,New Mexico,-0.11,-0.2,0.08,0.22,0.93,-0.35
401760380,2025,5,Northern Illinois,San Diego State,-0.12,-0.19,-0.09,-0.05,-0.04,-0.05
401761617,2025,5,North Texas,South Alabama,0.34,0.41,0.29,0.22,0.19,0.24
401752851,2025,5,Northwestern,UCLA,0.1,-0.07,0.2,0.21,0.03,0.41
401752717,2025,5,Notre Dame,Arkansas,0.59,1.03,0.22,0.11,-0.04,0.29
401762825,2025,5,Ohio,Bowling Green,0.21,0.35,0.12,-0.08,-0.4,0.24
401752852,2025,5,Ohio State,Washington,0.27,0.62,-0.05,0.03,-0.06,0.13
401756907,2025,5,Oklahoma State,Baylor,0.09,0.12,0.05,0.51,0.69,0.34
401757271,2025,5,Old Dominion,Liberty,0.21,0.55,-0.01,-0.01,-0.11,0.02
401752719,2025,5,Ole Miss,LSU,0.21,0.6,-0.11,0.05,0.11,-0.06
401752854,2025,5,Oregon,Penn State,0.26,0.36,0.16,0.12,0.13,0.24
401752939,2025,5,Oregon State,Houston,0.05,0.03,0.07,0.04,0.24,-0.22
401752854,2025,5,Penn State,Oregon,0.12,0.13,0.24,0.26,0.36,0.16
401754547,2025,5,Pittsburgh,Louisville,0.04,0.12,-0.09,0.05,0.16,-0.14
401762473,2025,5,Rice,Navy,0.06,0.18,-0.02,0.39,0.81,0.27
401752849,2025,5,Rutgers,Minnesota,0.21,0.26,0.15,0.26,0.46,-0.3
401760380,2025,5,San Diego State,Northern Illinois,-0.05,-0.04,-0.05,-0.12,-0.19,-0.09
401754549,2025,5,San José State,Stanford,0.36,0.47,-0.05,0.32,0.53,-0.13
401761617,2025,5,South Alabama,North Texas,0.22,0.19,0.24,0.34,0.41,0.29
401752722,2025,5,South Carolina,Kentucky,0.18,0.44,0.09,-0.28,-0.35,-0.24
401757269,2025,5,Southern Miss,Jacksonville State,0.25,0.29,0.23,0.03,-0.3,0.21
401754549,2025,5,Stanford,San José State,0.32,0.53,-0.13,0.36,0.47,-0.05
401754545,2025,5,Syracuse,Duke,0.02,-0.07,0.14,0.48,0.62,0.37
401756902,2025,5,TCU,Arizona State,0.12,0.2,-0.04,0.18,0.21,0.15
401752720,2025,5,Tennessee,Mississippi State,0.34,0.47,0.16,-0.06,-0.13,-0.01
401752724,2025,5,Texas A&M,Auburn,0.05,0.42,-0.16,-0.15,-0.18,-0.1
401762824,2025,5,Toledo,Akron,0.56,0.82,0.37,-0.29,-0.02,-0.51
401762474,2025,5,Tulane,Tulsa,0.23,0.24,0.22,-0.16,-0.3,0.04
401762474,2025,5,Tulsa,Tulane,-0.16,-0.3,0.04,0.23,0.24,0.22
401756906,2025,5,UCF,Kansas State,0.14,0.25,0.05,0.19,0.12,0.23
401752851,2025,5,UCLA,Northwestern,0.21,0.03,0.41,0.1,-0.07,0.2
401757170,2025,5,UConn,Buffalo,0.16,0.16,0.16,0.07,0.07,0.08
401761616,2025,5,UL Monroe,Arkansas State,0.23,0.25,0.22,-0.02,0.01,-0.1
401752850,2025,5,USC,Illinois,0.34,0.47,0.17,0.25,0.89,-0.25
401756908,2025,5,Utah,West Virginia,0.39,0.83,0.1,0.14,-0.29,0.29
401752725,2025,5,Utah State,Vanderbilt,0.27,0.41,0.01,0.52,0.49,0.57
401757272,2025,5,UTEP,Louisiana Tech,-0.32,-0.67,0.19,-0.16,0.02,-0.29
401752725,2025,5,Vanderbilt,Utah State,0.52,0.49,0.57,0.27,0.41,0.01
401754543,2025,5,Virginia,Florida State,0.29,0.36,0.24,0.22,0.18,0.31
401754548,2025,5,Virginia Tech,NC State,0.27,0.15,0.41,0.26,0.42,0.04
401754546,2025,5,Wake Forest,Georgia Tech,0.26,0.3,0.23,0.05,0.06,0.03
401752852,2025,5,Washington,Ohio State,0.03,-0.06,0.13,0.27,0.62,-0.05
401752950,2025,5,Washington State,Colorado State,0.17,0.33,0.02,0.05,0.04,0.06
401757273,2025,5,Western Kentucky,Missouri State,0.3,0.37,0.21,0.14,0.02,0.25
401762828,2025,5,Western Michigan,Rhode Island,0.23,0.16,0.26,0.09,0.14,-0.01
401756908,2025,5,West Virginia,Utah,0.14,-0.29,0.29,0.39,0.83,0.1
401760381,2025,6,Air Force,Navy,0.36,0.7,0.18,0.61,0.99,0.25
401762829,2025,6,Akron,Central Michigan,0.31,0.57,0.08,0.26,-0.02,0.51
401752726,2025,6,Alabama,Vanderbilt,0.33,0.53,0.12,0.1,0.12,0.07
401752940,2025,6,App State,Oregon State,0.21,0.35,0.14,0.11,0.22,-0.14
401756910,2025,6,Arizona,Oklahoma State,0.07,0.29,-0.34,-0.15,-0.13,-0.18
401761620,2025,6,Arkansas State,Texas State,0.19,0.11,0.32,0.11,0.33,0.0
401762476,2025,6,Army,UAB,0.21,-0.28,0.25,0.22,0.18,0.32
401762830,2025,6,Ball State,Ohio,-0.02,-0.03,-0.02,0.16,0.21,0.18
401756911,2025,6,Baylor,Kansas State,0.22,0.38,-0.05,0.21,0.23,0.2
401757165,2025,6,Boise State,Notre Dame,-0.06,-0.3,0.29,0.19,0.32,0.08
401754550,2025,6,Boston College,Pittsburgh,0.0,0.16,-0.21,0.36,0.62,0.05
401762831,2025,6,Buffalo,Eastern Michigan,0.19,0.32,0.0,0.18,0.26,0.13
401756909,2025,6,BYU,West Virginia,0.47,0.7,0.33,0.05,0.34,-0.05
401754551,2025,6,California,Duke,0.17,0.23,0.08,0.3,0.33,0.27
401762829,2025,6,Central Michigan,Akron,0.26,-0.02,0.51,0.31,0.57,0.08
401762475,2025,6,Charlotte,South Florida,-0.05,0.06,-0.14,0.24,0.11,0.31
401756912,2025,6,Cincinnati,Iowa State,0.37,0.46,0.31,0.18,0.23,0.12
401754552,2025,6,Clemson,North Carolina,0.26,0.59,-0.17,0.07,0.05,0.15
401761619,2025,6,Coastal Carolina,Old Dominion,0.01,0.04,-0.02,0.42,0.47,0.39
401756914,2025,6,Colorado,TCU,0.15,0.2,0.1,0.27,0.6,-0.04
401760382,2025,6,Colorado State,San Diego State,0.28,0.22,0.35,0.55,1.26,0.3
401757276,2025,6,Delaware,Western Kentucky,0.11,0.21,-0.03,0.3,0.46,0.11
401754551,2025,6,Duke,California,0.3,0.33,0.27,0.17,0.23,0.08
401762831,2025,6,Eastern Michigan,Buffalo,0.18,0.26,0.13,0.19,0.32,0.0
401752727,2025,6,Florida,Texas,0.33,0.61,0.15,0.23,0.27,0.14
401762477,2025,6,Florida Atlantic,Rice,0.2,0.45,-0.05,0.18,0.12,0.2
401757171,2025,6,Florida International,UConn,-0.03,-0.08,0.03,0.39,0.66,0.1
401754553,2025,6,Florida State,Miami,0.14,0.21,0.05,0.18,0.53,-0.12
401760383,2025,6,Fresno State,Nevada,0.16,0.28,0.04,-0.06,-0.04,-0.07
401752728,2025,6,Georgia,Kentucky,0.24,0.31,0.2,0.02,0.1,-0.14
401761618,2025,6,Georgia State,James Madison,0.13,0.24,-0.07,-0.01,-0.28,0.14
401756913,2025,6,Houston,Texas Tech,-0.08,-0.23,0.04,0.26,0.37,0.18
401752861,2025,6,Illinois,Purdue,0.31,1.09,-0.19,0.35,0.25,0.59
401756912,2025,6,Iowa State,Cincinnati,0.18,0.23,0.12,0.37,0.46,0.31
401761618,2025,6,James Madison,Georgia State,-0.01,-0.28,0.14,0.13,0.24,-0.07
401756915,2025,6,Kansas,UCF,0.27,0.34,0.22,0.05,0.05,0.05
401756911,2025,6,Kansas State,Baylor,0.21,0.23,0.2,0.22,0.38,-0.05
401752729,2025,6,Kent State,Oklahoma,-0.33,-0.21,-0.42,0.2,0.22,0.19
401752728,2025,6,Kentucky,Georgia,0.02,0.1,-0.14,0.24,0.31,0.2
401754554,2025,6,Louisville,Virginia,0.09,0.09,0.07,-0.02,-0.17,0.14
401752857,2025,6,Maryland,Washington,0.12,0.17,0.0,0.18,0.26,0.08
401762832,2025,6,Massachusetts,Western Michigan,-0.21,-0.35,0.03,0.2,0.32,0.13
401762478,2025,6,Memphis,Tulsa,0.27,0.31,0.24,0.01,0.15,-0.18
401754553,2025,6,Miami,Florida State,0.18,0.53,-0.12,0.14,0.21,0.05
401762873,2025,6,Miami (OH),Northern Illinois,0.17,0.22,0.15,0.02,-0.06,0.13
401752856,2025,6,Michigan,Wisconsin,0.29,0.47,0.14,0.01,0.03,0.0
401752860,2025,6,Michigan State,Nebraska,0.01,0.03,0.2,0.06,0.01,0.1
401752859,2025,6,Minnesota,Ohio State,-0.08,0.03,-0.22,0.56,0.96,0.15
401752730,2025,6,Mississippi State,Texas A&M,0.08,0.1,0.07,0.27,0.38,0.23
401760381,2025,6,Navy,Air Force,0.61,0.99,0.25,0.36,0.7,0.18
401754557,2025,6,NC State,Campbell,0.63,0.71,0.53,-0.13,-0.03,-0.26
401752860,2025,6,Nebraska,Michigan State,0.06,0.01,0.1,0.01,0.03,0.2
401760383,2025,6,Nevada,Fresno State,-0.06,-0.04,-0.07,0.16,0.28,0.04
401760384,2025,6,New Mexico,San José State,0.25,0.13,0.49,0.47,0.79,0.21
401757275,2025,6,New Mexico State,Sam Houston,0.26,0.64,-0.1,-0.06,-0.01,-0.12
401754552,2025,6,North Carolina,Clemson,0.07,0.05,0.15,0.26,0.59,-0.17
401762873,2025,6,Northern Illinois,Miami (OH),0.02,-0.06,0.13,0.17,0.22,0.15
401752858,2025,6,Northwestern,UL Monroe,0.42,0.53,0.32,0.13,0.26,0.01
401757165,2025,6,Notre Dame,Boise State,0.19,0.32,0.08,-0.06,-0.3,0.29
401762830,2025,6,Ohio,Ball State,0.16,0.21,0.18,-0.02,-0.03,-0.02
401752859,2025,6,Ohio State,Minnesota,0.56,0.96,0.15,-0.08,0.03,-0.22
401752729,2025,6,Oklahoma,Kent State,0.2,0.22,0.19,-0.33,-0.21,-0.42
401756910,2025,6,Oklahoma State,Arizona,-0.15,-0.13,-0.18,0.07,0.29,-0.34
401761619,2025,6,Old Dominion,Coastal Carolina,0.42,0.47,0.39,0.01,0.04,-0.02
401752940,2025,6,Oregon State,App State,0.11,0.22,-0.14,0.21,0.35,0.14
401752855,2025,6,Penn State,UCLA,0.22,0.37,0.11,0.15,0.05,0.41
401754550,2025,6,Pittsburgh,Boston College,0.36,0.62,0.05,0.0,0.16,-0.21
401752861,2025,6,Purdue,Illinois,0.35,0.25,0.59,0.31,1.09,-0.19
401762477,2025,6,Rice,Florida Atlantic,0.18,0.12,0.2,0.2,0.45,-0.05
401757275,2025,6,Sam Houston,New Mexico State,-0.06,-0.01,-0.12,0.26,0.64,-0.1
401760382,2025,6,San Diego State,Colorado State,0.55,1.26,0.3,0.28,0.22,0.35
401760384,2025,6,San José State,New Mexico,0.47,0.79,0.21,0.25,0.13,0.49
401754555,2025,6,SMU,Syracuse,0.27,0.72,-0.27,0.02,0.07,-0.04
401761621,2025,6,South Alabama,Troy,0.16,-0.13,0.27,0.27,0.74,0.09
401762475,2025,6,South Florida,Charlotte,0.24,0.11,0.31,-0.05,0.06,-0.14
401754555,2025,6,Syracuse,SMU,0.02,0.07,-0.04,0.27,0.72,-0.27
401756914,2025,6,TCU,Colorado,0.27,0.6,-0.04,0.15,0.2,0.1
401762479,2025,6,Temple,UTSA,0.09,0.45,-0.21,0.14,0.11,0.16
401752727,2025,6,Texas,Florida,0.23,0.27,0.14,0.33,0.61,0.15
401752730,2025,6,Texas A&M,Mississippi State,0.27,0.38,0.23,0.08,0.1,0.07
401761620,2025,6,Texas State,Arkansas State,0.11,0.33,0.0,0.19,0.11,0.32
401756913,2025,6,Texas Tech,Houston,0.26,0.37,0.18,-0.08,-0.23,0.04
401761621,2025,6,Troy,South Alabama,0.27,0.74,0.09,0.16,-0.13,0.27
401762478,2025,6,Tulsa,Memphis,0.01,0.15,-0.18,0.27,0.31,0.24
401762476,2025,6,UAB,Army,0.22,0.18,0.32,0.21,-0.28,0.25
401756915,2025,6,UCF,Kansas,0.05,0.05,0.05,0.27,0.34,0.22
401752855,2025,6,UCLA,Penn State,0.15,0.05,0.41,0.22,0.37,0.11
401757171,2025,6,UConn,Florida International,0.39,0.66,0.1,-0.03,-0.08,0.03
401752858,2025,6,UL Monroe,Northwestern,0.13,0.26,0.01,0.42,0.53,0.32
401760385,2025,6,UNLV,Wyoming,0.15,0.08,0.19,0.03,0.08,-0.06
401762479,2025,6,UTSA,Temple,0.14,0.11,0.16,0.09,0.45,-0.21
401752726,2025,6,Vanderbilt,Alabama,0.1,0.12,0.07,0.33,0.53,0.12
401754554,2025,6,Virginia,Louisville,-0.02,-0.17,0.14,0.09,0.09,0.07
401754556,2025,6,Virginia Tech,Wake Forest,0.07,-0.05,0.18,0.22,0.28,0.14
401754556,2025,6,Wake Forest,Virginia Tech,0.22,0.28,0.14,0.07,-0.05,0.18
401752857,2025,6,Washington,Maryland,0.18,0.26,0.08,0.12,0.17,0.0
401757276,2025,6,Western Kentucky,Delaware,0.3,0.46,0.11,0.11,0.21,-0.03
401762832,2025,6,Western Michigan,Massachusetts,0.2,0.32,0.13,-0.21,-0.35,0.03
401756909,2025,6,West Virginia,BYU,0.05,0.34,-0.05,0.47,0.7,0.33
401752856,2025,6,Wisconsin,Michigan,0.01,0.03,0.0,0.29,0.47,0.14
401760385,2025,6,Wyoming,UNLV,0.03,0.08,-0.06,0.15,0.08,0.19
401760386,2025,7,Air Force,UNLV,0.48,0.56,0.46,0.64,0.61,0.68
401762833,2025,7,Akron,Miami (OH),0.1,0.13,0.04,0.15,0.39,-0.01
401752734,2025,7,Alabama,Missouri,0.13,0.35,-0.05,0.24,0.1,0.39
401761624,2025,7,App State,Georgia State,0.16,0.33,-0.03,0.07,0.09,0.01
401756916,2025,7,Arizona,BYU,0.11,0.07,0.16,0.19,-0.03,0.33
401756922,2025,7,Arizona State,Utah,0.03,-0.19,0.29,0.51,0.62,0.47
401752735,2025,7,Arkansas,Tennessee,0.34,0.62,0.12,0.36,0.48,0.29
401762483,2025,7,Army,Charlotte,0.15,0.3,0.13,-0.08,0.03,-0.17
401752731,2025,7,Auburn,Georgia,0.04,-0.07,0.15,0.02,0.13,-0.14
401762834,2025,7,Ball State,Western Michigan,-0.3,-0.34,-0.25,0.27,0.5,0.12
401760387,2025,7,Boise State,New Mexico,0.26,0.51,0.08,0.11,0.28,-0.18
401754558,2025,7,Boston College,Clemson,-0.01,-0.04,0.03,0.39,0.24,0.5
401762835,2025,7,Bowling Green,Toledo,0.04,0.66,-0.22,0.07,0.16,0.02
401756916,2025,7,BYU,Arizona,0.19,-0.03,0.33,0.11,0.07,0.16
401762483,2025,7,Charlotte,Army,-0.08,0.03,-0.17,0.15,0.3,0.13
401756917,2025,7,Cincinnati,UCF,0.14,0.35,-0.02,0.11,-0.16,0.45
401754558,2025,7,Clemson,Boston College,0.39,0.24,0.5,-0.01,-0.04,0.03
401761623,2025,7,Coastal Carolina,UL Monroe,0.03,-0.22,0.11,-0.17,-0.23,-0.11
401756918,2025,7,Colorado,Iowa State,0.2,0.68,-0.1,0.1,-0.03,0.22
401760388,2025,7,Colorado State,Fresno State,0.39,0.55,0.31,0.05,0.15,-0.19
401762480,2025,7,East Carolina,Tulane,0.2,0.11,0.28,0.25,0.65,-0.33
401762836,2025,7,Eastern Michigan,Northern Illinois,0.09,0.16,0.04,0.02,-0.22,0.19
401752737,2025,7,Florida,Texas A&M,0.14,0.34,-0.2,0.31,0.55,0.19
401762482,2025,7,Florida Atlantic,UAB,0.47,0.69,0.3,0.06,-0.04,0.24
401754559,2025,7,Florida State,Pittsburgh,0.29,0.71,0.03,0.39,0.59,0.21
401760388,2025,7,Fresno State,Colorado State,0.05,0.15,-0.19,0.39,0.55,0.31
401752731,2025,7,Georgia,Auburn,0.02,0.13,-0.14,0.04,-0.07,0.15
401761622,2025,7,Georgia Southern,Southern Miss,0.16,0.11,0.25,0.23,0.21,0.24
401761624,2025,7,Georgia State,App State,0.07,0.09,0.01,0.16,0.33,-0.03
401754560,2025,7,Georgia Tech,Virginia Tech,0.46,0.62,0.37,0.24,0.26,0.22
401760389,2025,7,Hawai'i,Utah State,0.26,0.25,0.3,0.17,0.0,0.39
401756920,2025,7,Houston,Oklahoma State,0.23,0.56,-0.05,0.05,0.44,-0.24
401752865,2025,7,Illinois,Ohio State,0.1,0.14,0.02,0.24,0.57,0.0
401752870,2025,7,Indiana,Oregon,0.05,0.15,-0.04,0.08,0.05,0.13
401752869,2025,7,Iowa,Wisconsin,0.2,-0.01,0.34,-0.15,-0.32,-0.05
401756918,2025,7,Iowa State,Colorado,0.1,-0.03,0.22,0.2,0.68,-0.1
401757279,2025,7,Jacksonville State,Sam Houston,0.25,0.6,0.16,0.17,0.33,0.04
401761625,2025,7,James Madison,Louisiana,0.19,0.46,-0.05,0.01,0.2,-0.22
401756921,2025,7,Kansas,Texas Tech,0.06,0.03,0.09,0.38,0.14,0.57
401756919,2025,7,Kansas State,TCU,0.21,0.43,0.05,0.18,0.17,0.19
401757280,2025,7,Kennesaw State,Louisiana Tech,0.3,0.54,-0.03,-0.04,-0.13,0.05
401762837,2025,7,Kent State,Massachusetts,0.15,0.61,-0.11,-0.15,-0.03,-0.32
401757277,2025,7,Liberty,UTEP,0.11,0.32,-0.03,-0.26,-0.34,-0.12
401761625,2025,7,Louisiana,James Madison,0.01,0.2,-0.22,0.19,0.46,-0.05
401757280,2025,7,Louisiana Tech,Kennesaw State,-0.04,-0.13,0.05,0.3,0.54,-0.03
401752732,2025,7,LSU,South Carolina,0.17,0.33,0.0,0.07,-0.24,0.3
401761626,2025,7,Marshall,Old Dominion,0.07,0.29,-0.05,0.04,0.17,-0.08
401752867,2025,7,Maryland,Nebraska,0.2,0.36,-0.01,0.15,0.16,0.13
401762837,2025,7,Massachusetts,Kent State,-0.15,-0.03,-0.32,0.15,0.61,-0.11
401762833,2025,7,Miami (OH),Akron,0.15,0.39,-0.01,0.1,0.13,0.04
401752868,2025,7,Michigan,USC,0.16,0.27,0.06,0.36,0.42,0.31
401752863,2025,7,Michigan State,UCLA,0.07,0.06,0.09,0.29,0.27,0.3
401757278,2025,7,Middle Tennessee,Missouri State,0.14,0.3,-0.13,0.19,0.41,-0.02
401752864,2025,7,Minnesota,Purdue,0.0,0.04,-0.13,0.07,-0.32,0.45
401752734,2025,7,Missouri,Alabama,0.24,0.1,0.39,0.13,0.35,-0.05
401757278,2025,7,Missouri State,Middle Tennessee,0.19,0.41,-0.02,0.14,0.3,-0.13
401762484,2025,7,Navy,Temple,0.43,0.12,0.58,0.38,0.54,0.24
401754562,2025,7,NC State,Notre Dame,-0.06,-0.03,-0.02,0.19,0.35,0.05
401752867,2025,7,Nebraska,Maryland,0.15,0.16,0.13,0.2,0.36,-0.01
401760390,2025,7,Nevada,San Diego State,-0.15,-0.21,-0.08,0.33,0.54,0.22
401760387,2025,7,New Mexico,Boise State,0.11,0.28,-0.18,0.26,0.51,0.08
401762836,2025,7,Northern Illinois,Eastern Michigan,0.02,-0.22,0.19,0.09,0.16,0.04
401762481,2025,7,North Texas,South Florida,0.04,0.28,-0.4,0.38,0.64,0.23
401752866,2025,7,Northwestern,Penn State,0.16,0.26,0.09,0.25,0.3,0.21
401754562,2025,7,Notre Dame,NC State,0.19,0.35,0.05,-0.06,-0.03,-0.02
401752865,2025,7,Ohio State,Illinois,0.24,0.57,0.0,0.1,0.14,0.02
401752736,2025,7,Oklahoma,Texas,-0.06,-0.05,-0.08,0.11,0.34,-0.08
401756920,2025,7,Oklahoma State,Houston,0.05,0.44,-0.24,0.23,0.56,-0.05
401761626,2025,7,Old Dominion,Marshall,0.04,0.17,-0.08,0.07,0.29,-0.05
401752733,2025,7,Ole Miss,Washington State,0.18,0.2,0.16,0.16,0.15,0.17
401752870,2025,7,Oregon,Indiana,0.08,0.05,0.13,0.05,0.15,-0.04
401754563,2025,7,Oregon State,Wake Forest,-0.03,-0.16,0.14,0.39,0.45,0.32
401752866,2025,7,Penn State,Northwestern,0.25,0.3,0.21,0.16,0.26,0.09
401754559,2025,7,Pittsburgh,Florida State,0.39,0.59,0.21,0.29,0.71,0.03
401752864,2025,7,Purdue,Minnesota,0.07,-0.32,0.45,0.0,0.04,-0.13
401762485,2025,7,Rice,UTSA,-0.31,-0.75,-0.1,0.32,0.4,0.26
401752862,2025,7,Rutgers,Washington,0.1,0.06,0.22,0.54,0.97,0.17
401757279,2025,7,Sam Houston,Jacksonville State,0.17,0.33,0.04,0.25,0.6,0.16
401760390,2025,7,San Diego State,Nevada,0.33,0.54,0.22,-0.15,-0.21,-0.08
401760391,2025,7,San José State,Wyoming,0.0,0.16,-0.33,0.11,0.24,-0.1
401754561,2025,7,SMU,Stanford,0.34,0.45,0.18,-0.1,-0.17,0.0
401752732,2025,7,South Carolina,LSU,0.07,-0.24,0.3,0.17,0.33,0.0
401761622,2025,7,Southern Miss,Georgia Southern,0.23,0.21,0.24,0.16,0.11,0.25
401762481,2025,7,South Florida,North Texas,0.38,0.64,0.23,0.04,0.28,-0.4
401754561,2025,7,Stanford,SMU,-0.1,-0.17,0.0,0.34,0.45,0.18
401756919,2025,7,TCU,Kansas State,0.18,0.17,0.19,0.21,0.43,0.05
401762484,2025,7,Temple,Navy,0.38,0.54,0.24,0.43,0.12,0.58
401752735,2025,7,Tennessee,Arkansas,0.36,0.48,0.29,0.34,0.62,0.12
401752736,2025,7,Texas,Oklahoma,0.11,0.34,-0.08,-0.06,-0.05,-0.08
401752737,2025,7,Texas A&M,Florida,0.31,0.55,0.19,0.14,0.34,-0.2
401761627,2025,7,Texas State,Troy,0.46,0.6,0.38,0.32,0.55,-0.08
401756921,2025,7,Texas Tech,Kansas,0.38,0.14,0.57,0.06,0.03,0.09
401762835,2025,7,Toledo,Bowling Green,0.07,0.16,0.02,0.04,0.66,-0.22
401761627,2025,7,Troy,Texas State,0.32,0.55,-0.08,0.46,0.6,0.38
401762480,2025,7,Tulane,East Carolina,0.25,0.65,-0.33,0.2,0.11,0.28
401762482,2025,7,UAB,Florida Atlantic,0.06,-0.04,0.24,0.47,0.69,0.3
401756917,2025,7,UCF,Cincinnati,0.11,-0.16,0.45,0.14,0.35,-0.02
401752863,2025,7,UCLA,Michigan State,0.29,0.27,0.3,0.07,0.06,0.09
401761623,2025,7,UL Monroe,Coastal Carolina,-0.17,-0.23,-0.11,0.03,-0.22,0.11
401760386,2025,7,UNLV,Air Force,0.64,0.61,0.68,0.48,0.56,0.46
401752868,2025,7,USC,Michigan,0.36,0.42,0.31,0.16,0.27,0.06
401756922,2025,7,Utah,Arizona State,0.51,0.62,0.47,0.03,-0.19,0.29
401760389,2025,7,Utah State,Hawai'i,0.17,0.0,0.39,0.26,0.25,0.3
401757277,2025,7,UTEP,Liberty,-0.26,-0.34,-0.12,0.11,0.32,-0.03
401762485,2025,7,UTSA,Rice,0.32,0.4,0.26,-0.31,-0.75,-0.1
401754560,2025,7,Virginia Tech,Georgia Tech,0.24,0.26,0.22,0.46,0.62,0.37
401754563,2025,7,Wake Forest,Oregon State,0.39,0.45,0.32,-0.03,-0.16,0.14
401752862,2025,7,Washington,Rutgers,0.54,0.97,0.17,0.1,0.06,0.22
401752733,2025,7,Washington State,Ole Miss,0.16,0.15,0.17,0.18,0.2,0.16
401762834,2025,7,Western Michigan,Ball State,0.27,0.5,0.12,-0.3,-0.34,-0.25
401752869,2025,7,Wisconsin,Iowa,-0.15,-0.32,-0.05,0.2,-0.01,0.34
401760391,2025,7,Wyoming,San José State,0.11,0.24,-0.1,0.0,0.16,-0.33
401760392,2025,8,Air Force,Wyoming,0.21,0.01,0.24,0.27,0.25,0.28
401762838,2025,8,Akron,Ball State,0.08,0.11,0.03,0.15,-0.15,0.3
401752738,2025,8,Alabama,Tennessee,0.3,0.62,0.01,0.06,-0.1,0.37
401761629,2025,8,App State,Coastal Carolina,0.3,0.49,0.07,0.38,0.34,0.4
401756925,2025,8,Arizona,Houston,0.3,0.53,0.04,0.37,0.69,0.19
401756923,2025,8,Arizona State,Texas Tech,0.08,0.11,0.04,0.05,0.03,0.08
401752739,2025,8,Arkansas,Texas A&M,0.53,0.39,0.73,0.52,0.6,0.46
401761628,2025,8,Arkansas State,South Alabama,0.12,0.16,0.07,0.11,0.07,0.15
401762488,2025,8,Army,Tulane,0.24,0.66,0.17,0.33,0.65,-0.01
401752740,2025,8,Auburn,Missouri,0.08,-0.08,0.24,0.04,0.15,-0.08
401762838,2025,8,Ball State,Akron,0.15,-0.15,0.3,0.08,0.11,0.03
401756927,2025,8,Baylor,TCU,0.08,0.12,0.01,0.12,0.42,-0.11
401760393,2025,8,Boise State,UNLV,0.65,0.94,0.41,0.06,-0.43,0.5
401754569,2025,8,Boston College,UConn,0.2,0.3,0.11,0.24,0.52,-0.12
401762839,2025,8,Bowling Green,Central Michigan,0.06,0.0,0.12,0.17,0.94,0.08
401762840,2025,8,Buffalo,Massachusetts,0.12,0.22,-0.11,0.15,0.19,0.13
401756924,2025,8,BYU,Utah,0.04,-0.06,0.11,0.24,0.25,0.22
401754371,2025,8,California,North Carolina,0.14,0.23,0.01,-0.01,0.04,-0.06
401762839,2025,8,Central Michigan,Bowling Green,0.17,0.94,0.08,0.06,0.0,0.12
401762489,2025,8,Charlotte,Temple,0.0,-0.26,0.16,0.38,0.59,0.26
401756926,2025,8,Cincinnati,Oklahoma State,0.49,0.63,0.33,-0.03,-0.36,0.12
401754565,2025,8,Clemson,SMU,0.13,0.49,-0.47,0.2,0.22,0.16
401761629,2025,8,Coastal Carolina,App State,0.38,0.34,0.4,0.3,0.49,0.07
401760394,2025,8,Colorado State,Hawai'i,0.15,0.13,0.18,0.3,0.44,0.11
401757283,2025,8,Delaware,Jacksonville State,0.11,0.3,-0.32,0.16,-0.04,0.26
401754566,2025,8,Duke,Georgia Tech,0.04,0.47,-0.6,0.28,0.59,0.1
401762486,2025,8,East Carolina,Tulsa,0.25,0.41,0.14,0.03,0.0,0.08
401762841,2025,8,Eastern Michigan,Miami (OH),0.27,0.33,0.24,0.29,0.55,0.18
401752741,2025,8,Florida,Mississippi State,0.15,0.13,0.18,0.07,0.09,0.05
401762490,2025,8,Florida Atlantic,South Florida,0.09,0.22,-0.21,0.41,0.58,0.32
401757281,2025,8,Florida International,Western Kentucky,0.22,0.22,0.22,0.02,-0.01,0.08
401754567,2025,8,Florida State,Stanford,0.14,0.22,0.05,0.1,0.25,0.0
401752742,2025,8,Georgia,Ole Miss,0.42,0.71,0.23,0.41,0.42,0.4
401761630,2025,8,Georgia Southern,Georgia State,0.33,0.47,0.24,0.31,0.25,0.38
401761630,2025,8,Georgia State,Georgia Southern,0.31,0.25,0.38,0.33,0.47,0.24
401754566,2025,8,Georgia Tech,Duke,0.28,0.59,0.1,0.04,0.47,-0.6
401760394,2025,8,Hawai'i,Colorado State,0.3,0.44,0.11,0.15,0.13,0.18
401756925,2025,8,Houston,Arizona,0.37,0.69,0.19,0.3,0.53,0.04
401752878,2025,8,Indiana,Michigan State,0.51,0.92,0.11,0.27,0.38,0.03
401752875,2025,8,Iowa,Penn State,0.05,-0.02,0.38,0.07,0.11,0.04
401757283,2025,8,Jacksonville State,Delaware,0.16,-0.04,0.26,0.11,0.3,-0.32
401761631,2025,8,James Madison,Old Dominion,0.4,0.74,0.2,0.22,0.58,-0.08
401762842,2025,8,Kent State,Toledo,0.03,0.24,0.1,0.46,0.99,0.01
401752743,2025,8,Kentucky,Texas,0.1,0.33,-0.14,-0.12,-0.08,-0.17
401757282,2025,8,Liberty,New Mexico State,0.01,0.1,0.05,0.18,0.18,0.31
401761668,2025,8,Louisiana,Southern Miss,0.08,0.1,0.11,0.06,0.72,-0.17
401754564,2025,8,Louisville,Miami,0.11,0.2,-0.01,0.15,0.19,0.08
401752745,2025,8,LSU,Vanderbilt,0.26,0.3,0.2,0.31,0.43,0.25
401761632,2025,8,Marshall,Texas State,0.03,0.28,-0.14,0.21,0.41,0.01
401752879,2025,8,Maryland,UCLA,0.04,-0.04,0.18,0.05,0.07,0.02
401762840,2025,8,Massachusetts,Buffalo,0.15,0.19,0.13,0.12,0.22,-0.11
401762487,2025,8,Memphis,UAB,0.2,0.16,0.26,0.35,0.86,-0.01
401754564,2025,8,Miami,Louisville,0.15,0.19,0.08,0.11,0.2,-0.01
401762841,2025,8,Miami (OH),Eastern Michigan,0.29,0.55,0.18,0.27,0.33,0.24
401752873,2025,8,Michigan,Washington,0.25,0.38,0.16,0.09,0.07,0.12
401752878,2025,8,Michigan State,Indiana,0.27,0.38,0.03,0.51,0.92,0.11
401752872,2025,8,Minnesota,Nebraska,0.19,0.38,0.07,-0.06,-0.1,0.0
401752741,2025,8,Mississippi State,Florida,0.07,0.09,0.05,0.15,0.13,0.18
401752740,2025,8,Missouri,Auburn,0.04,0.15,-0.08,0.08,-0.08,0.24
401752872,2025,8,Nebraska,Minnesota,-0.06,-0.1,0.0,0.19,0.38,0.07
401760395,2025,8,Nevada,New Mexico,0.15,0.43,-0.17,0.18,-0.01,0.29
401760395,2025,8,New Mexico,Nevada,0.18,-0.01,0.29,0.15,0.43,-0.17
401757282,2025,8,New Mexico State,Liberty,0.18,0.18,0.31,0.01,0.1,0.05
401754371,2025,8,North Carolina,California,-0.01,0.04,-0.06,0.14,0.23,0.01
401762843,2025,8,Northern Illinois,Ohio,0.0,0.06,-0.08,0.43,0.31,0.48
401762491,2025,8,North Texas,UTSA,0.46,0.56,0.37,0.03,0.1,-0.04
401752874,2025,8,Northwestern,Purdue,0.06,0.21,-0.02,-0.06,-0.1,0.0
401752871,2025,8,Notre Dame,USC,0.18,-0.08,0.34,0.07,0.24,-0.21
401762843,2025,8,Ohio,Northern Illinois,0.43,0.31,0.48,0.0,0.06,-0.08
401752877,2025,8,Ohio State,Wisconsin,0.45,0.76,-0.03,-0.09,-0.15,-0.05
401752744,2025,8,Oklahoma,South Carolina,0.15,0.39,-0.02,-0.15,-0.13,-0.11
401756926,2025,8,Oklahoma State,Cincinnati,-0.03,-0.36,0.12,0.49,0.63,0.33
401761631,2025,8,Old Dominion,James Madison,0.22,0.58,-0.08,0.4,0.74,0.2
401752742,2025,8,Ole Miss,Georgia,0.41,0.42,0.4,0.42,0.71,0.23
401752876,2025,8,Oregon,Rutgers,0.8,0.95,0.7,-0.11,-0.27,0.0
401752941,2025,8,Oregon State,Lafayette,0.42,0.29,0.5,0.01,0.06,-0.04
401752875,2025,8,Penn State,Iowa,0.07,0.11,0.04,0.05,-0.02,0.38
401754568,2025,8,Pittsburgh,Syracuse,-0.02,0.02,-0.04,0.01,0.14,-0.16
401752874,2025,8,Purdue,Northwestern,-0.06,-0.1,0.0,0.06,0.21,-0.02
401752876,2025,8,Rutgers,Oregon,-0.11,-0.27,0.0,0.8,0.95,0.7
401757284,2025,8,Sam Houston,UTEP,0.0,0.08,-0.09,-0.1,0.27,-0.01
401760396,2025,8,San José State,Utah State,0.28,0.29,0.27,0.2,0.39,0.0
401754565,2025,8,SMU,Clemson,0.2,0.22,0.16,0.13,0.49,-0.47
401761628,2025,8,South Alabama,Arkansas State,0.11,0.07,0.15,0.12,0.16,0.07
401752744,2025,8,South Carolina,Oklahoma,-0.15,-0.13,-0.11,0.15,0.39,-0.02
401761668,2025,8,Southern Miss,Louisiana,0.06,0.72,-0.17,0.08,0.1,0.11
401762490,2025,8,South Florida,Florida Atlantic,0.41,0.58,0.32,0.09,0.22,-0.21
401754567,2025,8,Stanford,Florida State,0.1,0.25,0.0,0.14,0.22,0.05
401754568,2025,8,Syracuse,Pittsburgh,0.01,0.14,-0.16,-0.02,0.02,-0.04
401756927,2025,8,TCU,Baylor,0.12,0.42,-0.11,0.08,0.12,0.01
401762489,2025,8,Temple,Charlotte,0.38,0.59,0.26,0.0,-0.26,0.16
401752738,2025,8,Tennessee,Alabama,0.06,-0.1,0.37,0.3,0.62,0.01
401752743,2025,8,Texas,Kentucky,-0.12,-0.08,-0.17,0.1,0.33,-0.14
401752739,2025,8,Texas A&M,Arkansas,0.52,0.6,0.46,0.53,0.39,0.73
401761632,2025,8,Texas State,Marshall,0.21,0.41,0.01,0.03,0.28,-0.14
401756923,2025,8,Texas Tech,Arizona State,0.05,0.03,0.08,0.08,0.11,0.04
401762842,2025,8,Toledo,Kent State,0.46,0.99,0.01,0.03,0.24,0.1
401761633,2025,8,Troy,UL Monroe,0.16,0.84,-0.31,0.06,0.03,0.1
401762488,2025,8,Tulane,Army,0.33,0.65,-0.01,0.24,0.66,0.17
401762486,2025,8,Tulsa,East Carolina,0.03,0.0,0.08,0.25,0.41,0.14
401762487,2025,8,UAB,Memphis,0.35,0.86,-0.01,0.2,0.16,0.26
401756928,2025,8,UCF,West Virginia,0.35,0.45,0.23,-0.13,-0.35,0.04
401752879,2025,8,UCLA,Maryland,0.05,0.07,0.02,0.04,-0.04,0.18
401754569,2025,8,UConn,Boston College,0.24,0.52,-0.12,0.2,0.3,0.11
401761633,2025,8,UL Monroe,Troy,0.06,0.03,0.1,0.16,0.84,-0.31
401760393,2025,8,UNLV,Boise State,0.06,-0.43,0.5,0.65,0.94,0.41
401752871,2025,8,USC,Notre Dame,0.07,0.24,-0.21,0.18,-0.08,0.34
401756924,2025,8,Utah,BYU,0.24,0.25,0.22,0.04,-0.06,0.11
401760396,2025,8,Utah State,San José State,0.2,0.39,0.0,0.28,0.29,0.27
401757284,2025,8,UTEP,Sam Houston,-0.1,0.27,-0.01,0.0,0.08,-0.09
401762491,2025,8,UTSA,North Texas,0.03,0.1,-0.04,0.46,0.56,0.37
401752745,2025,8,Vanderbilt,LSU,0.31,0.43,0.25,0.26,0.3,0.2
401752951,2025,8,Virginia,Washington State,0.07,0.13,0.03,0.16,0.17,0.2
401752873,2025,8,Washington,Michigan,0.09,0.07,0.12,0.25,0.38,0.16
401752951,2025,8,Washington State,Virginia,0.16,0.17,0.2,0.07,0.13,0.03
401757281,2025,8,Western Kentucky,Florida International,0.02,-0.01,0.08,0.22,0.22,0.22
401756928,2025,8,West Virginia,UCF,-0.13,-0.35,0.04,0.35,0.45,0.23
401752877,2025,8,Wisconsin,Ohio State,-0.09,-0.15,-0.05,0.45,0.76,-0.03
401760392,2025,8,Wyoming,Air Force,0.27,0.25,0.28,0.21,0.01,0.24
401762844,2025,9,Akron,Buffalo,0.04,0.41,-0.2,-0.16,-0.01,-0.25
401752751,2025,9,Alabama,South Carolina,0.2,0.27,0.05,0.04,0.05,0.03
401761635,2025,9,App State,Old Dominion,0.03,0.15,0.12,0.04,0.42,-0.16
401756929,2025,9,Arizona State,Houston,0.22,0.29,0.18,0.11,0.48,-0.16
401752746,2025,9,Arkansas,Auburn,0.13,0.43,-0.19,0.03,0.23,0.11
401761636,2025,9,Arkansas State,Georgia Southern,0.23,0.18,0.3,0.06,0.23,0.1
401752746,2025,9,Auburn,Arkansas,0.03,0.23,0.11,0.13,0.43,-0.19
401762845,2025,9,Ball State,Northern Illinois,0.13,0.14,0.01,0.01,0.32,0.13
401756930,2025,9,Baylor,Cincinnati,0.24,0.14,0.22,0.26,0.33,0.3
401760397,2025,9,Boise State,Nevada,0.05,0.19,0.02,-0.11,-0.07,0.02
401754570,2025,9,Boston College,Louisville,0.13,0.16,0.01,0.22,-0.07,0.62
401762846,2025,9,Bowling Green,Kent State,0.21,0.15,0.2,0.21,0.39,0.07
401762844,2025,9,Buffalo,Akron,-0.16,-0.01,-0.25,0.04,0.41,-0.2
401756931,2025,9,BYU,Iowa State,0.16,0.43,0.11,0.17,0.26,0.25
401754372,2025,9,California,Virginia Tech,0.22,0.24,0.02,0.34,0.24,0.38
401762847,2025,9,Central Michigan,Massachusetts,0.3,1.12,0.12,-0.16,-0.29,0.24
401762492,2025,9,Charlotte,North Texas,0.22,0.34,0.01,0.39,0.57,0.21
401756930,2025,9,Cincinnati,Baylor,0.26,0.33,0.3,0.24,0.14,0.22
401756934,2025,9,Colorado,Utah,-0.25,-0.2,-0.18,0.26,0.28,0.38
401760398,2025,9,Colorado State,Wyoming,-0.1,0.07,-0.12,0.21,0.22,0.27
401757287,2025,9,Delaware,Middle Tennessee,0.16,0.42,-0.16,0.17,0.17,0.18
401762848,2025,9,Eastern Michigan,Ohio,0.29,0.37,0.22,0.18,0.65,-0.03
401762493,2025,9,Florida Atlantic,Navy,0.21,0.35,0.05,0.24,-0.21,0.44
401757285,2025,9,Florida International,Kennesaw State,0.17,0.26,0.07,0.39,1.18,0.25
401760399,2025,9,Fresno State,San Diego State,-0.22,-0.26,-0.15,0.05,0.18,0.04
401761636,2025,9,Georgia Southern,Arkansas State,0.06,0.23,0.1,0.23,0.18,0.3
401761634,2025,9,Georgia State,South Alabama,0.29,0.49,0.15,0.4,0.9,0.08
401754571,2025,9,Georgia Tech,Syracuse,0.42,0.78,0.22,0.18,0.3,0.06
401756929,2025,9,Houston,Arizona State,0.11,0.48,-0.16,0.22,0.29,0.18
401752880,2025,9,Illinois,Washington,0.1,0.28,0.18,0.44,0.75,0.16
401752885,2025,9,Indiana,UCLA,0.29,0.43,0.35,-0.16,-0.15,0.04
401752882,2025,9,Iowa,Minnesota,0.04,0.04,0.15,-0.24,-0.05,-0.22
401756931,2025,9,Iowa State,BYU,0.17,0.26,0.25,0.16,0.43,0.11
401756932,2025,9,Kansas,Kansas State,-0.03,-0.11,0.05,0.28,0.66,0.13
401756932,2025,9,Kansas State,Kansas,0.28,0.66,0.13,-0.03,-0.11,0.05
401757285,2025,9,Kennesaw State,Florida International,0.39,1.18,0.25,0.17,0.26,0.07
401762846,2025,9,Kent State,Bowling Green,0.21,0.39,0.07,0.21,0.15,0.2
401752747,2025,9,Kentucky,Tennessee,0.2,0.52,-0.08,0.66,0.99,0.26
401761638,2025,9,Louisiana,Troy,0.04,-0.03,0.16,0.22,0.2,0.27
401757286,2025,9,Louisiana Tech,Western Kentucky,0.14,0.44,-0.12,0.18,0.47,-0.1
401754570,2025,9,Louisville,Boston College,0.22,-0.07,0.62,0.13,0.16,0.01
401752748,2025,9,LSU,Texas A&M,0.16,0.07,0.36,0.36,0.58,0.3
401762847,2025,9,Massachusetts,Central Michigan,-0.16,-0.29,0.24,0.3,1.12,0.12
401762494,2025,9,Memphis,South Florida,0.23,0.28,0.16,0.34,0.27,0.42
401754572,2025,9,Miami,Stanford,0.27,0.43,0.15,-0.35,-0.01,-0.18
401762874,2025,9,Miami (OH),Western Michigan,0.19,0.47,-0.02,0.02,-0.02,0.14
401752881,2025,9,Michigan,Michigan State,0.08,-0.17,0.3,0.01,-0.02,0.06
401752881,2025,9,Michigan State,Michigan,0.01,-0.02,0.06,0.08,-0.17,0.3
401757287,2025,9,Middle Tennessee,Delaware,0.17,0.17,0.18,0.16,0.42,-0.16
401752882,2025,9,Minnesota,Iowa,-0.24,-0.05,-0.22,0.04,0.04,0.15
401752749,2025,9,Mississippi State,Texas,0.09,0.42,-0.16,0.2,0.27,-0.03
401752752,2025,9,Missouri,Vanderbilt,0.1,0.27,-0.13,0.15,0.17,0.24
401757288,2025,9,Missouri State,New Mexico State,0.04,0.13,-0.06,-0.04,0.02,0.19
401762493,2025,9,Navy,Florida Atlantic,0.24,-0.21,0.44,0.21,0.35,0.05
401754574,2025,9,NC State,Pittsburgh,0.33,0.27,0.45,0.26,0.45,0.0
401752883,2025,9,Nebraska,Northwestern,0.17,0.3,0.09,0.05,0.06,0.21
401760397,2025,9,Nevada,Boise State,-0.11,-0.07,0.02,0.05,0.19,0.02
401760400,2025,9,New Mexico,Utah State,0.31,0.29,0.35,0.12,0.27,0.23
401757288,2025,9,New Mexico State,Missouri State,-0.04,0.02,0.19,0.04,0.13,-0.06
401754573,2025,9,North Carolina,Virginia,-0.1,0.13,-0.04,-0.15,-0.2,0.07
401762845,2025,9,Northern Illinois,Ball State,0.01,0.32,0.13,0.13,0.14,0.01
401762492,2025,9,North Texas,Charlotte,0.39,0.57,0.21,0.22,0.34,0.01
401752883,2025,9,Northwestern,Nebraska,0.05,0.06,0.21,0.17,0.3,0.09
401762848,2025,9,Ohio,Eastern Michigan,0.18,0.65,-0.03,0.29,0.37,0.22
401752750,2025,9,Oklahoma,Ole Miss,0.09,0.03,0.25,0.18,0.32,0.02
401756933,2025,9,Oklahoma State,Texas Tech,-0.37,-0.16,-0.58,0.2,0.46,0.0
401761635,2025,9,Old Dominion,App State,0.04,0.42,-0.16,0.03,0.15,0.12
401752750,2025,9,Ole Miss,Oklahoma,0.18,0.32,0.02,0.09,0.03,0.25
401752886,2025,9,Oregon,Wisconsin,0.14,0.03,0.14,-0.12,-0.01,0.09
401754574,2025,9,Pittsburgh,NC State,0.26,0.45,0.0,0.33,0.27,0.45
401752884,2025,9,Purdue,Rutgers,0.18,0.17,0.23,0.24,0.54,0.14
401757172,2025,9,Rice,UConn,0.22,0.25,0.24,0.08,0.33,-0.05
401752884,2025,9,Rutgers,Purdue,0.24,0.54,0.14,0.18,0.17,0.23
401760399,2025,9,San Diego State,Fresno State,0.05,0.18,0.04,-0.22,-0.26,-0.15
401752942,2025,9,SMU,Wake Forest,-0.15,-0.01,-0.25,-0.26,0.04,-0.33
401761634,2025,9,South Alabama,Georgia State,0.4,0.9,0.08,0.29,0.49,0.15
401752751,2025,9,South Carolina,Alabama,0.04,0.05,0.03,0.2,0.27,0.05
401761637,2025,9,Southern Miss,UL Monroe,0.4,0.43,0.45,0.07,0.3,0.16
401762494,2025,9,South Florida,Memphis,0.34,0.27,0.42,0.23,0.28,0.16
401754572,2025,9,Stanford,Miami,-0.35,-0.01,-0.18,0.27,0.43,0.15
401754571,2025,9,Syracuse,Georgia Tech,0.18,0.3,0.06,0.42,0.78,0.22
401756935,2025,9,TCU,West Virginia,0.03,0.07,-0.05,0.01,0.28,-0.48
401762495,2025,9,Temple,Tulsa,0.11,0.45,-0.06,0.36,0.74,-0.05
401752747,2025,9,Tennessee,Kentucky,0.66,0.99,0.26,0.2,0.52,-0.08
401752749,2025,9,Texas,Mississippi State,0.2,0.27,-0.03,0.09,0.42,-0.16
401752748,2025,9,Texas A&M,LSU,0.36,0.58,0.3,0.16,0.07,0.36
401756933,2025,9,Texas Tech,Oklahoma State,0.2,0.46,0.0,-0.37,-0.16,-0.58
401752952,2025,9,Toledo,Washington State,-0.04,-0.02,-0.15,0.16,0.16,0.2
401761638,2025,9,Troy,Louisiana,0.22,0.2,0.27,0.04,-0.03,0.16
401762495,2025,9,Tulsa,Temple,0.36,0.74,-0.05,0.11,0.45,-0.06
401752885,2025,9,UCLA,Indiana,-0.16,-0.15,0.04,0.29,0.43,0.35
401757172,2025,9,UConn,Rice,0.08,0.33,-0.05,0.22,0.25,0.24
401761637,2025,9,UL Monroe,Southern Miss,0.07,0.3,0.16,0.4,0.43,0.45
401756934,2025,9,Utah,Colorado,0.26,0.28,0.38,-0.25,-0.2,-0.18
401760400,2025,9,Utah State,New Mexico,0.12,0.27,0.23,0.31,0.29,0.35
401752752,2025,9,Vanderbilt,Missouri,0.15,0.17,0.24,0.1,0.27,-0.13
401754573,2025,9,Virginia,North Carolina,-0.15,-0.2,0.07,-0.1,0.13,-0.04
401754372,2025,9,Virginia Tech,California,0.34,0.24,0.38,0.22,0.24,0.02
401752942,2025,9,Wake Forest,SMU,-0.26,0.04,-0.33,-0.15,-0.01,-0.25
401752880,2025,9,Washington,Illinois,0.44,0.75,0.16,0.1,0.28,0.18
401752952,2025,9,Washington State,Toledo,0.16,0.16,0.2,-0.04,-0.02,-0.15
401757286,2025,9,Western Kentucky,Louisiana Tech,0.18,0.47,-0.1,0.14,0.44,-0.12
401762874,2025,9,Western Michigan,Miami (OH),0.02,-0.02,0.14,0.19,0.47,-0.02
401756935,2025,9,West Virginia,TCU,0.01,0.28,-0.48,0.03,0.07,-0.05
401752886,2025,9,Wisconsin,Oregon,-0.12,-0.01,0.09,0.14,0.03,0.14
401760398,2025,9,Wyoming,Colorado State,0.21,0.22,0.27,-0.1,0.07,-0.12
401760401,2025,10,Air Force,Army,0.16,0.91,-0.01,0.23,0.73,0.15
401756937,2025,10,Arizona,Colorado,0.2,0.43,0.05,0.01,0.0,0.08
401756939,2025,10,Arizona State,Iowa State,-0.02,0.19,0.1,-0.01,-0.12,0.23
401752753,2025,10,Arkansas,Mississippi State,0.26,0.19,0.36,0.22,0.62,-0.07
401761643,2025,10,Arkansas State,Troy,0.03,0.77,-0.51,-0.07,-0.22,0.01
401760401,2025,10,Army,Air Force,0.23,0.73,0.15,0.16,0.91,-0.01
401752754,2025,10,Auburn,Kentucky,-0.07,-0.22,0.12,-0.28,0.22,-0.28
401756936,2025,10,Baylor,UCF,0.2,0.3,0.18,-0.13,-0.16,-0.29
401760402,2025,10,Boise State,Fresno State,-0.08,-0.17,0.13,-0.03,-0.24,0.07
401754583,2025,10,Boston College,Notre Dame,-0.01,0.07,-0.06,0.33,0.69,-0.2
401762849,2025,10,Bowling Green,Buffalo,-0.28,-0.37,-0.16,0.04,0.15,-0.01
401762849,2025,10,Buffalo,Bowling Green,0.04,0.15,-0.01,-0.28,-0.37,-0.16
401754576,2025,10,California,Virginia,-0.04,0.08,-0.08,0.2,0.3,0.13
401762850,2025,10,Central Michigan,Western Michigan,0.17,1.43,-0.23,0.1,0.15,0.07
401756942,2025,10,Cincinnati,Utah,0.09,0.17,0.16,0.27,0.19,0.31
401754577,2025,10,Clemson,Duke,0.47,0.67,0.28,0.31,0.49,0.17
401761640,2025,10,Coastal Carolina,Marshall,0.06,0.14,0.06,0.18,0.1,0.17
401756937,2025,10,Colorado,Arizona,0.01,0.0,0.08,0.2,0.43,0.05
401757293,2025,10,Delaware,Liberty,0.31,0.28,0.27,0.58,0.93,0.42
401754577,2025,10,Duke,Clemson,0.31,0.49,0.17,0.47,0.67,0.28
401762498,2025,10,East Carolina,Temple,0.37,0.8,0.37,0.0,-0.01,-0.01
401752755,2025,10,Florida,Georgia,0.02,0.13,-0.04,0.29,0.39,0.05
401757291,2025,10,Florida International,Missouri State,0.19,0.47,-0.11,0.1,0.25,0.03
401754578,2025,10,Florida State,Wake Forest,0.39,0.8,0.21,0.0,0.0,-0.05
401760402,2025,10,Fresno State,Boise State,-0.03,-0.24,0.07,-0.08,-0.17,0.13
401752755,2025,10,Georgia,Florida,0.29,0.39,0.05,0.02,0.13,-0.04
401754579,2025,10,Georgia Tech,NC State,0.41,0.65,0.19,0.52,0.79,0.35
401760403,2025,10,Hawai'i,San José State,0.26,0.5,0.12,0.48,0.61,0.35
401756938,2025,10,Houston,West Virginia,0.13,0.38,-0.19,0.27,0.36,0.2
401752891,2025,10,Illinois,Rutgers,0.35,0.63,0.13,0.15,0.25,-0.21
401752887,2025,10,Indiana,Maryland,0.31,0.5,0.44,-0.26,0.28,-0.65
401756939,2025,10,Iowa State,Arizona State,-0.01,-0.12,0.23,-0.02,0.19,0.1
401757292,2025,10,Jacksonville State,Middle Tennessee,0.13,0.58,-0.12,0.12,0.18,-0.16
401761639,2025,10,James Madison,Texas State,0.53,1.13,0.28,-0.01,0.06,0.1
401756940,2025,10,Kansas,Oklahoma State,0.37,0.54,0.34,0.39,0.46,0.08
401756941,2025,10,Kansas State,Texas Tech,0.13,0.08,0.18,0.1,0.3,0.02
401757289,2025,10,Kennesaw State,UTEP,-0.08,-0.35,0.19,-0.13,-0.03,-0.1
401752754,2025,10,Kentucky,Auburn,-0.28,0.22,-0.28,-0.07,-0.22,0.12
401757293,2025,10,Liberty,Delaware,0.58,0.93,0.42,0.31,0.28,0.27
401761642,2025,10,Louisiana,South Alabama,0.21,1.04,0.01,0.05,0.1,0.24
401757290,2025,10,Louisiana Tech,Sam Houston,0.69,0.34,0.89,-0.05,-0.32,0.5
401754580,2025,10,Louisville,Virginia Tech,0.07,0.13,0.23,-0.11,0.02,-0.04
401761640,2025,10,Marshall,Coastal Carolina,0.18,0.1,0.17,0.06,0.14,0.06
401752887,2025,10,Maryland,Indiana,-0.26,0.28,-0.65,0.31,0.5,0.44
401762497,2025,10,Memphis,Rice,0.45,0.35,0.31,0.07,0.5,-0.09
401754581,2025,10,Miami,SMU,0.02,0.52,-0.05,0.11,0.28,-0.21
401752890,2025,10,Michigan,Purdue,0.15,0.09,0.31,-0.05,0.27,-0.02
401752888,2025,10,Michigan State,Minnesota,0.18,0.4,0.09,0.07,-0.01,0.2
401757292,2025,10,Middle Tennessee,Jacksonville State,0.12,0.18,-0.16,0.13,0.58,-0.12
401752888,2025,10,Minnesota,Michigan State,0.07,-0.01,0.2,0.18,0.4,0.09
401752753,2025,10,Mississippi State,Arkansas,0.22,0.62,-0.07,0.26,0.19,0.36
401757291,2025,10,Missouri State,Florida International,0.1,0.25,0.03,0.19,0.47,-0.11
401762499,2025,10,Navy,North Texas,0.08,0.21,0.26,0.3,0.46,0.23
401754579,2025,10,NC State,Georgia Tech,0.52,0.79,0.35,0.41,0.65,0.19
401752892,2025,10,Nebraska,USC,0.09,-0.07,0.19,0.21,-0.07,0.27
401760404,2025,10,New Mexico,UNLV,0.62,0.88,0.21,0.2,0.39,-0.11
401757294,2025,10,New Mexico State,Western Kentucky,-0.13,-0.1,-0.14,0.02,0.33,-0.32
401754575,2025,10,North Carolina,Syracuse,0.2,0.76,-0.12,-0.18,-0.46,0.02
401762499,2025,10,North Texas,Navy,0.3,0.46,0.23,0.08,0.21,0.26
401754583,2025,10,Notre Dame,Boston College,0.33,0.69,-0.2,-0.01,0.07,-0.06
401752889,2025,10,Ohio State,Penn State,0.51,1.1,0.17,0.12,0.19,0.04
401752757,2025,10,Oklahoma,Tennessee,0.0,-0.14,0.16,0.16,0.31,-0.09
401756940,2025,10,Oklahoma State,Kansas,0.39,0.46,0.08,0.37,0.54,0.34
401761641,2025,10,Old Dominion,UL Monroe,0.09,0.24,-0.01,-0.13,0.13,-0.24
401752756,2025,10,Ole Miss,South Carolina,0.24,0.26,0.17,-0.1,-0.02,0.1
401752943,2025,10,Oregon State,Washington State,-0.09,-0.24,-0.01,-0.14,-0.2,0.06
401752889,2025,10,Penn State,Ohio State,0.12,0.19,0.04,0.51,1.1,0.17
401754582,2025,10,Pittsburgh,Stanford,0.11,0.38,0.01,-0.13,0.15,-0.39
401752890,2025,10,Purdue,Michigan,-0.05,0.27,-0.02,0.15,0.09,0.31
401762497,2025,10,Rice,Memphis,0.07,0.5,-0.09,0.45,0.35,0.31
401752891,2025,10,Rutgers,Illinois,0.15,0.25,-0.21,0.35,0.63,0.13
401757290,2025,10,Sam Houston,Louisiana Tech,-0.05,-0.32,0.5,0.69,0.34,0.89
401760405,2025,10,San Diego State,Wyoming,0.02,0.09,0.02,-0.19,0.0,-0.24
401760403,2025,10,San José State,Hawai'i,0.48,0.61,0.35,0.26,0.5,0.12
401754581,2025,10,SMU,Miami,0.11,0.28,-0.21,0.02,0.52,-0.05
401761642,2025,10,South Alabama,Louisiana,0.05,0.1,0.24,0.21,1.04,0.01
401752756,2025,10,South Carolina,Ole Miss,-0.1,-0.02,0.1,0.24,0.26,0.17
401754582,2025,10,Stanford,Pittsburgh,-0.13,0.15,-0.39,0.11,0.38,0.01
401754575,2025,10,Syracuse,North Carolina,-0.18,-0.46,0.02,0.2,0.76,-0.12
401762498,2025,10,Temple,East Carolina,0.0,-0.01,-0.01,0.37,0.8,0.37
401752757,2025,10,Tennessee,Oklahoma,0.16,0.31,-0.09,0.0,-0.14,0.16
401752758,2025,10,Texas,Vanderbilt,0.27,0.72,-0.17,0.32,0.45,0.04
401761639,2025,10,Texas State,James Madison,-0.01,0.06,0.1,0.53,1.13,0.28
401756941,2025,10,Texas Tech,Kansas State,0.1,0.3,0.02,0.13,0.08,0.18
401761643,2025,10,Troy,Arkansas State,-0.07,-0.22,0.01,0.03,0.77,-0.51
401762443,2025,10,Tulane,UTSA,0.28,0.47,0.27,0.3,0.95,-0.17
401757173,2025,10,UAB,UConn,0.1,0.02,0.36,0.39,0.58,0.17
401756936,2025,10,UCF,Baylor,-0.13,-0.16,-0.29,0.2,0.3,0.18
401757173,2025,10,UConn,UAB,0.39,0.58,0.17,0.1,0.02,0.36
401761641,2025,10,UL Monroe,Old Dominion,-0.13,0.13,-0.24,0.09,0.24,-0.01
401760404,2025,10,UNLV,New Mexico,0.2,0.39,-0.11,0.62,0.88,0.21
401752892,2025,10,USC,Nebraska,0.21,-0.07,0.27,0.09,-0.07,0.19
401756942,2025,10,Utah,Cincinnati,0.27,0.19,0.31,0.09,0.17,0.16
401757289,2025,10,UTEP,Kennesaw State,-0.13,-0.03,-0.1,-0.08,-0.35,0.19
401762443,2025,10,UTSA,Tulane,0.3,0.95,-0.17,0.28,0.47,0.27
401752758,2025,10,Vanderbilt,Texas,0.32,0.45,0.04,0.27,0.72,-0.17
401754576,2025,10,Virginia,California,0.2,0.3,0.13,-0.04,0.08,-0.08
401754580,2025,10,Virginia Tech,Louisville,-0.11,0.02,-0.04,0.07,0.13,0.23
401754578,2025,10,Wake Forest,Florida State,0.0,0.0,-0.05,0.39,0.8,0.21
401752943,2025,10,Washington State,Oregon State,-0.14,-0.2,0.06,-0.09,-0.24,-0.01
401757294,2025,10,Western Kentucky,New Mexico State,0.02,0.33,-0.32,-0.13,-0.1,-0.14
401762850,2025,10,Western Michigan,Central Michigan,0.1,0.15,0.07,0.17,1.43,-0.23
401756938,2025,10,West Virginia,Houston,0.27,0.36,0.2,0.13,0.38,-0.19
401760405,2025,10,Wyoming,San Diego State,-0.19,0.0,-0.24,0.02,0.09,0.02
401760406,2025,11,Air Force,San José State,0.18,0.05,0.14,0.34,0.34,0.04
401762851,2025,11,Akron,Massachusetts,0.27,0.59,0.16,-0.06,-0.05,-0.08
401752759,2025,11,Alabama,LSU,0.04,0.34,-0.29,-0.15,0.0,0.0
401761644,2025,11,App State,Georgia Southern,0.18,0.43,-0.12,0.35,0.55,0.03
401756943,2025,11,Arizona,Kansas,0.19,-0.02,0.52,0.14,0.29,0.11
401761647,2025,11,Arkansas State,Southern Miss,-0.03,0.22,-0.07,0.24,0.51,0.08
401762503,2025,11,Army,Temple,0.16,0.96,0.13,0.23,0.43,0.02
401752764,2025,11,Auburn,Vanderbilt,0.41,0.42,0.33,0.42,0.81,0.04
401762853,2025,11,Ball State,Kent State,-0.07,0.14,-0.26,-0.15,0.06,-0.02
401754584,2025,11,Boston College,SMU,-0.14,-0.13,-0.02,0.47,0.7,0.48
401762855,2025,11,Bowling Green,Eastern Michigan,-0.07,0.2,0.0,0.22,0.22,0.24
401756945,2025,11,BYU,Texas Tech,-0.09,0.09,-0.12,-0.01,0.07,0.05
401754585,2025,11,California,Louisville,0.2,0.25,0.09,0.15,-0.1,0.47
401762504,2025,11,Charlotte,East Carolina,-0.18,0.04,-0.37,0.11,0.05,0.2
401754586,2025,11,Clemson,Florida State,0.08,0.22,0.01,-0.02,0.0,0.12
401761645,2025,11,Coastal Carolina,Georgia State,0.28,0.34,0.26,0.07,0.2,0.18
401756947,2025,11,Colorado,West Virginia,0.08,0.23,-0.06,0.04,0.24,-0.02
401760407,2025,11,Colorado State,UNLV,-0.06,0.0,-0.03,0.53,0.73,0.56
401757295,2025,11,Delaware,Louisiana Tech,0.05,0.05,-0.07,0.07,0.26,0.1
401754590,2025,11,Duke,UConn,0.26,0.5,0.17,0.25,0.37,0.15
401762504,2025,11,East Carolina,Charlotte,0.11,0.05,0.2,-0.18,0.04,-0.37
401762855,2025,11,Eastern Michigan,Bowling Green,0.22,0.22,0.24,-0.07,0.2,0.0
401752760,2025,11,Florida,Kentucky,-0.15,-0.07,-0.07,0.28,0.59,0.25
401762505,2025,11,Florida Atlantic,Tulsa,0.23,0.74,-0.39,0.02,-0.09,0.01
401757296,2025,11,Florida International,Middle Tennessee,0.34,0.72,0.1,0.1,0.18,-0.13
401754586,2025,11,Florida State,Clemson,-0.02,0.0,0.12,0.08,0.22,0.01
401752762,2025,11,Georgia,Mississippi State,0.37,0.5,0.23,0.17,0.15,0.19
401761644,2025,11,Georgia Southern,App State,0.35,0.55,0.03,0.18,0.43,-0.12
401761645,2025,11,Georgia State,Coastal Carolina,0.07,0.2,0.18,0.28,0.34,0.26
401760408,2025,11,Hawai'i,San Diego State,0.14,0.37,0.01,-0.27,-0.52,-0.16
401756946,2025,11,Houston,UCF,-0.06,-0.09,0.08,-0.1,-0.28,0.17
401752893,2025,11,Indiana,Penn State,0.18,0.21,0.19,0.18,0.35,0.06
401752898,2025,11,Iowa,Oregon,0.06,0.19,0.07,0.11,-0.02,0.42
401756944,2025,11,Iowa State,TCU,-0.09,0.03,0.11,0.03,0.46,-0.24
401757297,2025,11,Jacksonville State,UTEP,0.23,0.08,0.3,0.15,-0.09,0.17
401761646,2025,11,James Madison,Marshall,0.17,0.73,0.04,0.04,0.1,0.07
401756943,2025,11,Kansas,Arizona,0.14,0.29,0.11,0.19,-0.02,0.52
401757298,2025,11,Kennesaw State,New Mexico State,0.04,0.24,0.1,0.03,0.04,0.1
401762853,2025,11,Kent State,Ball State,-0.15,0.06,-0.02,-0.07,0.14,-0.26
401752760,2025,11,Kentucky,Florida,0.28,0.59,0.25,-0.15,-0.07,-0.07
401757299,2025,11,Liberty,Missouri State,0.17,0.15,0.18,0.11,0.38,-0.19
401761648,2025,11,Louisiana,Texas State,0.25,0.57,0.08,0.58,0.59,0.57
401757295,2025,11,Louisiana Tech,Delaware,0.07,0.26,0.1,0.05,0.05,-0.07
401754585,2025,11,Louisville,California,0.15,-0.1,0.47,0.2,0.25,0.09
401752759,2025,11,LSU,Alabama,-0.15,0.0,0.0,0.04,0.34,-0.29
401761646,2025,11,Marshall,James Madison,0.04,0.1,0.07,0.17,0.73,0.04
401752894,2025,11,Maryland,Rutgers,0.25,-0.2,0.67,0.32,0.67,0.2
401762851,2025,11,Massachusetts,Akron,-0.06,-0.05,-0.08,0.27,0.59,0.16
401762501,2025,11,Memphis,Tulane,0.35,0.43,0.15,0.48,1.02,0.1
401754587,2025,11,Miami,Syracuse,0.21,0.52,0.08,-0.13,-0.27,0.12
401762852,2025,11,Miami (OH),Ohio,0.12,0.36,0.1,0.15,0.34,0.06
401757296,2025,11,Middle Tennessee,Florida International,0.1,0.18,-0.13,0.34,0.72,0.1
401752762,2025,11,Mississippi State,Georgia,0.17,0.15,0.19,0.37,0.5,0.23
401752763,2025,11,Missouri,Texas A&M,0.12,-0.4,0.48,0.22,0.31,0.15
401757299,2025,11,Missouri State,Liberty,0.11,0.38,-0.19,0.17,0.15,0.18
401757166,2025,11,Navy,Notre Dame,0.05,-0.39,0.19,0.59,1.13,0.38
401752895,2025,11,Nebraska,UCLA,0.25,1.12,0.06,0.3,0.17,0.43
401760409,2025,11,Nevada,Utah State,-0.17,-0.3,-0.03,0.33,0.66,0.07
401757298,2025,11,New Mexico State,Kennesaw State,0.03,0.04,0.1,0.04,0.24,0.1
401754588,2025,11,North Carolina,Stanford,0.05,0.56,-0.35,0.23,0.2,0.03
401762854,2025,11,Northern Illinois,Toledo,-0.31,-0.23,-0.12,0.44,0.64,0.25
401752896,2025,11,Northwestern,USC,0.08,0.01,0.31,0.43,0.59,0.34
401757166,2025,11,Notre Dame,Navy,0.59,1.13,0.38,0.05,-0.39,0.19
401762852,2025,11,Ohio,Miami (OH),0.15,0.34,0.06,0.12,0.36,0.1
401752897,2025,11,Ohio State,Purdue,0.3,0.43,0.28,0.05,0.03,0.07
401752761,2025,11,Ole Miss,The Citadel,0.44,0.5,0.41,-0.42,0.0,-0.33
401752898,2025,11,Oregon,Iowa,0.11,-0.02,0.42,0.06,0.19,0.07
401752944,2025,11,Oregon State,Sam Houston,-0.13,-0.16,0.12,-0.08,-0.04,-0.1
401752893,2025,11,Penn State,Indiana,0.18,0.35,0.06,0.18,0.21,0.19
401752897,2025,11,Purdue,Ohio State,0.05,0.03,0.07,0.3,0.43,0.28
401762502,2025,11,Rice,UAB,-0.13,0.12,-0.22,-0.08,0.1,-0.11
401752894,2025,11,Rutgers,Maryland,0.32,0.67,0.2,0.25,-0.2,0.67
401752944,2025,11,Sam Houston,Oregon State,-0.08,-0.04,-0.1,-0.13,-0.16,0.12
401760408,2025,11,San Diego State,Hawai'i,-0.27,-0.52,-0.16,0.14,0.37,0.01
401760406,2025,11,San José State,Air Force,0.34,0.34,0.04,0.18,0.05,0.14
401754584,2025,11,SMU,Boston College,0.47,0.7,0.48,-0.14,-0.13,-0.02
401761647,2025,11,Southern Miss,Arkansas State,0.24,0.51,0.08,-0.03,0.22,-0.07
401762500,2025,11,South Florida,UTSA,0.45,1.12,0.27,0.09,0.13,0.04
401754588,2025,11,Stanford,North Carolina,0.23,0.2,0.03,0.05,0.56,-0.35
401754587,2025,11,Syracuse,Miami,-0.13,-0.27,0.12,0.21,0.52,0.08
401756944,2025,11,TCU,Iowa State,0.03,0.46,-0.24,-0.09,0.03,0.11
401762503,2025,11,Temple,Army,0.23,0.43,0.02,0.16,0.96,0.13
401752763,2025,11,Texas A&M,Missouri,0.22,0.31,0.15,0.12,-0.4,0.48
401761648,2025,11,Texas State,Louisiana,0.58,0.59,0.57,0.25,0.57,0.08
401756945,2025,11,Texas Tech,BYU,-0.01,0.07,0.05,-0.09,0.09,-0.12
401762854,2025,11,Toledo,Northern Illinois,0.44,0.64,0.25,-0.31,-0.23,-0.12
401762501,2025,11,Tulane,Memphis,0.48,1.02,0.1,0.35,0.43,0.15
401762505,2025,11,Tulsa,Florida Atlantic,0.02,-0.09,0.01,0.23,0.74,-0.39
401762502,2025,11,UAB,Rice,-0.08,0.1,-0.11,-0.13,0.12,-0.22
401756946,2025,11,UCF,Houston,-0.1,-0.28,0.17,-0.06,-0.09,0.08
401752895,2025,11,UCLA,Nebraska,0.3,0.17,0.43,0.25,1.12,0.06
401754590,2025,11,UConn,Duke,0.25,0.37,0.15,0.26,0.5,0.17
401760407,2025,11,UNLV,Colorado State,0.53,0.73,0.56,-0.06,0.0,-0.03
401752896,2025,11,USC,Northwestern,0.43,0.59,0.34,0.08,0.01,0.31
401760409,2025,11,Utah State,Nevada,0.33,0.66,0.07,-0.17,-0.3,-0.03
401757297,2025,11,UTEP,Jacksonville State,0.15,-0.09,0.17,0.23,0.08,0.3
401762500,2025,11,UTSA,South Florida,0.09,0.13,0.04,0.45,1.12,0.27
401752764,2025,11,Vanderbilt,Auburn,0.42,0.81,0.04,0.41,0.42,0.33
401754589,2025,11,Virginia,Wake Forest,-0.24,-0.12,-0.15,-0.18,-0.24,-0.11
401754589,2025,11,Wake Forest,Virginia,-0.18,-0.24,-0.11,-0.24,-0.12,-0.15
401752899,2025,11,Washington,Wisconsin,-0.06,0.02,0.11,-0.17,-0.09,-0.18
401756947,2025,11,West Virginia,Colorado,0.04,0.24,-0.02,0.08,0.23,-0.06
401752899,2025,11,Wisconsin,Washington,-0.17,-0.09,-0.18,-0.06,0.02,0.11
401757174,2025,12,Air Force,UConn,0.08,0.18,0.09,0.34,0.25,0.45
401762856,2025,12,Akron,Kent State,0.13,0.1,0.29,0.34,0.92,-0.31
401752765,2025,12,Alabama,Oklahoma,0.1,0.1,0.18,-0.06,0.17,-0.17
401761652,2025,12,App State,James Madison,-0.14,0.0,-0.33,0.3,0.11,0.53
401756951,2025,12,Arizona,Cincinnati,0.27,0.54,0.05,0.22,0.35,0.28
401756948,2025,12,Arizona State,West Virginia,0.02,0.4,-0.24,0.12,0.48,-0.2
401752768,2025,12,Arkansas,LSU,0.02,0.15,0.11,0.07,0.23,0.13
401762861,2025,12,Ball State,Eastern Michigan,-0.1,-0.37,0.09,0.15,0.72,-0.1
401756949,2025,12,Baylor,Utah,0.09,0.12,0.04,0.45,0.43,0.55
401760410,2025,12,Boise State,San Diego State,0.09,0.23,0.0,0.18,-0.46,0.38
401754592,2025,12,Boston College,Georgia Tech,0.4,0.47,0.41,0.36,0.6,0.27
401762858,2025,12,Buffalo,Central Michigan,-0.3,-0.24,-0.37,0.18,0.54,-0.09
401756950,2025,12,BYU,TCU,0.22,0.54,0.1,-0.03,-0.21,0.13
401762858,2025,12,Central Michigan,Buffalo,0.18,0.54,-0.09,-0.3,-0.24,-0.37
401762507,2025,12,Charlotte,UTSA,-0.19,-0.22,-0.11,0.22,0.35,0.25
401756951,2025,12,Cincinnati,Arizona,0.22,0.35,0.28,0.27,0.54,0.05
401754591,2025,12,Clemson,Louisville,0.05,0.01,0.12,0.21,0.24,0.17
401761650,2025,12,Coastal Carolina,Georgia Southern,0.27,0.4,0.15,0.34,0.44,0.44
401760411,2025,12,Colorado State,New Mexico,-0.06,0.1,-0.41,-0.01,0.18,-0.11
401757300,2025,12,Delaware,Sam Houston,0.15,0.28,0.03,-0.03,-0.04,0.21
401754593,2025,12,Duke,Virginia,-0.01,0.01,-0.04,0.22,0.55,0.14
401762508,2025,12,East Carolina,Memphis,0.32,0.59,0.1,0.21,0.12,0.4
401762861,2025,12,Eastern Michigan,Ball State,0.15,0.72,-0.1,-0.1,-0.37,0.09
401752769,2025,12,Florida,Ole Miss,0.2,0.11,0.33,0.27,0.23,0.22
401762509,2025,12,Florida Atlantic,Tulane,0.1,0.31,0.02,0.32,0.45,0.28
401757301,2025,12,Florida International,Liberty,0.24,0.33,0.17,0.05,0.14,0.17
401754594,2025,12,Florida State,Virginia Tech,0.32,0.39,0.26,0.25,0.03,0.39
401760412,2025,12,Fresno State,Wyoming,0.0,0.03,0.03,-0.08,-0.26,0.1
401752766,2025,12,Georgia,Texas,0.28,0.49,0.06,-0.01,0.13,-0.16
401761650,2025,12,Georgia Southern,Coastal Carolina,0.34,0.44,0.44,0.27,0.4,0.15
401761651,2025,12,Georgia State,Marshall,0.08,0.21,0.01,0.42,0.86,0.06
401754592,2025,12,Georgia Tech,Boston College,0.36,0.6,0.27,0.4,0.47,0.41
401752906,2025,12,Illinois,Maryland,0.14,0.26,0.11,-0.07,0.03,-0.21
401752901,2025,12,Indiana,Wisconsin,0.34,0.67,0.02,0.03,0.19,-0.04
401752907,2025,12,Iowa,USC,0.27,0.32,0.19,0.17,0.36,0.0
401757302,2025,12,Jacksonville State,Kennesaw State,0.47,0.95,0.31,0.14,0.23,0.22
401761652,2025,12,James Madison,App State,0.3,0.11,0.53,-0.14,0.0,-0.33
401756952,2025,12,Kansas State,Oklahoma State,0.04,0.17,-0.04,-0.09,-0.02,0.05
401757302,2025,12,Kennesaw State,Jacksonville State,0.14,0.23,0.22,0.47,0.95,0.31
401762856,2025,12,Kent State,Akron,0.34,0.92,-0.31,0.13,0.1,0.29
401752767,2025,12,Kentucky,Tennessee Tech,0.46,0.39,0.51,0.08,0.16,0.05
401757301,2025,12,Liberty,Florida International,0.05,0.14,0.17,0.24,0.33,0.17
401752953,2025,12,Louisiana Tech,Washington State,-0.16,-0.19,-0.03,0.24,0.34,0.18
401754591,2025,12,Louisville,Clemson,0.21,0.24,0.17,0.05,0.01,0.12
401752768,2025,12,LSU,Arkansas,0.07,0.23,0.13,0.02,0.15,0.11
401761651,2025,12,Marshall,Georgia State,0.42,0.86,0.06,0.08,0.21,0.01
401752906,2025,12,Maryland,Illinois,-0.07,0.03,-0.21,0.14,0.26,0.11
401762859,2025,12,Massachusetts,Northern Illinois,0.04,0.15,-0.25,0.42,1.18,0.33
401762508,2025,12,Memphis,East Carolina,0.21,0.12,0.4,0.32,0.59,0.1
401754595,2025,12,Miami,NC State,0.42,0.71,0.19,-0.15,0.05,-0.34
401762860,2025,12,Miami (OH),Toledo,-0.24,-0.37,0.04,0.09,0.39,0.05
401752905,2025,12,Michigan,Northwestern,0.14,0.33,0.15,0.01,0.07,0.0
401752903,2025,12,Michigan State,Penn State,-0.1,-0.26,0.2,0.16,0.43,0.18
401757303,2025,12,Middle Tennessee,Western Kentucky,0.29,0.41,0.2,0.45,0.43,0.47
401752904,2025,12,Minnesota,Oregon,0.0,-0.05,0.08,0.53,0.77,0.29
401752770,2025,12,Mississippi State,Missouri,-0.14,-0.21,-0.07,0.24,-0.16,0.54
401752770,2025,12,Missouri,Mississippi State,0.24,-0.16,0.54,-0.14,-0.21,-0.07
401757304,2025,12,Missouri State,UTEP,0.21,0.58,-0.03,0.09,-0.05,0.32
401762510,2025,12,Navy,South Florida,0.28,0.37,0.26,0.3,0.72,0.01
401754595,2025,12,NC State,Miami,-0.15,0.05,-0.34,0.42,0.71,0.19
401760413,2025,12,Nevada,San José State,0.42,1.04,0.15,-0.06,-0.27,0.33
401760411,2025,12,New Mexico,Colorado State,-0.01,0.18,-0.11,-0.06,0.1,-0.41
401752771,2025,12,New Mexico State,Tennessee,-0.22,-0.23,-0.21,0.27,0.27,0.29
401754596,2025,12,North Carolina,Wake Forest,-0.02,0.13,-0.17,0.32,0.17,0.43
401762859,2025,12,Northern Illinois,Massachusetts,0.42,1.18,0.33,0.04,0.15,-0.25
401762506,2025,12,North Texas,UAB,0.56,0.68,0.48,0.2,0.08,0.36
401752905,2025,12,Northwestern,Michigan,0.01,0.07,0.0,0.14,0.33,0.15
401754597,2025,12,Notre Dame,Pittsburgh,0.09,-0.09,0.14,-0.19,-0.23,0.11
401762857,2025,12,Ohio,Western Michigan,0.16,-0.19,0.32,0.13,0.54,0.04
401752900,2025,12,Ohio State,UCLA,0.44,0.39,0.49,0.06,0.34,-0.13
401752765,2025,12,Oklahoma,Alabama,-0.06,0.17,-0.17,0.1,0.1,0.18
401756952,2025,12,Oklahoma State,Kansas State,-0.09,-0.02,0.05,0.04,0.17,-0.04
401761649,2025,12,Old Dominion,Troy,0.26,0.24,0.25,-0.43,-0.53,-0.27
401752769,2025,12,Ole Miss,Florida,0.27,0.23,0.22,0.2,0.11,0.33
401752904,2025,12,Oregon,Minnesota,0.53,0.77,0.29,0.0,-0.05,0.08
401752945,2025,12,Oregon State,Tulsa,0.05,0.29,-0.25,0.22,0.3,0.19
401752903,2025,12,Penn State,Michigan State,0.16,0.43,0.18,-0.1,-0.26,0.2
401754597,2025,12,Pittsburgh,Notre Dame,-0.19,-0.23,0.11,0.09,-0.09,0.14
401752902,2025,12,Purdue,Washington,-0.09,-0.06,-0.06,0.55,0.91,0.38
401757300,2025,12,Sam Houston,Delaware,-0.03,-0.04,0.21,0.15,0.28,0.03
401760410,2025,12,San Diego State,Boise State,0.18,-0.46,0.38,0.09,0.23,0.0
401760413,2025,12,San José State,Nevada,-0.06,-0.27,0.33,0.42,1.04,0.15
401761653,2025,12,South Alabama,UL Monroe,0.08,0.37,-0.04,-0.13,0.06,-0.17
401752772,2025,12,South Carolina,Texas A&M,0.15,0.31,-0.03,0.08,0.56,-0.39
401761654,2025,12,Southern Miss,Texas State,-0.03,0.0,-0.08,0.34,0.62,0.26
401762510,2025,12,South Florida,Navy,0.3,0.72,0.01,0.28,0.37,0.26
401756950,2025,12,TCU,BYU,-0.03,-0.21,0.13,0.22,0.54,0.1
401752771,2025,12,Tennessee,New Mexico State,0.27,0.27,0.29,-0.22,-0.23,-0.21
401752766,2025,12,Texas,Georgia,-0.01,0.13,-0.16,0.28,0.49,0.06
401752772,2025,12,Texas A&M,South Carolina,0.08,0.56,-0.39,0.15,0.31,-0.03
401761654,2025,12,Texas State,Southern Miss,0.34,0.62,0.26,-0.03,0.0,-0.08
401756953,2025,12,Texas Tech,UCF,0.44,0.44,0.48,-0.09,0.06,-0.22
401762860,2025,12,Toledo,Miami (OH),0.09,0.39,0.05,-0.24,-0.37,0.04
401761649,2025,12,Troy,Old Dominion,-0.43,-0.53,-0.27,0.26,0.24,0.25
401762509,2025,12,Tulane,Florida Atlantic,0.32,0.45,0.28,0.1,0.31,0.02
401752945,2025,12,Tulsa,Oregon State,0.22,0.3,0.19,0.05,0.29,-0.25
401762506,2025,12,UAB,North Texas,0.2,0.08,0.36,0.56,0.68,0.48
401756953,2025,12,UCF,Texas Tech,-0.09,0.06,-0.22,0.44,0.44,0.48
401752900,2025,12,UCLA,Ohio State,0.06,0.34,-0.13,0.44,0.39,0.49
401757174,2025,12,UConn,Air Force,0.34,0.25,0.45,0.08,0.18,0.09
401761653,2025,12,UL Monroe,South Alabama,-0.13,0.06,-0.17,0.08,0.37,-0.04
401760414,2025,12,UNLV,Utah State,0.28,0.32,0.2,0.21,0.05,0.45
401752907,2025,12,USC,Iowa,0.17,0.36,0.0,0.27,0.32,0.19
401756949,2025,12,Utah,Baylor,0.45,0.43,0.55,0.09,0.12,0.04
401760414,2025,12,Utah State,UNLV,0.21,0.05,0.45,0.28,0.32,0.2
401757304,2025,12,UTEP,Missouri State,0.09,-0.05,0.32,0.21,0.58,-0.03
401762507,2025,12,UTSA,Charlotte,0.22,0.35,0.25,-0.19,-0.22,-0.11
401754593,2025,12,Virginia,Duke,0.22,0.55,0.14,-0.01,0.01,-0.04
401754594,2025,12,Virginia Tech,Florida State,0.25,0.03,0.39,0.32,0.39,0.26
401754596,2025,12,Wake Forest,North Carolina,0.32,0.17,0.43,-0.02,0.13,-0.17
401752902,2025,12,Washington,Purdue,0.55,0.91,0.38,-0.09,-0.06,-0.06
401752953,2025,12,Washington State,Louisiana Tech,0.24,0.34,0.18,-0.16,-0.19,-0.03
401757303,2025,12,Western Kentucky,Middle Tennessee,0.45,0.43,0.47,0.29,0.41,0.2
401762857,2025,12,Western Michigan,Ohio,0.13,0.54,0.04,0.16,-0.19,0.32
401756948,2025,12,West Virginia,Arizona State,0.12,0.48,-0.2,0.02,0.4,-0.24
401752901,2025,12,Wisconsin,Indiana,0.03,0.19,-0.04,0.34,0.67,0.02
401760412,2025,12,Wyoming,Fresno State,-0.08,-0.26,0.1,0.0,0.03,0.03
401760415,2025,13,Air Force,New Mexico,-0.14,-0.48,0.04,0.18,-0.09,0.37
401762862,2025,13,Akron,Bowling Green,-0.04,0.16,-0.07,-0.16,-0.12,-0.07
401752773,2025,13,Alabama,Eastern Illinois,0.41,0.52,0.45,-0.33,-0.49,-0.28
401761656,2025,13,App State,Marshall,0.13,0.25,0.05,0.2,0.33,0.16
401756954,2025,13,Arizona,Baylor,0.3,0.27,0.33,-0.05,-0.16,0.27
401756956,2025,13,Arizona State,Colorado,0.31,0.56,0.29,-0.18,-0.15,-0.21
401752780,2025,13,Arkansas,Texas,0.32,0.32,0.33,0.41,1.07,-0.12
401761655,2025,13,Arkansas State,Louisiana,0.0,0.05,0.1,0.1,0.12,0.1
401762512,2025,13,Army,Tulsa,0.15,0.17,0.14,0.24,0.36,0.2
401752774,2025,13,Auburn,Mercer,0.56,0.57,0.63,0.02,0.12,-0.08
401762867,2025,13,Ball State,Toledo,-0.16,-0.43,0.09,0.15,0.24,0.24
401756954,2025,13,Baylor,Arizona,-0.05,-0.16,0.27,0.3,0.27,0.33
401760416,2025,13,Boise State,Colorado State,0.25,0.31,0.28,-0.01,0.16,-0.22
401762862,2025,13,Bowling Green,Akron,-0.16,-0.12,-0.07,-0.04,0.16,-0.07
401762865,2025,13,Buffalo,Miami (OH),0.05,0.22,-0.22,0.04,0.11,0.01
401756955,2025,13,BYU,Cincinnati,0.19,0.16,0.24,0.15,0.4,-0.17
401754599,2025,13,California,Stanford,-0.21,0.05,-0.87,0.08,0.11,0.07
401762866,2025,13,Central Michigan,Kent State,0.1,0.5,0.12,0.07,0.16,0.0
401752776,2025,13,Charlotte,Georgia,-0.21,0.0,-0.08,0.27,0.22,0.33
401756955,2025,13,Cincinnati,BYU,0.15,0.4,-0.17,0.19,0.16,0.24
401754605,2025,13,Clemson,Furman,0.28,0.29,0.26,-0.04,0.06,-0.21
401752779,2025,13,Coastal Carolina,South Carolina,-0.09,0.09,-0.41,0.46,0.64,0.59
401756956,2025,13,Colorado,Arizona State,-0.18,-0.15,-0.21,0.31,0.56,0.29
401760416,2025,13,Colorado State,Boise State,-0.01,0.16,-0.22,0.25,0.31,0.28
401754606,2025,13,Delaware,Wake Forest,0.04,0.11,-0.07,0.59,0.74,0.47
401754600,2025,13,Duke,North Carolina,0.18,0.13,0.18,0.3,0.47,0.16
401762513,2025,13,East Carolina,UTSA,0.11,0.17,0.08,0.3,0.54,0.1
401752775,2025,13,Florida,Tennessee,0.13,0.08,0.16,0.24,0.59,0.23
401757175,2025,13,Florida Atlantic,UConn,0.47,0.53,0.35,0.5,0.69,0.22
401757305,2025,13,Florida International,Jacksonville State,0.14,0.3,0.2,0.01,0.0,0.05
401754598,2025,13,Florida State,NC State,0.14,-0.01,0.29,0.08,0.0,0.13
401760417,2025,13,Fresno State,Utah State,0.08,0.02,0.17,0.15,0.24,0.13
401752776,2025,13,Georgia,Charlotte,0.27,0.22,0.33,-0.21,0.0,-0.08
401761657,2025,13,Georgia Southern,Old Dominion,0.02,0.01,-0.09,0.35,0.32,0.41
401761660,2025,13,Georgia State,Troy,0.03,0.11,0.02,0.15,0.45,-0.26
401754601,2025,13,Georgia Tech,Pittsburgh,0.04,-0.01,0.12,0.17,0.23,0.24
401760418,2025,13,Hawai'i,UNLV,0.07,0.13,-0.04,0.36,0.69,0.18
401756957,2025,13,Houston,TCU,0.01,0.23,0.04,0.04,0.51,-0.13
401752915,2025,13,Illinois,Wisconsin,0.07,0.16,-0.01,0.15,-0.03,0.28
401752913,2025,13,Iowa,Michigan State,-0.09,0.08,0.01,-0.01,0.23,-0.1
401756958,2025,13,Iowa State,Kansas,0.4,0.93,0.12,0.18,0.02,0.31
401757305,2025,13,Jacksonville State,Florida International,0.01,0.0,0.05,0.14,0.3,0.2
401752954,2025,13,James Madison,Washington State,0.13,0.25,0.12,0.0,-0.02,0.03
401756958,2025,13,Kansas,Iowa State,0.18,0.02,0.31,0.4,0.93,0.12
401756960,2025,13,Kansas State,Utah,0.56,0.1,0.88,0.39,0.12,0.62
401757306,2025,13,Kennesaw State,Missouri State,0.39,0.65,0.18,0.29,0.4,0.17
401762866,2025,13,Kent State,Central Michigan,0.07,0.16,0.0,0.1,0.5,0.12
401752782,2025,13,Kentucky,Vanderbilt,0.01,0.11,-0.24,0.47,0.66,0.05
401757307,2025,13,Liberty,Louisiana Tech,0.16,0.31,0.33,0.3,0.22,0.38
401761655,2025,13,Louisiana,Arkansas State,0.1,0.12,0.1,0.0,0.05,0.1
401757307,2025,13,Louisiana Tech,Liberty,0.3,0.22,0.38,0.16,0.31,0.33
401754602,2025,13,Louisville,SMU,-0.05,-0.06,0.15,0.37,0.59,0.18
401752777,2025,13,LSU,Western Kentucky,-0.27,-0.14,-0.35,-0.23,-0.22,-0.08
401761656,2025,13,Marshall,App State,0.2,0.33,0.16,0.13,0.25,0.05
401752914,2025,13,Maryland,Michigan,0.16,0.21,0.03,0.31,0.43,0.32
401762863,2025,13,Massachusetts,Ohio,-0.09,-0.18,0.01,0.28,-0.52,0.43
401754603,2025,13,Miami,Virginia Tech,0.38,0.84,-0.12,0.34,0.29,0.31
401762865,2025,13,Miami (OH),Buffalo,0.04,0.11,0.01,0.05,0.22,-0.22
401752914,2025,13,Michigan,Maryland,0.31,0.43,0.32,0.16,0.21,0.03
401752913,2025,13,Michigan State,Iowa,-0.01,0.23,-0.1,-0.09,0.08,0.01
401757308,2025,13,Middle Tennessee,Sam Houston,0.32,0.28,0.41,-0.05,0.05,-0.12
401752909,2025,13,Minnesota,Northwestern,0.31,0.5,0.23,0.49,0.78,0.2
401752778,2025,13,Missouri,Oklahoma,-0.06,0.07,-0.13,-0.04,0.07,-0.11
401757306,2025,13,Missouri State,Kennesaw State,0.29,0.4,0.17,0.39,0.65,0.18
401754598,2025,13,NC State,Florida State,0.08,0.0,0.13,0.14,-0.01,0.29
401752908,2025,13,Nebraska,Penn State,0.0,-0.07,0.1,0.59,0.97,0.4
401760419,2025,13,Nevada,Wyoming,0.1,0.01,0.15,-0.08,-0.04,-0.08
401760415,2025,13,New Mexico,Air Force,0.18,-0.09,0.37,-0.14,-0.48,0.04
401757309,2025,13,New Mexico State,UTEP,0.23,0.44,0.05,0.22,0.01,0.47
401754600,2025,13,North Carolina,Duke,0.3,0.47,0.16,0.18,0.13,0.18
401762864,2025,13,Northern Illinois,Western Michigan,0.13,-0.1,0.19,0.3,-0.51,0.39
401762514,2025,13,North Texas,Rice,0.78,1.38,0.44,0.2,0.15,0.23
401752909,2025,13,Northwestern,Minnesota,0.49,0.78,0.2,0.31,0.5,0.23
401754604,2025,13,Notre Dame,Syracuse,0.64,0.2,1.13,-0.42,-0.63,-0.12
401762863,2025,13,Ohio,Massachusetts,0.28,-0.52,0.43,-0.09,-0.18,0.01
401752912,2025,13,Ohio State,Rutgers,0.31,0.64,0.18,-0.12,-0.13,-0.04
401752778,2025,13,Oklahoma,Missouri,-0.04,0.07,-0.11,-0.06,0.07,-0.13
401756959,2025,13,Oklahoma State,UCF,0.02,0.06,0.04,0.18,0.43,-0.04
401761657,2025,13,Old Dominion,Georgia Southern,0.35,0.32,0.41,0.02,0.01,-0.09
401752911,2025,13,Oregon,USC,0.29,0.5,0.1,-0.02,0.44,-0.35
401752908,2025,13,Penn State,Nebraska,0.59,0.97,0.4,0.0,-0.07,0.1
401754601,2025,13,Pittsburgh,Georgia Tech,0.17,0.23,0.24,0.04,-0.01,0.12
401762514,2025,13,Rice,North Texas,0.2,0.15,0.23,0.78,1.38,0.44
401752912,2025,13,Rutgers,Ohio State,-0.12,-0.13,-0.04,0.31,0.64,0.18
401757308,2025,13,Sam Houston,Middle Tennessee,-0.05,0.05,-0.12,0.32,0.28,0.41
401760420,2025,13,San Diego State,San José State,0.03,-0.26,0.18,0.01,-0.18,0.26
401760420,2025,13,San José State,San Diego State,0.01,-0.18,0.26,0.03,-0.26,0.18
401754602,2025,13,SMU,Louisville,0.37,0.59,0.18,-0.05,-0.06,0.15
401761658,2025,13,South Alabama,Southern Miss,0.18,0.34,0.14,0.2,0.2,0.23
401752779,2025,13,South Carolina,Coastal Carolina,0.46,0.64,0.59,-0.09,0.09,-0.41
401761658,2025,13,Southern Miss,South Alabama,0.2,0.2,0.23,0.18,0.34,0.14
401762511,2025,13,South Florida,UAB,0.47,0.76,0.26,0.01,0.11,0.08
401754599,2025,13,Stanford,California,0.08,0.11,0.07,-0.21,0.05,-0.87
401754604,2025,13,Syracuse,Notre Dame,-0.42,-0.63,-0.12,0.64,0.2,1.13
401756957,2025,13,TCU,Houston,0.04,0.51,-0.13,0.01,0.23,0.04
401762515,2025,13,Temple,Tulane,0.02,0.19,-0.32,0.21,0.41,0.08
401752775,2025,13,Tennessee,Florida,0.24,0.59,0.23,0.13,0.08,0.16
401752780,2025,13,Texas,Arkansas,0.41,1.07,-0.12,0.32,0.32,0.33
401752781,2025,13,Texas A&M,Samford,0.25,0.15,0.37,-0.24,-0.09,-0.32
401761659,2025,13,Texas State,UL Monroe,0.33,0.47,0.19,0.15,0.35,-0.01
401762867,2025,13,Toledo,Ball State,0.15,0.24,0.24,-0.16,-0.43,0.09
401761660,2025,13,Troy,Georgia State,0.15,0.45,-0.26,0.03,0.11,0.02
401762515,2025,13,Tulane,Temple,0.21,0.41,0.08,0.02,0.19,-0.32
401762512,2025,13,Tulsa,Army,0.24,0.36,0.2,0.15,0.17,0.14
401762511,2025,13,UAB,South Florida,0.01,0.11,0.08,0.47,0.76,0.26
401756959,2025,13,UCF,Oklahoma State,0.18,0.43,-0.04,0.02,0.06,0.04
401752910,2025,13,UCLA,Washington,-0.15,-0.11,-0.2,0.27,0.19,0.36
401757175,2025,13,UConn,Florida Atlantic,0.5,0.69,0.22,0.47,0.53,0.35
401761659,2025,13,UL Monroe,Texas State,0.15,0.35,-0.01,0.33,0.47,0.19
401760418,2025,13,UNLV,Hawai'i,0.36,0.69,0.18,0.07,0.13,-0.04
401752911,2025,13,USC,Oregon,-0.02,0.44,-0.35,0.29,0.5,0.1
401756960,2025,13,Utah,Kansas State,0.39,0.12,0.62,0.56,0.1,0.88
401760417,2025,13,Utah State,Fresno State,0.15,0.24,0.13,0.08,0.02,0.17
401757309,2025,13,UTEP,New Mexico State,0.22,0.01,0.47,0.23,0.44,0.05
401762513,2025,13,UTSA,East Carolina,0.3,0.54,0.1,0.11,0.17,0.08
401752782,2025,13,Vanderbilt,Kentucky,0.47,0.66,0.05,0.01,0.11,-0.24
401754603,2025,13,Virginia Tech,Miami,0.34,0.29,0.31,0.38,0.84,-0.12
401754606,2025,13,Wake Forest,Delaware,0.59,0.74,0.47,0.04,0.11,-0.07
401752910,2025,13,Washington,UCLA,0.27,0.19,0.36,-0.15,-0.11,-0.2
401752954,2025,13,Washington State,James Madison,0.0,-0.02,0.03,0.13,0.25,0.12
401752777,2025,13,Western Kentucky,LSU,-0.23,-0.22,-0.08,-0.27,-0.14,-0.35
401762864,2025,13,Western Michigan,Northern Illinois,0.3,-0.51,0.39,0.13,-0.1,0.19
401752915,2025,13,Wisconsin,Illinois,0.15,-0.03,0.28,0.07,0.16,-0.01
401760419,2025,13,Wyoming,Nevada,-0.08,-0.04,-0.08,0.1,0.01,0.15
401760421,2025,14,Air Force,Colorado State,0.45,2.69,0.3,0.49,0.49,0.42
401752784,2025,14,Alabama,Auburn,0.01,-0.11,0.12,0.05,0.12,0.08
401761661,2025,14,App State,Arkansas State,0.17,0.44,-0.01,0.17,0.34,-0.11
401756961,2025,14,Arizona,Arizona State,0.0,0.28,-0.31,-0.14,0.2,-0.22
401756961,2025,14,Arizona State,Arizona,-0.14,0.2,-0.22,0.0,0.28,-0.31
401752783,2025,14,Arkansas,Missouri,0.0,0.14,0.09,0.15,-0.15,0.25
401761661,2025,14,Arkansas State,App State,0.17,0.34,-0.11,0.17,0.44,-0.01
401762441,2025,14,Army,UTSA,0.15,0.59,0.04,0.04,0.01,0.16
401752784,2025,14,Auburn,Alabama,0.05,0.12,0.08,0.01,-0.11,0.12
401762875,2025,14,Ball State,Miami (OH),-0.02,0.19,-0.25,0.28,0.54,0.15
401756962,2025,14,Baylor,Houston,0.05,0.09,0.12,0.15,0.36,0.04
401760422,2025,14,Boise State,Utah State,0.08,0.13,-0.03,0.15,0.13,0.22
401754608,2025,14,Boston College,Syracuse,0.34,0.64,0.05,0.07,0.0,0.13
401762868,2025,14,Bowling Green,Massachusetts,0.41,1.54,0.25,0.12,0.18,-0.03
401762870,2025,14,Buffalo,Ohio,0.27,0.46,0.1,0.24,0.15,0.29
401756963,2025,14,BYU,UCF,0.29,0.63,0.05,0.06,0.38,-0.21
401754609,2025,14,California,SMU,0.3,0.66,-0.08,0.37,0.28,0.57
401762872,2025,14,Central Michigan,Toledo,-0.04,0.03,-0.13,0.17,0.28,0.13
401762518,2025,14,Charlotte,Tulane,-0.25,-0.05,-0.57,0.13,0.17,0.12
401756967,2025,14,Cincinnati,TCU,0.35,0.32,0.48,0.34,0.77,0.19
401752790,2025,14,Clemson,South Carolina,0.09,0.22,0.05,-0.02,0.05,-0.01
401761662,2025,14,Coastal Carolina,James Madison,-0.31,-0.18,-0.54,0.37,0.69,0.3
401756965,2025,14,Colorado,Kansas State,-0.02,0.04,-0.06,0.24,0.4,0.19
401760421,2025,14,Colorado State,Air Force,0.49,0.49,0.42,0.45,2.69,0.3
401757310,2025,14,Delaware,UTEP,0.32,0.53,0.08,0.04,0.4,-0.49
401754610,2025,14,Duke,Wake Forest,0.29,0.36,0.14,0.22,0.48,-0.08
401762519,2025,14,East Carolina,Florida Atlantic,0.34,0.52,0.28,-0.25,-0.11,-0.22
401762869,2025,14,Eastern Michigan,Western Michigan,0.19,0.4,0.04,0.29,0.11,0.35
401752785,2025,14,Florida,Florida State,0.43,0.64,0.34,0.26,0.47,0.06
401762519,2025,14,Florida Atlantic,East Carolina,-0.25,-0.11,-0.22,0.34,0.52,0.28
401757311,2025,14,Florida International,Sam Houston,0.43,0.7,0.25,0.14,-0.07,0.23
401752785,2025,14,Florida State,Florida,0.26,0.47,0.06,0.43,0.64,0.34
401760423,2025,14,Fresno State,San José State,0.03,-0.11,0.11,-0.15,-0.24,0.01
401752786,2025,14,Georgia,Georgia Tech,0.03,-0.11,0.12,0.02,0.33,-0.17
401761663,2025,14,Georgia Southern,Marshall,0.16,0.48,-0.04,0.16,0.33,-0.21
401761664,2025,14,Georgia State,Old Dominion,0.04,0.05,0.02,0.1,0.06,0.1
401752786,2025,14,Georgia Tech,Georgia,0.02,0.33,-0.17,0.03,-0.11,0.12
401760424,2025,14,Hawai'i,Wyoming,0.18,0.53,-0.07,-0.07,0.13,-0.28
401756962,2025,14,Houston,Baylor,0.15,0.36,0.04,0.05,0.09,0.12
401752922,2025,14,Illinois,Northwestern,0.09,0.41,0.07,-0.01,0.12,-0.13
401752924,2025,14,Indiana,Purdue,0.69,0.75,0.63,-0.04,0.08,-0.21
401752916,2025,14,Iowa,Nebraska,0.31,0.64,0.24,0.06,-0.16,0.22
401756966,2025,14,Iowa State,Oklahoma State,0.18,0.13,0.21,0.0,0.24,-0.37
401757312,2025,14,Jacksonville State,Western Kentucky,0.31,0.57,0.21,0.24,0.22,0.28
401761662,2025,14,James Madison,Coastal Carolina,0.37,0.69,0.3,-0.31,-0.18,-0.54
401756964,2025,14,Kansas,Utah,0.06,-0.29,0.31,0.25,0.62,-0.02
401756965,2025,14,Kansas State,Colorado,0.24,0.4,0.19,-0.02,0.04,-0.06
401757313,2025,14,Kennesaw State,Liberty,0.48,0.84,0.19,0.27,0.39,0.23
401762871,2025,14,Kent State,Northern Illinois,0.34,0.28,0.35,0.16,-0.15,0.23
401752787,2025,14,Kentucky,Louisville,-0.12,-0.12,-0.02,0.25,0.72,0.13
401757313,2025,14,Liberty,Kennesaw State,0.27,0.39,0.23,0.48,0.84,0.19
401761665,2025,14,Louisiana,UL Monroe,0.02,0.01,0.05,0.18,0.32,0.16
401757314,2025,14,Louisiana Tech,Missouri State,0.35,0.32,0.4,0.24,0.24,0.34
401752787,2025,14,Louisville,Kentucky,0.25,0.72,0.13,-0.12,-0.12,-0.02
401752789,2025,14,LSU,Oklahoma,-0.3,0.01,-0.23,0.03,0.36,-0.43
401761663,2025,14,Marshall,Georgia Southern,0.16,0.33,-0.21,0.16,0.48,-0.04
401752923,2025,14,Maryland,Michigan State,0.35,0.39,0.22,0.29,0.4,0.14
401762868,2025,14,Massachusetts,Bowling Green,0.12,0.18,-0.03,0.41,1.54,0.25
401762516,2025,14,Memphis,Navy,0.05,-0.01,0.2,0.12,1.07,-0.03
401754611,2025,14,Miami,Pittsburgh,0.25,0.68,-0.01,0.11,0.18,0.06
401762875,2025,14,Miami (OH),Ball State,0.28,0.54,0.15,-0.02,0.19,-0.25
401752921,2025,14,Michigan,Ohio State,-0.18,-0.19,-0.17,0.25,0.82,-0.01
401752923,2025,14,Michigan State,Maryland,0.29,0.4,0.14,0.35,0.39,0.22
401757315,2025,14,Middle Tennessee,New Mexico State,0.17,0.32,-0.03,0.05,0.21,-0.2
401752918,2025,14,Minnesota,Wisconsin,0.05,-0.08,0.03,0.01,0.02,0.0
401752788,2025,14,Mississippi State,Ole Miss,0.14,-0.17,0.43,0.29,0.67,-0.01
401752783,2025,14,Missouri,Arkansas,0.15,-0.15,0.25,0.0,0.14,0.09
401757314,2025,14,Missouri State,Louisiana Tech,0.24,0.24,0.34,0.35,0.32,0.4
401762516,2025,14,Navy,Memphis,0.12,1.07,-0.03,0.05,-0.01,0.2
401754612,2025,14,NC State,North Carolina,0.42,0.25,0.51,0.1,0.15,0.08
401752916,2025,14,Nebraska,Iowa,0.06,-0.16,0.22,0.31,0.64,0.24
401760425,2025,14,Nevada,UNLV,0.04,-0.11,0.21,0.64,0.91,0.37
401760426,2025,14,New Mexico,San Diego State,-0.03,-0.16,0.22,-0.02,-0.15,0.07
401757315,2025,14,New Mexico State,Middle Tennessee,0.05,0.21,-0.2,0.17,0.32,-0.03
401754612,2025,14,North Carolina,NC State,0.1,0.15,0.08,0.42,0.25,0.51
401762871,2025,14,Northern Illinois,Kent State,0.16,-0.15,0.23,0.34,0.28,0.35
401762442,2025,14,North Texas,Temple,0.65,1.04,0.37,0.11,0.01,0.18
401752922,2025,14,Northwestern,Illinois,-0.01,0.12,-0.13,0.09,0.41,0.07
401754614,2025,14,Notre Dame,Stanford,0.44,0.67,0.25,0.14,0.32,-0.07
401762870,2025,14,Ohio,Buffalo,0.24,0.15,0.29,0.27,0.46,0.1
401752921,2025,14,Ohio State,Michigan,0.25,0.82,-0.01,-0.18,-0.19,-0.17
401752789,2025,14,Oklahoma,LSU,0.03,0.36,-0.43,-0.3,0.01,-0.23
401756966,2025,14,Oklahoma State,Iowa State,0.0,0.24,-0.37,0.18,0.13,0.21
401761664,2025,14,Old Dominion,Georgia State,0.1,0.06,0.1,0.04,0.05,0.02
401752788,2025,14,Ole Miss,Mississippi State,0.29,0.67,-0.01,0.14,-0.17,0.43
401752917,2025,14,Oregon,Washington,0.17,0.52,-0.12,0.01,0.03,0.13
401752946,2025,14,Oregon State,Washington State,-0.1,-0.02,-0.06,0.15,0.22,0.12
401752920,2025,14,Penn State,Rutgers,0.46,0.58,0.4,0.29,0.94,-0.17
401754611,2025,14,Pittsburgh,Miami,0.11,0.18,0.06,0.25,0.68,-0.01
401752924,2025,14,Purdue,Indiana,-0.04,0.08,-0.21,0.69,0.75,0.63
401762520,2025,14,Rice,South Florida,-0.1,-0.24,-0.02,0.45,0.82,0.24
401752920,2025,14,Rutgers,Penn State,0.29,0.94,-0.17,0.46,0.58,0.4
401757311,2025,14,Sam Houston,Florida International,0.14,-0.07,0.23,0.43,0.7,0.25
401760426,2025,14,San Diego State,New Mexico,-0.02,-0.15,0.07,-0.03,-0.16,0.22
401760423,2025,14,San José State,Fresno State,-0.15,-0.24,0.01,0.03,-0.11,0.11
401754609,2025,14,SMU,California,0.37,0.28,0.57,0.3,0.66,-0.08
401761667,2025,14,South Alabama,Texas State,0.05,-0.08,0.21,0.52,0.63,0.44
401752790,2025,14,South Carolina,Clemson,-0.02,0.05,-0.01,0.09,0.22,0.05
401761666,2025,14,Southern Miss,Troy,0.12,0.19,0.06,0.22,0.5,-0.05
401762520,2025,14,South Florida,Rice,0.45,0.82,0.24,-0.1,-0.24,-0.02
401754614,2025,14,Stanford,Notre Dame,0.14,0.32,-0.07,0.44,0.67,0.25
401754608,2025,14,Syracuse,Boston College,0.07,0.0,0.13,0.34,0.64,0.05
401756967,2025,14,TCU,Cincinnati,0.34,0.77,0.19,0.35,0.32,0.48
401762442,2025,14,Temple,North Texas,0.11,0.01,0.18,0.65,1.04,0.37
401752791,2025,14,Tennessee,Vanderbilt,0.24,0.24,0.15,0.59,0.47,0.71
401752792,2025,14,Texas,Texas A&M,0.22,0.0,0.31,0.08,0.15,0.16
401752792,2025,14,Texas A&M,Texas,0.08,0.15,0.16,0.22,0.0,0.31
401761667,2025,14,Texas State,South Alabama,0.52,0.63,0.44,0.05,-0.08,0.21
401756968,2025,14,Texas Tech,West Virginia,0.31,0.85,0.0,-0.26,-0.08,-0.35
401762872,2025,14,Toledo,Central Michigan,0.17,0.28,0.13,-0.04,0.03,-0.13
401761666,2025,14,Troy,Southern Miss,0.22,0.5,-0.05,0.12,0.19,0.06
401762518,2025,14,Tulane,Charlotte,0.13,0.17,0.12,-0.25,-0.05,-0.57
401762517,2025,14,Tulsa,UAB,0.09,-0.04,0.09,0.19,0.4,0.16
401762517,2025,14,UAB,Tulsa,0.19,0.4,0.16,0.09,-0.04,0.09
401756963,2025,14,UCF,BYU,0.06,0.38,-0.21,0.29,0.63,0.05
401752919,2025,14,UCLA,USC,0.1,0.12,0.02,0.35,0.49,0.28
401761665,2025,14,UL Monroe,Louisiana,0.18,0.32,0.16,0.02,0.01,0.05
401760425,2025,14,UNLV,Nevada,0.64,0.91,0.37,0.04,-0.11,0.21
401752919,2025,14,USC,UCLA,0.35,0.49,0.28,0.1,0.12,0.02
401756964,2025,14,Utah,Kansas,0.25,0.62,-0.02,0.06,-0.29,0.31
401760422,2025,14,Utah State,Boise State,0.15,0.13,0.22,0.08,0.13,-0.03
401757310,2025,14,UTEP,Delaware,0.04,0.4,-0.49,0.32,0.53,0.08
401762441,2025,14,UTSA,Army,0.04,0.01,0.16,0.15,0.59,0.04
401752791,2025,14,Vanderbilt,Tennessee,0.59,0.47,0.71,0.24,0.24,0.15
401754613,2025,14,Virginia,Virginia Tech,0.1,0.12,0.09,0.01,-0.03,0.04
401754613,2025,14,Virginia Tech,Virginia,0.01,-0.03,0.04,0.1,0.12,0.09
401754610,2025,14,Wake Forest,Duke,0.22,0.48,-0.08,0.29,0.36,0.14
401752917,2025,14,Washington,Oregon,0.01,0.03,0.13,0.17,0.52,-0.12
401752946,2025,14,Washington State,Oregon State,0.15,0.22,0.12,-0.1,-0.02,-0.06
401757312,2025,14,Western Kentucky,Jacksonville State,0.24,0.22,0.28,0.31,0.57,0.21
401762869,2025,14,Western Michigan,Eastern Michigan,0.29,0.11,0.35,0.19,0.4,0.04
401756968,2025,14,West Virginia,Texas Tech,-0.26,-0.08,-0.35,0.31,0.85,0.0
401752918,2025,14,Wisconsin,Minnesota,0.01,0.02,0.0,0.05,-0.08,0.03
401760424,2025,14,Wyoming,Hawai'i,-0.07,0.13,-0.28,0.18,0.53,-0.07
401777351,2025,15,Alabama,Georgia,-0.06,0.0,-0.33,0.19,0.37,0.04
401777326,2025,15,Boise State,UNLV,0.3,0.41,0.21,0.17,0.1,0.26
401777327,2025,15,BYU,Texas Tech,-0.03,-0.04,-0.04,0.07,0.03,0.11
401777328,2025,15,Duke,Virginia,0.21,0.62,0.0,0.14,0.09,0.29
401777351,2025,15,Georgia,Alabama,0.19,0.37,0.04,-0.06,0.0,-0.33
401777353,2025,15,Indiana,Ohio State,0.2,0.63,-0.15,0.12,0.38,-0.32
401777325,2025,15,Jacksonville State,Kennesaw State,0.08,0.01,0.29,0.11,0.35,0.03
401777352,2025,15,James Madison,Troy,0.05,-0.29,0.3,-0.06,-0.17,0.04
401777325,2025,15,Kennesaw State,Jacksonville State,0.11,0.35,0.03,0.08,0.01,0.29
401777329,2025,15,Miami (OH),Western Michigan,0.04,0.1,-0.02,-0.04,0.12,-0.06
401777324,2025,15,North Texas,Tulane,0.05,0.01,0.22,0.22,0.61,0.08
401777353,2025,15,Ohio State,Indiana,0.12,0.38,-0.32,0.2,0.63,-0.15
401777327,2025,15,Texas Tech,BYU,0.07,0.03,0.11,-0.03,-0.04,-0.04
401777352,2025,15,Troy,James Madison,-0.06,-0.17,0.04,0.05,-0.29,0.3
401777324,2025,15,Tulane,North Texas,0.22,0.61,0.08,0.05,0.01,0.22
401777326,2025,15,UNLV,Boise State,0.17,0.1,0.26,0.3,0.41,0.21
401777328,2025,15,Virginia,Duke,0.14,0.09,0.29,0.21,0.62,0.0
401777329,2025,15,Western Michigan,Miami (OH),-0.04,0.12,-0.06,0.04,0.1,-0.02
401762521,2025,16,Army,Navy,0.03,0.55,-0.02,0.14,0.44,0.06
401762521,2025,16,Navy,Army,0.14,0.44,0.06,0.03,0.55,-0.02
401769072,2025,1,Alabama,Indiana,-0.12,0.05,-0.46,0.32,0.81,0.13
401779840,2025,1,Alabama,Oklahoma,0.09,0.23,-0.24,-0.01,0.1,-0.13
401778324,2025,1,App State,Georgia Southern,-0.03,-0.08,0.23,0.22,0.29,0.37
401831583,2025,1,Arizona,SMU,0.09,0.07,0.26,0.21,0.52,0.09
401778329,2025,1,Arizona State,Duke,0.07,0.4,-0.09,0.2,0.16,0.24
401838053,2025,1,Arkansas State,Missouri State,0.13,0.43,-0.25,0.25,0.43,0.03
401778318,2025,1,Army,UConn,0.51,0.81,0.44,0.11,-0.15,0.36
401778302,2025,1,Boise State,Washington,-0.16,0.02,-0.21,0.13,0.19,0.21
401778319,2025,1,BYU,Georgia Tech,0.32,0.34,0.04,0.22,0.37,0.17
401778312,2025,1,California,Hawai'i,0.44,0.56,0.27,0.31,0.39,0.18
401778313,2025,1,Central Michigan,Northwestern,0.02,0.15,-0.14,0.1,0.11,0.13
401778333,2025,1,Cincinnati,Navy,-0.09,-0.27,0.02,0.21,0.55,0.13
401778317,2025,1,Clemson,Penn State,-0.02,-0.06,0.06,0.07,0.23,0.01
401778325,2025,1,Coastal Carolina,Louisiana Tech,0.0,0.18,-0.37,0.05,0.15,0.0
401778305,2025,1,Delaware,Louisiana,0.11,0.11,0.05,0.05,0.28,-0.07
401778329,2025,1,Duke,Arizona State,0.2,0.16,0.24,0.07,0.4,-0.09
401778316,2025,1,East Carolina,Pittsburgh,-0.23,0.14,-0.39,0.05,0.23,-0.16
401778315,2025,1,Florida International,UTSA,-0.15,-0.21,0.07,0.24,0.43,0.3
401778320,2025,1,Fresno State,Miami (OH),0.15,0.44,0.08,-0.15,-0.22,-0.02
401769073,2025,1,Georgia,Ole Miss,0.18,0.4,-0.03,0.24,0.39,0.07
401778324,2025,1,Georgia Southern,App State,0.22,0.29,0.37,-0.03,-0.08,0.23
401778319,2025,1,Georgia Tech,BYU,0.22,0.37,0.17,0.32,0.34,0.04
401778312,2025,1,Hawai'i,California,0.31,0.39,0.18,0.44,0.56,0.27
401778323,2025,1,Houston,LSU,0.25,0.6,0.0,0.37,0.53,0.1
401778326,2025,1,Illinois,Tennessee,0.23,0.11,0.33,0.17,0.12,0.19
401769072,2025,1,Indiana,Alabama,0.32,0.81,0.13,-0.12,0.05,-0.46
401769074,2025,1,Indiana,Oregon,0.45,1.2,0.09,-0.01,-0.02,0.04
401769076,2025,1,Indiana,Miami,0.08,0.27,0.03,0.17,0.35,0.22
401778328,2025,1,Iowa,Vanderbilt,0.26,0.8,0.05,0.26,0.3,0.22
401778303,2025,1,Jacksonville State,Troy,-0.06,0.18,-0.22,-0.13,-0.17,-0.01
401779843,2025,1,James Madison,Oregon,0.24,0.17,0.44,0.35,0.5,0.3
401778306,2025,1,Kennesaw State,Western Michigan,-0.24,-0.18,-0.09,0.23,0.3,0.21
401778305,2025,1,Louisiana,Delaware,0.05,0.28,-0.07,0.11,0.11,0.05
401778325,2025,1,Louisiana Tech,Coastal Carolina,0.05,0.15,0.0,0.0,0.18,-0.37
401778309,2025,1,Louisville,Toledo,0.12,0.18,0.06,0.05,-0.11,0.19
401778323,2025,1,LSU,Houston,0.37,0.53,0.1,0.25,0.6,0.0
401778307,2025,1,Memphis,NC State,-0.11,-0.19,-0.02,0.07,0.22,0.02
401769070,2025,1,Miami,Ohio State,0.06,0.26,-0.04,0.06,0.02,0.17
401769075,2025,1,Miami,Ole Miss,0.21,0.19,0.3,0.2,0.25,0.13
401769076,2025,1,Miami,Indiana,0.17,0.35,0.22,0.08,0.27,0.03
401779841,2025,1,Miami,Texas A&M,-0.06,0.03,-0.05,-0.04,-0.02,0.11
401778320,2025,1,Miami (OH),Fresno State,-0.15,-0.22,-0.02,0.15,0.44,0.08
401778330,2025,1,Michigan,Texas,0.07,-0.11,0.28,0.38,0.39,0.38
401778334,2025,1,Mississippi State,Wake Forest,0.05,0.26,-0.07,0.33,0.54,0.13
401778322,2025,1,Missouri,Virginia,-0.08,-0.12,-0.01,0.01,0.15,-0.09
401838053,2025,1,Missouri State,Arkansas State,0.25,0.43,0.03,0.13,0.43,-0.25
401778333,2025,1,Navy,Cincinnati,0.21,0.55,0.13,-0.09,-0.27,0.02
401778307,2025,1,NC State,Memphis,0.07,0.22,0.02,-0.11,-0.19,-0.02
401778331,2025,1,Nebraska,Utah,0.15,0.04,0.39,0.42,0.48,0.41
401778321,2025,1,North Texas,San Diego State,0.19,0.03,0.5,0.24,0.14,0.38
401778313,2025,1,Northwestern,Central Michigan,0.1,0.11,0.13,0.02,0.15,-0.14
401778311,2025,1,Ohio,UNLV,0.11,0.54,0.07,0.06,0.25,0.02
401769070,2025,1,Ohio State,Miami,0.06,0.02,0.17,0.06,0.26,-0.04
401779840,2025,1,Oklahoma,Alabama,-0.01,0.1,-0.13,0.09,0.23,-0.24
401778304,2025,1,Old Dominion,South Florida,0.13,0.05,0.17,-0.07,0.14,-0.24
401769073,2025,1,Ole Miss,Georgia,0.24,0.39,0.07,0.18,0.4,-0.03
401769075,2025,1,Ole Miss,Miami,0.2,0.25,0.13,0.21,0.19,0.3
401779842,2025,1,Ole Miss,Tulane,0.38,0.56,0.16,0.02,0.21,-0.16
401769071,2025,1,Oregon,Texas Tech,-0.12,0.22,-0.38,-0.06,0.0,0.03
401769074,2025,1,Oregon,Indiana,-0.01,-0.02,0.04,0.45,1.2,0.09
401779843,2025,1,Oregon,James Madison,0.35,0.5,0.3,0.24,0.17,0.44
401778317,2025,1,Penn State,Clemson,0.07,0.23,0.01,-0.02,-0.06,0.06
401778316,2025,1,Pittsburgh,East Carolina,0.05,0.23,-0.16,-0.23,0.14,-0.39
401778332,2025,1,Rice,Texas State,-0.2,0.0,-0.27,0.29,0.29,0.29
401778321,2025,1,San Diego State,North Texas,0.24,0.14,0.38,0.19,0.03,0.5
401831583,2025,1,SMU,Arizona,0.21,0.52,0.09,0.09,0.07,0.26
401778310,2025,1,Southern Miss,Western Kentucky,0.05,0.02,0.2,0.06,0.04,0.15
401778304,2025,1,South Florida,Old Dominion,-0.07,0.14,-0.24,0.13,0.05,0.17
401778327,2025,1,TCU,USC,0.3,0.28,0.36,0.14,0.66,-0.1
401778326,2025,1,Tennessee,Illinois,0.17,0.12,0.19,0.23,0.11,0.33
401778330,2025,1,Texas,Michigan,0.38,0.39,0.38,0.07,-0.11,0.28
401779841,2025,1,Texas A&M,Miami,-0.04,-0.02,0.11,-0.06,0.03,-0.05
401778332,2025,1,Texas State,Rice,0.29,0.29,0.29,-0.2,0.0,-0.27
401769071,2025,1,Texas Tech,Oregon,-0.06,0.0,0.03,-0.12,0.22,-0.38
401778309,2025,1,Toledo,Louisville,0.05,-0.11,0.19,0.12,0.18,0.06
401778303,2025,1,Troy,Jacksonville State,-0.13,-0.17,-0.01,-0.06,0.18,-0.22
401779842,2025,1,Tulane,Ole Miss,0.02,0.21,-0.16,0.38,0.56,0.16
401778318,2025,1,UConn,Army,0.11,-0.15,0.36,0.51,0.81,0.44
401778311,2025,1,UNLV,Ohio,0.06,0.25,0.02,0.11,0.54,0.07
401778327,2025,1,USC,TCU,0.14,0.66,-0.1,0.3,0.28,0.36
401778331,2025,1,Utah,Nebraska,0.42,0.48,0.41,0.15,0.04,0.39
401778308,2025,1,Utah State,Washington State,-0.05,0.09,-0.05,0.31,0.41,0.21
401778315,2025,1,UTSA,Florida International,0.24,0.43,0.3,-0.15,-0.21,0.07
401778328,2025,1,Vanderbilt,Iowa,0.26,0.3,0.22,0.26,0.8,0.05
401778322,2025,1,Virginia,Missouri,0.01,0.15,-0.09,-0.08,-0.12,-0.01
401778334,2025,1,Wake Forest,Mississippi State,0.33,0.54,0.13,0.05,0.26,-0.07
401778302,2025,1,Washington,Boise State,0.13,0.19,0.21,-0.16,0.02,-0.21
401778308,2025,1,Washington State,Utah State,0.31,0.41,0.21,-0.05,0.09,-0.05
401778310,2025,1,Western Kentucky,Southern Miss,0.06,0.04,0.15,0.05,0.02,0.2
401778306,2025,1,Western Michigan,Kennesaw State,0.23,0.3,0.21,-0.24,-0.18,-0.09
